postcodeDistrict,catsPerHousehold,dogsPerHousehold,pre_1900,1900_1929,1930_1945,1945_1964,1965_1982,1983_1999,2000_present,unknown
AB10,0.164463242,0.188609903,0.20224902268677217,0.08133816650201105,0.07293260880352417,0.16328595547722832,0.20308674887676573,0.142598511639583,0.11929560641625485,0.01521337959786059
AB11,0.206144554,0.236410908,0.20224902268677217,0.08133816650201105,0.07293260880352417,0.16328595547722832,0.20308674887676573,0.142598511639583,0.11929560641625485,0.01521337959786059
AB12,0.300305714,0.344396907,0.20224902268677217,0.08133816650201105,0.07293260880352417,0.16328595547722832,0.20308674887676573,0.142598511639583,0.11929560641625485,0.01521337959786059
AB13,1.145815261,1.314045031,0.20224902268677217,0.08133816650201105,0.07293260880352417,0.16328595547722832,0.20308674887676573,0.142598511639583,0.11929560641625485,0.01521337959786059
AB14,1.008731754,1.156834783,0.20224902268677217,0.08133816650201105,0.07293260880352417,0.16328595547722832,0.20308674887676573,0.142598511639583,0.11929560641625485,0.01521337959786059
AB15,0.531662339,0.609721547,0.20224902268677217,0.08133816650201105,0.07293260880352417,0.16328595547722832,0.20308674887676573,0.142598511639583,0.11929560641625485,0.01521337959786059
AB16,0.41826069,0.479670152,0.20224902268677217,0.08133816650201105,0.07293260880352417,0.16328595547722832,0.20308674887676573,0.142598511639583,0.11929560641625485,0.01521337959786059
AB21,0.508543723,0.583208632,0.20224902268677217,0.08133816650201105,0.07293260880352417,0.16328595547722832,0.20308674887676573,0.142598511639583,0.11929560641625485,0.01521337959786059
AB22,0.271464033,0.31132066,0.20224902268677217,0.08133816650201105,0.07293260880352417,0.16328595547722832,0.20308674887676573,0.142598511639583,0.11929560641625485,0.01521337959786059
AB23,0.225437944,0.258536974,0.20224902268677217,0.08133816650201105,0.07293260880352417,0.16328595547722832,0.20308674887676573,0.142598511639583,0.11929560641625485,0.01521337959786059
AB24,0.108360603,0.124270218,0.20224902268677217,0.08133816650201105,0.07293260880352417,0.16328595547722832,0.20308674887676573,0.142598511639583,0.11929560641625485,0.01521337959786059
AB25,0.103616651,0.118829753,0.20224902268677217,0.08133816650201105,0.07293260880352417,0.16328595547722832,0.20308674887676573,0.142598511639583,0.11929560641625485,0.01521337959786059
AB30,1.330842308,1.526237938,0.20224902268677217,0.08133816650201105,0.07293260880352417,0.16328595547722832,0.20308674887676573,0.142598511639583,0.11929560641625485,0.01521337959786059
AB31,0.600470433,0.688632116,0.20224902268677217,0.08133816650201105,0.07293260880352417,0.16328595547722832,0.20308674887676573,0.142598511639583,0.11929560641625485,0.01521337959786059
AB32,0.164172192,0.188276121,0.20224902268677217,0.08133816650201105,0.07293260880352417,0.16328595547722832,0.20308674887676573,0.142598511639583,0.11929560641625485,0.01521337959786059
AB33,0.789062664,0.904913652,0.20224902268677217,0.08133816650201105,0.07293260880352417,0.16328595547722832,0.20308674887676573,0.142598511639583,0.11929560641625485,0.01521337959786059
AB34,0.841308532,0.964830311,0.20224902268677217,0.08133816650201105,0.07293260880352417,0.16328595547722832,0.20308674887676573,0.142598511639583,0.11929560641625485,0.01521337959786059
AB35,0.446560902,0.512125431,0.20224902268677217,0.08133816650201105,0.07293260880352417,0.16328595547722832,0.20308674887676573,0.142598511639583,0.11929560641625485,0.01521337959786059
AB36,0.615475983,0.705840797,0.20224902268677217,0.08133816650201105,0.07293260880352417,0.16328595547722832,0.20308674887676573,0.142598511639583,0.11929560641625485,0.01521337959786059
AB37,1.050657781,1.204916431,0.20224902268677217,0.08133816650201105,0.07293260880352417,0.16328595547722832,0.20308674887676573,0.142598511639583,0.11929560641625485,0.01521337959786059
AB38,1.144688694,1.312753059,0.20224902268677217,0.08133816650201105,0.07293260880352417,0.16328595547722832,0.20308674887676573,0.142598511639583,0.11929560641625485,0.01521337959786059
AB39,0.643130631,0.737555728,0.20224902268677217,0.08133816650201105,0.07293260880352417,0.16328595547722832,0.20308674887676573,0.142598511639583,0.11929560641625485,0.01521337959786059
AB41,0.813079352,0.932456494,0.20224902268677217,0.08133816650201105,0.07293260880352417,0.16328595547722832,0.20308674887676573,0.142598511639583,0.11929560641625485,0.01521337959786059
AB42,0.627777558,0.719948501,0.20224902268677217,0.08133816650201105,0.07293260880352417,0.16328595547722832,0.20308674887676573,0.142598511639583,0.11929560641625485,0.01521337959786059
AB43,0.832829334,0.955106189,0.20224902268677217,0.08133816650201105,0.07293260880352417,0.16328595547722832,0.20308674887676573,0.142598511639583,0.11929560641625485,0.01521337959786059
AB44,1.252946493,1.436905379,0.20224902268677217,0.08133816650201105,0.07293260880352417,0.16328595547722832,0.20308674887676573,0.142598511639583,0.11929560641625485,0.01521337959786059
AB45,0.5617469,0.644223155,0.20224902268677217,0.08133816650201105,0.07293260880352417,0.16328595547722832,0.20308674887676573,0.142598511639583,0.11929560641625485,0.01521337959786059
AB51,0.822505715,0.943266846,0.20224902268677217,0.08133816650201105,0.07293260880352417,0.16328595547722832,0.20308674887676573,0.142598511639583,0.11929560641625485,0.01521337959786059
AB52,1.916481858,2.197861686,0.20224902268677217,0.08133816650201105,0.07293260880352417,0.16328595547722832,0.20308674887676573,0.142598511639583,0.11929560641625485,0.01521337959786059
AB53,1.625249084,1.863869817,0.20224902268677217,0.08133816650201105,0.07293260880352417,0.16328595547722832,0.20308674887676573,0.142598511639583,0.11929560641625485,0.01521337959786059
AB54,0.493080865,0.565475502,0.20224902268677217,0.08133816650201105,0.07293260880352417,0.16328595547722832,0.20308674887676573,0.142598511639583,0.11929560641625485,0.01521337959786059
AB55,0.946611635,1.085594124,0.20224902268677217,0.08133816650201105,0.07293260880352417,0.16328595547722832,0.20308674887676573,0.142598511639583,0.11929560641625485,0.01521337959786059
AB56,0.120153073,0.13779407,0.20224902268677217,0.08133816650201105,0.07293260880352417,0.16328595547722832,0.20308674887676573,0.142598511639583,0.11929560641625485,0.01521337959786059
AL1,0.159562031,0.182989091,0.1230316564424501,0.2021260418795672,0.1793716014071162,0.1306206841304222,0.1108811525968602,0.1371163750426603,0.102816489332718,0.0140359991682055
AL10,0.290958154,0.333676928,0.0057992972828697,0.0624802859293973,0.0622174868608522,0.3420694210073244,0.2624899124433798,0.0892141541721189,0.1689853040387366,0.0067441382653208
AL2,0.752996867,0.863552638,0.0432895764624388,0.0932858443511983,0.1491786625787361,0.2426920343198159,0.204652455664371,0.1239710744873999,0.1222962409247071,0.0206341112113326
AL3,0.338097727,0.387737581,0.1848081161720449,0.1216374477051378,0.1225835646519421,0.1851066413187568,0.1709312582701692,0.099354325407689,0.0944182490072404,0.0211603974670193
AL4,0.277482578,0.318222854,0.0611886538990236,0.0860383991064482,0.1390802878859682,0.2461215281353655,0.2025345214761541,0.15814337870984,0.0834833923726131,0.0234098384145869
AL5,0.362910869,0.416193815,0.0632276563496773,0.1441325538405206,0.1081550541305021,0.1946677116977607,0.2784056285359253,0.106015303722946,0.0843513590412059,0.0210447326814619
AL6,0.87395077,1.002265117,0.0927507651353133,0.0897887648258184,0.0854063806084483,0.2190214846206812,0.2107638816484875,0.1707011695129738,0.1147168171792329,0.0168507364690444
AL7,0.30642059,0.351409575,0.0014149875583395,0.0089666873860403,0.0643315624352273,0.2608678787153814,0.1948522671658345,0.2882066087859022,0.1740033719143009,0.0073566360389737
AL8,0.465872942,0.534272884,0.0135915289633691,0.1459653278936681,0.1669254798154622,0.3010570914525365,0.0953653965910917,0.1773875556722238,0.0941625395718267,0.0055450800398215
AL9,1.261791382,1.447048884,0.1172965568367622,0.0722100655882039,0.1121516916752165,0.2607767183816156,0.2127438076473277,0.1074786356316425,0.0878674922933268,0.0294750319459046
B1,0.070297232,0.080618344,0.0288713587022272,0.0228222511492696,0.0002038587239474,0.0031318561700399,0.2237549724596537,0.0856228837347401,0.6198542372242336,0.0157385818358881
B10,0.076656292,0.087911047,0.3841498619507686,0.2986953593907108,0.0254073465344508,0.0275128867173117,0.1244425070475488,0.1137115133959804,0.0117592636607308,0.0143212613024977
B11,0.107417123,0.123188215,0.426824288702764,0.3011059996054683,0.0347338466080135,0.0388083204433036,0.082822638764038,0.0653154352953567,0.0256576062656513,0.0247318643154042
B12,0.085244762,0.097760486,0.3592315391798488,0.1082451933212762,0.0083033108691746,0.0848712034447108,0.1967511330464339,0.1105630752982868,0.0872733834150519,0.0447611614252167
B13,0.104947225,0.120355684,0.1782608219611723,0.2769379514716885,0.1471506513050829,0.0846734987915114,0.1466080116280625,0.070230921618981,0.0670164309680328,0.0291217122554682
B14,0.153964707,0.176569962,0.1160538063149461,0.2146031682240333,0.1955314191099114,0.1128746855248166,0.2291908381405458,0.0383365318724469,0.0747594043522247,0.0186501464610749
B15,0.10834237,0.124249308,0.0951503945215463,0.0387032808428898,0.0412800759888018,0.1623877469837278,0.3631218409377932,0.0740878945597144,0.1789938459631317,0.0462749202023948
B16,0.100592352,0.115361424,0.1911251502076117,0.0504874850478779,0.0214421066764405,0.1543421302788256,0.4331039789945807,0.0491590697750202,0.0754553959351654,0.0248846830844777
B17,0.161067351,0.184715424,0.1590811039097023,0.2416212388135653,0.1791566161123123,0.1100217331358995,0.1670530699554995,0.0504511240233683,0.071336349467188,0.0212787645824644
B18,0.094166413,0.107992023,0.2558124864578304,0.1031567998035954,0.0053899982813519,0.0048133948945781,0.1957613236580913,0.0568245217638538,0.3408018158593385,0.0374396592813603
B19,0.033513893,0.038434437,0.2353473466179287,0.0444999588370521,0.0089538632454161,0.091099161409578,0.296159656078562,0.0918537298447558,0.1953082718853121,0.036778012081395
B2,0.12773665,0.146491076,0.0546107770793071,0.0674147673688124,0.0006735956597275,0.000675376349923,0.4081895992452508,0.0514007789661281,0.4085181658758466,0.0085169394550041
B20,0.042826451,0.049114275,0.2523395262144435,0.2165495467712307,0.1639641295061432,0.1255812262337593,0.1429846745152889,0.0438343102444993,0.023882715415489,0.0308638710991457
B21,0.050295624,0.057680079,0.426125020370643,0.2906421850271363,0.0678352590765454,0.0221593767672149,0.0964742691291582,0.0682407893234604,0.012533460774054,0.0159896395317877
B23,0.125224544,0.143610139,0.1715834430752983,0.2961217805000233,0.1183432852404286,0.0870952523827189,0.1379362424217342,0.1078806564635068,0.0656645128492631,0.0153748270670265
B24,0.149743808,0.171729347,0.0918640943539567,0.3513558437145723,0.1628759981221916,0.0834069516125575,0.1039650402114635,0.1183758925242262,0.073575763126765,0.0145804163342668
B25,0.161494219,0.185204966,0.2157397888108512,0.399818158139919,0.1647772778828415,0.0414644246460826,0.1070163906164611,0.0443509521570745,0.0151227732333173,0.0117102345134524
B26,0.143429092,0.164487498,0.0309620010809833,0.1056269964773672,0.4253319473646114,0.2575032330010995,0.0948623682024374,0.0411024347095571,0.0362886796155901,0.0083223395483536
B27,0.301264176,0.345496091,0.1183590278301079,0.3889001791959853,0.1765756225091723,0.0699095367049658,0.0860680958692398,0.1036047035414891,0.0382725054435984,0.018310328905441
B28,0.202314854,0.232018928,0.0098076580761573,0.3480083615021944,0.4457005943437407,0.0539003022469732,0.0505865376981219,0.0447651892011276,0.0261605003861033,0.0210708565455812
B29,0.112884754,0.129458609,0.134736409141727,0.3060610631779686,0.1229969104748845,0.131797862567133,0.1055182396412564,0.0624579495650455,0.1290928415827555,0.0073387238492293
B3,0.083367874,0.09560803,0.0686854807615203,0.0593552696305764,0.0008869992770147,0.0008891745519694,0.1265699708511842,0.0558739798460426,0.6747532590910237,0.0129858659906683
B30,0.119464176,0.137004028,0.1836341316698389,0.2980022975306744,0.102195179541111,0.1290307622237165,0.1287870788340171,0.0821026900475104,0.0364253167678001,0.0398225433853314
B31,0.160655572,0.184243188,0.0185188218431624,0.1340917440850174,0.1807561302940775,0.2535858462317442,0.1642865879840599,0.1128974654517388,0.1278821709163143,0.0079812331938851
B32,0.135815188,0.155755713,0.0106664821150073,0.0429226655150532,0.3343806003651164,0.2633521946293891,0.2703014070124429,0.0451356179299864,0.02274531678883,0.0104957156441745
B33,0.141946571,0.162787311,0.0266744231938926,0.0717176629451981,0.2699549018843429,0.3076961770239968,0.1836004971989713,0.0683510439771389,0.0668164594128996,0.0051888343635594
B34,0.117742386,0.135029444,0.0012784917484379,0.0134684081135044,0.1676466932301305,0.4900260078411696,0.1629040293183315,0.0529114594428911,0.1101867635392206,0.001578146766314
B35,0.173241757,0.198677289,0.000210409482842,0.0136150859781203,0.0004108116231369,0.0723771901464083,0.5353581230390444,0.2049019252054112,0.1651256060732084,0.008000848451828
B36,0.136006762,0.155975414,0.0029681238405974,0.0155513195202915,0.1509572118161625,0.2280603057673276,0.4738450263343838,0.0725079467575794,0.049107692674279,0.0070023732893785
B37,0.248942921,0.285492976,0.0053243641585534,0.0224230851604903,0.0258941104361897,0.129534033483503,0.6472093207067969,0.0696624559068554,0.091585190178863,0.008367439968748
B38,0.151080875,0.173262724,0.0424578887280816,0.0516764165612953,0.1292367827875043,0.2205069496101382,0.4109616759326148,0.0619430359053986,0.0656678753788158,0.017549375096151
B4,0.054350549,0.062330352,0.043735836071559,0.044686317163433,0.0114936082111924,0.0317379083051233,0.2003723699162529,0.0403724648031066,0.6092815996176948,0.0183198959116379
B40,1.165093703,1.336153953,0.0476706392199349,0.1430119176598049,0.0595882990249187,0.1789831185695735,0.3045450004994506,0.0707175952605979,0.1714298886609344,0.0240535411047847
B42,0.134968266,0.154784444,0.0142695597919013,0.070932979633623,0.6723837844756961,0.100712928755335,0.0807888379664145,0.0283705346950943,0.0253648482242572,0.0071765264576783
B43,0.256355265,0.293993607,0.0065152572545111,0.0429883499626653,0.2402781734183268,0.44347777254029,0.189203368315123,0.0239325206800781,0.051761943104411,0.0018426147245943
B44,0.195511907,0.224217165,0.0036816966176336,0.2259808564140388,0.5228123164126228,0.1236938344216775,0.0590736139000876,0.0379004978775147,0.0156162904848121,0.0112408938716125
B45,0.232416132,0.266539706,0.0249111872274699,0.0880109002572812,0.1749795825116246,0.1984389579006003,0.245219441269197,0.1147717673626365,0.1376918478801439,0.015976315591046
B46,0.664613501,0.762192735,0.1216762215053954,0.0563227075113021,0.0778170122941831,0.297639242809937,0.2256948494669561,0.1165637509962639,0.0705750244070706,0.0337111910088916
B47,0.576984401,0.661697842,0.0475153081061578,0.0794568646321015,0.1186129882017581,0.2487233794526842,0.2494609911613152,0.1660769811224708,0.0729713320553462,0.0171821552681658
B48,0.577957231,0.662813503,0.1445138830364597,0.0659122879856415,0.1512638534000817,0.2010310442924488,0.1317866903023019,0.1394992042811125,0.1363400099727257,0.0296530267292279
B49,0.519712763,0.596017522,0.2266413007808625,0.0335333963469381,0.0348628866485292,0.1790415073176925,0.2178375045201436,0.1975035309497873,0.0866731729586914,0.0239067004773551
B5,0.077484299,0.088860623,0.0605146648312908,0.0282635188340649,0.0219528352976686,0.0816441179847217,0.1616775814505364,0.056140661081213,0.5535725307673391,0.0362340897531653
B50,0.523992766,0.60092592,0.1498010457333748,0.0620059074693335,0.0319280944484035,0.1297207858441782,0.1589213881204529,0.2724070247887587,0.1797930583302351,0.0154226952652631
B6,0.035382792,0.040577729,0.1587472284297943,0.1037101016737164,0.0400097347768236,0.0425835384082807,0.4901931363535472,0.104784364125838,0.0447188925667355,0.0152530036652639
B60,0.367553877,0.421518514,0.15021579517725,0.066642052293397,0.0530946083344205,0.2073028292632449,0.1132877009589874,0.1811609008099767,0.2181558178879566,0.0101402952747663
B61,0.402107724,0.461145592,0.1454525621805283,0.0827258699142809,0.0911601411421682,0.1648429095257944,0.220040065104834,0.1296153369461083,0.1484544672855933,0.0177086479006923
B62,0.268346132,0.307744986,0.0508529934529673,0.1759166845129695,0.2255201441826688,0.1932201961733663,0.2183235733885414,0.0949122669593679,0.03827349114856,0.0029806501815585
B63,0.215501788,0.247141981,0.0533106016897798,0.0866444754245674,0.1343163479275295,0.2493391177561372,0.3314126603587001,0.0803112509543937,0.0625643830428213,0.0021011628460708
B64,0.193882846,0.222348923,0.066289949786733,0.2068479531472573,0.0927955399928778,0.1286567788675943,0.2142558561283954,0.1613975437325308,0.1223154683195561,0.007440910025055
B65,0.301904541,0.346230475,0.0440584284937754,0.1907694699634362,0.1281668954969861,0.2080502801796918,0.2344177949606526,0.130938552832672,0.0591148991454946,0.0044836789272909
B66,0.131219764,0.150485584,0.2080275502075714,0.1408495276624627,0.0247008038615937,0.0357900936169668,0.2585526837533597,0.1750760862738777,0.1447273204226297,0.012275934201538
B67,0.118670827,0.136094199,0.1867431308876853,0.3908185419166244,0.1430202750207166,0.0659202526234227,0.1224773390074117,0.049218060334806,0.0264263543936413,0.0153760458156917
B68,0.155011374,0.177770303,0.0515197973119211,0.1652451645770413,0.2892021760912837,0.2501206658365858,0.1118276912409827,0.0622441835492475,0.0621138152399572,0.0077265061529803
B69,0.224083276,0.256983411,0.0709781896919382,0.1365096483885814,0.0756160006400407,0.1802393453771165,0.2181023982596466,0.1433554140591401,0.1614657804709406,0.0137332231125955
B7,0.056462584,0.064752478,0.0663596833062082,0.0077558712904365,0.0284137985752839,0.2672773541283939,0.3753311962339267,0.1146004204289142,0.1023498481184987,0.0379118279183377
B70,0.120395922,0.138072575,0.1362994149837951,0.0823965707964525,0.1855997431637938,0.1644260206913648,0.1781754048239781,0.0714222293482704,0.1737058828067594,0.0079747333855855
B71,0.160847759,0.184463591,0.0338931958350222,0.1639499053872453,0.1793403404134438,0.3010265609911914,0.1305893150652014,0.0562011828563841,0.1274721251588772,0.0075273742926343
B72,0.137453337,0.157634377,0.0516854164231734,0.2657675228738749,0.1317962529205446,0.1679422333920708,0.1924919047582426,0.100091752444057,0.076661875739237,0.0135630414487993
B73,0.173327367,0.198775469,0.047111533946417,0.3032047683669648,0.1679584834939536,0.1794429822314642,0.1457060786869059,0.078612116130072,0.0692489290679423,0.0087151080762799
B74,0.245586607,0.281643884,0.0199903171113504,0.139683394970137,0.078953485323184,0.3458590835012696,0.2148142096639382,0.1082239287527613,0.0837430279209917,0.0087325527563675
B75,0.155197236,0.177983453,0.0290288994562632,0.1239013332323873,0.0662690916814569,0.4431490419800565,0.1478536384658125,0.0706779217692838,0.1143553726462479,0.0047647007684915
B76,0.137929045,0.158179928,0.0308662415209055,0.0766765107569062,0.0611291253540133,0.1972478528840898,0.3289204681836217,0.2355002353563929,0.0590940585124026,0.0105655074316675
B77,0.16855405,0.193301328,0.0397150693057066,0.0499532919200636,0.0404391170201178,0.088677667927071,0.3937653321681187,0.2444411059200683,0.1354642955819765,0.007544120156877
B78,0.395098488,0.453107252,0.1016789266424071,0.0870118248681215,0.0675651847746671,0.1782771042229065,0.2877038440392542,0.1848125441702882,0.0705707513598387,0.0223798199225165
B79,0.411624875,0.47206006,0.1299703536792689,0.0474573334745875,0.043552932377951,0.1661758313011122,0.3553974635715589,0.144605562052848,0.0962012709621878,0.0166392525804853
B8,0.062358566,0.071514115,0.2602295114060148,0.4391773938831381,0.0629786420667145,0.0538060823113963,0.0552515921096163,0.0695633470432525,0.0411301540540292,0.0178632771258381
B80,0.324235845,0.371840484,0.1566829606631089,0.0605363998809392,0.0336235413570661,0.2813814170643229,0.184548620981189,0.1776900649714458,0.0878748810725488,0.017662114009379
B9,0.086296887,0.098967084,0.3211651988253485,0.3185848407153996,0.0675332860130336,0.0275683011584861,0.0308688475223379,0.2025067933020892,0.0206045348062762,0.0111681976570286
B90,0.516020376,0.591783015,0.0073579894912108,0.0360543280770352,0.2574015075742081,0.3029609381966812,0.1736318157656,0.106191105627519,0.0935033010143308,0.0228990142534145
B91,0.615688932,0.706085011,0.004985270811662,0.0723682619825288,0.1175426966599616,0.2373567110864799,0.2368395006208344,0.1797813989344894,0.1247506369555817,0.0263755229484617
B92,0.410990497,0.471332542,0.0269546348325878,0.0555615382451448,0.2269775619756105,0.277181272862106,0.2000885290748706,0.1300415061374103,0.0624330298403357,0.0207619270319342
B93,0.333581739,0.382558552,0.1039626412528506,0.0639411010101609,0.0814959857410016,0.2595629362298767,0.2808137694526825,0.1253885204100457,0.0455212244518233,0.0393138214515584
B94,0.564611192,0.647507985,0.1932731290667956,0.0958765524820899,0.0697207796119213,0.1825898448752668,0.2161372194886517,0.1076180583908143,0.0973706491585681,0.037413766925892
B95,0.261149553,0.299491797,0.2123689366430943,0.0614180872384087,0.043821463755434,0.200736136749375,0.1407978713044724,0.2483957393526241,0.0655535224259195,0.0269082425306717
B96,0.719839706,0.825527308,0.3059063062670664,0.0482075225575071,0.0541790941272391,0.1405404744126783,0.1105022829022883,0.2068591840045085,0.1170590350616854,0.0167461006670265
B97,0.365039719,0.418635224,0.0875237417416665,0.0910481577274033,0.0798173876976599,0.1787390572332247,0.0989354089674138,0.2608634448175606,0.1989762858112427,0.0040965160038283
B98,0.166707588,0.191183767,0.0597024466879772,0.0548365872461141,0.0362571542447524,0.1102796881476671,0.498597545512881,0.1276161171550745,0.1092572587238089,0.0034532022817245
BA1,0.407478671,0.467305106,0.5592017505617232,0.0322314647024295,0.0470896335031651,0.1099581906467656,0.1108238025250551,0.0552300475940385,0.0671649609877287,0.018300149479094
BA10,0.771927454,0.885262633,0.2836801114748926,0.0666097208900423,0.0446379643358824,0.1076288364639499,0.1113515167404455,0.2141603256419546,0.112442555208168,0.0594889692446643
BA11,0.77660139,0.890622801,0.2744624942282496,0.02880035547671,0.0360568703866541,0.1092096896235664,0.2280279896698018,0.1611647482517171,0.1363473736849308,0.0259304786783699
BA12,0.839206404,0.962419547,0.3005047363141219,0.0292946066308487,0.0442715209470771,0.1478969087027853,0.2065738829589693,0.1771345727983489,0.0876740188566173,0.0066497527912312
BA13,0.313826709,0.359903068,0.169854944760221,0.048188302398201,0.0435714742800155,0.1135335576573749,0.2198412864376589,0.2201816951433171,0.1764638932131044,0.008364846110107
BA14,0.20826038,0.238837382,0.1680116126927888,0.046180643862032,0.0633714919303482,0.1202408744481996,0.2275408424379026,0.1726454281362602,0.1934838898180081,0.0085252166744601
BA15,0.362766239,0.416027949,0.2537711138084961,0.0575548582423318,0.026423828745121,0.1112711592188852,0.2997231630105468,0.133206623283952,0.1072844006757203,0.0107648530149466
BA16,0.248139559,0.284571663,0.1637197362136152,0.0486394385105399,0.0462902423018923,0.1690688322471802,0.1873449772433696,0.1894262636346361,0.1766190570771731,0.0188914527715934
BA2,0.573299514,0.657471935,0.3671386607741415,0.0811915683626933,0.0670379917329496,0.154720475682329,0.1428615218283728,0.0852851916793031,0.0824084194208571,0.0193561705193532
BA20,0.314024929,0.36013039,0.1398701996643304,0.1102941470392834,0.1576513354057094,0.0674565420159036,0.171473781115345,0.1844678701606637,0.1485200726931615,0.0202660519056026
BA21,0.332165154,0.380933982,0.0939151693100024,0.0987933064563124,0.1223548612133613,0.1697528587159265,0.2272170184879415,0.137300025268993,0.1372371065477218,0.0134296539997407
BA22,0.885763867,1.015812625,0.256436532097918,0.0518284374578365,0.0654994041121108,0.1194128393231802,0.1798049840649933,0.1673012932600234,0.1207048494250105,0.039011660258927
BA3,0.539025834,0.618166159,0.2648312876841303,0.0754198749860994,0.0531182204269028,0.1393471293552778,0.2096754883327112,0.1268043505868625,0.1060187506937865,0.0247848979342291
BA4,0.91984185,1.054893971,0.2825495556535652,0.0335679561991111,0.0398163330595238,0.104716611304434,0.1627555351589815,0.1771030880210768,0.1572200680590758,0.0422708525442315
BA5,0.626094796,0.718018674,0.2285870051711979,0.036389386777663,0.0406278430682175,0.1438931021626928,0.2244725215464639,0.1771480791652417,0.1078737509910167,0.0410083111175061
BA6,0.664595375,0.762171948,0.2190680102551928,0.059668264109874,0.0434114390898334,0.1245748854409188,0.1616035377350343,0.1772889140813956,0.1886021707138418,0.025782778573909
BA7,2.268248141,2.601274654,0.2450521246010934,0.0733058969239133,0.056326135312484,0.0957996839449,0.1842598836378806,0.2111351392044369,0.1026262704739057,0.0314948659013857
BA8,0.693823469,0.795691341,0.2490716298993623,0.0724498609817502,0.0356463744456519,0.0661475934205191,0.1739445873689553,0.1656195619116304,0.1886551398429497,0.0484652521291809
BA9,1.010895744,1.159316492,0.2087571264989253,0.0571440186939144,0.0393830708297017,0.1227010767111092,0.1312416533292585,0.1852182688755912,0.2079180831578859,0.0476367019036134
BB1,0.284003984,0.32570174,0.3037912882828066,0.0936313575183212,0.0621778385251251,0.120527526735756,0.2026405748891906,0.1411103772745207,0.0597139547898878,0.0164070819843914
BB10,0.129254487,0.148231763,0.3598018702720877,0.1572647080373844,0.0632068692168253,0.1040468303294732,0.1969182887193091,0.0789835037697178,0.0329419528186624,0.0068359768365398
BB11,0.203059679,0.232873109,0.5556375604846329,0.0835349847332956,0.0765614312824873,0.0148896292004718,0.0946138922885082,0.114511589491505,0.0514084919475192,0.0088424205715798
BB12,0.2239076,0.256781943,0.4142817239689398,0.0797867083349391,0.038191026585476,0.0836317523895699,0.1627419346504703,0.1407632584771303,0.0571115036712206,0.0234920919222537
BB18,0.661197756,0.758275487,0.3204167125272535,0.3149058105721024,0.0137486513282406,0.1068524804032541,0.0940497900915707,0.0671402144172624,0.0646931309748793,0.0181932096854368
BB2,0.372126242,0.426762198,0.267050183045621,0.0742636451618751,0.0412572331936428,0.1368597589353108,0.1992786782455496,0.151667586306907,0.1051937544543657,0.0244291606567275
BB3,0.328592282,0.376836537,0.4543927654054366,0.06736614492726,0.0204215571786989,0.0827303111397111,0.141286589009977,0.090391701580503,0.1104120036958164,0.0329989270625966
BB4,0.236221909,0.270904252,0.3836575640641607,0.0789528919443577,0.0782913836732253,0.088750628844125,0.1702220784423795,0.1020174037620806,0.0731900179668084,0.0249180313028623
BB5,0.151253329,0.173460497,0.4503990499501622,0.1018093130839901,0.0400519757374869,0.088357069815895,0.112481050158806,0.1211095352797757,0.0653960499142953,0.0203959560595886
BB6,0.416254745,0.477369692,0.3225148054779422,0.1065531028468133,0.0416227813185716,0.1407960406077369,0.1143674292820339,0.1418507569877694,0.1089432133427077,0.0233518701364247
AB99,0.0,0.0,0.20224902268677217,0.08133816650201105,0.07293260880352417,0.16328595547722832,0.20308674887676573,0.142598511639583,0.11929560641625485,0.01521337959786059
B99,0.0,0.0,0.0015105740181268,0.0,0.0,0.0,0.876132930513595,0.120845921450151,0.0,0.0015105740181268
BB7,0.556802075,0.638552325,0.382395097474334,0.0819024754168521,0.0478902877310148,0.1173252287801452,0.0989578202451433,0.1550152662832763,0.0836324320590541,0.0328813920101798
BB8,0.622009836,0.713333957,0.4259724839837381,0.1789560626171376,0.0507216282906763,0.0856308102659241,0.0914528637999279,0.0707305437716835,0.0705458499107593,0.0259897573601528
BB9,0.449270006,0.515232288,0.4316314734960998,0.2424116403107447,0.0618586285036766,0.0444704599633981,0.0774538248576484,0.0816729134567447,0.0457816508024001,0.0147194086092873
BD1,0.110608772,0.126848465,0.236899771577518,0.0497195259848458,0.023950512057931,0.0252233991726668,0.0346037287674917,0.0669880182659576,0.5293301442324859,0.0332848999411028
BD10,0.385197682,0.4417528,0.1481890911381267,0.1101143127698322,0.0501958983570259,0.1944133654179279,0.1352257343845247,0.1694985200755364,0.1686116078516296,0.0237514700053961
BD11,1.016993783,1.166309851,0.168128383251941,0.0595741625028701,0.1381662548121236,0.1522202136208125,0.2395023406444527,0.0735305130457013,0.1373439310043562,0.0315342011177423
BD12,0.164744432,0.188932379,0.2642112583615688,0.0879537997561959,0.0669057676219656,0.1326905483921921,0.278527105358091,0.1014186091492694,0.0573166608405402,0.0109762505201766
BD13,0.108997984,0.125001179,0.3342838612074902,0.0664272450159783,0.0634309842006362,0.0653873820160031,0.1947208587621767,0.1138499960456481,0.1354989412772793,0.0264007314747877
BD14,0.100114063,0.114812912,0.2619469231969043,0.1070354268122349,0.0678625531779486,0.1245143966037298,0.2692105664191009,0.0737954983450124,0.0798738355775377,0.0157607998675311
BD15,0.19724113,0.226200274,0.1682368534561847,0.0385032295688142,0.0449770867821194,0.276316614442726,0.2147545349678809,0.1512818789274939,0.086979322067108,0.0189504797876726
BD16,0.265972274,0.305022595,0.2348427089840608,0.1044398108391766,0.105540935406623,0.1299544221136639,0.1326205857490641,0.1169570570130083,0.1526944504128668,0.0229500294815362
BD17,0.420959603,0.482765322,0.1075051521539189,0.0924799568722005,0.0967817595001951,0.1823515926549421,0.240275933659444,0.084275018936561,0.1757143913526114,0.0206161948701266
BD18,0.573481318,0.657680432,0.2230195224368135,0.1639534598200811,0.1383536032755156,0.1281947234110929,0.1225462498915504,0.0372383524632818,0.1668763014974964,0.019817787204168
BD19,0.357080112,0.409506979,0.2558195255144126,0.0985848845954481,0.0610870165452764,0.1818583576605047,0.1647258815125503,0.0782320657570938,0.1420772802170679,0.0176149881976458
BD2,0.342537153,0.392828809,0.1911484375379276,0.1527758704836193,0.1543990694776985,0.1864609544895359,0.118807566626013,0.0828139337628091,0.1004274993508916,0.0131666682715049
BD20,1.088363902,1.248158603,0.2729519668567351,0.1088048856127554,0.090733298492204,0.1119721524304058,0.1814835525117421,0.1138787326680245,0.098676264599989,0.0214991468281438
BD21,0.458775162,0.526133,0.3885683332868056,0.1509713056944625,0.1061822721233293,0.1018152511226963,0.1159284053474289,0.0518635986383309,0.049588123132375,0.0350827106545713
BD22,0.174243398,0.199825992,0.3925252806571241,0.0488700670223745,0.0569138780810799,0.1394565972461474,0.1413047814220863,0.1059639440981374,0.0927973576095768,0.0221680938634733
BD23,0.772493362,0.885911628,0.3736708710372096,0.0834001719840035,0.0762425096365149,0.0727526238658786,0.1103140118264743,0.1614383718019973,0.1127209471690767,0.0094604926788448
BD24,1.738749423,1.994034393,0.3536885609994598,0.0661253178188654,0.050666006480137,0.092368364230437,0.1122313156709441,0.1345053374237735,0.1345676948782204,0.0558474024981627
BD3,0.371801992,0.426390341,0.4670252112735223,0.1488935044050868,0.0634434567789959,0.0305642654344445,0.0914616771984836,0.0721335705758242,0.1107134046133873,0.015764909720255
BD4,0.364448626,0.417957346,0.1817766094112824,0.0776729288633634,0.0899576502728562,0.2269132751899046,0.1580414912256536,0.1191903728679376,0.1185458929775971,0.0279017791914047
BD5,0.107724429,0.12354064,0.2858192404725233,0.0966089477043209,0.1515202720319461,0.060980539732126,0.2121926176002037,0.0964532636535022,0.0771281205788192,0.0192969982265583
BD6,0.1005404,0.115301844,0.1510741686262552,0.1016123576469678,0.1338262987944231,0.2290087645364402,0.144898862698391,0.1092402738388128,0.109876740575044,0.0204625332836655
BD7,0.105838931,0.121378311,0.369062290921627,0.1745653708079861,0.0874255800648628,0.0575141531877714,0.1222066555490922,0.0624859836350042,0.1061590280385875,0.0205809377950685
BD8,0.154711534,0.177426439,0.4246998523051901,0.0981847237665477,0.0636344825683906,0.0332309931936414,0.1293043288499542,0.1264980071394502,0.1126140219753051,0.0118335902015204
BD9,0.239866813,0.275084304,0.2431242119460648,0.3151383647262367,0.0705712572313128,0.0696544526998554,0.13289222889153,0.0488096618002805,0.1073361471336437,0.0124736755710757
BH1,0.222037787,0.254637602,0.3799442913594394,0.0861054251412266,0.0662507571013077,0.0332213514520574,0.0788298097261119,0.150605124394084,0.1889138369575105,0.0161294038682621
BH10,0.296266422,0.339764561,0.0205228073931753,0.1113073250553457,0.2708075430799297,0.2739194161951286,0.1463303647472575,0.0932091153586621,0.0816035861275127,0.0022998420429881
BH11,0.261857902,0.300304148,0.0100983482628488,0.0312634190936082,0.0801701689471107,0.3982086122163294,0.249552750154787,0.1620458381249316,0.0666032288125075,0.0020576343878765
BH12,0.239504116,0.274668355,0.0784193486048281,0.0969446036284312,0.1225400775151011,0.2284785085899204,0.2587387043587668,0.152755346658734,0.0528863248431129,0.0092370858011053
BH13,0.185893546,0.213186626,0.114260934914199,0.1022018938679181,0.0484150189656663,0.1192709396512735,0.2324314936046413,0.1900673594783456,0.1694151617942335,0.0239371977237225
BH14,0.274131815,0.314380128,0.1002388386605616,0.1990059808976704,0.1484031550310357,0.1279744372334423,0.1723811214509467,0.1071200896021695,0.1300346253130863,0.0148417518110872
BH15,0.24593802,0.282046892,0.0778576531903136,0.1016210666798567,0.1236257610147386,0.1125269832588834,0.2478633442663744,0.1269228056644491,0.1850970613156095,0.0244853246097745
BH16,0.252611354,0.289700011,0.0519560248477276,0.0310500728935936,0.0380908745385013,0.2087476799539797,0.3365373390640461,0.2272958478364903,0.0892483397872912,0.0170738210783699
BH17,0.292597309,0.335556745,0.006255852768152,0.0106142571595853,0.0131483514822879,0.1865772885162959,0.4984475412317972,0.2733000281980166,0.0098903821483802,0.0017662984954844
BH18,0.362141992,0.41531205,0.0290757255385992,0.0364959268721196,0.0511799542048255,0.2320333523291102,0.3452069493548362,0.2602181019458634,0.0383710753066832,0.0074189144479623
BH19,0.291072785,0.33380839,0.2660510461477386,0.1129588923225882,0.0675515529414283,0.1572488071434564,0.1743882799246254,0.1296523547699597,0.0732408634211071,0.0189082033290961
BH2,0.212916829,0.244177496,0.3925668033391585,0.0898406805531199,0.0550222246572098,0.0813413000745295,0.0909973832697773,0.1205465897283296,0.1542917788527206,0.0153932395251544
BH20,0.963182521,1.104597965,0.1707971167689574,0.0435141861195241,0.0613331667595139,0.214785818040969,0.271527732017592,0.1579971986040702,0.0596579766758493,0.0203868050135238
BH21,0.906240404,1.039295547,0.1643938939937587,0.0457826096776067,0.0489926349143491,0.1292331028626527,0.3005148569401333,0.2147215617292759,0.063086794534889,0.0332745453473342
BH22,0.337988526,0.387612347,0.0159298310579748,0.0307601731231142,0.0496731074943018,0.1781575465449616,0.442680537150279,0.1689962877196423,0.100309899456529,0.0134926174531971
BH23,0.432861128,0.496414242,0.0789296444923902,0.0614489088157031,0.091514787992371,0.1927747077388749,0.27372101478646,0.1862737184393007,0.0934049793443757,0.021932238390524
BH24,1.182923974,1.356602082,0.1476413113233054,0.097081433508655,0.0775863053442112,0.1888456616368079,0.2164019743744753,0.1679059827197191,0.0843920424367066,0.0201452886561192
BH25,0.392183932,0.449764778,0.0245771024295775,0.067049853455968,0.0784817920660851,0.2102677270503103,0.2962800724919215,0.2119321446603914,0.1057456932310035,0.0056656146147424
BH3,0.4602308,0.527802357,0.1272448495281526,0.3850166173341046,0.0510775635416952,0.1383826286939772,0.0923623597424669,0.0703628143393357,0.1141653641129481,0.0213878027073195
BH31,0.793155989,0.909607963,0.01837275772396,0.0238781144626849,0.0180323464051765,0.0558892730113806,0.2480978803183754,0.4457968616333614,0.169264225291842,0.0206685411532189
BH4,0.145522669,0.166888456,0.3806421862151087,0.1064495497204703,0.0284555668216267,0.0908681787317398,0.1557597470431673,0.1198250964014048,0.0869721416113891,0.031027533455093
BH5,0.186130107,0.21345792,0.3415829667803462,0.2566340894223189,0.0501374716031558,0.0175397696945233,0.0477550911726673,0.0771882552330887,0.1940533181489585,0.0151090379449409
BH6,0.19785914,0.226909021,0.0831454057658446,0.3267345476278337,0.1663483634375233,0.1030120862934297,0.0958401765077025,0.0870549642810333,0.1311107576784375,0.0067536984081951
BH7,0.207659745,0.238148562,0.2268000170649949,0.1379980102494368,0.1825223315948522,0.0647265411121967,0.0167663570348249,0.2527648549954032,0.1078879513759825,0.0105339365723086
BH8,0.2365306,0.271258264,0.1875799980215131,0.1768484272842359,0.0646807141193959,0.1113854855953968,0.186238787207652,0.124594932137977,0.1367028433514833,0.0119688122823457
BH9,0.293575591,0.336678659,0.1023960203351811,0.419632760691546,0.1416399091590151,0.0664921412241328,0.0816112282264522,0.0860930648664549,0.0868146960182065,0.0153201794790111
BL0,0.167368163,0.191941328,0.3317493239339714,0.073257651277424,0.0965382714557638,0.0834869159599239,0.2106698751142431,0.1186115834291762,0.071009702962337,0.0146766758671603
BL1,0.153610384,0.176163618,0.1960722285520631,0.0970185174048538,0.0882902124496634,0.0873908189912344,0.1926448467732482,0.188518104860291,0.1325410028844247,0.0175242680842209
BL2,0.323104361,0.370542874,0.1837957645900924,0.0980383804240291,0.0894131940532594,0.223699106761184,0.2107315543728317,0.1086677642768374,0.0721851896859391,0.0134690458358265
BL3,0.145689821,0.16708015,0.2071028893639255,0.1363015754518981,0.0830972802567359,0.0838672751467538,0.2593204158253333,0.1414147459822857,0.0725778957315591,0.0163179222415083
BL4,0.156103405,0.179022666,0.1556787139807557,0.1655558052045989,0.1242300061812615,0.1320288928459037,0.2173354741724674,0.12666284338894,0.0604434939710176,0.0180647702550547
BL5,0.260010692,0.298185728,0.1727965493264959,0.1031779274881251,0.0491327581006124,0.1488113074529077,0.1942349871780872,0.2125790665727395,0.0992007192725223,0.0200666846085094
BL6,0.33954508,0.389397436,0.2109866052045496,0.0843757898212422,0.0730515353501936,0.1196170757180144,0.2216018074281174,0.1229519271050231,0.1422178578781599,0.0251974014946995
BL7,0.219935023,0.252226108,0.3074747244619212,0.0259039825133646,0.0339803864629263,0.1120764310322701,0.2648635643324782,0.1142403164576988,0.1038819386113452,0.0375786561279953
BL8,0.288614664,0.330989365,0.1958905208258838,0.1699029815134606,0.0827321732124078,0.0964459005841648,0.2793871980172018,0.0825011196434301,0.0842708298990111,0.0088692763044396
BL9,0.307977134,0.353194652,0.2724252331668094,0.1250806878721621,0.1108024427523926,0.1296372952962126,0.1550427154608436,0.1027246668180005,0.0957245027156337,0.0085624559179452
BN1,0.393678702,0.451479012,0.4133781699105935,0.067869146497792,0.094435578216796,0.1207046072234547,0.0878514381613901,0.0896130620380274,0.1029660542004174,0.0231819437515286
BN10,0.371508736,0.426054029,0.0030444640233003,0.0452993716708796,0.0469907098986057,0.2673618281022486,0.3775781600066405,0.1703827665893235,0.0788608419745922,0.0104818577344094
BN11,0.42079423,0.482575669,0.2809725226657029,0.2303062129065322,0.1110272460932452,0.0578557131647667,0.0889781119665448,0.0868625058756001,0.1379431058612851,0.0060545814663228
BN12,0.336153478,0.385507876,0.0188278876850972,0.0235673647047599,0.2214112580438796,0.5023543421728778,0.1567918224807409,0.0390159186554882,0.0339872813983482,0.0040441248588078
BN13,0.603342338,0.691925677,0.0652193388490835,0.0626093074338528,0.1349347149936859,0.225391408872983,0.2898731531748263,0.1485934372759856,0.0682360269151049,0.0051426124844777
BN14,0.888007863,1.018386086,0.0902994492022026,0.1776208220775864,0.3371424677403926,0.1631009267667286,0.0969520504227999,0.058910864225266,0.0686032980453607,0.0073701215196629
BN15,0.544576365,0.624531624,0.0205816289885404,0.0447152846164542,0.2880868772295687,0.3012836427672892,0.2121482950433124,0.0900364882781296,0.0417835473530457,0.0013642357236595
BN16,0.623293673,0.714806288,0.0276420798256557,0.0351985681990142,0.1387721065933926,0.2217326510273485,0.2525705709328981,0.2028085920049127,0.106374306233811,0.0149011251829669
BN17,0.274287837,0.314559057,0.1198694198360675,0.0657168190785096,0.095744658423661,0.1274553869665795,0.2206690652588694,0.218540531883616,0.1360618430261306,0.0159422755265661
BN18,0.577183356,0.661926007,0.2768417275123033,0.0773703706570457,0.059007240780574,0.1399101713773399,0.1547711196056271,0.1597811542261477,0.0991204136172753,0.0331978022236867
BN2,0.352781871,0.404577666,0.3725730146583231,0.0411599344247331,0.1070617303456833,0.1821683818606329,0.1174502708460555,0.1065365992606857,0.0595871355079352,0.0134629330959509
BN20,0.713207785,0.817921682,0.1892362368017012,0.1520489407755467,0.0993948230771531,0.204411506117293,0.2248128843141384,0.0738911149269032,0.043201477728245,0.0130030162590191
BN21,0.223086095,0.255839823,0.3889483667683823,0.1287845488218411,0.0286050778587647,0.1119642423169584,0.1390480402645078,0.0997378565192615,0.0754009226241937,0.0275109448260899
BN22,0.325855762,0.373698238,0.2092153129255375,0.182214637774475,0.078172873966735,0.152264084205502,0.2467372452120517,0.0723040430540966,0.0504230226939482,0.0086687801676537
BN23,0.481045062,0.551672591,0.0112169760958368,0.0376414061019232,0.0359082066405116,0.1103133595783585,0.3598719860101237,0.2686899952394281,0.1697724430017615,0.0065856273320563
BN24,0.454377523,0.521089696,0.0792247030573409,0.0750280273677591,0.1056353301721593,0.2108692073582593,0.2009233755258268,0.238952348168495,0.0769398782695358,0.0124271300806235
BN25,0.374923862,0.429970567,0.1003652306998517,0.0718965763089046,0.0961640756134917,0.1844026698837363,0.2686162376660151,0.1993254561200617,0.067231338464663,0.0119984152432756
BN26,0.491037728,0.563132389,0.125110264546436,0.0454840808311192,0.1457839973508828,0.2583086090273126,0.2380856204350032,0.096066739274853,0.0795383503074489,0.011622338226944
BN27,0.354911759,0.407020266,0.1611400599642123,0.0414159453664167,0.0468680226030257,0.1258610955784586,0.276861224071771,0.1996132396299207,0.1300077944716901,0.0182326183145045
BN3,0.251871085,0.288851055,0.3825143846656721,0.1209374770847395,0.1478199644546077,0.1236015740252155,0.1457403284897892,0.0343961489427273,0.0348421327068108,0.0101479896304375
BN41,0.330945317,0.379535047,0.1600439932208597,0.2441804769394203,0.159148462464899,0.2113060069669173,0.1051036809217502,0.0689349902739386,0.0431802916787567,0.0081020975334579
BN42,0.626531065,0.718518997,0.0827417909956179,0.1757510259580881,0.2770190820347041,0.2712754237576862,0.1323795202503452,0.0291024540975983,0.0284971712596368,0.003233531646323
BN43,0.720091682,0.82581628,0.1482119088180101,0.0976962201072142,0.1100042358175116,0.1795962423294395,0.2183709031259729,0.0810888602249125,0.1597861472457242,0.0052454823312146
BN44,0.626387782,0.718354678,0.1810637298091001,0.0567806505390396,0.0956767576148182,0.1524105164939213,0.2450976347219931,0.1720595438778288,0.0799656776565337,0.016945489286765
BN45,1.823307603,2.091007491,0.4318176758122284,0.0493912673904388,0.0918323130092019,0.1249709670869895,0.0670051046231052,0.0943170541477715,0.0903858325623058,0.0502797853679585
BN5,0.639848826,0.733792085,0.2335699127989578,0.0609116034846225,0.06462550645039,0.1505907480636459,0.212369299809759,0.1652592018246824,0.083934073801883,0.028739653766059
BN6,0.331713317,0.380415805,0.1587585020966165,0.0604543456157092,0.1203939349782469,0.2816195361243609,0.1576975567472719,0.1017567820000109,0.0961547972553418,0.0231645451824416
BN7,0.546136197,0.626320472,0.2639828327620805,0.0606963660296425,0.0694101384727975,0.2428172470430668,0.1417355133866334,0.1303974652671417,0.0653394320468066,0.0256210049918307
BN8,0.978471173,1.122131311,0.2458741121470283,0.0599669304108546,0.0497553647973299,0.1525024274890281,0.2511638026208848,0.1150102752309821,0.0838673568794687,0.0418597304244232
BN9,0.411628055,0.472063707,0.0956695771408732,0.0966383319730607,0.0711756300182469,0.2488948182889177,0.2476637844840869,0.1354735477294446,0.093745290557135,0.0107390198082346
BR1,0.147708136,0.169394796,0.2602402010949892,0.1717066869676822,0.1434315604867244,0.076204564939671,0.1447364828254123,0.0712903140232681,0.1216541305031969,0.0107360591590558
BR2,0.123809021,0.141986788,0.1786230893101778,0.0822968936806814,0.2555687704550857,0.1519604096641842,0.1330063813376612,0.0704635134086641,0.1193551358148051,0.0087258063287401
BR3,0.110157651,0.12633111,0.0889537665212773,0.206826793658451,0.1947982121329925,0.0817765893932923,0.2226863018317632,0.1059058957754152,0.0931382707649322,0.005914169921876
BR4,0.117131686,0.13432908,0.02380790058839,0.0806219326028453,0.7016732865814835,0.0601919938692623,0.0381724694680419,0.0472132656300858,0.0450396199346235,0.0032795313252673
BR5,0.226141618,0.259343962,0.029647379262504,0.0436758737362099,0.3066428760106346,0.3288165101893583,0.1319212679042394,0.0703314272975003,0.0803962949059256,0.0085683706936274
BR6,0.277316056,0.318031883,0.051461202494581,0.0979122342904221,0.2692266531015861,0.2078777289458873,0.1855774912706876,0.0802923872711676,0.1010795677525866,0.0065727348730814
BR7,0.150267848,0.172330328,0.1875181912114387,0.0495869175012141,0.1771542139845146,0.2166219309807374,0.1638545659099802,0.0722851744171545,0.1023024804693332,0.030676525525627
BR8,0.236095815,0.270759644,0.0635345042910583,0.0396626086723483,0.0995075835688253,0.3065825137281592,0.2728581248849048,0.1750254467730796,0.0377801700870365,0.0050490479945878
BS1,0.302440883,0.346845563,0.1144532095949663,0.0836747125812655,0.0429062307469991,0.1313764311797082,0.0640905395041311,0.1573463602872409,0.3839553421222686,0.0221971739834201
BS10,0.247768402,0.284146013,0.0470679159308036,0.0306385720803343,0.2316305287354641,0.358088034606557,0.1509749286994934,0.0668604408625475,0.104337896178799,0.0104016829060009
BS11,0.281113542,0.32238692,0.0403095210313422,0.2173761983961776,0.1765370030229464,0.3668873043236952,0.0784541487076664,0.0558126872810972,0.0554066485794446,0.0092164886576301
BS13,0.307534305,0.352686806,0.0088062132445437,0.0309514868271955,0.1761423741602914,0.5495793904389161,0.1184585117869324,0.0281703972233276,0.0853558926283723,0.0025357336904208
BS14,0.814820097,0.934452818,0.0157690812220012,0.0156641510867824,0.1360712505596333,0.2459666172361508,0.4481638368648634,0.0660318990502574,0.0670895133135523,0.0052436506667589
BS15,0.275271927,0.315687632,0.1210978455163686,0.0771522787704856,0.1028366049325547,0.2272726468081811,0.2048462040460128,0.1356992659741225,0.1094140597188201,0.0216810942334543
BS16,0.310576344,0.35617548,0.0719315789286385,0.2158582674142905,0.1198630033519329,0.1845585641000162,0.1387050634125803,0.1003150213925051,0.1501201659052365,0.0186483354947996
BS2,0.319827308,0.366784681,0.0995560722989298,0.2457901115688751,0.0417206408310006,0.0853029310833203,0.1361406785436253,0.0633040662198745,0.3069614889151096,0.0212240105392647
BS20,0.560782723,0.643117416,0.1100846732826928,0.0630732615977742,0.0348033733211335,0.1864969894393466,0.2352693203860655,0.1313338321733093,0.2226365631921541,0.0163019866075237
BS21,0.327547033,0.375637824,0.2988867206840181,0.0438548803834141,0.0538445689831273,0.1126724180879665,0.319790325422478,0.1131298247422463,0.0454224282659144,0.0123988334308351
BS22,0.369162021,0.423362766,0.0422271741241596,0.0441870407702117,0.0600171944849477,0.0969754705980648,0.3738320143959703,0.2753935066668256,0.0945290602780184,0.0128385386818016
BS23,0.444823956,0.510133465,0.3105308557678158,0.1151515526756242,0.0644419758798452,0.1109843408404046,0.0870093706095669,0.1780719843502133,0.1039332903909197,0.02987662948561
BS24,0.509868468,0.584727878,0.0835393960734021,0.0291511143991024,0.0297837411673078,0.1720980474489127,0.2425490025933249,0.2020766839641571,0.2237270776215738,0.0170749367322188
BS25,0.867994372,0.995434194,0.1463851592108645,0.0890623438414001,0.062138787336362,0.2358618913739108,0.2291212722910958,0.1210187941442952,0.1059279848458143,0.010483766956257
BS26,0.907799491,1.041083541,0.2845169026040896,0.0339151106785201,0.0529004507651089,0.1262819168155442,0.2270136438773706,0.152519519598637,0.1035487114702502,0.0193037441904792
BS27,1.44556222,1.657801144,0.2115630719801702,0.0297438604361882,0.0581391068427237,0.1321166374248184,0.1492316654291105,0.266579961581514,0.1234123881351976,0.0292133081702771
BS28,2.940652942,3.372402617,0.337453420166405,0.0242452206379479,0.0637433985127507,0.0967598928825712,0.2272435996712018,0.1284597845591054,0.0875817828553322,0.0345129007146856
BS29,0.443370058,0.508466104,0.2031262233350852,0.0438356744415104,0.039664292841719,0.2277116997390071,0.239304537073125,0.1351921927977539,0.0997397051483782,0.0114256746234207
BS3,0.287999095,0.330283417,0.1140467900666786,0.3396620263340489,0.1773957971289816,0.057763425945682,0.0481336451898246,0.0414138509050638,0.2127691022900777,0.0088153621396424
BS30,0.424251473,0.486540509,0.1124291012836419,0.0456667362640474,0.0398061535665014,0.1940759681394832,0.2858493643101163,0.2163459350405074,0.0782581464067303,0.0275685949889717
BS31,0.28463869,0.326429634,0.0890905875316364,0.0797592110501193,0.0632555949459781,0.3377968746788934,0.2817676439779196,0.0664582797230191,0.0697954131218772,0.0120763949705566
BS32,0.472643749,0.542037788,0.0523741317953599,0.0147642511911603,0.0727788058989567,0.1065860762949486,0.1235888854210018,0.4148944363524548,0.19721246943652,0.0178009436095976
BS34,0.315642193,0.361985103,0.0240228722516676,0.0156403658946971,0.1858685031627644,0.1930260451427104,0.2159522243819542,0.1305305744584269,0.2146409320608421,0.0203184826469369
BS35,0.323735349,0.371266505,0.1759558078582848,0.0247340597169915,0.0460610313066375,0.2001435813953669,0.3065433891305203,0.1544455469960289,0.0614671503809497,0.03064943321522
BS36,0.376326477,0.431579116,0.1195828115197771,0.031520795939894,0.0437671281302063,0.323894495723151,0.2621072517104004,0.1030345025338696,0.0947533285678933,0.0213396858748079
BS37,0.206063463,0.236317912,0.104074122636628,0.0167590413077527,0.0311945376807781,0.1339963826278826,0.3643525534484923,0.2593488821633212,0.0637784281749432,0.0264960519602016
BS39,0.596208829,0.683744819,0.2287314275151389,0.0581360339811204,0.0599446163009848,0.1817679028527174,0.2013811584396606,0.140096200871001,0.1224592488706019,0.0074834111687747
BS4,0.624203811,0.715850053,0.0519997659384665,0.223809488937031,0.3384536238166901,0.1114688454942305,0.0923171866754743,0.0829039048483814,0.0884206761369816,0.0106265081527442
BS40,2.116140296,2.426834179,0.3169344360955041,0.0747685866474291,0.0541462236087149,0.1650145207910978,0.1646210863732141,0.1391633797934687,0.0719865162644503,0.0133652504261208
BS41,0.359684867,0.412494167,0.127433105834777,0.0939850707019799,0.0560055850599564,0.2744175079574914,0.1562110051522699,0.0564365550905329,0.2267238769220493,0.0087872932809429
BS48,0.766873235,0.879466348,0.0999391403834184,0.034984387394212,0.0347219258673652,0.2706781927644978,0.3130005715223792,0.1893712168801943,0.0466957680137158,0.010608797174217
BS49,0.468234809,0.536981523,0.1278873751880748,0.0415903728312599,0.0619452275856041,0.1885773800880045,0.3674595832781762,0.1324380354461245,0.0672887878738709,0.0128132377088848
BS5,0.256038874,0.293630764,0.121961112832359,0.3923343663319789,0.0881446687039877,0.0867455263876649,0.1442008033926837,0.0678957266851638,0.0839723733889217,0.0147454222772401
BS6,0.27454612,0.314855262,0.1497218116785112,0.6243154484546478,0.0629349759489274,0.0200940767818445,0.0460972563670082,0.0257278847306412,0.0590263577896409,0.0120821882487784
BS7,0.209341496,0.240077228,0.0202234542554868,0.4475617792157414,0.2146447038949182,0.0971054736494107,0.0387414321580672,0.0194549127756823,0.1491639903413021,0.0131042537093909
BS8,0.286644827,0.328730314,0.5701743008408849,0.1249180947905566,0.0121658148552043,0.0531426404175625,0.0814832969254836,0.0616587615424263,0.0841177131174003,0.0123393775104811
BS9,0.21865513,0.2507583,0.1277224081855856,0.1482238130740293,0.3249481795211849,0.1372101803490946,0.1569858666042425,0.065142661139432,0.0268116826942152,0.0129552084322158
CA1,0.612957893,0.702952998,0.3779936905162746,0.0527075945575516,0.0979919003680008,0.1681719474397199,0.0589863026795445,0.0952608680357583,0.1344893980089739,0.0143982983941759
CA10,1.082467102,1.241396029,0.4113944860301087,0.0290561256660738,0.0304395899890949,0.0977253722187061,0.1034029994886221,0.1611676391003092,0.1454827000120388,0.0213310874950462
BB94,0.0,0.0,0.3353799088396244,0.2592200380510017,0.027208588030073,0.1967040039709865,0.055094224130559,0.0407000407000406,0.0842613006910005,0.0014318955867139
BD97,0.0,0.0,0.4404239766081871,0.1144005847953216,0.0467836257309941,0.0263157894736842,0.0610380116959064,0.1074561403508771,0.1765350877192982,0.0270467836257309
BD98,0.0,0.0,0.0551650809870337,0.0154747603069176,0.0,0.0784174963292322,0.0839328537170263,0.0155944342414743,0.7082407011051428,0.0431746733131728
BD99,0.0,0.0,0.1310172100998961,0.0492726942966482,0.0313498087121114,0.0162371024897852,0.0958713540809954,0.0411265235335315,0.6000705210844741,0.0350547857025577
BL11,0.0,0.0,0.0830308139705127,0.0023416279124577,0.0123524417829837,0.0940946513121064,0.4010834888143931,0.2447970937735715,0.1380245336818041,0.0242753487521707
BL78,0.0,0.0,0.2516574764933579,0.109951851282995,0.075324488586773,0.0835351189851066,0.1851265995596922,0.1602264572169239,0.1097463308731754,0.0244316770019758
BN50,0.0,0.0,0.584458403778266,0.0034482231893742,0.0337350679756298,0.0014052063344852,0.0472763771067599,0.1786413695132236,0.1400478140397421,0.0109875380625187
BN88,0.0,0.0,0.5759986529323726,0.003127810162233,0.0301539366554846,0.0021692111475393,0.0466630736791972,0.1605398779791938,0.172636080727917,0.008711356716062
BN99,0.0,0.0,0.0713476307614955,0.1327152895293562,0.1244018582841051,0.3066605502970644,0.0416822961455771,0.2139240071805778,0.1048688755289102,0.0043994922729134
BS98,0.0,0.0,0.131212303309519,0.1049275555852306,0.0300460706416505,0.0567536889897843,0.1485388707128708,0.1409271994836527,0.3646480158465202,0.0229462954307716
BS99,0.0,0.0,0.0788796506789054,0.0576623294665004,0.110286970698766,0.1912230261974221,0.2351866058139096,0.0137517230932624,0.3017459639767935,0.0112637300744404
CA11,0.787397152,0.903003607,0.2790518116127751,0.0541962646997271,0.0710744233465346,0.1174498107605491,0.1359522738396087,0.1925941447278694,0.130690043495006,0.0189912275179296
CA12,0.831068472,0.953086795,0.3512717673261931,0.0714742585161806,0.0507848943787452,0.116743137192439,0.1540557512661493,0.1496318483526767,0.0775042912253026,0.0285340517423131
CA13,0.642564032,0.736905941,0.2948081744172499,0.0183369259679623,0.0309339275728414,0.1319975409297691,0.189573390673798,0.1743607583009037,0.1231535690363838,0.0368357131010915
CA14,0.353398329,0.405284633,0.3386334025742675,0.0614206876413518,0.0318803864056927,0.2271800229293047,0.1678230153151687,0.0890809194835911,0.0621162396907883,0.0218653259598347
CA15,0.284353991,0.326103135,0.3524321875036342,0.018477506504848,0.0329272209402515,0.2216402702165486,0.1412477356092245,0.1181382704965516,0.0860879747760141,0.0290488339529271
CA16,0.818320068,0.938466657,0.3900086164838414,0.0162370782389703,0.0287039763293928,0.06309279611184,0.1486014617455092,0.1900757659774825,0.1343928374041014,0.028887467708862
CA17,1.127693459,1.293262566,0.4774949753258699,0.0403561345899021,0.0193827780640924,0.0779146223502961,0.0869891828408095,0.1420225847908199,0.1262890831874907,0.029550638850719
CA18,0.779547861,0.894001875,0.4608294930875575,0.0629800307219661,0.0153609831029185,0.184331797235023,0.1228878648233487,0.0768049155145929,0.0307219662058371,0.0460829493087557
CA19,0.919717715,1.054751611,0.378695224450257,0.0563934423173566,0.0146387000863917,0.2185238779121205,0.0949700605460454,0.0923461030231656,0.0452247855065659,0.099207806158097
CA2,0.318944856,0.365772666,0.228291231415667,0.1011076021711512,0.1478792395364564,0.1895128350189412,0.1141490416536913,0.0909327837499521,0.1189381023860436,0.0091891640680969
CA20,0.688879492,0.790021484,0.2536150020977305,0.0363482648689124,0.012439383734168,0.3166436783886377,0.149061404806387,0.137806887564557,0.0430770807213494,0.0510082978182578
CA21,0.702627797,0.805788329,0.3354940249085603,0.0466340446491618,0.0240521240387038,0.0830413609855678,0.2379767037813064,0.1249733040110362,0.0929164718580985,0.054911965767565
CA22,0.740883482,0.849660753,0.187764495037049,0.018543311551753,0.1065484264024621,0.2218021155270473,0.2248844602644282,0.1162900593438028,0.0912789515914145,0.0328881802820427
CA23,0.677988541,0.777531513,0.5383716447446604,0.0305728118802995,0.0121851487632099,0.1319645093402718,0.0506432877348344,0.1300920618900994,0.0737598410098106,0.0324106946368139
CA24,0.543094403,0.622832079,0.4501757378203198,0.0043113983151205,0.005157513302002,0.0507900148210659,0.1369481221390287,0.2034962308821995,0.1085596625429807,0.0405613201772824
CA25,0.526473741,0.603771154,0.2708528376434175,0.0080306864451095,0.0909999669798096,0.2020707396794262,0.1751079357914331,0.1726871672799148,0.0600865175927606,0.0201641485881283
CA26,0.504749317,0.578857128,0.3425132568162981,0.018617950384591,0.0066578647917863,0.1786959429642486,0.1344403741776011,0.1534073299366348,0.1236384978370953,0.0420287830917444
CA27,0.690458861,0.791832738,0.3222374385251409,0.0238677167035441,0.0038213324853012,0.1459048113875178,0.156822850880729,0.1335909902565894,0.1660504437238162,0.0477044160373611
CA28,0.34298471,0.393342076,0.2007264409522844,0.1024085818136686,0.0904273770790529,0.2598492669855211,0.1277342019799068,0.1310288289650019,0.0679908353859633,0.0198344668386006
CA3,1.130967737,1.297017577,0.2833160281809139,0.0377485590410811,0.1193231248323825,0.0952730708527589,0.1417876047883255,0.1945231717399629,0.1117028557655134,0.0163255847990615
CA4,1.295030533,1.485168241,0.3277331395938168,0.0277728605243937,0.0444641629872977,0.103743518402281,0.1840547359669806,0.1362897826597541,0.1580096381061785,0.0179321617592973
CA5,1.584534206,1.81717714,0.4075373703294901,0.0314993325744545,0.0327482959072004,0.159661383091054,0.1228700399566738,0.1187839600660932,0.0978879285938766,0.0290116894811571
CA6,2.002030971,2.295971207,0.4247645392607224,0.0289549810186676,0.0276532072978328,0.1368586064554335,0.096585399545214,0.1318532510986134,0.1298351461110134,0.0234948692125025
CA7,0.748390426,0.858269874,0.4058408462121639,0.0235448801685896,0.029048247058625,0.1439358204676436,0.1404158520167372,0.1148988023635842,0.1009506048467964,0.0413649468658599
CA8,1.395701557,1.600619888,0.3900002193006272,0.0417945440772455,0.039177120287761,0.1485012087212129,0.1287859807606706,0.1375401394992792,0.0979526569533357,0.0162481303998676
CA9,1.555498211,1.78387805,0.525116842826386,0.0098722830317895,0.0098329408378685,0.1267036891864985,0.10059163881506,0.1015781268585353,0.0764986502173346,0.0498058282265272
CB1,0.326789319,0.374768861,0.194593327958524,0.0672320417909879,0.0719719929151266,0.1399526203864125,0.1500271533998662,0.1356472024449707,0.2239105689090995,0.0166650921950124
CB10,0.603851803,0.692509942,0.3008337658679092,0.0301276109276741,0.031431968061075,0.1238507648967591,0.210887370702652,0.2073037973390752,0.074160525476986,0.0214041967278691
CB11,0.521683556,0.59827767,0.2736910404197182,0.0424645828362594,0.0365960994912345,0.1457953140747013,0.2310769407534607,0.1369756543920201,0.1097227790262743,0.0236775890063312
CB2,0.261425093,0.299807793,0.2008421762162149,0.0555864258897026,0.0531620798891592,0.1424631043519631,0.1767506904827309,0.1120175078774518,0.2274485380940863,0.031729477198691
CB21,1.0742819,1.232009068,0.2198563916222431,0.0330493822318164,0.0381355442790662,0.1682082075029802,0.2396371892514204,0.1713631775523945,0.1092285919926448,0.020521515567434
CB22,0.381599648,0.437626499,0.1412996395564345,0.0588863290071623,0.0723946995310541,0.2175820298261756,0.2512608128799029,0.1293835815342867,0.1204684522456213,0.0087244554193623
CB23,0.806529318,0.924944777,0.0939564214641271,0.0258532400738513,0.0411798986900059,0.0843486110379186,0.1897649514900992,0.1774999745257661,0.3634059897858675,0.0239909129323639
CB24,0.692578716,0.794263831,0.1126525718492871,0.063458285732652,0.0482558715764443,0.1203089360568222,0.2145517596320805,0.2510737095071504,0.1679233211067246,0.0217755445388387
CB25,0.855067227,0.980609072,0.1505903336798,0.0434314869092019,0.0471121250249305,0.1410533645379847,0.2378273994705223,0.2157216642547194,0.1340170189255099,0.0302466071973309
CB3,1.133966344,1.300456443,0.129025409870183,0.0574576731168921,0.0766008130991874,0.0892487039875716,0.1900057006047041,0.1594813981933611,0.2655565504722161,0.0326237506558844
CB4,0.354336884,0.406360988,0.1231672058624068,0.0720676086415115,0.0830803520409024,0.1274763156602439,0.2229183643120945,0.2191169930567012,0.1360582092443615,0.0161149511817779
CB5,1.265066074,1.450804369,0.1838269848780095,0.0363016936411014,0.0937315774000884,0.1808074567802845,0.1509071815311426,0.1730858084709942,0.157349027309189,0.02399026998919
CB6,0.296852411,0.340436586,0.1161673443961542,0.0663467588089436,0.0443347139798982,0.1206727259505712,0.1956104285299011,0.2299824667736574,0.2051979295252516,0.0216876320356223
CB7,0.336627603,0.386051612,0.2011613540913133,0.0724134665101351,0.0520428217392149,0.0961718776931485,0.1520805565457353,0.2042068187857457,0.1872532422986992,0.0346698623360077
CB8,1.556349329,1.78485413,0.2354806142983826,0.0465234341871249,0.0359334466823636,0.1435056298638168,0.2580283069866148,0.1410412645506505,0.1219533072532262,0.0175339961778203
CB9,0.339820504,0.389713299,0.1346139866949686,0.0131071344007078,0.0466357616544111,0.1459598922527568,0.3026426693877532,0.20808464912124,0.1423155898020316,0.0066403166861306
CF10,0.111689762,0.128088167,0.20224902268677217,0.08133816650201105,0.07293260880352417,0.16328595547722832,0.20308674887676573,0.142598511639583,0.11929560641625485,0.01521337959786059
CF11,0.186283793,0.21363417,0.20224902268677217,0.08133816650201105,0.07293260880352417,0.16328595547722832,0.20308674887676573,0.142598511639583,0.11929560641625485,0.01521337959786059
CF14,0.371616841,0.426178006,0.20224902268677217,0.08133816650201105,0.07293260880352417,0.16328595547722832,0.20308674887676573,0.142598511639583,0.11929560641625485,0.01521337959786059
CF15,0.306222273,0.35118214,0.20224902268677217,0.08133816650201105,0.07293260880352417,0.16328595547722832,0.20308674887676573,0.142598511639583,0.11929560641625485,0.01521337959786059
CF23,0.297778944,0.341499153,0.20224902268677217,0.08133816650201105,0.07293260880352417,0.16328595547722832,0.20308674887676573,0.142598511639583,0.11929560641625485,0.01521337959786059
CF24,0.146829772,0.168387469,0.20224902268677217,0.08133816650201105,0.07293260880352417,0.16328595547722832,0.20308674887676573,0.142598511639583,0.11929560641625485,0.01521337959786059
CF3,0.230631636,0.264493208,0.20224902268677217,0.08133816650201105,0.07293260880352417,0.16328595547722832,0.20308674887676573,0.142598511639583,0.11929560641625485,0.01521337959786059
CF31,0.507773567,0.582325401,0.20224902268677217,0.08133816650201105,0.07293260880352417,0.16328595547722832,0.20308674887676573,0.142598511639583,0.11929560641625485,0.01521337959786059
CF32,0.226712526,0.259998691,0.20224902268677217,0.08133816650201105,0.07293260880352417,0.16328595547722832,0.20308674887676573,0.142598511639583,0.11929560641625485,0.01521337959786059
CF33,0.41917968,0.480724069,0.20224902268677217,0.08133816650201105,0.07293260880352417,0.16328595547722832,0.20308674887676573,0.142598511639583,0.11929560641625485,0.01521337959786059
CF34,0.445557755,0.510975,0.20224902268677217,0.08133816650201105,0.07293260880352417,0.16328595547722832,0.20308674887676573,0.142598511639583,0.11929560641625485,0.01521337959786059
CF35,0.473047518,0.542500838,0.20224902268677217,0.08133816650201105,0.07293260880352417,0.16328595547722832,0.20308674887676573,0.142598511639583,0.11929560641625485,0.01521337959786059
CF36,0.558922728,0.640984335,0.20224902268677217,0.08133816650201105,0.07293260880352417,0.16328595547722832,0.20308674887676573,0.142598511639583,0.11929560641625485,0.01521337959786059
CF37,0.12659169,0.145178012,0.20224902268677217,0.08133816650201105,0.07293260880352417,0.16328595547722832,0.20308674887676573,0.142598511639583,0.11929560641625485,0.01521337959786059
CF38,0.159054137,0.182406628,0.20224902268677217,0.08133816650201105,0.07293260880352417,0.16328595547722832,0.20308674887676573,0.142598511639583,0.11929560641625485,0.01521337959786059
CF39,0.119330294,0.13685049,0.20224902268677217,0.08133816650201105,0.07293260880352417,0.16328595547722832,0.20308674887676573,0.142598511639583,0.11929560641625485,0.01521337959786059
CF40,0.069440914,0.079636301,0.20224902268677217,0.08133816650201105,0.07293260880352417,0.16328595547722832,0.20308674887676573,0.142598511639583,0.11929560641625485,0.01521337959786059
CF41,0.062671018,0.071872441,0.20224902268677217,0.08133816650201105,0.07293260880352417,0.16328595547722832,0.20308674887676573,0.142598511639583,0.11929560641625485,0.01521337959786059
CF42,0.057765488,0.066246676,0.20224902268677217,0.08133816650201105,0.07293260880352417,0.16328595547722832,0.20308674887676573,0.142598511639583,0.11929560641625485,0.01521337959786059
CF43,0.13580929,0.155748949,0.20224902268677217,0.08133816650201105,0.07293260880352417,0.16328595547722832,0.20308674887676573,0.142598511639583,0.11929560641625485,0.01521337959786059
CF44,0.091403647,0.104823624,0.20224902268677217,0.08133816650201105,0.07293260880352417,0.16328595547722832,0.20308674887676573,0.142598511639583,0.11929560641625485,0.01521337959786059
CF45,0.396951692,0.455232546,0.20224902268677217,0.08133816650201105,0.07293260880352417,0.16328595547722832,0.20308674887676573,0.142598511639583,0.11929560641625485,0.01521337959786059
CF46,0.175029194,0.20072716,0.20224902268677217,0.08133816650201105,0.07293260880352417,0.16328595547722832,0.20308674887676573,0.142598511639583,0.11929560641625485,0.01521337959786059
CF47,0.375620061,0.430768983,0.20224902268677217,0.08133816650201105,0.07293260880352417,0.16328595547722832,0.20308674887676573,0.142598511639583,0.11929560641625485,0.01521337959786059
CF48,0.34108072,0.391158541,0.20224902268677217,0.08133816650201105,0.07293260880352417,0.16328595547722832,0.20308674887676573,0.142598511639583,0.11929560641625485,0.01521337959786059
CF5,0.341797265,0.391980289,0.20224902268677217,0.08133816650201105,0.07293260880352417,0.16328595547722832,0.20308674887676573,0.142598511639583,0.11929560641625485,0.01521337959786059
CF61,0.332285224,0.38107168,0.20224902268677217,0.08133816650201105,0.07293260880352417,0.16328595547722832,0.20308674887676573,0.142598511639583,0.11929560641625485,0.01521337959786059
CF62,0.220377189,0.252733194,0.20224902268677217,0.08133816650201105,0.07293260880352417,0.16328595547722832,0.20308674887676573,0.142598511639583,0.11929560641625485,0.01521337959786059
CF63,0.196083579,0.224872771,0.20224902268677217,0.08133816650201105,0.07293260880352417,0.16328595547722832,0.20308674887676573,0.142598511639583,0.11929560641625485,0.01521337959786059
CF64,0.190389939,0.218343185,0.20224902268677217,0.08133816650201105,0.07293260880352417,0.16328595547722832,0.20308674887676573,0.142598511639583,0.11929560641625485,0.01521337959786059
CF71,0.428489608,0.49140089,0.20224902268677217,0.08133816650201105,0.07293260880352417,0.16328595547722832,0.20308674887676573,0.142598511639583,0.11929560641625485,0.01521337959786059
CF72,0.454199885,0.520885977,0.20224902268677217,0.08133816650201105,0.07293260880352417,0.16328595547722832,0.20308674887676573,0.142598511639583,0.11929560641625485,0.01521337959786059
CF81,0.21244833,0.243640211,0.20224902268677217,0.08133816650201105,0.07293260880352417,0.16328595547722832,0.20308674887676573,0.142598511639583,0.11929560641625485,0.01521337959786059
CF82,0.191059077,0.219110567,0.20224902268677217,0.08133816650201105,0.07293260880352417,0.16328595547722832,0.20308674887676573,0.142598511639583,0.11929560641625485,0.01521337959786059
CF83,0.252202568,0.289231208,0.20224902268677217,0.08133816650201105,0.07293260880352417,0.16328595547722832,0.20308674887676573,0.142598511639583,0.11929560641625485,0.01521337959786059
CH1,0.367043801,0.420933547,0.2739207388592393,0.0316254632316179,0.0290365246447616,0.1633064428747099,0.1050931673407498,0.1915882484563164,0.1965363654231413,0.0088930491694636
CH2,0.583409363,0.669066123,0.1574438939899274,0.0444103988054107,0.1417470499303575,0.2435968317159519,0.1699120891854288,0.1338387401465733,0.1019454043259304,0.0071055919004196
CH3,0.532003413,0.610112698,0.2398793490878326,0.0464372931007591,0.0667165833083398,0.1827890079851406,0.176735806363802,0.1595802609006299,0.1142545439135759,0.0136071553399197
CH4,0.559209173,0.641312836,0.2181115719060639,0.1000147065820257,0.0975389047451992,0.1411787644179787,0.1863523523193909,0.1764548197384213,0.0752707129533312,0.0050781673375887
CH41,0.18716721,0.214647291,0.2721025854409568,0.189562019965095,0.0716509867629469,0.0291898771629249,0.1442922429932729,0.1727399750185167,0.1108641799560923,0.0095981327001942
CH42,0.290389739,0.333025058,0.2973552998982162,0.285186713988137,0.0634459698817727,0.0759184006860841,0.1074926633737543,0.0807039414380128,0.0865081716965892,0.0033888390374333
CH43,0.227467332,0.260864319,0.1457809539314199,0.0863512665791181,0.1006824741481741,0.1437799011301085,0.3215316873180983,0.1244825059393084,0.0705687204759224,0.0068224904778501
CH44,0.265358866,0.304319127,0.3190135141303012,0.4029459506196577,0.0657389027083882,0.0413581902850192,0.0715869109119569,0.0640996501149973,0.0323261916796525,0.0029306895500267
CH45,0.32970439,0.378111926,0.2772800753420261,0.3917186970617273,0.0860879802794554,0.0639416792889313,0.0772786143765866,0.0657164894879027,0.0351173057156826,0.0028591584476875
CH46,0.25328998,0.290478274,0.0082574557952313,0.0922482789918093,0.1374691509253316,0.377741051854127,0.1912926060831572,0.1150113816887753,0.0762114362072907,0.0017686384542773
CH47,0.556903813,0.638669001,0.1892649240621862,0.3050718427264236,0.1882927457464063,0.0888177614447056,0.0691607769888146,0.0691342010027708,0.0887966014363014,0.0014611465923913
CH48,0.40349205,0.462733166,0.1676458631693125,0.1945126745031767,0.1358100148944942,0.1931296462230583,0.1414838800201938,0.1089262563568589,0.0546970344091042,0.0037946304238011
CH49,0.291759396,0.334595809,0.0181198650485566,0.0468690421724155,0.0968844390607085,0.4160376519830769,0.2425650644436612,0.1454472072719922,0.0325398176917673,0.0015369123278214
CH5,1.048966458,1.202976787,0.20224902268677217,0.08133816650201105,0.07293260880352417,0.16328595547722832,0.20308674887676573,0.142598511639583,0.11929560641625485,0.01521337959786059
CH6,0.61405113,0.704206745,0.20224902268677217,0.08133816650201105,0.07293260880352417,0.16328595547722832,0.20308674887676573,0.142598511639583,0.11929560641625485,0.01521337959786059
CH60,0.772343426,0.885739678,0.080200938933437,0.1552578628622828,0.1498349720804111,0.2594012619908362,0.1791262518729547,0.1072538531204094,0.0595835951109422,0.0093412640287263
CH61,0.578451863,0.663380758,0.0405347090955308,0.1002733960824737,0.1841196299997551,0.3698394367805562,0.2055044329909719,0.0735454758723815,0.0243835649844763,0.001799354193854
CH62,0.152570953,0.174971576,0.1041061779739506,0.2016707146915708,0.2032067027682585,0.1859632126991909,0.1475493779261409,0.0754553175161917,0.0768543470328558,0.0051941493918406
CH63,0.397168846,0.455481582,0.0760054253935832,0.1631315218583129,0.2110332813599469,0.1995586116336342,0.256795759408672,0.0591062822457061,0.0320760338324649,0.0022930842676794
CH64,1.149431394,1.318192087,0.0990669350425055,0.1041709926056149,0.0847233773095895,0.2695004111044972,0.2492429270627288,0.1041989879907629,0.087887778513097,0.0012085903712039
CH65,0.211527271,0.242583921,0.0277650051437383,0.1910973815135607,0.104991763006714,0.2476397497460905,0.2293104490506695,0.0636620883122931,0.1338872233693212,0.0016463398576123
CH66,0.576692107,0.661362633,0.0414869552630789,0.0452101847584921,0.0823221912547299,0.2593314790191717,0.330678969884159,0.1672523968781352,0.0718773959128892,0.0018404270293435
CH7,0.738767578,0.84723419,0.20224902268677217,0.08133816650201105,0.07293260880352417,0.16328595547722832,0.20308674887676573,0.142598511639583,0.11929560641625485,0.01521337959786059
CH8,1.17360815,1.345918499,0.20224902268677217,0.08133816650201105,0.07293260880352417,0.16328595547722832,0.20308674887676573,0.142598511639583,0.11929560641625485,0.01521337959786059
CM0,0.646615395,0.741552129,0.1663658932658803,0.074780810904472,0.0489805779879322,0.106770552136878,0.2454407641066075,0.2726506074677513,0.0756247454043963,0.009386048726082
CM1,0.274592783,0.314908777,0.0625543935077499,0.0795165373699517,0.0564436648508766,0.1608110707390612,0.2384114353047519,0.2335958632478855,0.1572992581977859,0.011367776781937
CM11,0.220745814,0.25315594,0.0371613074924403,0.0586200091602734,0.0321732541705858,0.317671470656705,0.290335629165097,0.1557181766623221,0.1021862913595791,0.0061338613329969
CM12,0.307553292,0.352708581,0.032710410747316,0.0418974508337649,0.017064492446304,0.3222542353445096,0.2834117388922897,0.2317955566118597,0.0665756012043168,0.0042905139196388
CM13,0.337749704,0.387338461,0.0725225343719364,0.0455974115847171,0.0601615204887326,0.4464141036576525,0.1813736003515037,0.1208128788036295,0.0670091664436524,0.0061087842981755
CM14,0.134351471,0.154077091,0.1494011625306076,0.1033844659932276,0.0648573800044759,0.0980733216670508,0.2216684264462121,0.1377544537850945,0.2129832314072795,0.0118775581660516
CM15,0.418928301,0.480435783,0.0777926115977374,0.0853460720816392,0.0952811328489656,0.3137275086411306,0.2481401406073408,0.1006209641457452,0.0691111149815389,0.0099804550959019
CM16,0.612712024,0.70267103,0.0999258671005337,0.0878033357111677,0.0874292676001358,0.2783704471352859,0.243517636075754,0.109166173027969,0.0837110763994575,0.0100761969496961
CM17,0.290638919,0.333310822,0.0909170020227602,0.0348210852684703,0.0331211414998834,0.2430378443196381,0.1592339752929205,0.2351625197032777,0.1970842977727204,0.0066221341203291
CM18,0.076302964,0.087505844,0.0042615119543003,0.0008755503421181,0.0017086993580755,0.5254183553551848,0.3355511403309394,0.0862052014663438,0.0454586614216687,0.0005208797713691
CM19,0.199935791,0.229290568,0.0299799399756812,0.0226033994949415,0.0218147881132146,0.3972570057548066,0.3321992379249419,0.1134197608338609,0.0751587456566206,0.0075671222459324
CM2,0.43880511,0.503230925,0.0644998688430128,0.0885911079946018,0.0760849945367339,0.1849669743256377,0.1910901554063328,0.1970870002880748,0.1875987301670969,0.0100811684385089
CM20,0.55313387,0.634345551,0.0122900276096277,0.0037146243231622,0.0043459737203001,0.6085153467464597,0.0589071163655547,0.1217817035582655,0.1880366806673611,0.0024085270092686
CM21,0.699060993,0.801697843,0.1189364761030018,0.0666528306484613,0.0706424965008842,0.1756808560612119,0.2298076748163498,0.2532150430107733,0.0708469794786369,0.0142176433806806
CM22,0.601493787,0.68980572,0.2180763556795261,0.0552000441216782,0.0526425247506726,0.1721396614851029,0.1913019795503345,0.1345471355752942,0.1562772560166343,0.0198150428207569
CM23,0.574991441,0.659412273,0.1884457668952187,0.0406719419383284,0.0646289763709423,0.1370613628940457,0.1495734760598049,0.2547215746167396,0.1562985667059257,0.0085983345189943
CM24,0.766500534,0.879038927,0.1846380058374902,0.0515419202123725,0.0348355383928439,0.1657552421199868,0.2355596136168825,0.0981523188360253,0.213403982957469,0.0161133780269294
CM3,0.45825554,0.525537088,0.10057402309448,0.0703235683138953,0.0567429888902107,0.1170270828127504,0.3426621353509489,0.1994033238603583,0.1018671961863999,0.0113996814909562
CM4,0.748915255,0.858871759,0.1755454196939868,0.0788273413703976,0.061297779359667,0.241401357019634,0.2511178094677457,0.0839306151207306,0.0899890326655526,0.0178906453022854
CM5,0.81683828,0.936767312,0.1921428177278654,0.059763577052045,0.112341290964986,0.2213730719612527,0.1623966407392515,0.0936725158862534,0.1242041980488902,0.0341058876194556
CM6,0.647594883,0.742675427,0.2161810528595482,0.060284197031336,0.0447779903666111,0.1441531072129524,0.1371509913045742,0.1935281846103322,0.1854374032484161,0.0184870733662296
CM7,0.302477042,0.346887031,0.1437038851257447,0.0955776365253722,0.0598964653757992,0.1341187395138942,0.2017431070931052,0.17494932046071,0.1806709884725017,0.0093398574328726
CM77,0.469924488,0.538919282,0.109077449598942,0.0483245736477403,0.0312408638057816,0.152885455749138,0.1943920722543022,0.2257343759482933,0.2273509275874576,0.0109942814083447
CM8,0.334668291,0.383804631,0.0815177929259158,0.0750731758895465,0.0728102515489957,0.0933082756381463,0.3614575370384275,0.1953893595957023,0.1096374342706025,0.010806173092663
CM9,0.661441882,0.758555456,0.1882101898077243,0.0934758154202586,0.0324736939583601,0.1388939789029203,0.1939576060921059,0.2243043589341261,0.1195154304284571,0.0091689264560474
CO1,0.52739711,0.604830093,0.2450947016450242,0.0582117060812975,0.0629120238714875,0.0714915510132247,0.1465112672226205,0.1785242467846446,0.230320309441739,0.0069341939399617
CO10,0.493331624,0.565763078,0.2410169079421929,0.0278755980854938,0.0381333481045712,0.1281528996075978,0.2837387102701962,0.1725605960275015,0.1024871482849668,0.0060347916774796
CO11,0.212305309,0.243476192,0.1786161944641281,0.0783698429807976,0.0674000549596311,0.123944990256933,0.2250901673644693,0.209583119859058,0.1080964641802947,0.0088991659346879
CO12,0.258629279,0.296601494,0.2556100595410377,0.1138410099864099,0.077784508967633,0.1248975717200103,0.1836273263606064,0.1295426068190233,0.1075981361361868,0.0070987804690921
CO13,0.087853809,0.100752596,0.0621247685846419,0.1657102400322905,0.0595355889135348,0.2150513813879324,0.2634272113495635,0.1607375442848773,0.0661087560609383,0.0073045093862211
CO14,0.079161304,0.090783847,0.191513471654525,0.1509337392614142,0.029114980311282,0.1071445663585548,0.2954954001536902,0.1412181812189623,0.0772017444867024,0.0073779165548689
CO15,0.169130117,0.193961974,0.082392793877894,0.1594729226536582,0.188332414200365,0.1944833370330546,0.1671608910303441,0.1128336734116892,0.084021330928685,0.0113026368643097
CO16,0.322877676,0.370282906,0.0834808962699844,0.0849743505418253,0.0930228012463608,0.1689907654410936,0.310214949060809,0.1541517432412295,0.0986534848378567,0.0065110093608404
CO2,0.320803755,0.36790449,0.1134672924125936,0.0726314801127473,0.0580093093834015,0.2231633929284887,0.1805030417457783,0.1366097425433659,0.2099099694072857,0.0057057714663385
CO3,0.285882167,0.327855679,0.1133998010697138,0.0707944650597008,0.071519299009905,0.2153940766589472,0.1990246363246686,0.1859808075514809,0.1420930111820472,0.001793903143536
CO4,0.305442037,0.350287349,0.0616672139077532,0.0623270972257298,0.0477997353105686,0.085228506369399,0.2769381536991853,0.2562066933292262,0.2053309891992218,0.0045016109589158
CO5,0.64471745,0.739375525,0.1104712750315216,0.0852727488039541,0.0628211016998084,0.1811599502041762,0.26603359245834,0.1704404812083625,0.1199116256865079,0.0038892249073291
CO6,0.565792044,0.64886221,0.2321515892685038,0.0779085875004892,0.0482325118778208,0.1315369717787849,0.2785736293569651,0.1454583428521195,0.0778794961931769,0.0082588711721396
CO7,0.435619671,0.499577797,0.2282187377578385,0.0561678731001628,0.0578571755371577,0.151260827083984,0.2853851539804568,0.107855350551175,0.1045265596502133,0.0087283223390116
CO8,1.535842126,1.761336039,0.3314697033485819,0.0470426548844088,0.0421871311425284,0.0951068510166843,0.2579223206544392,0.1282626146194788,0.0832225776349901,0.014786146698888
CO9,0.698101403,0.800597365,0.224350859828925,0.0950477796459325,0.0527359026118387,0.1189251633646503,0.2142591972298903,0.188391139517138,0.094429466728739,0.0118604910728858
CR0,0.12253422,0.14052482,0.189431537345722,0.1261590258548246,0.1891934538904903,0.1351295287805097,0.1755132244680827,0.0883192433303605,0.0890137261960232,0.0072402601339868
CR2,0.163456179,0.187454983,0.1105335840235248,0.1723058945150478,0.2783596668367117,0.1713030834657873,0.1168137615065056,0.0658236108256284,0.0689560951602334,0.0159043036665607
CR3,0.677867221,0.77739238,0.0708058615150145,0.1457716018003741,0.2345731516473692,0.1928096518885664,0.1323038762686892,0.1025887810521244,0.1103699496900396,0.0107771261378224
CR4,0.126716228,0.145320834,0.132032724168072,0.3108975115078427,0.1944323265652803,0.0764377553369459,0.0796614761712746,0.1063296045242859,0.0910530866226763,0.009155515103622
CR5,0.358878985,0.411569964,0.0389843497405942,0.2766687702892348,0.324993909044931,0.1745139678538858,0.0625124879448379,0.0539510274362386,0.0602449625553704,0.0081305251349072
CR6,0.167214656,0.191765282,0.0704699397231514,0.1260057574284486,0.1693527747692045,0.2502014893990718,0.147337308860677,0.113621882779868,0.1129017868415898,0.0101090601979886
CR7,0.046205395,0.052989318,0.3155316219241448,0.3466729058575093,0.1463906303613354,0.0335966658268386,0.0584079015547679,0.0482184416003623,0.0457738886221657,0.0054079442528756
CR8,0.147129372,0.168731057,0.0626698143412511,0.2463181652383096,0.2569031074287508,0.1558334859204349,0.0830014920239829,0.0770091465815218,0.0946003915782125,0.0236643968875361
CT1,0.471123682,0.540294543,0.2221130627858551,0.0552454979619016,0.0453374048355238,0.1145956390066039,0.2621398724555444,0.1557302503727352,0.1340934176750874,0.0107448549067484
CT10,0.181884627,0.208589114,0.2132079618303361,0.1645272173332235,0.0739273294126153,0.1787262682125399,0.2233954426720636,0.0706472698322757,0.0618136039727546,0.013754906734191
CT11,0.118494857,0.135892393,0.4154428988679572,0.1094038174140752,0.1059153499534138,0.1030987864447126,0.1026713661854427,0.0693553207057618,0.0787326271609796,0.0153798332676566
CT12,0.411227903,0.471604804,0.1211217470988489,0.1033760724045481,0.1438925125537486,0.2583280327760959,0.1937540518886474,0.0775427769316365,0.0873842444362874,0.0146005619101868
CT13,0.607500214,0.696694018,0.3536725010655164,0.0745186933651629,0.0553307423272693,0.1720098309212844,0.1443767922310137,0.1108938672539219,0.0599039861895258,0.0292935866463053
CT14,0.614439816,0.704652498,0.3408110288150984,0.0816132146407463,0.0934806963047332,0.1061203850183487,0.1736981690116849,0.124682925475833,0.0602864935215174,0.0193070872120379
CT15,0.637970403,0.73163787,0.2000232224859345,0.1259050480528122,0.0785200974799201,0.1485385896665688,0.2714360344482747,0.0875813053610164,0.0478937639569255,0.0401019385485473
CT16,0.653106478,0.748996239,0.3302220952266796,0.0437472385751446,0.0349777261494217,0.1634284767317871,0.2318610755431349,0.0817165662092435,0.0934180948575457,0.0206287267070425
CT17,0.484245832,0.555343301,0.3855248414877113,0.0645462758081937,0.1242326637287096,0.1692128305162263,0.0938788662507453,0.0969782984792908,0.0527343386000469,0.0128918851290758
CT18,0.340286234,0.390247407,0.1561430070449944,0.0595187148281718,0.0656773821876801,0.1363485612756791,0.1511545302606842,0.1712567477502436,0.2247182086738736,0.0351828479786729
CT19,0.537315987,0.61620527,0.2811646137296549,0.167911798832289,0.1406776076268191,0.0934222766460555,0.1835451990843555,0.0941699563072043,0.0343598777636767,0.0047486700099446
CT2,0.19176568,0.219920913,0.1285451353719367,0.0406240961764995,0.0798287744723373,0.2036660111998975,0.2815340541912302,0.1642785654051641,0.0864104585394053,0.015112904643529
CT20,0.390230451,0.447524485,0.5219022076637068,0.0759524985628212,0.0376417602936728,0.0663837625825514,0.125144566952946,0.0894580956124722,0.0704269829173779,0.0130901254144515
CT21,0.21649707,0.248283391,0.1872645963120246,0.1446649634287798,0.0776498829020543,0.1687840189366018,0.1955935790404391,0.1317478950658207,0.0787972593169448,0.0154978049973345
CT3,0.807944116,0.926567298,0.2632841894063213,0.1145004331963017,0.0614117757782314,0.1888708668303275,0.1376186539190175,0.1017873096445141,0.0974645181010756,0.0350622531242106
CT4,0.53402333,0.612429182,0.2809332193647917,0.0563321817129782,0.068094363747007,0.1696805696570802,0.1919944077112509,0.0970621913652026,0.0846421456779251,0.0512609207637639
CT5,0.52085715,0.59732993,0.1749018355848136,0.1651274980511245,0.1025400759613158,0.1586167863276664,0.1817310743690684,0.0896823439704176,0.1174261978027049,0.0099741879328885
CT6,0.682559694,0.782773807,0.1580979898085142,0.0954153648444562,0.1004708622218079,0.1856859545364608,0.1730364540303254,0.13145626731184,0.1492332202473556,0.0066038869992395
CT7,0.362971227,0.416263034,0.186611973107649,0.0982089898444037,0.0815007045937083,0.2553666161978403,0.1808831047939318,0.1232286206636563,0.0601089623173553,0.0140910284814551
CT8,0.320340651,0.367373393,0.3170605576816702,0.1445250730921108,0.0541463618068432,0.1352077656093514,0.1634654402250507,0.0690740410208174,0.1037224163857815,0.0127983441783746
CT9,0.249190289,0.285776663,0.3803760395422759,0.1334570551224755,0.0947704844084048,0.1179803175221491,0.1013876756561094,0.0771402755514463,0.0819453779806371,0.0129427742165016
CV1,0.180230044,0.206691604,0.1551289736936663,0.1333870094828589,0.0346676925334596,0.082973518101801,0.1260013171977145,0.0420713873995119,0.3814202793513596,0.044349822239628
CV10,0.21248186,0.243678664,0.0579973235398038,0.1431008435784809,0.1018550098341567,0.2023553146066641,0.2333839452830112,0.1110345724704059,0.1335567503330335,0.0167162403544436
CV11,0.349959062,0.40134041,0.1003183818829546,0.17689300924888,0.0744706134145074,0.2247888208096709,0.1871793187762811,0.144688256041625,0.0774201562250782,0.0142414436010025
CV12,0.138588361,0.158936046,0.0707463556108015,0.0937349087226454,0.087284412668658,0.2623661368606899,0.2604748296414952,0.1113412788448032,0.1010240768357597,0.0130280008151468
CV13,0.312609594,0.358507254,0.1770273314828494,0.0699948281292544,0.0524154811907157,0.1649048659733279,0.2503756320131111,0.1167341514358117,0.1076916104621489,0.0608560993127806
CV2,0.108547656,0.124484734,0.0360433085004442,0.142225274808831,0.1792141008186496,0.256938068581179,0.1653398545139114,0.0654381755228449,0.1276376593252514,0.0271635579288881
CV21,0.322248333,0.369561163,0.170049786098948,0.1120569584814494,0.0661226554158247,0.0864414137988855,0.1474698374130783,0.1857677043748134,0.208621888140653,0.0234697562763474
CV22,0.361725853,0.414834813,0.0740072953711322,0.0675238186419919,0.1225223740683462,0.2233906566036822,0.1997254048194335,0.1044011371330174,0.1893869993349154,0.019042314027481
CV23,0.351691595,0.403327315,0.2102780492969274,0.0328274766097194,0.0416824354304424,0.1647728464291914,0.1672612115901869,0.1342597108308062,0.2000045700628928,0.0489136997498331
CV3,0.154472037,0.17715178,0.0297652652574039,0.0718629926511051,0.1372873674024562,0.3222728306179844,0.2036107663043569,0.04650877022061,0.1593890336264529,0.0293029739196304
CV31,0.397166095,0.455478427,0.3333764568406119,0.0323913965223044,0.0537455166905193,0.1601017517592187,0.1655459201924897,0.1383418026033912,0.0925750713593559,0.0239220840321086
CV32,0.58918722,0.67569229,0.3265024568381665,0.0382908704150457,0.0443684224325594,0.1988861821341671,0.1564152707163885,0.1054007684038761,0.1008324526848711,0.0293035763749252
CV33,0.697729812,0.800171217,0.2128601841935355,0.0357214885124169,0.0224697944671314,0.1889537684113681,0.2669682650761182,0.1693925840035045,0.0583222055978555,0.0453117097380696
CV34,0.288508036,0.330867081,0.0653313044289237,0.0318383400263695,0.0311559211206825,0.1027562248382994,0.4415356425951609,0.1315267311198785,0.187446401475549,0.0084094343951363
CV35,0.532418165,0.610588345,0.1919779253420936,0.0365993165543697,0.0286969013277588,0.1275670946920887,0.3573229455581176,0.1142700521267305,0.0913927985543792,0.0521729658444614
CV36,0.607483738,0.696675121,0.2411528437917756,0.0403707860788717,0.036313138035829,0.1309044733396978,0.1803268321433641,0.1847077144250932,0.1323844959356026,0.0538397162497658
CV37,0.461591785,0.529363163,0.1604200307138137,0.088135505644051,0.0635731970470658,0.124448139958469,0.14738656331321,0.1581591345846499,0.2204949316359513,0.0373824971027889
CV4,0.464988495,0.533258582,0.0238851052150303,0.0319703962118326,0.146320494935153,0.3394080799109112,0.1262197156027595,0.0654128264669918,0.2351559498217484,0.0316274318355729
CV47,0.512589489,0.587848402,0.2218145416705367,0.0371351778225935,0.0292967322960115,0.1774369191473477,0.2432248635639207,0.1908785161467609,0.0550448770358143,0.0451683723170144
CV5,0.321739861,0.368978037,0.0547180454586814,0.1805370955994983,0.1628724484957179,0.2756617008474378,0.1139125247651085,0.0665079160694622,0.1226787024867306,0.023111566277363
CV6,0.227934556,0.261400141,0.0538348118310561,0.2234572644562876,0.2535563706889747,0.1398269487302862,0.0724112441567567,0.0602014542246663,0.1607443033783645,0.0359676025336076
CV7,0.503815207,0.577785872,0.0957480433865286,0.1114863774124927,0.0683038684567329,0.2037798552389828,0.2004957945665961,0.0954214044919318,0.1721359266210369,0.0526287298256979
CV8,0.465967917,0.534381804,0.1282213185762667,0.0863086429651199,0.0588896187077794,0.2632176616915642,0.1683392860485437,0.1772664357479219,0.0970313036720421,0.0207257325907618
CV9,0.604556294,0.693317868,0.1413691030798835,0.0809190480327559,0.1148914637533606,0.2041778003045022,0.1879226651719203,0.1418192618511393,0.086744004078983,0.0421566537274548
CW1,0.565202958,0.648186635,0.2363071757465194,0.0681010888305762,0.0728722020133262,0.1821673257749185,0.1599223312753249,0.1635523068159066,0.1125836530146043,0.0044939165288235
CW10,0.235968169,0.270613258,0.1230307760240181,0.0766998024836183,0.0571936584604933,0.1458548410829172,0.1777876907718095,0.282177769968618,0.127216361014039,0.0100391001944864
CW11,0.456605955,0.523645308,0.1792133743262734,0.0594835428589389,0.0708532088468396,0.1457467099280473,0.2244389160181371,0.1832394430824066,0.1290044606602036,0.0080203442791533
CW12,1.036191564,1.188326269,0.1575958626835064,0.0567514811264102,0.0982023603945729,0.1684129107788287,0.2436921077836478,0.128279638306219,0.1402230684466977,0.0068425704801171
CW2,0.290183434,0.332788462,0.1970970768198379,0.1126790664083087,0.0890815723277878,0.1577578975573359,0.1948584579866268,0.1387685499848421,0.1056991418877782,0.0040582370274823
CW3,0.450183815,0.516280263,0.2539325841984036,0.0342942808795704,0.0449250689977553,0.1500595350344186,0.2336836175064249,0.1452721759335265,0.126844525741837,0.0109882117080634
CW4,0.581933893,0.667374023,0.0932908116603246,0.0260254787617697,0.0813029582234114,0.152914545671954,0.3295939080827104,0.18831154136472,0.1191613883034488,0.0093993679316609
CW5,0.916435564,1.050987571,0.2308405792244115,0.0510753143877275,0.0461664745015739,0.1625151565773459,0.1553694501043678,0.1591880130950789,0.1841638450590162,0.010681167050478
CW6,0.768852785,0.881736537,0.2926939278030164,0.0428037108290105,0.0453607351272876,0.1127296417152308,0.210387720419432,0.1778393969448854,0.1005272090508178,0.0176576581103192
CW7,0.323058429,0.370490198,0.1209522720757116,0.0664579308875933,0.0395023948984755,0.1641787511686404,0.2464005579232223,0.2190164030266135,0.1318859314599492,0.0116057585597938
CW8,0.165251234,0.18951359,0.1776274391972839,0.0837552983768606,0.0772228173283613,0.2087203274020606,0.1880008752302031,0.1332916616467901,0.1194266783934259,0.0119549024250142
CW9,0.230471732,0.264309827,0.2597334214159629,0.0537011081400006,0.0793160183853544,0.13875771911311,0.1257322332318087,0.1737628974998718,0.1571073545951336,0.0118892476187575
DA1,0.234504962,0.268935221,0.1289639521637293,0.2301892037162176,0.0914445895063969,0.1666318555024991,0.0864436675826518,0.1060709101434156,0.1703965664354016,0.0198592549496879
DA10,0.259166354,0.297217423,0.220697614517604,0.1217441686998157,0.0257689707927676,0.1898452523232617,0.1519722574152744,0.1074566635302081,0.1722641607442856,0.0102509119767827
DA11,0.362354515,0.415555775,0.1855772100213994,0.1549994983378158,0.1137460954234187,0.1725611514337922,0.1406518936745828,0.1079806892271256,0.1102000724256723,0.0142833894561928
DA12,0.065538259,0.075160653,0.1413648899658839,0.1313097376272043,0.1076383357379605,0.2444664062210858,0.1619856580089231,0.1411290757356079,0.0659517105337273,0.006154186169607
DA13,0.739847338,0.848472481,0.1039241788666069,0.0580082818403872,0.0663518928906272,0.3338329729489862,0.2879704531999854,0.0876942189727371,0.0541082779086349,0.0081097233720349
DA14,0.705300721,0.808853695,0.0996788551462019,0.0619499950233049,0.1746614891875226,0.1988926678919265,0.2562682064425959,0.1002541535788807,0.0867502969211426,0.0215443358084247
DA15,0.168704257,0.193473589,0.0713238822712505,0.0623908610626606,0.4685777377004471,0.0669237380476659,0.1648924151554233,0.0978216839961279,0.054835560306461,0.0132341214599633
DA16,0.133042377,0.152575795,0.0438973681737968,0.1083099738242801,0.6183793497917035,0.1247215790599058,0.0407807169077664,0.0348449701629358,0.0234745900787271,0.0055914520008843
DA17,0.117995484,0.135319701,0.2507454055799847,0.1051981381913258,0.1588442753363391,0.1396265721314386,0.1650644836659375,0.1054516836221588,0.0712377507152027,0.0038316907576124
DA18,0.114264111,0.131040485,0.0,0.0001369431548964,0.002738863097928,0.0543857045502209,0.8426829919495261,0.0881802555051533,0.0094696960954429,0.0024055456468324
DA2,0.282800816,0.324321922,0.1171834026941933,0.0855670369968179,0.1008555306780606,0.2755911909400403,0.1316621050697536,0.1550418733693015,0.1153088690128184,0.018789991239014
DA3,0.85107518,0.976030909,0.0621685499156292,0.0440428440023435,0.0442763940835076,0.199989279841055,0.4108504125852188,0.1305105189552755,0.098677373715092,0.0094846269018783
DA4,0.450116855,0.516203472,0.194732374956685,0.1011126012531405,0.0701291457598886,0.2276398274666769,0.1889412706776548,0.0890732700078836,0.1165777335418715,0.0117937763361987
DA5,0.263839356,0.30257652,0.1281295406269115,0.044187017150693,0.2711078351573419,0.2712091111117917,0.1042755397535853,0.0595888030970027,0.1030020774461057,0.018500075656568
DA6,0.179343636,0.205675053,0.1851425225957309,0.1014355595530431,0.3342356230218417,0.1789295822800382,0.0919774520809804,0.0494131419128061,0.0442451723696536,0.0146209461859058
DA7,0.141800656,0.162619973,0.0899541756946852,0.106527410713407,0.5489697137986504,0.1290835605510202,0.0546016572784315,0.0282211338987922,0.0295993858636459,0.0130429622013673
DA8,0.112900551,0.129476726,0.0840821423692619,0.0762893379709589,0.1053858048841591,0.2514273779006194,0.1479196054467252,0.243837759099503,0.0846059729518231,0.0064519993769491
DA9,0.215027551,0.246598116,0.136317042640352,0.0481016520479215,0.0199818308193364,0.0629592816032866,0.076514211271916,0.2940441904562526,0.3349839660679065,0.0270978250930282
DD1,0.104910001,0.120312995,0.20224902268677217,0.08133816650201105,0.07293260880352417,0.16328595547722832,0.20308674887676573,0.142598511639583,0.11929560641625485,0.01521337959786059
DD10,0.818331156,0.938479374,0.20224902268677217,0.08133816650201105,0.07293260880352417,0.16328595547722832,0.20308674887676573,0.142598511639583,0.11929560641625485,0.01521337959786059
DD11,0.266299865,0.305398284,0.20224902268677217,0.08133816650201105,0.07293260880352417,0.16328595547722832,0.20308674887676573,0.142598511639583,0.11929560641625485,0.01521337959786059
DD2,0.25060991,0.287404713,0.20224902268677217,0.08133816650201105,0.07293260880352417,0.16328595547722832,0.20308674887676573,0.142598511639583,0.11929560641625485,0.01521337959786059
DD3,0.212090827,0.243230219,0.20224902268677217,0.08133816650201105,0.07293260880352417,0.16328595547722832,0.20308674887676573,0.142598511639583,0.11929560641625485,0.01521337959786059
DD4,0.237854427,0.272776457,0.20224902268677217,0.08133816650201105,0.07293260880352417,0.16328595547722832,0.20308674887676573,0.142598511639583,0.11929560641625485,0.01521337959786059
DD5,0.688419395,0.789493835,0.20224902268677217,0.08133816650201105,0.07293260880352417,0.16328595547722832,0.20308674887676573,0.142598511639583,0.11929560641625485,0.01521337959786059
DD6,0.577858657,0.662700456,0.20224902268677217,0.08133816650201105,0.07293260880352417,0.16328595547722832,0.20308674887676573,0.142598511639583,0.11929560641625485,0.01521337959786059
DD7,0.630131109,0.722647603,0.20224902268677217,0.08133816650201105,0.07293260880352417,0.16328595547722832,0.20308674887676573,0.142598511639583,0.11929560641625485,0.01521337959786059
DD8,0.682031997,0.782168632,0.20224902268677217,0.08133816650201105,0.07293260880352417,0.16328595547722832,0.20308674887676573,0.142598511639583,0.11929560641625485,0.01521337959786059
DD9,0.306388672,0.35137297,0.20224902268677217,0.08133816650201105,0.07293260880352417,0.16328595547722832,0.20308674887676573,0.142598511639583,0.11929560641625485,0.01521337959786059
DE1,0.757814352,0.869077431,0.2892288905381943,0.0301471596652365,0.0396674452658692,0.0171199970935308,0.1731368336011088,0.2743916795068992,0.1471865912819868,0.029121403047174
DE11,0.240474972,0.275781753,0.1622527970842804,0.0782184416973764,0.0512289112156376,0.0954313413584228,0.2224418955003286,0.1638561522435508,0.2062080907158382,0.0203623701845648
DE12,0.294997778,0.338309654,0.1928503844449635,0.0932989749597778,0.0408943176116417,0.1373355518984216,0.2213704020015604,0.1500925817489987,0.1345505109878639,0.0296072763467722
DE13,0.910271101,1.043918035,0.1494189559597829,0.0808752436947502,0.0935975157924234,0.1741067984278012,0.1944299259173671,0.1431636893535231,0.145963209849476,0.0184446610048756
DE14,0.553710676,0.635007043,0.2211703013316505,0.1904511009609571,0.0219921606996211,0.0286684943801239,0.0576629955479329,0.157907157431111,0.302315994383097,0.0198317952655061
DE15,0.6101754,0.699761977,0.1246358078512036,0.1244674964496241,0.0717703837686189,0.2028960681551558,0.1979773834823654,0.1465907857837914,0.1119847465822894,0.0196773279269511
DE21,0.33685154,0.386308428,0.0597237875441293,0.0748664943826078,0.1536039137184542,0.2501501688483029,0.1438175513372432,0.2568532848887853,0.0528010698813555,0.0081837293991216
DE22,0.20458093,0.234617711,0.192655734593415,0.0485658340997283,0.1239093019152356,0.30474088321542,0.1398913418313389,0.0901728180782462,0.090729308660097,0.0093347776065187
DE23,0.2967441,0.340312372,0.1927027368080154,0.0944713043623714,0.1663597659667924,0.1114729743171916,0.1451467362429425,0.204511518867222,0.0721055753866075,0.0132293880488569
DE24,0.285088807,0.326945837,0.0804564032975402,0.1265594802967229,0.1624203351090202,0.100835725119077,0.2500237048889752,0.1767522947538818,0.0923419951855782,0.0106100613492041
DE3,0.6198295,0.710833501,0.1837301568965177,0.0781914892380297,0.126571951708054,0.2175613488716534,0.1987962301435979,0.0993306366126951,0.0851811498884038,0.0106370366410482
DE4,0.833920838,0.956357949,0.3699766350019894,0.065071476282255,0.0685163492614348,0.1167993889330043,0.1480797303850281,0.1242879802363264,0.0844590216386928,0.0228094182612687
DE45,0.731112264,0.838454915,0.4301794551111593,0.0543193956860358,0.1054569909903199,0.1290754188682543,0.1222650026667269,0.0856845574722136,0.047223211190066,0.0257959680152238
DE5,0.627400263,0.719515811,0.2206424691515665,0.1468344415259553,0.098683929991975,0.1640038729677897,0.1598514697708934,0.1145532221089682,0.0832298236852763,0.0122007707975752
DE55,0.280238816,0.321383766,0.2032443095058945,0.1537358679160536,0.058792056763477,0.1498111503380295,0.1989563874774655,0.1509215082640605,0.0711585644351649,0.0133801552998542
DE56,0.647855319,0.7429741,0.2196131149955743,0.0975351143501579,0.0833799795732728,0.193741157920264,0.137266903630234,0.1463413013200176,0.1128465606090374,0.0092758676014417
DE6,0.749624832,0.859685516,0.2521209119320603,0.0504754764737156,0.054642826414165,0.1362910069483406,0.2017205622225265,0.1525361893101338,0.1181282124791982,0.0340848142198597
DE65,1.197568308,1.373396512,0.1216204400094582,0.0375630342691038,0.0381375639748176,0.1929798858198253,0.1748525920783579,0.2313980470701199,0.1701894197146221,0.033259017063695
DE7,0.304139997,0.348794143,0.2018687629433123,0.1123477199309388,0.092668340390751,0.1724821428912192,0.1711931219793682,0.140116784144904,0.0904582702542826,0.0188648574652236
DE72,0.161654781,0.185389101,0.1463099713435253,0.0781802594003179,0.0929368583556648,0.2046731398039005,0.208774348199607,0.1629176246254045,0.0898977012777301,0.0163100969938496
DE73,0.162918251,0.186838076,0.1576042726957113,0.0563425254114903,0.0463136143120928,0.13929510135842,0.1471224528724972,0.2804945100664152,0.1484454689715638,0.0243820543118091
DE74,0.528429821,0.606014428,0.2007166605186031,0.0411266823331196,0.0636127038420164,0.1387409909752416,0.2490758260430053,0.1361757108475033,0.1412234439548771,0.0293279814856333
DE75,0.550324508,0.631123716,0.2047083427058328,0.1341006884046665,0.1171393113393669,0.1353073398994407,0.1359357124983368,0.1568938509846275,0.1077639149070553,0.0081508392606731
DG1,0.715485871,0.820534239,0.20224902268677217,0.08133816650201105,0.07293260880352417,0.16328595547722832,0.20308674887676573,0.142598511639583,0.11929560641625485,0.01521337959786059
DG10,0.496503415,0.569400555,0.20224902268677217,0.08133816650201105,0.07293260880352417,0.16328595547722832,0.20308674887676573,0.142598511639583,0.11929560641625485,0.01521337959786059
DG11,1.467063965,1.682459798,0.20224902268677217,0.08133816650201105,0.07293260880352417,0.16328595547722832,0.20308674887676573,0.142598511639583,0.11929560641625485,0.01521337959786059
DG12,0.987454718,1.132433831,0.20224902268677217,0.08133816650201105,0.07293260880352417,0.16328595547722832,0.20308674887676573,0.142598511639583,0.11929560641625485,0.01521337959786059
DG13,1.88643599,2.163404452,0.20224902268677217,0.08133816650201105,0.07293260880352417,0.16328595547722832,0.20308674887676573,0.142598511639583,0.11929560641625485,0.01521337959786059
DG14,0.941267185,1.079464996,0.20224902268677217,0.08133816650201105,0.07293260880352417,0.16328595547722832,0.20308674887676573,0.142598511639583,0.11929560641625485,0.01521337959786059
DG16,0.672455617,0.771186239,0.36,0.04,0.0133333333333333,0.1866666666666666,0.08,0.1333333333333333,0.16,0.0266666666666666
DG2,0.260920826,0.299229488,0.20224902268677217,0.08133816650201105,0.07293260880352417,0.16328595547722832,0.20308674887676573,0.142598511639583,0.11929560641625485,0.01521337959786059
DG3,2.180124946,2.500213122,0.20224902268677217,0.08133816650201105,0.07293260880352417,0.16328595547722832,0.20308674887676573,0.142598511639583,0.11929560641625485,0.01521337959786059
DG4,2.141649743,2.45608895,0.20224902268677217,0.08133816650201105,0.07293260880352417,0.16328595547722832,0.20308674887676573,0.142598511639583,0.11929560641625485,0.01521337959786059
DG5,0.7641044,0.87629099,0.20224902268677217,0.08133816650201105,0.07293260880352417,0.16328595547722832,0.20308674887676573,0.142598511639583,0.11929560641625485,0.01521337959786059
DG6,0.392163711,0.449741589,0.20224902268677217,0.08133816650201105,0.07293260880352417,0.16328595547722832,0.20308674887676573,0.142598511639583,0.11929560641625485,0.01521337959786059
DG7,1.242679868,1.425131398,0.20224902268677217,0.08133816650201105,0.07293260880352417,0.16328595547722832,0.20308674887676573,0.142598511639583,0.11929560641625485,0.01521337959786059
DG8,0.760807548,0.87251009,0.20224902268677217,0.08133816650201105,0.07293260880352417,0.16328595547722832,0.20308674887676573,0.142598511639583,0.11929560641625485,0.01521337959786059
DG9,0.605340323,0.694217009,0.20224902268677217,0.08133816650201105,0.07293260880352417,0.16328595547722832,0.20308674887676573,0.142598511639583,0.11929560641625485,0.01521337959786059
DH1,0.38109464,0.437047345,0.1448221814215922,0.0738492423402543,0.0686677604798941,0.2414572861496931,0.2044150931335031,0.0858155643235247,0.1612626653254159,0.0197102068261222
DH2,0.502339423,0.576093411,0.1071499944275813,0.0966767936596811,0.082217116878293,0.2023599036349918,0.2572597177256972,0.1734739287531154,0.0726750563885673,0.0081874885320725
DH3,0.50040101,0.573870398,0.1933721968095391,0.1550769677447096,0.1218442907484569,0.1536954959112746,0.1741012301718793,0.1124543242733417,0.0855765276928662,0.0038789666479323
DH4,0.223065999,0.255816777,0.148320969492955,0.1295409053414291,0.0978444167644378,0.2666565953895671,0.1240031912086074,0.1126604904248425,0.1155104920469867,0.0054629393311741
DH5,0.168954349,0.193760399,0.1410597609149035,0.16048831959537,0.1108179435827708,0.2561603498961774,0.1422330287825451,0.0883947027715309,0.0953558640632475,0.0054900303934546
DH6,0.18217241,0.20891915,0.097302451736249,0.1430651500216059,0.2271552779498577,0.1498105804314536,0.1171991051279432,0.1290468596299178,0.1260214416914631,0.0103991334115094
DH7,0.27554215,0.315997531,0.1640973180013389,0.1592098601611295,0.0650624184866111,0.1847899314953345,0.1696849484621368,0.1329861986524273,0.1142847696368899,0.0098845551041318
DH8,0.183891315,0.210890426,0.2357196453430243,0.1244260777946946,0.1164693723675554,0.1580320148533003,0.1164246085238571,0.0913321493264186,0.153612414072096,0.0039837177190534
DH9,0.126012326,0.144513584,0.1943155887445998,0.2186165777495322,0.0640948438464776,0.1221045925083902,0.2237117260180598,0.0593394076463423,0.1143344057479713,0.0034828577386265
DL1,0.196107916,0.224900681,0.2490164708326175,0.1403296291178502,0.0901936364243302,0.1034564931659734,0.1536242585849842,0.1359858306990827,0.1215431189193421,0.0058505622558195
DL10,0.58398801,0.669729728,0.2236031254286379,0.0780948665473543,0.0588578983704549,0.1444742913080333,0.1877469823416774,0.153392907569084,0.1277729438445183,0.0260569845902398
DL11,1.813191116,2.079405692,0.4935092332266941,0.0662687594637813,0.0177932067052159,0.072961829366234,0.1077164027575792,0.0984191555341524,0.1015500617236829,0.0417813512226598
DL12,0.866451417,0.993664701,0.4402799861451153,0.084977251938358,0.0494642590576012,0.1499480878339165,0.0917635231509351,0.0983055864312002,0.0711118754497275,0.0141494299931458
DL13,0.204425137,0.234439044,0.4839859980577777,0.1364366634416517,0.0264108492413591,0.1227151294045162,0.0888528682801047,0.0604756059068608,0.0658625307158642,0.0152603549518652
DL14,0.385999042,0.442671817,0.2489702891275222,0.170985151560493,0.0485716661626933,0.0944771096129832,0.1783599673484368,0.1322711910592675,0.1199243569563305,0.0064402681722731
DL15,0.213685498,0.245059022,0.2804865150733421,0.1379542575057788,0.0574275320430063,0.1374566286671135,0.130496863634759,0.0936068594762555,0.1593840281402149,0.0031873154595295
DL16,0.19406078,0.222552983,0.1211221943643771,0.1182359905322596,0.071771923957709,0.1902413029070047,0.1619360402354891,0.1470988291512134,0.1760376095668563,0.0135561092850905
DL17,0.137971976,0.158229162,0.1602631362961143,0.2024953628000514,0.1316804223497639,0.1905314473117043,0.1513486039734456,0.0592395286561201,0.0945444973714419,0.0098970012413581
DL2,0.738437518,0.84685567,0.2368533069828107,0.0821116068502063,0.0340120930897971,0.1518851907423616,0.1674739462084317,0.1217797766025857,0.1909220288535364,0.0149620506702702
DL3,0.159081461,0.182437964,0.1997235221602473,0.1996416017116994,0.1207827969147411,0.0768130211839681,0.1498868943349339,0.1355242904451421,0.1128844875321065,0.0047433857171613
DL4,0.213277982,0.244591674,0.2573973004134318,0.1758802603118589,0.038635778381179,0.1989831247783985,0.2029388154852585,0.0307801893638249,0.0876368221837734,0.0077477090822747
DL5,0.269849329,0.309468884,0.0545267996804769,0.012996998754592,0.0192363565504442,0.4191036514056974,0.2421713837090458,0.1712690572349453,0.0726844741704477,0.0080112784943504
DL6,1.159847887,1.330137941,0.253020074143861,0.0650886197324157,0.0444464017584597,0.1408091132025148,0.2374188503739347,0.1417066089564584,0.096949255387478,0.0205610764448772
DL7,0.756660538,0.867754212,0.2012999538598483,0.0776926558976476,0.0415095853520632,0.1378617489037219,0.2098920037480302,0.1676922495777826,0.1424634288775404,0.0215883737833656
DL8,1.856077621,2.128588836,0.3383504765513926,0.0281175504534515,0.0291234309290313,0.11452865450494,0.1607289571894384,0.1536462867914645,0.1446881859920174,0.0308164575882641
DL9,0.499397049,0.572719035,0.0326088114366123,0.0495522380046035,0.0961741513856978,0.1950924300115145,0.2239874491680547,0.2353143137986851,0.1364877055119461,0.0307829006828859
DN1,0.241758006,0.277253164,0.4054213467222629,0.343836989171826,0.026933406595371,0.0309764719033924,0.0647902077460011,0.025913800091351,0.0847257429694025,0.017402034800393
DN10,0.33481938,0.383977904,0.1945627360403231,0.0707852798752137,0.0558495533292832,0.1678883177179062,0.1958128244664168,0.151830788832048,0.1255590371460672,0.0377114625927416
DN11,0.121421831,0.139249108,0.0482899626071185,0.2411783146892329,0.0420814623180223,0.1875459007284229,0.2724893122395981,0.1254918783693568,0.0629539008952234,0.0199692681530245
DN12,0.141053165,0.161762735,0.0603095902856539,0.1961968118280677,0.0446804746439168,0.2332872953450362,0.2768729258405076,0.082208340829836,0.0791215033255733,0.0273230579014081
DN14,0.412275423,0.472806123,0.2315084481483574,0.0485259614479092,0.1118336670296556,0.1465797504214852,0.1870318888763679,0.1286130025563422,0.1288820995725999,0.0170251819472821
DN15,0.743388205,0.852533222,0.1390909052396745,0.2185635388216144,0.1482717396583877,0.1386232438828895,0.1328174513807055,0.1017332898339343,0.0967471157017387,0.024152715481055
DN16,0.19139918,0.219500604,0.0420652700703583,0.0742612560659653,0.1738519358685681,0.3459095725484326,0.1650591597855556,0.0779433823252505,0.112404962702512,0.0085044606333572
DN17,0.382050985,0.438144102,0.0842732220627474,0.0642082586257252,0.0922361958744438,0.3244891375305699,0.2113464950166866,0.1094895369310378,0.0957250681653628,0.0182320857934261
DN18,0.481614945,0.552326144,0.2323216393105996,0.05395853435376,0.0436185739879999,0.143332693621205,0.171887528605333,0.1252488088654369,0.1918396914563792,0.0377925297992862
DN19,0.493884222,0.566396809,0.2454572277239641,0.0744663775873724,0.0474287132272753,0.0747410814613868,0.1485321568194374,0.2371165702560242,0.1465773216355671,0.0256805512889723
DN2,0.293983387,0.337146328,0.0447424252963301,0.2175860419920141,0.2294934917588304,0.39037243727938,0.0533798545040613,0.0192433821095773,0.0331042462722194,0.012078120787587
DN20,0.389996069,0.447255691,0.1536579773832826,0.0747894122517098,0.0943682173625023,0.1470794975728699,0.2232099039595616,0.1487415991515203,0.1307855289344724,0.0273678633840809
DN21,0.120482323,0.13817166,0.2433529084198936,0.097039113857879,0.0498386609937758,0.1671134365060407,0.1523862491645889,0.1068645060285559,0.1720610510475967,0.0113440739816692
DN22,0.382147995,0.438255354,0.1899169112461472,0.0448081359800176,0.0595461568757705,0.2042551289863411,0.241042606042691,0.1131342528642132,0.1061502508363885,0.0411465571684306
DN3,0.201951472,0.231602193,0.0387618591712903,0.1541746106037821,0.0297023135990499,0.169820653464913,0.2950456639462963,0.1686169053294184,0.1106476080504583,0.0332303858347913
DN31,0.540892975,0.620307435,0.3493701862176637,0.067506011203557,0.0660635116898146,0.0530256488371752,0.2954662679732731,0.100616782961496,0.0588542093261464,0.0090973817908737
DN32,0.304108417,0.348757926,0.3374575461008127,0.185625041158719,0.0553202638950094,0.1317921850214043,0.1482364030570243,0.0808190980815512,0.0516673300664213,0.0090821326190576
DN33,0.159395513,0.182798126,0.0146234011159743,0.1376612048782974,0.0981229765036039,0.3689692817406464,0.1706185384984644,0.0882517856722518,0.1161304431492316,0.0056223684415298
DN34,0.207441932,0.237898769,0.0418982709360355,0.0647917785586578,0.2381016009942763,0.3299003014357691,0.1365255413277077,0.1128968672216027,0.0704693844607376,0.005416255065213
DN35,0.183281288,0.210190835,0.1968647127248284,0.1916514204990512,0.1056032413473693,0.182957999510691,0.1843965053767744,0.0936496581945566,0.0341080978341959,0.0107683645125327
DN36,0.399876438,0.458586705,0.0776082654597824,0.0351468030897186,0.0408300031847325,0.2698426366868386,0.2805783748069532,0.1568375277085865,0.1208225613850884,0.0183338276782996
DN37,0.2767128,0.317340056,0.0921131640754341,0.0551084737144806,0.0394121058000013,0.1540581497877006,0.3806430213628573,0.1726470550383074,0.0908884800138141,0.0151295502074043
DN38,0.455257418,0.522098778,0.2827865561975931,0.0748703016630029,0.0451608922708029,0.121150934531417,0.1679148692243163,0.1148926745261516,0.1552686189413153,0.0379551526454004
DN39,0.807990161,0.926620104,0.2186620711438502,0.0453667092355914,0.0531328861457485,0.0754983900513492,0.3224603438181046,0.1220444593790123,0.1095405121391269,0.0532946280872166
DN4,0.167549316,0.192149078,0.0859783387948395,0.210823933057525,0.1071430633109924,0.1800560823557691,0.2003684122076475,0.0876667359598726,0.1043986932165196,0.0235647410968339
DN40,0.284229941,0.325960872,0.0475117695010981,0.0519245419533517,0.0298747958121839,0.1942462711777959,0.5236202208548947,0.0697157358523896,0.0693866892568546,0.0137199755914313
DN41,0.398195304,0.456658746,0.0530342965215603,0.1110396087144578,0.0348660334426965,0.1502497681445044,0.3430237633004895,0.1443297091173117,0.1443255279936826,0.019131292765297
DN5,0.220407404,0.252767844,0.0809898068597078,0.1615744824277615,0.1558899158442893,0.2125265295794582,0.1778360635490117,0.1209881747103213,0.0653453988020178,0.024849628227432
DN6,0.311672537,0.357432618,0.0741589939045566,0.3286848096599882,0.0416902441278805,0.1412129355756273,0.2166397499173834,0.1150867666619133,0.0554613550312447,0.0270651451214059
DN7,0.115680049,0.132664312,0.0679228763443793,0.1888866623542831,0.0417933523919353,0.2500210553011633,0.1882020873980487,0.1320344632487582,0.0958400554296594,0.0352994475317725
DN8,0.347709395,0.398760445,0.0561552901818734,0.2265865376084011,0.0541963541854825,0.2075096702778996,0.2008275275251103,0.1034449111096925,0.1171880245587734,0.0340916845527669
DN9,0.594084713,0.681308838,0.1186847397761274,0.0435116727698283,0.0424146320973656,0.1588623978277227,0.2446731466846829,0.1951508075373199,0.1629021133089958,0.0338004899979572
DT1,0.771774713,0.885087466,0.2260565383931023,0.0357537444456596,0.0317030799111395,0.0952124374118928,0.1644410803751779,0.1738179082423783,0.2577131809611954,0.0153020302594539
DT10,1.259300875,1.444192718,0.2148637313549491,0.0439808312591167,0.0273028207474346,0.1418584914326724,0.1998280194618592,0.1689172480884853,0.1643227064966522,0.0389261511588301
DT11,1.089455613,1.249410601,0.2717552731304682,0.0328449569999821,0.0236430560340591,0.1373349170610041,0.2141435214101724,0.1724857397717859,0.1163556103043824,0.0314369252881454
DT2,0.66753152,0.765539181,0.3145002225550305,0.0323880584801044,0.0313901576745571,0.1155982197323239,0.1742367238923372,0.1829548563458556,0.1216235429202466,0.0273082183995443
DT3,0.610003306,0.699564615,0.181951081805435,0.0465259219227242,0.0647617539257717,0.1359622096275875,0.2220855715321357,0.2427181146597033,0.0880863146959887,0.0179090318306535
DT4,0.449549908,0.515553286,0.3608741129460552,0.0691640249628343,0.0986497050513563,0.113623161755429,0.1057593614326951,0.1220932747848793,0.1037865986685831,0.0260497603981674
DT5,0.551800566,0.63281649,0.2530980161105515,0.0767936239220658,0.0301538952479518,0.1012343184047232,0.3603638927643364,0.0553399600722786,0.1082769575049927,0.0147393359730997
DT6,0.578095675,0.662972274,0.2993070472007461,0.0458210877599037,0.052228177559013,0.1316798943693696,0.1997376991272372,0.1552881218385192,0.0967651744250381,0.019172797720173
DT7,0.191995329,0.220184279,0.2884880983840109,0.0855540358338105,0.0716933770881065,0.1575895464775428,0.1413544746970398,0.1162578282111509,0.1158275579558865,0.0232350813524518
DT8,0.997433162,1.143877319,0.3095570183735178,0.0212399605220607,0.0268289672243782,0.1267050558388861,0.1895803853098457,0.2254318875752188,0.0824723856919762,0.0181843394641163
DT9,0.760734024,0.872425771,0.3231528397169343,0.0775180145654631,0.0407992960302206,0.1058795598544959,0.1995303781708076,0.1541806843728464,0.0718318822789245,0.0271073450103074
DY1,0.27994245,0.321043887,0.1219385257479286,0.0491891443607198,0.2182183958874427,0.1665510174893361,0.1746293819972361,0.1367942133892748,0.1265061666321754,0.0061731544958861
DY10,0.537981902,0.616968956,0.1820323408154786,0.0421371865497323,0.1030878637305983,0.1426936987719905,0.2498470513012319,0.1400378363397653,0.1339062868530825,0.0062577356381203
DY11,0.34148605,0.391623381,0.14294922820253,0.0473553456658517,0.1271133177988183,0.2259305087012741,0.2709206997392869,0.0911773828163885,0.0893717368348384,0.0051817802410119
DY12,0.52927254,0.606980876,0.2291674505057527,0.0470950654078567,0.0553648492328611,0.1317173478506836,0.2790432427138206,0.0997852777730247,0.1438460712152433,0.0139806953007569
DY13,0.424334785,0.486636052,0.13082111060962,0.0399980964570554,0.0585769932709663,0.1592164356285398,0.2119988038133489,0.1563079617391959,0.2351278625839132,0.0079527358973602
DY14,1.156178598,1.325929923,0.3089209528502487,0.0377460136216062,0.0329569593121172,0.1017959452692445,0.1368688506489862,0.142796766628816,0.212055847540911,0.02685866412807
DY2,0.286300892,0.328335882,0.1739199294051027,0.1243086644299398,0.1681704317522395,0.20164984106602,0.1840192194496125,0.0702749345298029,0.0687974121619298,0.0088595672053525
DY3,0.200142643,0.229527791,0.0687314379337072,0.0897002135739358,0.0798837466743902,0.3079943232905014,0.2664435663476302,0.1141848628495759,0.0660372628836744,0.0070245864465847
DY4,0.147529507,0.16918994,0.0204898347394216,0.0553835146375621,0.1673420166411127,0.1705038443330849,0.2145561184625221,0.1904671702355619,0.1715561409242589,0.0097013600264754
DY5,0.152392677,0.174767125,0.1157414940931771,0.0966167285066311,0.1366168491565197,0.1305263240419261,0.2938551486307005,0.1427849747685496,0.0781619615727029,0.0056965192297926
DY6,0.124049078,0.142262091,0.0493918822033715,0.0209039748641471,0.0554999737899457,0.3598905568063986,0.359462022823683,0.1074361535435213,0.0426833379897882,0.0047320979791441
DY7,0.438245432,0.502589075,0.1597570154774319,0.0669402722872063,0.1282700050040725,0.2135725532835927,0.1966077525855202,0.1122506752346851,0.1026095244612326,0.0199922016662583
DY8,0.243667923,0.279443496,0.093933950801025,0.1007585790437379,0.1449189194294009,0.2167829869607166,0.24953976698112,0.1193417555992888,0.069138367870398,0.0055856733143125
DY9,0.417970903,0.479337819,0.1587004450419542,0.1067357364830496,0.1243211040741181,0.2097461510019044,0.2496819140927363,0.0799101496316615,0.0611009779950782,0.0098035216794973
E1,0.042099462,0.048280549,0.1719532338810742,0.0768659486783802,0.0432167508032329,0.1962000435227903,0.13095146692027,0.1434559007011825,0.2145301480244084,0.0228265074686612
E10,0.087197092,0.099999459,0.2238070144043543,0.2727309779090693,0.0384512754459436,0.1404798951629698,0.0673208988865705,0.0444661195649649,0.2001564349273361,0.012587383698791
E11,0.225057233,0.258100366,0.2612422921614999,0.3605757371890058,0.0515134322938898,0.0686129412932587,0.0793884352426261,0.0730535221366917,0.0879968426507965,0.017616797032231
E12,0.06998625,0.080261703,0.3873186354769524,0.2323041443592822,0.0126974659964345,0.115834307507634,0.1699361647617938,0.0327434215369178,0.0332101491353808,0.0159557112256042
E13,0.044197134,0.050686202,0.4046838289030249,0.0938106555987109,0.0145876137837276,0.1690647621822018,0.175348056421889,0.0776348615844185,0.061349335008166,0.0035208865178609
E14,0.072197762,0.082797912,0.0701506125491801,0.0136323877119878,0.0135531672356437,0.1388977247891693,0.1376022978781873,0.1760828513981882,0.4312968561839926,0.0187841022536509
E15,0.075603373,0.086703538,0.2254982805889652,0.0321389048438019,0.0438347295777935,0.0952426979591929,0.1592473842261468,0.1195117230356579,0.3164977948481062,0.0080284849203352
E16,0.108207535,0.124094676,0.1149274143491127,0.033345553680723,0.0301206034348575,0.1551496875248653,0.1886094807493145,0.1900640773450598,0.2816669147914051,0.0061162681246618
E17,0.072317178,0.08293486,0.3740046541287794,0.2346071168557126,0.0552353956746588,0.0790994164936347,0.0655214107145911,0.1279887467261878,0.0498607857347265,0.0136824736717088
E18,0.162719315,0.186609932,0.2212508086136738,0.1748116541740992,0.152449271393464,0.1462338615629035,0.1503824572570292,0.0433784461710925,0.1096869103424666,0.001806590485271
E1W,0.04094674,0.046958583,0.1301193160117463,0.1186459808422897,0.0533861346266947,0.1775729581243235,0.1473946123753478,0.2756590814206562,0.0884665892241535,0.0087553273747879
E2,0.052140327,0.059795624,0.1721822204612367,0.0468830191319825,0.140361592495078,0.2558252423080945,0.1186253856701993,0.0793627202655348,0.1755544395046193,0.0112053801632547
E20,0.064221844,0.073650961,0.0536885358756923,0.0077382962384391,0.0027239501280065,0.0074041393338323,0.159208294843579,0.0401300773546405,0.7084282764049203,0.0206784298208895
E3,0.129103852,0.148059012,0.1309170858828335,0.0236922901061354,0.0219752863452942,0.0942008321067363,0.2589415741683545,0.0795869869438943,0.3784056212756138,0.0122803231711376
E4,0.278404698,0.319280361,0.0882797468901427,0.3087141181477587,0.2615667833551745,0.1008117567964023,0.0956215182832288,0.074822818413096,0.0626645109791755,0.0075187471350213
E5,0.036255469,0.041578534,0.4386532313324795,0.0690732072989156,0.0509620325557821,0.1569546101968745,0.1117239527533742,0.0425342481412364,0.1191190803830372,0.0109796373383001
E6,0.089858284,0.103051369,0.185706697999768,0.3490069710242203,0.0390784826802867,0.0677315713917098,0.0533273018184285,0.2317216999555242,0.0653954764681259,0.0080317986619362
E7,0.090793004,0.104123325,0.7081628415133522,0.0590049076862319,0.0101559448132157,0.0767359331151208,0.0649515974491645,0.0271588149594908,0.0464174121930641,0.0074125482703596
E8,0.068837847,0.07894469,0.2675212015371015,0.0564407613415832,0.1505769802573621,0.1187805862637738,0.0955275927940333,0.0863276941786138,0.2137073779206166,0.0111178057069153
E9,0.044240838,0.050736323,0.1925698065936776,0.0381977460102853,0.1589233932493416,0.1978282033374905,0.1081638532249854,0.1142564502318137,0.1706934102484668,0.0193671371039387
EC1A,0.023239379,0.026651408,0.3615034670523876,0.0290319685128737,0.1338920306076075,0.0862884561606443,0.1235648551547153,0.103901105845659,0.1388588481391269,0.0229592685269853
EC1M,0.064344977,0.073792172,0.3162355388418302,0.0437570938309016,0.0337423168658465,0.1057800003174229,0.0265179071948879,0.2123536406078582,0.195076444218733,0.0665370581225194
EC1N,0.035872968,0.041139874,0.2720366465635346,0.1266879002612089,0.063351511451606,0.0573438026685836,0.0720218091327866,0.1259153848321732,0.2616145709031635,0.0210283741869435
EC1R,0.071249947,0.081710938,0.3288678404380323,0.081766692013152,0.1209205595240899,0.0599828222083245,0.0798466157699101,0.1664089447099194,0.1188672377937086,0.0433392875428629
EC1V,0.059016662,0.067681549,0.2164083276754551,0.0461719647129929,0.0597786044641177,0.1720973815497902,0.1517960324951666,0.0483467699772503,0.2659784797732346,0.0394224393519923
EC1Y,0.038436712,0.04408003,0.2505437289110676,0.0292652546814824,0.0477149948971275,0.0857217861822601,0.2697254776120246,0.053543044428502,0.2052956614986531,0.0581900517888824
EC2A,0.161567912,0.185289478,0.3783370860465468,0.1158538815513682,0.0607350643467979,0.0670227391298608,0.0937518918719517,0.0586101077900953,0.1949653766294012,0.0307238526339778
EC2M,0.183449106,0.210383292,0.3804458221377055,0.0535849538476925,0.036808536981886,0.0577940147454434,0.0977554582541318,0.1086821288156922,0.2470236679691118,0.0179054172483365
EC2N,0.400066436,0.4588046,0.4004695914175323,0.0569498704696839,0.0303115328367853,0.0538814116902695,0.0734648851393218,0.1138997409393679,0.256085927511724,0.014937039995315
EC2P,0.567534514,0.650860512,0.3216334662393993,0.0345965498244449,0.3260469558912933,0.0666216456556358,0.0937239264299027,0.067494875177582,0.0574473811200197,0.0324351996617221
EC2R,0.309168559,0.354561004,0.3971866468350924,0.0561142770774498,0.0394247797458373,0.0542835563080386,0.0755514751820876,0.1122521220516534,0.2497474901196115,0.015439652680229
EC2V,0.241495352,0.276951947,0.2777915518101366,0.0384664323299424,0.026704668517534,0.054565668410675,0.2922541310806276,0.0822086316047103,0.216586111942929,0.0114228043034448
EC2Y,0.010457387,0.011992751,0.1017290272204396,0.0097366074497756,0.0667387042441796,0.0551080932710388,0.5889023384380124,0.0337104998789734,0.1319060300448485,0.0121686994527318
EC3A,0.186797375,0.214223156,0.3697148416089982,0.0509454630425012,0.0234189595413167,0.0719139294129911,0.1137693330209973,0.1135003243340768,0.243820291096348,0.0129168579427704
EC3M,0.286402619,0.328452545,0.4038613728784668,0.0580027759514938,0.0159465020576131,0.0532727007085981,0.07323428787104,0.1160055519029877,0.265587028514379,0.0140897801154211
EC3N,0.082869229,0.095036175,0.2620180029590596,0.0286641163321763,0.0506174518291653,0.1077907993095369,0.2194940001121076,0.1456149637583805,0.1768060457080521,0.0089946199915214
EC3R,0.096505354,0.110674369,0.4007807640286273,0.0570464673028775,0.0289936401047512,0.0538255666460794,0.0734437294266354,0.114092934605755,0.2569575881541694,0.0148593097311046
EC3V,0.181248993,0.207860155,0.4033652005276923,0.0578487499347618,0.0180479143015166,0.0533617469995213,0.073268021173142,0.1156974998695237,0.264197144268082,0.0142137229257601
EC4A,0.027496099,0.031533105,0.4562837233755782,0.0352494646267459,0.0528449237481847,0.0946611923627473,0.0161136083729796,0.1362019688786307,0.1924050855795698,0.0162400330555637
EC4M,0.064447008,0.073909183,0.4171312207496468,0.0488062534559173,0.0411846009099883,0.0672609824848508,0.0553890921145933,0.1213459373364743,0.2331884418038199,0.0156934711447088
EC4N,0.358233083,0.41082923,0.3981307779212384,0.0562238362072935,0.0402169846614291,0.0543011502482139,0.0736238942056422,0.1124476724145871,0.2495344136507633,0.0155212706908323
EC4R,0.172003499,0.197257229,0.4018881724387004,0.0573902383857134,0.0243034924407473,0.0536268239888149,0.0733684399785455,0.1147804767714269,0.2600596745581662,0.014582681437885
EC4V,0.038391306,0.044027957,0.4095626590659183,0.0543325079713949,0.0250716018579835,0.0589372772650713,0.0659247130642566,0.1183611565262507,0.2531350636438629,0.0146750206052615
EC4Y,0.083090198,0.095289586,0.4566494550574446,0.0356575654498059,0.0517790218831217,0.0932754014779355,0.0160576402148067,0.1365957781104486,0.1937194640307215,0.0162656737757151
EH1,0.241803083,0.277304859,0.20224902268677217,0.08133816650201105,0.07293260880352417,0.16328595547722832,0.20308674887676573,0.142598511639583,0.11929560641625485,0.01521337959786059
EH10,0.346252636,0.397089802,0.20224902268677217,0.08133816650201105,0.07293260880352417,0.16328595547722832,0.20308674887676573,0.142598511639583,0.11929560641625485,0.01521337959786059
EH11,0.218163749,0.250194773,0.20224902268677217,0.08133816650201105,0.07293260880352417,0.16328595547722832,0.20308674887676573,0.142598511639583,0.11929560641625485,0.01521337959786059
EH12,0.212007147,0.243134253,0.20224902268677217,0.08133816650201105,0.07293260880352417,0.16328595547722832,0.20308674887676573,0.142598511639583,0.11929560641625485,0.01521337959786059
EH13,0.280754782,0.321975486,0.20224902268677217,0.08133816650201105,0.07293260880352417,0.16328595547722832,0.20308674887676573,0.142598511639583,0.11929560641625485,0.01521337959786059
EH14,0.26294698,0.301553125,0.20224902268677217,0.08133816650201105,0.07293260880352417,0.16328595547722832,0.20308674887676573,0.142598511639583,0.11929560641625485,0.01521337959786059
EH15,0.354844788,0.406943463,0.20224902268677217,0.08133816650201105,0.07293260880352417,0.16328595547722832,0.20308674887676573,0.142598511639583,0.11929560641625485,0.01521337959786059
EH16,0.300634068,0.34477347,0.20224902268677217,0.08133816650201105,0.07293260880352417,0.16328595547722832,0.20308674887676573,0.142598511639583,0.11929560641625485,0.01521337959786059
EH17,0.321128728,0.368277177,0.20224902268677217,0.08133816650201105,0.07293260880352417,0.16328595547722832,0.20308674887676573,0.142598511639583,0.11929560641625485,0.01521337959786059
EH18,1.078764748,1.237150092,0.20224902268677217,0.08133816650201105,0.07293260880352417,0.16328595547722832,0.20308674887676573,0.142598511639583,0.11929560641625485,0.01521337959786059
EH19,0.498120222,0.571254743,0.20224902268677217,0.08133816650201105,0.07293260880352417,0.16328595547722832,0.20308674887676573,0.142598511639583,0.11929560641625485,0.01521337959786059
EH2,0.597221743,0.684906451,0.20224902268677217,0.08133816650201105,0.07293260880352417,0.16328595547722832,0.20308674887676573,0.142598511639583,0.11929560641625485,0.01521337959786059
EH20,1.720072095,1.97261484,0.20224902268677217,0.08133816650201105,0.07293260880352417,0.16328595547722832,0.20308674887676573,0.142598511639583,0.11929560641625485,0.01521337959786059
EH21,0.5316633,0.60972265,0.20224902268677217,0.08133816650201105,0.07293260880352417,0.16328595547722832,0.20308674887676573,0.142598511639583,0.11929560641625485,0.01521337959786059
EH22,0.355410439,0.407592163,0.20224902268677217,0.08133816650201105,0.07293260880352417,0.16328595547722832,0.20308674887676573,0.142598511639583,0.11929560641625485,0.01521337959786059
EH23,1.214989812,1.393375859,0.20224902268677217,0.08133816650201105,0.07293260880352417,0.16328595547722832,0.20308674887676573,0.142598511639583,0.11929560641625485,0.01521337959786059
EH24,0.594995824,0.68235372,0.20224902268677217,0.08133816650201105,0.07293260880352417,0.16328595547722832,0.20308674887676573,0.142598511639583,0.11929560641625485,0.01521337959786059
EH25,5.212125539,5.977375145,0.20224902268677217,0.08133816650201105,0.07293260880352417,0.16328595547722832,0.20308674887676573,0.142598511639583,0.11929560641625485,0.01521337959786059
EH26,0.51085906,0.58586391,0.20224902268677217,0.08133816650201105,0.07293260880352417,0.16328595547722832,0.20308674887676573,0.142598511639583,0.11929560641625485,0.01521337959786059
EH27,0.179482791,0.205834639,0.20224902268677217,0.08133816650201105,0.07293260880352417,0.16328595547722832,0.20308674887676573,0.142598511639583,0.11929560641625485,0.01521337959786059
EH28,1.160879695,1.33132124,0.20224902268677217,0.08133816650201105,0.07293260880352417,0.16328595547722832,0.20308674887676573,0.142598511639583,0.11929560641625485,0.01521337959786059
EH29,1.207931608,1.385281363,0.20224902268677217,0.08133816650201105,0.07293260880352417,0.16328595547722832,0.20308674887676573,0.142598511639583,0.11929560641625485,0.01521337959786059
EH3,0.221506442,0.254028244,0.20224902268677217,0.08133816650201105,0.07293260880352417,0.16328595547722832,0.20308674887676573,0.142598511639583,0.11929560641625485,0.01521337959786059
EH30,0.597906113,0.685691301,0.20224902268677217,0.08133816650201105,0.07293260880352417,0.16328595547722832,0.20308674887676573,0.142598511639583,0.11929560641625485,0.01521337959786059
EH31,0.919247299,1.054212129,0.20224902268677217,0.08133816650201105,0.07293260880352417,0.16328595547722832,0.20308674887676573,0.142598511639583,0.11929560641625485,0.01521337959786059
EH32,0.612259697,0.702152292,0.20224902268677217,0.08133816650201105,0.07293260880352417,0.16328595547722832,0.20308674887676573,0.142598511639583,0.11929560641625485,0.01521337959786059
EH33,0.870044076,0.997784838,0.20224902268677217,0.08133816650201105,0.07293260880352417,0.16328595547722832,0.20308674887676573,0.142598511639583,0.11929560641625485,0.01521337959786059
EH34,0.761087219,0.872830823,0.20224902268677217,0.08133816650201105,0.07293260880352417,0.16328595547722832,0.20308674887676573,0.142598511639583,0.11929560641625485,0.01521337959786059
EH35,0.553217759,0.634441757,0.20224902268677217,0.08133816650201105,0.07293260880352417,0.16328595547722832,0.20308674887676573,0.142598511639583,0.11929560641625485,0.01521337959786059
EH36,0.523570261,0.600441382,0.20224902268677217,0.08133816650201105,0.07293260880352417,0.16328595547722832,0.20308674887676573,0.142598511639583,0.11929560641625485,0.01521337959786059
EH37,0.40954864,0.469678991,0.20224902268677217,0.08133816650201105,0.07293260880352417,0.16328595547722832,0.20308674887676573,0.142598511639583,0.11929560641625485,0.01521337959786059
EH38,1.426383774,1.6358069,0.20224902268677217,0.08133816650201105,0.07293260880352417,0.16328595547722832,0.20308674887676573,0.142598511639583,0.11929560641625485,0.01521337959786059
EH39,0.921860259,1.057208726,0.20224902268677217,0.08133816650201105,0.07293260880352417,0.16328595547722832,0.20308674887676573,0.142598511639583,0.11929560641625485,0.01521337959786059
EH4,0.316583873,0.363065041,0.20224902268677217,0.08133816650201105,0.07293260880352417,0.16328595547722832,0.20308674887676573,0.142598511639583,0.11929560641625485,0.01521337959786059
EH40,0.370341854,0.424715824,0.20224902268677217,0.08133816650201105,0.07293260880352417,0.16328595547722832,0.20308674887676573,0.142598511639583,0.11929560641625485,0.01521337959786059
EH41,0.320992495,0.368120942,0.20224902268677217,0.08133816650201105,0.07293260880352417,0.16328595547722832,0.20308674887676573,0.142598511639583,0.11929560641625485,0.01521337959786059
EH42,0.59595415,0.683452748,0.20224902268677217,0.08133816650201105,0.07293260880352417,0.16328595547722832,0.20308674887676573,0.142598511639583,0.11929560641625485,0.01521337959786059
EH43,0.590331441,0.677004507,0.20224902268677217,0.08133816650201105,0.07293260880352417,0.16328595547722832,0.20308674887676573,0.142598511639583,0.11929560641625485,0.01521337959786059
EH44,0.583421246,0.66907975,0.20224902268677217,0.08133816650201105,0.07293260880352417,0.16328595547722832,0.20308674887676573,0.142598511639583,0.11929560641625485,0.01521337959786059
EH45,0.86329091,0.990040165,0.20224902268677217,0.08133816650201105,0.07293260880352417,0.16328595547722832,0.20308674887676573,0.142598511639583,0.11929560641625485,0.01521337959786059
EH46,0.571253994,0.65512609,0.20224902268677217,0.08133816650201105,0.07293260880352417,0.16328595547722832,0.20308674887676573,0.142598511639583,0.11929560641625485,0.01521337959786059
EH47,0.087642267,0.100509994,0.20224902268677217,0.08133816650201105,0.07293260880352417,0.16328595547722832,0.20308674887676573,0.142598511639583,0.11929560641625485,0.01521337959786059
EH48,0.100102226,0.114799338,0.20224902268677217,0.08133816650201105,0.07293260880352417,0.16328595547722832,0.20308674887676573,0.142598511639583,0.11929560641625485,0.01521337959786059
EH49,0.351218456,0.402784709,0.20224902268677217,0.08133816650201105,0.07293260880352417,0.16328595547722832,0.20308674887676573,0.142598511639583,0.11929560641625485,0.01521337959786059
EH5,0.260770616,0.299057224,0.20224902268677217,0.08133816650201105,0.07293260880352417,0.16328595547722832,0.20308674887676573,0.142598511639583,0.11929560641625485,0.01521337959786059
EH51,0.296575662,0.340119205,0.20224902268677217,0.08133816650201105,0.07293260880352417,0.16328595547722832,0.20308674887676573,0.142598511639583,0.11929560641625485,0.01521337959786059
EH52,0.186675358,0.214083225,0.20224902268677217,0.08133816650201105,0.07293260880352417,0.16328595547722832,0.20308674887676573,0.142598511639583,0.11929560641625485,0.01521337959786059
EH53,0.248301247,0.284757091,0.20224902268677217,0.08133816650201105,0.07293260880352417,0.16328595547722832,0.20308674887676573,0.142598511639583,0.11929560641625485,0.01521337959786059
EH54,0.317518881,0.364137328,0.20224902268677217,0.08133816650201105,0.07293260880352417,0.16328595547722832,0.20308674887676573,0.142598511639583,0.11929560641625485,0.01521337959786059
EH55,0.542892254,0.62260025,0.20224902268677217,0.08133816650201105,0.07293260880352417,0.16328595547722832,0.20308674887676573,0.142598511639583,0.11929560641625485,0.01521337959786059
EH6,0.250104217,0.286824774,0.20224902268677217,0.08133816650201105,0.07293260880352417,0.16328595547722832,0.20308674887676573,0.142598511639583,0.11929560641625485,0.01521337959786059
EH7,0.120218057,0.137868595,0.20224902268677217,0.08133816650201105,0.07293260880352417,0.16328595547722832,0.20308674887676573,0.142598511639583,0.11929560641625485,0.01521337959786059
EH8,0.121773868,0.139652832,0.20224902268677217,0.08133816650201105,0.07293260880352417,0.16328595547722832,0.20308674887676573,0.142598511639583,0.11929560641625485,0.01521337959786059
EH9,0.279349926,0.320364368,0.20224902268677217,0.08133816650201105,0.07293260880352417,0.16328595547722832,0.20308674887676573,0.142598511639583,0.11929560641625485,0.01521337959786059
EN1,0.252878021,0.290005831,0.1121958347141915,0.2302147116955086,0.295090156205471,0.0783647445746225,0.079732592729772,0.0871704322445765,0.1128217968147791,0.0044097310210786
EN10,0.66854513,0.76670161,0.051507601893473,0.040297153029697,0.078086982758661,0.1789646726924645,0.3415363107259583,0.1643408055573943,0.1288649206413269,0.0164015527010247
EN11,0.402089243,0.461124397,0.0797003170906309,0.0458708993926174,0.0863097050272971,0.1690589367948291,0.3089259311893848,0.1315399974234902,0.1603020651482694,0.0182921479334807
EN2,0.202073666,0.231742329,0.1413060654351421,0.1327891111539591,0.1773494139922615,0.1878811289894447,0.1572229601025371,0.1085276885133383,0.0910253531230792,0.0038982786902375
EN3,0.206864948,0.237237072,0.1036241382147923,0.1515766893937082,0.2469347068606881,0.0981580756725012,0.1485879430113861,0.1023670723101387,0.14701493076942,0.0017364437673652
EN4,0.237785039,0.272696882,0.0741653072900672,0.100245635892286,0.355478361563557,0.2193458807490275,0.0794548679660155,0.1109507871218943,0.0566339641101712,0.0037251953069809
EN5,0.185129373,0.212310257,0.1065324081326698,0.1529746086666376,0.2823485198561836,0.1614436318672716,0.1233836881797436,0.1270231551136698,0.0425414228581556,0.0037525653256681
EN6,1.115381646,1.27914312,0.032230175343823,0.0600229206998053,0.3123616028291843,0.3040980098766016,0.088912776034497,0.1071670517639138,0.0849133623012446,0.0102941011509302
EN7,0.358657293,0.411315723,0.0305133564340455,0.0370677992259213,0.1187795227694164,0.2552560263574038,0.231240545470354,0.2324391381079723,0.0794635472027958,0.0152400644320906
EN8,0.238280425,0.273265001,0.0541600111666332,0.0377693374771843,0.1901350111367321,0.299959610758295,0.1563316088302797,0.1491484981459233,0.0975034540204115,0.0149924684645405
EN9,0.458235741,0.525514381,0.0661193294241845,0.0517431552444557,0.0844849270821361,0.2231377330347073,0.275062161449828,0.206707187676506,0.0725131490739542,0.0202323570142279
EX1,0.287597215,0.329822533,0.2102957957350281,0.0571713076827558,0.0719133134784656,0.1140543216951682,0.2114854763895149,0.1006985459242297,0.2186892709431161,0.0156919681517214
EX10,0.644082588,0.738647452,0.2326110206470539,0.1217392492685852,0.0810661349705154,0.1293509859082431,0.1980133582677753,0.1344058435315292,0.0828859619072792,0.0199274454990183
EX11,0.732788616,0.84037739,0.252270268576879,0.0423024482846391,0.0203120315621537,0.1181327846132526,0.303096520720359,0.1314167305819685,0.1135141600385804,0.0189550556221673
EX12,0.681208433,0.781224152,0.2139301562678016,0.0704733273967614,0.1032009593798285,0.1053167686130956,0.2035677263616468,0.1853969305178504,0.1101687080371305,0.0079454234258848
EX13,0.709931501,0.814164371,0.2656296584273933,0.0590849203533729,0.0676030384973852,0.1401444483180098,0.1849295270668741,0.1332339421026947,0.1222975768026479,0.0270768884316217
EX14,0.741308698,0.850148399,0.2272233184584751,0.0340884150742716,0.0336257535229518,0.0842333405213597,0.1938930368702157,0.3125660163906148,0.0932520744861828,0.0211180446759282
EX15,1.122376402,1.287164854,0.2541758749869566,0.0399479686988067,0.0318328752068141,0.0799460699756583,0.1826052174506732,0.2383033087838813,0.1715502815031321,0.0016384033940776
EX16,0.742318611,0.851306589,0.3195588495265936,0.0293480587710726,0.039257914570487,0.1309646349842832,0.1813787006044253,0.1491777054286352,0.1450357559811496,0.0052783801333532
EX17,1.012963922,1.161688322,0.3168918257972922,0.0300919491043021,0.037153914944091,0.1163426940552493,0.1971607502686798,0.1632817090101785,0.134100983090128,0.0049761737300787
EX18,0.485994825,0.557349083,0.3865981903541338,0.0388093629504841,0.0368894945126664,0.0847830313321973,0.1490059606875348,0.1731046341320247,0.1264033719968905,0.0044059540340679
EX19,1.141837069,1.309482756,0.4248138854892419,0.0241254781122009,0.0112371347415163,0.0681188464475568,0.145504802220542,0.156755386211781,0.1635506666041178,0.005893800173043
EX2,0.27718066,0.317876608,0.1428223408722685,0.0582818287863638,0.1299559293361937,0.146120728879846,0.1727928183570357,0.1661341127220361,0.1744992871498537,0.0093929538964021
EX20,1.012882828,1.161595322,0.406033428329885,0.0472238332261827,0.034580757358483,0.0712342489464538,0.1194134607349923,0.1308329485525276,0.1822284520391318,0.0084528708123434
EX21,1.13950954,1.306813497,0.3870093424967653,0.0393532437351156,0.0205537363346198,0.0626065233745375,0.1230269300178776,0.1804427301333726,0.173224811300474,0.0137826826072374
CA95,0.0,0.0,0.6150602570790363,0.0980464935863997,0.0219359843772989,0.0863227799847518,0.1061688268261038,0.0202556745983976,0.0376807377981086,0.014529245749903
CA99,0.0,0.0,0.4057591623036649,0.0523560209424083,0.2356020942408377,0.0261780104712041,0.0405759162303664,0.0798429319371727,0.1583769633507853,0.0013089005235602
CF91,0.0,0.0,0.20224902268677217,0.08133816650201105,0.07293260880352417,0.16328595547722832,0.20308674887676573,0.142598511639583,0.11929560641625485,0.01521337959786059
CF95,0.0,0.0,0.20224902268677217,0.08133816650201105,0.07293260880352417,0.16328595547722832,0.20308674887676573,0.142598511639583,0.11929560641625485,0.01521337959786059
CF99,0.0,0.0,0.20224902268677217,0.08133816650201105,0.07293260880352417,0.16328595547722832,0.20308674887676573,0.142598511639583,0.11929560641625485,0.01521337959786059
CH70,0.0,0.0,0.2231237322515213,0.0831643002028397,0.2434077079107504,0.101419878296146,0.3042596348884381,0.0020283975659229,0.0425963488843813,0.0
CH88,0.0,0.0,0.339380731470493,0.0304999460567483,0.0237190635451505,0.1477658862876254,0.0727443089869457,0.2235241126335095,0.1531260114359693,0.009239939583558
CH99,0.0,0.0,0.3011540991967359,0.0182029988524799,0.0135089328063241,0.1620077470355731,0.0544800153002677,0.2319395129414765,0.2103074078796377,0.0083992859875047
CM92,0.0,0.0,0.014792899408284,0.0029585798816568,0.014792899408284,0.9023668639053254,0.0458579881656804,0.0162721893491124,0.0029585798816568,0.0
CM98,0.0,0.0,0.0016051364365971,0.0,0.0160513643659711,0.0,0.0016051364365971,0.0802568218298555,0.884430176565008,0.0160513643659711
CR9,0.0,0.0,0.3077162999968771,0.2123456515731211,0.1293814323880922,0.0517939094354167,0.1092742121513769,0.062069014655613,0.1200730629591256,0.0073464168403771
CT50,0.0,0.0,0.2990816684192078,0.0406869961444094,0.0514546091833158,0.067353662811076,0.2433648790746582,0.1277953031896249,0.1489800210304942,0.0212828601472134
DE99,0.0,0.0,0.2483414377467351,0.0311487774631202,0.0525729198892617,0.0013419216317767,0.1269305823278836,0.3397907527717623,0.1709826303779327,0.0288909777915275
DH97,0.0,0.0,0.1511585756956183,0.0629428596485496,0.0533425446191359,0.3652085522231756,0.1284694075830606,0.0510397518283571,0.1714143049491602,0.0164240034529424
DH99,0.0,0.0,0.0736574736307367,0.0715666483964546,0.068248599655094,0.4528668636284643,0.1480662540272448,0.0207077256259775,0.1564001443792361,0.0084862906567918
DL98,0.0,0.0,0.4000000000000001,0.2,0.0399999999999999,0.0,0.0,0.3199999999999999,0.0399999999999999,0.0
DN55,0.0,0.0,0.3697749196141479,0.4019292604501608,0.0321543408360128,0.0,0.0482315112540193,0.0016077170418006,0.1302250803858521,0.0160771704180064
E98,0.0,0.0,0.2961560409653119,0.0226310386860845,0.0211546058962765,0.0193227824806772,0.0951957265332446,0.4083615563576935,0.1352923995367259,0.0018858495439857
EC3P,0.0,0.0,0.3397343554156438,0.0380959249363572,0.2875402324438137,0.064781348951724,0.0775940956063863,0.0761918498727144,0.0859536184816964,0.0301085742916639
EH91,0.0,0.0,0.20224902268677217,0.08133816650201105,0.07293260880352417,0.16328595547722832,0.20308674887676573,0.142598511639583,0.11929560641625485,0.01521337959786059
EH99,0.0,0.0,0.20224902268677217,0.08133816650201105,0.07293260880352417,0.16328595547722832,0.20308674887676573,0.142598511639583,0.11929560641625485,0.01521337959786059
EX22,1.946335908,2.232098938,0.3304836620072791,0.0401522888923533,0.0264486090661154,0.07113309872519,0.1429454783569959,0.1664603652940587,0.2043346650669076,0.0180418325910998
EX23,1.113297261,1.276752704,0.2614449664733989,0.0940318480991801,0.0595215614836419,0.08047905135657,0.1816219480756686,0.1565057033549896,0.149433476305257,0.0169614448512936
EX24,0.697779304,0.800227975,0.2860092584509145,0.0723516042293369,0.0572980274451616,0.0972613215519839,0.2026588149881042,0.1876659323576955,0.0764184044735321,0.0203366365032708
EX3,0.407753219,0.467619964,0.221591254870715,0.0292994625671487,0.0685523500254149,0.1105978795629105,0.1520789925370709,0.2556193845154476,0.1540424493443914,0.0082182265769007
EX31,1.719408578,1.971853905,0.2529327077686979,0.0405170318565325,0.0478745779082766,0.1086695999923799,0.2290101297623288,0.1872691504990884,0.1150591172979198,0.0186676849147758
EX32,0.537000951,0.615843981,0.3316397023549197,0.0490158322526908,0.0292952303544745,0.0905549014198247,0.1862018278944447,0.1657563003699109,0.1340843670889922,0.0134518382647422
EX33,0.816956526,0.936902919,0.1800703226294981,0.0624853071242868,0.056220629975468,0.1408933401727245,0.3262228275643535,0.1088181395141579,0.1016348356481195,0.0236545973713914
EX34,1.240168046,1.422250787,0.4579543897728502,0.0686233352235945,0.0505847168338242,0.0625656138368796,0.1482086500947263,0.0818355283398908,0.0975724702050824,0.0326552956931518
EX35,1.944737306,2.230265627,0.5025700851374486,0.1207676106316247,0.0303888799859588,0.0714285260054587,0.092797783933518,0.0515196665725499,0.0804681796560416,0.0500592680773995
EX36,1.723099448,1.976086672,0.3492609490217349,0.0292057323085513,0.0329348901971411,0.0932473676821352,0.1753145224286224,0.1556818836208418,0.1438108508194683,0.0205438039215047
EX37,0.722802397,0.828924985,0.483329465416046,0.0377696510865299,0.0234304111131034,0.0620024828841734,0.1449393586286384,0.1297187523605882,0.1057678251142093,0.0130420533967108
EX38,0.20434307,0.234344928,0.3761388896958407,0.0162108918289365,0.0158751453560438,0.0649450411607393,0.2169827025464264,0.1506613361780011,0.1401304491217832,0.0190555441122284
EX39,0.971334515,1.113946842,0.26603383097273,0.0645730128804127,0.0574302153900987,0.0903807323030911,0.1785989563325435,0.1643077173223675,0.1587670075025744,0.0199085272961819
EX4,0.358391433,0.41101083,0.1781345604401778,0.0938182418190905,0.0727250681933979,0.134409254654084,0.1739546248543501,0.1234864037809699,0.20955317192491,0.0139186743330194
EX5,0.470204517,0.539240425,0.2806631333046181,0.0372894089955227,0.0541986570832565,0.1007698546470117,0.1804491664697227,0.1641762230152857,0.1744261414198686,0.0080274150647136
EX6,1.436920812,1.647890996,0.2975680196962504,0.0351912669461284,0.0353265767062218,0.1172313130579966,0.1575698410995367,0.2211432164560943,0.1139653332855619,0.0220044327522096
EX7,0.285069909,0.326924165,0.2507208257182719,0.0459149118615663,0.0517574966025063,0.1118170319220806,0.2075488086713501,0.2030959500940069,0.1151125231069058,0.0140324520233118
EX8,0.528785021,0.606421779,0.268351902278693,0.079638703340623,0.0626855917197515,0.1496006450989833,0.2165229751778157,0.1284297405240962,0.0893400191469303,0.0054304227131066
EX9,0.574678391,0.65905326,0.2041339863041601,0.1609755525249609,0.0968657931572143,0.1277479258179681,0.2156636350460845,0.0967538853099892,0.0825948692340228,0.0152643526055999
FK1,0.223507116,0.25632266,0.20224902268677217,0.08133816650201105,0.07293260880352417,0.16328595547722832,0.20308674887676573,0.142598511639583,0.11929560641625485,0.01521337959786059
FK10,0.17072484,0.195790835,0.20224902268677217,0.08133816650201105,0.07293260880352417,0.16328595547722832,0.20308674887676573,0.142598511639583,0.11929560641625485,0.01521337959786059
FK11,0.275150979,0.315548928,0.20224902268677217,0.08133816650201105,0.07293260880352417,0.16328595547722832,0.20308674887676573,0.142598511639583,0.11929560641625485,0.01521337959786059
FK12,0.183750502,0.210728939,0.20224902268677217,0.08133816650201105,0.07293260880352417,0.16328595547722832,0.20308674887676573,0.142598511639583,0.11929560641625485,0.01521337959786059
FK13,0.182175613,0.208922823,0.20224902268677217,0.08133816650201105,0.07293260880352417,0.16328595547722832,0.20308674887676573,0.142598511639583,0.11929560641625485,0.01521337959786059
FK14,0.256408012,0.294054098,0.20224902268677217,0.08133816650201105,0.07293260880352417,0.16328595547722832,0.20308674887676573,0.142598511639583,0.11929560641625485,0.01521337959786059
FK15,0.972626482,1.115428497,0.20224902268677217,0.08133816650201105,0.07293260880352417,0.16328595547722832,0.20308674887676573,0.142598511639583,0.11929560641625485,0.01521337959786059
FK16,1.026797784,1.177553286,0.20224902268677217,0.08133816650201105,0.07293260880352417,0.16328595547722832,0.20308674887676573,0.142598511639583,0.11929560641625485,0.01521337959786059
FK17,1.041054701,1.193903417,0.20224902268677217,0.08133816650201105,0.07293260880352417,0.16328595547722832,0.20308674887676573,0.142598511639583,0.11929560641625485,0.01521337959786059
FK18,0.952037497,1.091816616,0.20224902268677217,0.08133816650201105,0.07293260880352417,0.16328595547722832,0.20308674887676573,0.142598511639583,0.11929560641625485,0.01521337959786059
FK19,0.698975225,0.801599483,0.20224902268677217,0.08133816650201105,0.07293260880352417,0.16328595547722832,0.20308674887676573,0.142598511639583,0.11929560641625485,0.01521337959786059
FK2,0.267116884,0.306335258,0.20224902268677217,0.08133816650201105,0.07293260880352417,0.16328595547722832,0.20308674887676573,0.142598511639583,0.11929560641625485,0.01521337959786059
FK20,0.275791072,0.316283,0.20224902268677217,0.08133816650201105,0.07293260880352417,0.16328595547722832,0.20308674887676573,0.142598511639583,0.11929560641625485,0.01521337959786059
FK21,0.666839529,0.764745591,0.20224902268677217,0.08133816650201105,0.07293260880352417,0.16328595547722832,0.20308674887676573,0.142598511639583,0.11929560641625485,0.01521337959786059
FK3,0.11318004,0.129797249,0.20224902268677217,0.08133816650201105,0.07293260880352417,0.16328595547722832,0.20308674887676573,0.142598511639583,0.11929560641625485,0.01521337959786059
FK4,0.128165934,0.146983388,0.20224902268677217,0.08133816650201105,0.07293260880352417,0.16328595547722832,0.20308674887676573,0.142598511639583,0.11929560641625485,0.01521337959786059
FK5,0.078447603,0.089965361,0.20224902268677217,0.08133816650201105,0.07293260880352417,0.16328595547722832,0.20308674887676573,0.142598511639583,0.11929560641625485,0.01521337959786059
FK6,0.342676352,0.392988445,0.20224902268677217,0.08133816650201105,0.07293260880352417,0.16328595547722832,0.20308674887676573,0.142598511639583,0.11929560641625485,0.01521337959786059
FK7,0.718699103,0.824219241,0.20224902268677217,0.08133816650201105,0.07293260880352417,0.16328595547722832,0.20308674887676573,0.142598511639583,0.11929560641625485,0.01521337959786059
FK8,0.440569902,0.505254826,0.20224902268677217,0.08133816650201105,0.07293260880352417,0.16328595547722832,0.20308674887676573,0.142598511639583,0.11929560641625485,0.01521337959786059
FK9,0.366210084,0.419977423,0.20224902268677217,0.08133816650201105,0.07293260880352417,0.16328595547722832,0.20308674887676573,0.142598511639583,0.11929560641625485,0.01521337959786059
FY1,0.122041175,0.139959385,0.5432743796874657,0.2526964062562454,0.0496537993334854,0.0105003432478409,0.0196208597331073,0.0591962858291884,0.0241890882813539,0.0408688376313126
FY2,0.169399646,0.194271075,0.0587547038312245,0.1883715579732179,0.2531803990390933,0.2468481700162943,0.1430417025755647,0.0401788671246102,0.0553274772423437,0.0142971221976512
FY3,0.132592273,0.152059607,0.0914354300836468,0.2284070479935334,0.2347812533695657,0.1922413486086761,0.0871070228678129,0.1086388677124277,0.0472945314085097,0.0100944979558274
FY4,0.124941991,0.143286102,0.1622926467951928,0.1639967187847507,0.268810273284486,0.1407951908774332,0.1100425415697095,0.0819492746134173,0.0458785571546289,0.0262347969203813
FY5,0.347713803,0.3987655,0.0479723456126255,0.1423398503237558,0.1592572911015825,0.2475270648791347,0.1812217483013124,0.1450286108467781,0.07058367714062,0.0060694117941907
FY6,0.481732954,0.552461479,0.0936140029548295,0.0746621749728067,0.0621083807278894,0.3010269081053148,0.2154357823820033,0.1383643081322811,0.1034728171287486,0.0113156255961261
FY7,0.218620958,0.250719111,0.2030480471114386,0.2330064171761559,0.1048159104271631,0.1333925082154594,0.1804683985659255,0.0916047442698008,0.0479129497616837,0.0057510244723727
FY8,0.39773592,0.456131915,0.2212432944969745,0.1777247674015864,0.055441552189543,0.1509178316637076,0.1633779662939467,0.1004037582400937,0.1083300167751792,0.0225608129389686
G1,0.22196678,0.254556169,0.20224902268677217,0.08133816650201105,0.07293260880352417,0.16328595547722832,0.20308674887676573,0.142598511639583,0.11929560641625485,0.01521337959786059
G11,0.256603237,0.294277987,0.20224902268677217,0.08133816650201105,0.07293260880352417,0.16328595547722832,0.20308674887676573,0.142598511639583,0.11929560641625485,0.01521337959786059
G12,0.389275601,0.446429443,0.20224902268677217,0.08133816650201105,0.07293260880352417,0.16328595547722832,0.20308674887676573,0.142598511639583,0.11929560641625485,0.01521337959786059
G13,0.397473958,0.455831491,0.20224902268677217,0.08133816650201105,0.07293260880352417,0.16328595547722832,0.20308674887676573,0.142598511639583,0.11929560641625485,0.01521337959786059
G14,0.304510699,0.349219271,0.20224902268677217,0.08133816650201105,0.07293260880352417,0.16328595547722832,0.20308674887676573,0.142598511639583,0.11929560641625485,0.01521337959786059
G15,0.128844982,0.147762134,0.20224902268677217,0.08133816650201105,0.07293260880352417,0.16328595547722832,0.20308674887676573,0.142598511639583,0.11929560641625485,0.01521337959786059
G2,0.657896004,0.754488968,0.20224902268677217,0.08133816650201105,0.07293260880352417,0.16328595547722832,0.20308674887676573,0.142598511639583,0.11929560641625485,0.01521337959786059
G20,0.169045896,0.193865387,0.20224902268677217,0.08133816650201105,0.07293260880352417,0.16328595547722832,0.20308674887676573,0.142598511639583,0.11929560641625485,0.01521337959786059
G21,0.104215795,0.119516865,0.20224902268677217,0.08133816650201105,0.07293260880352417,0.16328595547722832,0.20308674887676573,0.142598511639583,0.11929560641625485,0.01521337959786059
G22,0.108381944,0.124294692,0.20224902268677217,0.08133816650201105,0.07293260880352417,0.16328595547722832,0.20308674887676573,0.142598511639583,0.11929560641625485,0.01521337959786059
G23,0.096326105,0.110468803,0.20224902268677217,0.08133816650201105,0.07293260880352417,0.16328595547722832,0.20308674887676573,0.142598511639583,0.11929560641625485,0.01521337959786059
G3,0.402163703,0.46120979,0.20224902268677217,0.08133816650201105,0.07293260880352417,0.16328595547722832,0.20308674887676573,0.142598511639583,0.11929560641625485,0.01521337959786059
G31,0.109621222,0.125715922,0.20224902268677217,0.08133816650201105,0.07293260880352417,0.16328595547722832,0.20308674887676573,0.142598511639583,0.11929560641625485,0.01521337959786059
G32,0.083614525,0.095890895,0.20224902268677217,0.08133816650201105,0.07293260880352417,0.16328595547722832,0.20308674887676573,0.142598511639583,0.11929560641625485,0.01521337959786059
G33,0.102714699,0.117795376,0.20224902268677217,0.08133816650201105,0.07293260880352417,0.16328595547722832,0.20308674887676573,0.142598511639583,0.11929560641625485,0.01521337959786059
G34,0.094227558,0.108062144,0.20224902268677217,0.08133816650201105,0.07293260880352417,0.16328595547722832,0.20308674887676573,0.142598511639583,0.11929560641625485,0.01521337959786059
G4,0.148713189,0.170547411,0.20224902268677217,0.08133816650201105,0.07293260880352417,0.16328595547722832,0.20308674887676573,0.142598511639583,0.11929560641625485,0.01521337959786059
G40,0.126591726,0.145178053,0.20224902268677217,0.08133816650201105,0.07293260880352417,0.16328595547722832,0.20308674887676573,0.142598511639583,0.11929560641625485,0.01521337959786059
G41,0.433499569,0.497146419,0.20224902268677217,0.08133816650201105,0.07293260880352417,0.16328595547722832,0.20308674887676573,0.142598511639583,0.11929560641625485,0.01521337959786059
G42,0.192529427,0.220796795,0.20224902268677217,0.08133816650201105,0.07293260880352417,0.16328595547722832,0.20308674887676573,0.142598511639583,0.11929560641625485,0.01521337959786059
G43,0.362128541,0.415296624,0.20224902268677217,0.08133816650201105,0.07293260880352417,0.16328595547722832,0.20308674887676573,0.142598511639583,0.11929560641625485,0.01521337959786059
G44,0.153710195,0.176278083,0.20224902268677217,0.08133816650201105,0.07293260880352417,0.16328595547722832,0.20308674887676573,0.142598511639583,0.11929560641625485,0.01521337959786059
G45,0.186303854,0.213657176,0.20224902268677217,0.08133816650201105,0.07293260880352417,0.16328595547722832,0.20308674887676573,0.142598511639583,0.11929560641625485,0.01521337959786059
G46,0.150867893,0.173018471,0.20224902268677217,0.08133816650201105,0.07293260880352417,0.16328595547722832,0.20308674887676573,0.142598511639583,0.11929560641625485,0.01521337959786059
G5,0.217968653,0.249971034,0.20224902268677217,0.08133816650201105,0.07293260880352417,0.16328595547722832,0.20308674887676573,0.142598511639583,0.11929560641625485,0.01521337959786059
G51,0.360404437,0.413319385,0.20224902268677217,0.08133816650201105,0.07293260880352417,0.16328595547722832,0.20308674887676573,0.142598511639583,0.11929560641625485,0.01521337959786059
G52,0.21757115,0.249515169,0.20224902268677217,0.08133816650201105,0.07293260880352417,0.16328595547722832,0.20308674887676573,0.142598511639583,0.11929560641625485,0.01521337959786059
G53,0.208799084,0.239455179,0.20224902268677217,0.08133816650201105,0.07293260880352417,0.16328595547722832,0.20308674887676573,0.142598511639583,0.11929560641625485,0.01521337959786059
G60,0.095747926,0.109805734,0.20224902268677217,0.08133816650201105,0.07293260880352417,0.16328595547722832,0.20308674887676573,0.142598511639583,0.11929560641625485,0.01521337959786059
G61,0.553339627,0.634581517,0.20224902268677217,0.08133816650201105,0.07293260880352417,0.16328595547722832,0.20308674887676573,0.142598511639583,0.11929560641625485,0.01521337959786059
G62,0.47672464,0.54671784,0.20224902268677217,0.08133816650201105,0.07293260880352417,0.16328595547722832,0.20308674887676573,0.142598511639583,0.11929560641625485,0.01521337959786059
G63,0.717043295,0.822320326,0.20224902268677217,0.08133816650201105,0.07293260880352417,0.16328595547722832,0.20308674887676573,0.142598511639583,0.11929560641625485,0.01521337959786059
G64,0.327666605,0.375774951,0.20224902268677217,0.08133816650201105,0.07293260880352417,0.16328595547722832,0.20308674887676573,0.142598511639583,0.11929560641625485,0.01521337959786059
G65,0.328003187,0.376160951,0.20224902268677217,0.08133816650201105,0.07293260880352417,0.16328595547722832,0.20308674887676573,0.142598511639583,0.11929560641625485,0.01521337959786059
G66,0.220828198,0.25325042,0.20224902268677217,0.08133816650201105,0.07293260880352417,0.16328595547722832,0.20308674887676573,0.142598511639583,0.11929560641625485,0.01521337959786059
G67,0.205799813,0.236015552,0.20224902268677217,0.08133816650201105,0.07293260880352417,0.16328595547722832,0.20308674887676573,0.142598511639583,0.11929560641625485,0.01521337959786059
G68,0.196895163,0.225803512,0.20224902268677217,0.08133816650201105,0.07293260880352417,0.16328595547722832,0.20308674887676573,0.142598511639583,0.11929560641625485,0.01521337959786059
G69,0.121878454,0.139772773,0.20224902268677217,0.08133816650201105,0.07293260880352417,0.16328595547722832,0.20308674887676573,0.142598511639583,0.11929560641625485,0.01521337959786059
G71,0.224840126,0.257851383,0.20224902268677217,0.08133816650201105,0.07293260880352417,0.16328595547722832,0.20308674887676573,0.142598511639583,0.11929560641625485,0.01521337959786059
G72,0.210873661,0.241834348,0.20224902268677217,0.08133816650201105,0.07293260880352417,0.16328595547722832,0.20308674887676573,0.142598511639583,0.11929560641625485,0.01521337959786059
G73,0.184900343,0.212047601,0.20224902268677217,0.08133816650201105,0.07293260880352417,0.16328595547722832,0.20308674887676573,0.142598511639583,0.11929560641625485,0.01521337959786059
G74,0.133389453,0.15297383,0.20224902268677217,0.08133816650201105,0.07293260880352417,0.16328595547722832,0.20308674887676573,0.142598511639583,0.11929560641625485,0.01521337959786059
G75,0.191575008,0.219702247,0.20224902268677217,0.08133816650201105,0.07293260880352417,0.16328595547722832,0.20308674887676573,0.142598511639583,0.11929560641625485,0.01521337959786059
G76,0.59055603,0.67726207,0.20224902268677217,0.08133816650201105,0.07293260880352417,0.16328595547722832,0.20308674887676573,0.142598511639583,0.11929560641625485,0.01521337959786059
G77,0.302643208,0.347077593,0.20224902268677217,0.08133816650201105,0.07293260880352417,0.16328595547722832,0.20308674887676573,0.142598511639583,0.11929560641625485,0.01521337959786059
G78,0.073013108,0.083732967,0.20224902268677217,0.08133816650201105,0.07293260880352417,0.16328595547722832,0.20308674887676573,0.142598511639583,0.11929560641625485,0.01521337959786059
G81,0.084931677,0.097401433,0.20224902268677217,0.08133816650201105,0.07293260880352417,0.16328595547722832,0.20308674887676573,0.142598511639583,0.11929560641625485,0.01521337959786059
G82,0.3191651,0.366025247,0.20224902268677217,0.08133816650201105,0.07293260880352417,0.16328595547722832,0.20308674887676573,0.142598511639583,0.11929560641625485,0.01521337959786059
G83,0.127242193,0.145924022,0.20224902268677217,0.08133816650201105,0.07293260880352417,0.16328595547722832,0.20308674887676573,0.142598511639583,0.11929560641625485,0.01521337959786059
G84,0.350743844,0.402240414,0.20224902268677217,0.08133816650201105,0.07293260880352417,0.16328595547722832,0.20308674887676573,0.142598511639583,0.11929560641625485,0.01521337959786059
GL1,0.165251276,0.189513637,0.3566748742067805,0.0522152132343475,0.0432222782272592,0.070056330010067,0.0923782195671293,0.082355816978366,0.2916703472172008,0.0114269205588494
GL10,0.698547802,0.801109305,0.2197718639682941,0.0313665173298799,0.0411857261980903,0.2194669320662908,0.2033944843246455,0.1483401788156935,0.1149206789660096,0.0215536183310959
GL11,0.793674789,0.910202934,0.1572109576748688,0.0661103381890254,0.0987155638820621,0.1667713420322698,0.2396302578658593,0.1656679199431322,0.0951961950024094,0.0106974254103728
GL12,0.525940104,0.603159169,0.2963354433254716,0.0330769189441067,0.0470050307704028,0.1035265943189671,0.2488345555048845,0.1836814166867324,0.0623584767986458,0.0251815636507887
GL13,0.94079262,1.078920755,0.3140760182493813,0.064214771765853,0.0392802518451338,0.1683733560042125,0.1426806492045933,0.1716757676769004,0.0773720763627137,0.0223271088912117
GL14,0.440418962,0.505081725,0.3682987695084653,0.0294445261405962,0.0613024001918374,0.1075202906276493,0.1545342385851607,0.1552317360634459,0.1067670160476648,0.0169010228351801
GL15,0.774993123,0.888778406,0.2675717855988835,0.0650424342522544,0.0656135795209716,0.1133413446886005,0.1952814265550249,0.1851518273252747,0.0854774465958767,0.0225201554631134
GL16,0.452976915,0.519483449,0.2239191859747589,0.0459015033437119,0.0401273032258132,0.1260368009923977,0.2161741568803264,0.2200296045903171,0.1137208041609773,0.0140906408316972
GL17,0.354658078,0.406729339,0.3127080785388758,0.0277102942781029,0.033700871749393,0.1709913347179818,0.2289742396638816,0.1024535697756709,0.1065550612957896,0.016906549980304
GL18,0.543203055,0.622956684,0.258817739388394,0.0149392374774799,0.0368781002367157,0.1192462711342125,0.2601670815313766,0.1437722841761641,0.144646686640128,0.0215325994155289
GL19,0.78902137,0.904866295,0.3641439819571425,0.031560046147165,0.0323314544296938,0.1528850192010583,0.1601785760770879,0.1269914968973602,0.1106395422010723,0.0212698830894197
GL2,0.746622608,0.856242504,0.1020722736658879,0.0247636030336906,0.0496748399758109,0.1694256042227757,0.1813065638374252,0.2191430417360773,0.2436274265272109,0.0099866470011213
GL20,0.862686776,0.989347331,0.1697509301475396,0.0278139450176327,0.0197794394811596,0.1705367930334001,0.298821229088168,0.1685537851303534,0.1387359877420649,0.0060078903596814
GL3,0.479788373,0.550231392,0.0464584992858547,0.0300563764703867,0.0664404516618513,0.313159705064395,0.2200999215386275,0.1438186909968963,0.1748583413416896,0.0051080136402986
GL4,0.419745837,0.481373351,0.0471838004613988,0.043440219653071,0.0834321329931932,0.2171112139589908,0.2395914151318095,0.2249442127607676,0.138412814653238,0.0058841903875308
GL5,0.719046445,0.82461758,0.26359793180504,0.0465955945387351,0.0763290452511727,0.1636042843113867,0.1771121873247988,0.1494420903182293,0.1060689516650925,0.0172499147855445
GL50,0.650881559,0.746444656,0.3859363757236373,0.142750867164929,0.015034956895689,0.0402957277114714,0.1264875223630008,0.1172145690587327,0.1517168501170001,0.0205631309655393
GL51,0.518638003,0.594784965,0.0821304348090298,0.0664876096501028,0.0418987782161677,0.3146098368449642,0.2108417864868335,0.1734777103839184,0.1037656097848789,0.0067882338241045
GL52,0.501468179,0.57509425,0.1760037281626343,0.0751100185724896,0.0442493824516333,0.2094672879946018,0.1602268544162179,0.1949263459741252,0.1311362673394739,0.0088801150888236
GL53,0.32921126,0.377546395,0.2677352599380808,0.1141468747561727,0.0599068512513268,0.1491613995452684,0.223877196195924,0.0954229779290282,0.075385079049519,0.0143643613346799
GL54,0.685009527,0.785583326,0.2983044700615588,0.0850641113096508,0.0322648625063663,0.1385126508314079,0.1751063937704296,0.1478221856455228,0.1035835542864471,0.0193417715886165
GL55,0.816347708,0.936204714,0.2326445890074319,0.0740958742528368,0.0753324791958865,0.1295973609576813,0.1870689309735696,0.1665813264543843,0.1029328374148591,0.0317466017433502
GL56,1.244708777,1.427458193,0.2648344674020472,0.0377068796769032,0.0541303425803982,0.1269034314149895,0.1245459896367823,0.1876310995181778,0.1710957569673354,0.0331520328033661
GL6,0.409019478,0.469072136,0.3094164375332669,0.0324955471146386,0.0644152462990429,0.146019863877726,0.1653059524726422,0.1777661833916379,0.0846375887441194,0.0199431805669258
GL7,0.63729704,0.730865644,0.2422224445553834,0.0357003642645068,0.0475997737062683,0.1198604777264297,0.2177865641378218,0.1708220315949219,0.1494991688940452,0.0165091751206225
GL8,1.151376485,1.320422759,0.3524356082429462,0.0357301491894214,0.0335427559224017,0.0998612323999538,0.2144008567999326,0.1541509994912641,0.0830006361987089,0.0268777617553709
GL9,0.52138407,0.597934213,0.4431328478026266,0.0443737908241822,0.0333807763750186,0.0705788854749412,0.1359045698985028,0.1365632214668432,0.083398773877491,0.0526671342803939
GU1,0.535788485,0.614453498,0.329575717721079,0.1164141090869413,0.0539501750782811,0.1172658094892104,0.1513084494813172,0.0804135215885872,0.138544091219137,0.0125281263354464
GU10,0.649838374,0.745248309,0.2343785330386572,0.0903079979023402,0.109528175002876,0.1571546990673261,0.1989225981865399,0.1100960569112506,0.0872344047758424,0.0123775351151671
GU11,0.261272995,0.299633363,0.1517444063507586,0.0870803925535847,0.0462603048245189,0.0715834295370203,0.2572459499407178,0.1984262874247996,0.1746773583190238,0.012981871049576
GU12,0.307832623,0.353028924,0.0885591432878513,0.1038776594737169,0.0839265591309614,0.2117689999829163,0.2443938502684931,0.1556875108437653,0.1051479919639339,0.0066382850483615
GU14,0.383784743,0.440132412,0.1089413074201578,0.1080285548740009,0.037975853632411,0.1765175310997526,0.2193854397056363,0.1861089781493171,0.1483220092567843,0.0147203258619397
GU15,0.434667849,0.498486227,0.0727349215534625,0.0698821616666516,0.0679505760236783,0.2341227859685903,0.2910377468812276,0.1216510295998235,0.1235034002743516,0.0191173780322143
GU16,0.358953091,0.411654951,0.028837655463836,0.0556765967328358,0.0279132494100843,0.2553386171041663,0.3821048175419143,0.1456644353490442,0.0861714484053686,0.0182931799927501
GU17,0.456726908,0.523784021,0.0477707723307772,0.0402260802653448,0.0206080865627963,0.2465154385988472,0.4177736371003976,0.1634566780538351,0.0512556801644933,0.0123936269235082
GU18,0.368986658,0.423161657,0.0181565400975871,0.0736039348877857,0.0629745308111816,0.1227723621952951,0.3199066294408166,0.3283095291257371,0.0604170230425242,0.0138594503990724
GU19,0.502786556,0.576606192,0.0640711973919073,0.1198756913861885,0.0157277123198871,0.1886049106941526,0.2680161982516207,0.248571979008072,0.0698407370989676,0.025291573849204
GU2,0.475979145,0.54586289,0.114996643747338,0.1887114028739877,0.223945534409435,0.1352027990279835,0.1368273947335128,0.096139624077474,0.093559261388522,0.0106173397417468
GU20,0.806586909,0.925010825,0.1404814020912198,0.0955738304750011,0.0582684808592197,0.1499854742536701,0.2348129733719884,0.2256876788386112,0.0691251676925926,0.0260649924176968
GU21,0.39151923,0.449002484,0.0860430262790932,0.106951409914956,0.0722542478928643,0.2110504506966043,0.2357436179545269,0.1590884531601633,0.1200162528579353,0.0088525412438563
GU22,0.27017581,0.309843299,0.0553896102142053,0.1306596773897126,0.0925680538476107,0.2340943966374044,0.1351827369821834,0.1894315551293174,0.1493599632485967,0.0133140065509692
GU23,0.445127586,0.510481673,0.1665095959877252,0.1028240761335358,0.1223112385955231,0.2359576322451857,0.1240841542796366,0.1061989693165596,0.1150712751511429,0.0270430582906909
GU24,0.624176845,0.715819129,0.1282188186047106,0.1219136685125646,0.0893160557970089,0.2540812709135993,0.1636386845669379,0.1627410705925505,0.0610946497513426,0.0189957812612853
GU25,0.52815967,0.605704613,0.0700314923282739,0.0695867114504806,0.1389625188560884,0.2622852160146177,0.0559928192672911,0.2187885817174905,0.1569937780583708,0.0273588823073868
GU26,0.908634541,1.042041194,0.1299740886552317,0.1714037909099912,0.0637557008729974,0.1272873284749779,0.235701907866613,0.1207847701945888,0.1421393766064192,0.0089530364191807
GU27,0.535445095,0.614059692,0.1777452666837432,0.1268236741543986,0.0751493537521945,0.1635499662850489,0.1627902849414737,0.1698076910376351,0.1095799246343974,0.0145538385111081
GU28,0.733992088,0.841757558,0.369969528297085,0.065402019531047,0.0451325093313499,0.153434358085563,0.1662169224582219,0.0772465156046779,0.0809134022541426,0.0416847444379123
GU29,0.875660662,1.004226057,0.2832278531193601,0.0664384637977466,0.0790600948983509,0.1434048879693393,0.2057064646442473,0.1162261676659309,0.0791454458932622,0.0267906220117623
GU3,0.85196458,0.977050891,0.197220161209075,0.1135970984553903,0.109684280306359,0.2144962193263511,0.1592565063901857,0.0991745509947216,0.0866978370873372,0.0198733462305797
GU30,0.883034067,1.012682032,0.1099145045377883,0.1224819880961223,0.0421006661201836,0.1559495048191003,0.2528587388492856,0.1513550370367228,0.154662797376191,0.0106767631646057
GU31,0.846077838,0.970299852,0.2135334355888065,0.0709284949216864,0.0508761085329612,0.1235331033661387,0.2231759111597939,0.2106586441527013,0.0914939735520529,0.0158003287258587
GU32,0.688673204,0.789784908,0.2398791270715806,0.1172419464180081,0.0447916076885976,0.1130146410472608,0.1654023294695889,0.2142431150781879,0.099167209349776,0.0062600238769997
GU33,0.23902305,0.274116658,0.2313933311846855,0.0995039355534681,0.0360515040163711,0.1447473565449786,0.211078253910373,0.1849212264240069,0.0681507655181968,0.0241536268479197
GU34,0.470819961,0.53994623,0.1632858229545067,0.0905016918739522,0.0523570755868843,0.1458649485600037,0.1878902571027598,0.1960144499487493,0.1490317783635235,0.0150539756096201
GU35,0.57459098,0.658953016,0.0677600143215468,0.0401125443972091,0.0284143698750272,0.1462438335969581,0.2855818252911766,0.3197609870691251,0.0933475484929072,0.0187788769560495
GU4,0.35201083,0.40369342,0.1804082229079264,0.0923518586790469,0.0860091359424778,0.201019588203201,0.1765936255999841,0.164361924632137,0.0857702267865899,0.0134854172486367
GU46,0.678961731,0.778647587,0.0346676775392538,0.0261508466386607,0.0216048620704287,0.1893608100801351,0.5363228029207694,0.1487029457468701,0.0373765363537874,0.0058135186500945
GU47,0.385109377,0.44165153,0.05059094592671,0.030581468805111,0.0234997219234151,0.2287675984523255,0.3830022628570084,0.2071253100502954,0.0622219950561763,0.014210696928958
GU5,0.288714802,0.331104204,0.3113493605627295,0.1072658190186304,0.1496853835439965,0.1555648406747226,0.0986520179583823,0.0730039335038997,0.0809395095236791,0.0235391352139598
GU51,0.501156398,0.574736693,0.0337019857818095,0.1126346115859348,0.0474281127582521,0.1552649744885219,0.2327145682954146,0.1968720092670341,0.214499153286704,0.0068845845363287
GU52,0.292443785,0.335380681,0.0257003286975241,0.0530471263701251,0.023051821802361,0.2246827365021331,0.3603847000332351,0.2220344973132862,0.0868939468214197,0.0042048424599154
GU6,0.824118619,0.945116558,0.1262040147430675,0.1141682650585712,0.0905191946016743,0.1179120580859575,0.2982623192503342,0.172834463547036,0.0731478019520787,0.0069518827612802
GU7,1.222846862,1.40238649,0.2827259444703125,0.0965369256752301,0.0710227092579063,0.1352358774513686,0.1528258535146663,0.1662992861763241,0.0915640181137242,0.0037893853404676
GU8,0.919288779,1.054259699,0.2949624275737632,0.0911978319605879,0.0934258720252946,0.1731800300473049,0.1359646721618332,0.1141011245721788,0.0855328030909737,0.0116352385680633
GU9,0.564145911,0.646974391,0.2518727308025498,0.073396383427969,0.0689912273438076,0.1638462433145084,0.2275388390430499,0.13129981138485,0.0757605119023965,0.0072942527808686
HA0,0.077031919,0.088341824,0.0279604620272055,0.2449920658239345,0.3374100226334776,0.1467510293442561,0.0609140463704401,0.1059356074910554,0.0755705464655209,0.0004662198441096
HA1,0.121073935,0.138850134,0.1077502751563106,0.3377635271632422,0.1633026109920592,0.0365823411980994,0.0874807985286853,0.0885263203033666,0.17175762151895,0.0068365051392865
HA2,0.078842845,0.090418633,0.041870208272163,0.2208076790895351,0.430483886478391,0.0409139079424954,0.0462297169612005,0.0598964232786703,0.1572174836061658,0.0025806943713785
HA3,0.127911221,0.146691277,0.0404407256161791,0.2492520386885303,0.4077527986419481,0.0884283690885713,0.0587505506526912,0.0551698026791087,0.0972514001338374,0.0029543144991334
HA4,0.271704918,0.311596912,0.0028319743244675,0.0934643184657571,0.491357942034793,0.1841117778726989,0.0800973391465034,0.0683584599110773,0.0787827038724519,0.0009954843722505
HA5,0.382260288,0.438384134,0.015252671330881,0.1530696549924348,0.3422301853683234,0.1752929531039188,0.1647180913464481,0.0962446331960245,0.0518734716840108,0.0013183389779583
HA6,0.355946992,0.408207494,0.0141546341433321,0.177401099485937,0.1971444737018834,0.167314926928296,0.2314862195605023,0.1254744581693601,0.0775042776205669,0.0095199103901218
HA7,0.501606405,0.575252771,0.0115802837405038,0.0253860915250893,0.4598509051069199,0.14570070272843,0.0856816984165382,0.058310665162369,0.2110099310323679,0.0024797222877815
HA8,0.128782585,0.147690576,0.0063668022975957,0.2756741611862568,0.4361591552157836,0.0651508966809569,0.0701863326855916,0.0441529052588536,0.1005758332934824,0.0017339133814791
HA9,0.075120606,0.08614989,0.0108858862656624,0.2319685247701325,0.2817369600915178,0.1191576778209886,0.0682047076726914,0.0620551379286011,0.225033467435053,0.0009576380153529
HD1,0.291888215,0.334743542,0.3722745172347599,0.1236775616044631,0.1313167579739666,0.0599796699957183,0.0393839416790976,0.0456394764112069,0.1607038033527828,0.0670242717480046
HD2,0.250760513,0.287577429,0.1990902340649966,0.1195611960407126,0.1363010630296744,0.2143334581661414,0.1156939534480085,0.0923301550970047,0.0989469383491954,0.0237430018042662
HD3,0.218777155,0.250898241,0.2561529948765272,0.1069231833328146,0.0977473769015069,0.1437516452065364,0.1596047673090416,0.0897430398568764,0.126196848189255,0.0198801443274417
HD4,0.322779403,0.370170205,0.251919190550344,0.1342607026144974,0.1641963741266897,0.1143404730695695,0.1696092292797864,0.0861763289071695,0.0643634823445444,0.0151342191073989
HD5,0.152694405,0.175113153,0.1970258246372185,0.0915389776162349,0.1519263080970143,0.2606288055851459,0.1352709186661335,0.0699476465383098,0.0724051086521883,0.0212564102077545
HD6,0.484227171,0.555321899,0.3797098381058982,0.0592926881271119,0.0682091641383691,0.1214468981516468,0.1695540429384872,0.0793256906758283,0.1097997889547267,0.0126618889079315
HD7,0.183854379,0.210848067,0.3538413130788153,0.1072701891687631,0.053786921057102,0.0990830222341153,0.1659763681601386,0.1093296676183198,0.0940319930759364,0.0166805256068092
HD8,0.365307631,0.418942471,0.2896315192226472,0.0518109222601383,0.0522833768655799,0.1144614620736782,0.2242074095775101,0.1245696906825305,0.0997722132324192,0.0432634060854963
HD9,0.251482511,0.28840543,0.3556434166131481,0.0716487269971956,0.0449661646310826,0.0935444810707877,0.182625213087481,0.1234685283427587,0.1014215249086518,0.0266819443488942
HG1,0.385898461,0.442556467,0.3409528162093428,0.2254899233894753,0.0937250461708801,0.1088246322499993,0.1086018053384125,0.0636311049527504,0.0506362723473602,0.0081383993417791
HG2,0.332153316,0.380920406,0.1803448423511409,0.1770179176519273,0.1398820415778505,0.1777121152432273,0.1490130575213416,0.1186421650842186,0.0523000009927583,0.0050878595775352
HG3,0.507925103,0.582499186,0.3056527996384946,0.0705077359790944,0.0486094743465086,0.1243047633390656,0.2008055728003463,0.1492786759234552,0.081400797732145,0.01944018024089
HG4,1.143413633,1.311290793,0.297483927321984,0.0536863507934721,0.0431849844995499,0.1217803426019468,0.1752428006302036,0.1793740677122692,0.1019979233600861,0.027249603080488
HG5,0.444459297,0.509715266,0.1678019516872192,0.0738010910638383,0.0864193518715007,0.1902030110796972,0.21838437616519,0.1542634988653531,0.0890480829678961,0.0200786362993051
HP1,0.307504042,0.3526521,0.0757386382851827,0.0330641341947376,0.0609989252429059,0.3803648999481815,0.1140502728015585,0.1300247302165083,0.1964387342099052,0.0093196651010199
HP10,0.487781431,0.559398,0.0834099173051953,0.0810530577726448,0.094949505464488,0.2813857145747107,0.261151437437041,0.1204995287535583,0.0688502936612772,0.0087005450310844
HP11,0.409096676,0.469160669,0.1186621607085588,0.0909607622673322,0.1038132146424673,0.1859410445527046,0.1301698056193004,0.1359099946075,0.2098882326553673,0.024654784946769
HP12,0.381552244,0.437572135,0.0473374750511928,0.0974277567102378,0.1676991918220771,0.3594957538646087,0.1509367231063368,0.0973947141601676,0.0717283782842845,0.0079800070010945
HP13,0.234297708,0.268697537,0.0773904279333753,0.1008390547671171,0.096078323696151,0.2698858782348731,0.1907462187092315,0.1145528747081247,0.1375025632354334,0.0130046587156935
HP14,0.858894834,0.984998653,0.1297919214951488,0.082825013956003,0.1107538950564284,0.2250086447251975,0.2704270621162692,0.1024007865705136,0.0624191616215725,0.0163735144588667
HP15,0.156864988,0.179896066,0.0497270284607733,0.0534004315183372,0.0794775455869594,0.2441676486324363,0.381583080464886,0.0828269943764289,0.0928449054897042,0.0159723654704743
HP16,0.370183506,0.424534227,0.126619766121494,0.1225847531741136,0.0515338026714523,0.2014253158440066,0.3220104486591978,0.0945894041357204,0.0570442275763089,0.0241922818177059
HP17,0.445188109,0.510551082,0.1621113111411547,0.0603660559649862,0.0593034653126027,0.2022716777731737,0.2623611445068168,0.1372612339675554,0.1021941142022815,0.0141309971314286
HP18,0.637985176,0.731654813,0.1990149945705506,0.0262718697228058,0.0294921537464859,0.1821862627349084,0.2210827338986705,0.1084390497268402,0.2052806639037592,0.0282322716959789
HP19,0.220941986,0.253380915,0.0516692296042892,0.0130655043530204,0.0573960682133955,0.1790782420308532,0.1663954841952692,0.2251105949101946,0.2978825975573916,0.009402279135586
HP2,0.295912209,0.339358342,0.045503655092124,0.0228673186811789,0.0425615980108656,0.3254886017247937,0.2984371744934241,0.1188815822528575,0.1362533219054535,0.0100067478393022
HP20,0.387312179,0.44417775,0.1887621118747728,0.0721745153961011,0.0450302944629986,0.0895485565255146,0.2263154928647278,0.1874641635330821,0.1790063660070795,0.0116984993357232
HP21,0.302252605,0.346629642,0.0565489231733787,0.0591009734456794,0.0406768765969225,0.185887375527401,0.3573150468004644,0.1867200054686145,0.1087872107292103,0.004963588258329
HP22,0.912444888,1.04641098,0.159785083875687,0.0628576166719095,0.0826714403058656,0.2138912254949054,0.230927156822285,0.1322451834394866,0.103186942775215,0.0144353506146456
HP23,0.225393116,0.258485564,0.2160099308336582,0.062784539032749,0.0487639375589671,0.2062292438198457,0.2535606030469959,0.1182305676748612,0.0798117966647887,0.014609381368134
HP27,0.698272174,0.800793209,0.1093226404154825,0.0573666934061754,0.0643626769529157,0.2780811963477853,0.2378819971018202,0.166133142001102,0.0737996895555823,0.0130519642191364
HP3,0.208511982,0.239125924,0.0783956432988512,0.0630948510316174,0.090159855891587,0.2969074109493435,0.1870931814027513,0.1100521938621438,0.1636637243254917,0.0106331392382137
HP4,0.388161625,0.445151912,0.2190925276785494,0.0507154899896465,0.0706937000252611,0.1534493324368574,0.189531054344462,0.1514963944792498,0.1510396047840196,0.0139818962619539
HP5,0.428945587,0.491923817,0.1166982843874934,0.121691672088753,0.0820394075507608,0.3298971222081482,0.1527969639684853,0.0875874587355145,0.0999566859404104,0.009332405120434
HP6,0.432597824,0.49611228,0.0259864663003773,0.1326295964894095,0.1758488207735602,0.2226409826526692,0.1725115332962532,0.1856226566504623,0.0710946233482957,0.0136653204889722
HP7,0.433763168,0.49744872,0.1179460034792747,0.0964682064137444,0.1476356504826539,0.2384450469938426,0.1363025544271241,0.1470859523146302,0.1004002198023162,0.0157163660864135
HP8,0.355567522,0.40777231,0.0588641539408701,0.1133462532124653,0.1563231579039866,0.2922997455650184,0.1561709091746863,0.1221593623807178,0.0837241571229539,0.0171122606993011
HP9,0.487153813,0.558678234,0.0396442983496262,0.1163918060532291,0.1140937242914891,0.2580995508333004,0.1371184758051098,0.1422543409279705,0.1830535693665177,0.0093442343727569
HR1,0.518820301,0.594994029,0.3223827596141082,0.0552943220226263,0.0568957094308203,0.126603963189124,0.1676467773985854,0.143880659525965,0.1183514095592579,0.0089443992595125
HR2,0.647288426,0.742323975,0.2806014535932288,0.0296262682922868,0.0580716611140802,0.1876887159807507,0.1370384416630468,0.1649210840187175,0.1319751934350669,0.010077181902822
HR3,1.33247831,1.528114139,0.5247857887239373,0.0462637337723411,0.0317665280802892,0.0732807152696607,0.0993150609828346,0.0978528208885813,0.1130520936118681,0.0136832586704874
HR4,0.412317133,0.472853957,0.3043644298801133,0.048899142316556,0.0458418983328978,0.1302404293655769,0.1716712541415475,0.1673385282181671,0.1240875963100731,0.0075567214350681
HR5,0.69226631,0.793905558,0.4380376789830412,0.0353988239210964,0.0220331139608773,0.1054292110673806,0.1367103962494751,0.1357218911563195,0.1254118800442548,0.0012570046175547
HR6,0.968664538,1.110884856,0.3415242324103288,0.0385075220620859,0.0245769115364806,0.1300955933410882,0.1707249982925104,0.1618450357970005,0.1263647982172057,0.0063609083432995
HR7,0.429974882,0.493104235,0.3377645813134746,0.0386776909846767,0.0139313502455298,0.0879941554611187,0.2060150687620772,0.2019477955900782,0.1073724757360441,0.0062968819070005
HR8,0.609247232,0.698697534,0.3161483467739333,0.0564831198675862,0.0434437373174237,0.0919271516673653,0.1941865976582832,0.1571733888588616,0.1303004554432145,0.0103372024133319
HR9,0.532023905,0.610136199,0.2923770937867937,0.0270126171481971,0.0434189068380964,0.1053952820890286,0.1595405516983533,0.2267252545587826,0.1379177493240184,0.0076125445567296
HS1,0.076993847,0.088298163,0.20224902268677217,0.08133816650201105,0.07293260880352417,0.16328595547722832,0.20308674887676573,0.142598511639583,0.11929560641625485,0.01521337959786059
HS2,0.075664982,0.086774192,0.20224902268677217,0.08133816650201105,0.07293260880352417,0.16328595547722832,0.20308674887676573,0.142598511639583,0.11929560641625485,0.01521337959786059
HS3,0.074813292,0.085797456,0.20224902268677217,0.08133816650201105,0.07293260880352417,0.16328595547722832,0.20308674887676573,0.142598511639583,0.11929560641625485,0.01521337959786059
HS4,0.078548155,0.090080676,0.20224902268677217,0.08133816650201105,0.07293260880352417,0.16328595547722832,0.20308674887676573,0.142598511639583,0.11929560641625485,0.01521337959786059
HS5,0.074720898,0.085691497,0.20224902268677217,0.08133816650201105,0.07293260880352417,0.16328595547722832,0.20308674887676573,0.142598511639583,0.11929560641625485,0.01521337959786059
HS6,0.546537698,0.626780922,0.20224902268677217,0.08133816650201105,0.07293260880352417,0.16328595547722832,0.20308674887676573,0.142598511639583,0.11929560641625485,0.01521337959786059
HS7,0.541948236,0.621517631,0.20224902268677217,0.08133816650201105,0.07293260880352417,0.16328595547722832,0.20308674887676573,0.142598511639583,0.11929560641625485,0.01521337959786059
HS8,0.538794898,0.617901316,0.20224902268677217,0.08133816650201105,0.07293260880352417,0.16328595547722832,0.20308674887676573,0.142598511639583,0.11929560641625485,0.01521337959786059
HS9,2.001494958,2.295356495,0.20224902268677217,0.08133816650201105,0.07293260880352417,0.16328595547722832,0.20308674887676573,0.142598511639583,0.11929560641625485,0.01521337959786059
HU1,0.742988343,0.852074652,0.1645026069947448,0.0514708145493485,0.0080730021829351,0.079528202219629,0.1515600633029121,0.3144185090854499,0.2217955769545553,0.008651224710425
HU10,0.820284831,0.940719889,0.056783883880885,0.0551510492140053,0.250264458281628,0.305851907485591,0.170493732234658,0.1278437677502456,0.0323532550501619,0.0012579461028249
HU11,0.537219042,0.616094092,0.1583516938335741,0.0375652921293282,0.1058995693138742,0.1916291908070422,0.2796998889032836,0.1196291767612459,0.0987346247096861,0.0084905635419653
HU12,0.563369195,0.646083636,0.1335125729240264,0.0359357746041556,0.0601325012842418,0.1533902493868942,0.2395858149823521,0.2480773098635084,0.1158412071199066,0.0135245698349145
HU13,0.261380194,0.299756302,0.1331444966722023,0.1379583702240484,0.2818948174034527,0.1576050762213385,0.060180894093623,0.1829051892955848,0.0450863235947938,0.0012248324949562
HU14,1.389737183,1.593779818,0.1019819466128486,0.0812366232954984,0.1572865389796943,0.1532821327320669,0.2254322852889637,0.1976211803644267,0.0745158428857766,0.0086434498407244
HU15,0.592162917,0.679104882,0.112213287630544,0.0313598305056445,0.047882610934454,0.1590327397508965,0.2401786173673222,0.2390449151358799,0.156460710056584,0.0138272886186745
HU16,0.71304486,0.817734836,0.0831360471603337,0.0923116257434973,0.1143963938167871,0.2018738093655558,0.3050751264878665,0.1469848151150585,0.0514901638552423,0.0047320184556585
HU17,0.39812983,0.456583659,0.1870736754972521,0.0557936414128861,0.0635813173710042,0.1555023785039771,0.162131780673455,0.2790477760925959,0.0911344468711828,0.0057349835776465
HU18,0.386684221,0.443457594,0.1802528694657419,0.1805164915680855,0.0493565707897507,0.1996657917385107,0.1464529359354056,0.1517236428789608,0.0832937768292692,0.0087379207942752
HU19,0.221120293,0.2535854,0.2156540823151073,0.2628585035168249,0.0463875357751207,0.1312386550954793,0.1645291001372805,0.0914211653080697,0.0785935480445287,0.0093174098075887
HU2,0.46473997,0.532973568,0.1572882439343229,0.0910208718290283,0.0014854496176217,0.0973266233272961,0.277880929538227,0.1789579093498627,0.1868837429622767,0.0091562294413643
HU20,0.84603579,0.970251631,0.1044376414646843,0.089401816716582,0.0314059272608511,0.331632867714651,0.2373346462176596,0.1525329693314303,0.0506219982203576,0.0026321330737837
HU3,0.463801938,0.531897813,0.325898343385448,0.1358011671991468,0.0199824274345148,0.060847553709422,0.1671935351138392,0.2182713712902105,0.0628271387064457,0.0091784631609728
HU4,0.194293741,0.222820147,0.0532279413809357,0.1981140559882809,0.1976561199486579,0.1783408945317904,0.0898065107828766,0.192847622211129,0.0866084698925603,0.0033983852637689
HU5,0.330367628,0.378872541,0.2410877235525005,0.1860452619942836,0.2690260594142165,0.088166708993572,0.0753235806131306,0.1005613278040378,0.0368738599187835,0.002915477709475
HU6,0.391479621,0.44895706,0.0659385963301761,0.0650330202647288,0.4608005806024524,0.0807057086614975,0.2020309002271785,0.0923502069500333,0.0310201204396197,0.0021208665243133
HU7,0.148483246,0.170283709,0.0297482655724043,0.0497889178281914,0.1197441841001527,0.0337393575943516,0.4851201794748729,0.1177623946309134,0.1599464011801571,0.0041502996189561
HU8,0.307067046,0.352150943,0.1239258427557222,0.1575150696938791,0.1579990306457113,0.1612569389727854,0.1631436634118093,0.1827975100780555,0.0524340693155914,0.0009278751264454
HU9,0.419949904,0.481607379,0.1279381932197037,0.1338428896272499,0.1123987421003026,0.1992847050780076,0.0417601176330716,0.3242466276127314,0.0580493710073212,0.0024793537216117
HX1,0.458088551,0.52534558,0.459778660932319,0.0628012897433261,0.0547993708790586,0.1023584312219374,0.0742292477721785,0.0598164420407339,0.1678342335382006,0.0183823238722456
HX2,0.364719526,0.41826802,0.2629214530030059,0.0752220241795456,0.099605297351009,0.21175836860978,0.1642994538513444,0.0533250437176419,0.113739484636207,0.0191288746514658
HX3,0.389607384,0.446809939,0.2695397139405472,0.1001454201691399,0.1503249917583869,0.1244568354263821,0.1310070047720246,0.0968071276834516,0.1134135534165529,0.0143053528335144
HX4,1.524214011,1.748000671,0.3676266196901256,0.0388297301390716,0.0608841936751034,0.0739303647654111,0.1621777952460794,0.1455320270683302,0.115914905858799,0.0351043635570794
HX5,0.554109225,0.635464109,0.2699957806391954,0.0909598370549519,0.1031090412651074,0.1037876327622209,0.1909782632305816,0.0636473158930042,0.1483318659275599,0.0291902632273783
HX6,0.887296577,1.017570369,0.3891143012620709,0.0612530245596578,0.0840698128727555,0.0724163026590476,0.134948213533024,0.0588910039642338,0.1379830348877183,0.0613243062614917
HX7,0.292291262,0.335205765,0.5150772101706932,0.055568717608925,0.0778577085981701,0.0625001507466918,0.0987483728476714,0.0574710685267207,0.109046154372566,0.0237306171285616
IG1,0.075341528,0.086403248,0.1928713304401109,0.4132533433764283,0.0496422233281475,0.0187637048492744,0.0069290284366273,0.1253733639773344,0.1906717696570722,0.0024952359350046
IG10,0.173915579,0.199450042,0.0654402546195444,0.1097529302428048,0.1660899181685443,0.381028870797266,0.107024102331904,0.1181507454300793,0.0420009703459259,0.010512208063931
IG11,0.090697981,0.104014351,0.0371262177611054,0.191056081568939,0.1694574933311843,0.2140397407669378,0.1348488978351843,0.0513088113674567,0.1988664031532725,0.0032963542159197
IG2,0.113916823,0.130642208,0.0584337906088988,0.3825004533233368,0.2529780913395141,0.0779986707492508,0.0221556152130131,0.0651764489658528,0.1398583412996208,0.0008985885005123
IG3,0.154637222,0.177341218,0.1398366254894494,0.5207601725564073,0.1274774969226508,0.0473670436312475,0.0087814852831248,0.0796331517782932,0.0750754346877956,0.0010685896510311
IG4,0.182763255,0.209596743,0.0433616771615055,0.3091774851787656,0.3948244560888097,0.0788454313845568,0.0402898558534769,0.0629897041320146,0.0693846804834394,0.0011267097174313
IG5,0.144535962,0.16575688,0.0399081246090297,0.1061612665154768,0.5438778361683768,0.1338337660080561,0.0426985406901259,0.0676729585265833,0.0652339808464493,0.0006135266359018
IG6,0.089819311,0.103006675,0.0412371774233784,0.1309321974343755,0.3270199804299556,0.2117579096015802,0.07745909463688,0.0832661193178313,0.1275431012002724,0.0007844199557263
IG7,0.105404678,0.120880301,0.055332286361956,0.057470781009399,0.079984751252173,0.4444822538113451,0.2229682641906661,0.0613990963372735,0.0708340000179967,0.0075285670191903
IG8,0.276933238,0.317592859,0.0741394221473164,0.1900425979138987,0.2349483624736196,0.2607651779342548,0.1196673653599273,0.0731607288748422,0.0456785754526083,0.0015977698435324
IG9,0.327764182,0.375886854,0.1165694875131019,0.0918691106247116,0.2286680340659088,0.2168944119218876,0.1597345309932265,0.1259284027847723,0.0548923339403165,0.0054436881560743
IP1,0.277000884,0.317670438,0.1588880605780998,0.0647758034557525,0.0859249220327997,0.1146424098988288,0.0673929476237814,0.0845533577206558,0.4229128866331989,0.0009096120568828
IP10,0.840886515,0.964346333,0.1683791703780574,0.0476914279162276,0.0652282055586819,0.1708480669050024,0.2621211969168133,0.1470692542136142,0.1364153340505032,0.0022473440610997
IP11,0.347039663,0.397992381,0.1060164029113598,0.1383305810727554,0.0946126673980876,0.1731980741397917,0.2600553630973519,0.1598489860104489,0.0627369398507243,0.0052009855194802
IP12,0.525566514,0.602730728,0.247403722716058,0.0313199629650372,0.057158452772429,0.1777722112473652,0.1838495639709812,0.1563895130423472,0.133759851577041,0.0123467217087408
IP13,0.773848089,0.887465258,0.3474485170933264,0.0346900695886799,0.0431365197929843,0.1262716105259345,0.1605528671868291,0.1476052479779416,0.1197393702840251,0.0205557975502787
IP14,0.823836705,0.944793253,0.2563445364585949,0.0481256697311673,0.0391108559712022,0.1018327157196571,0.204407708877569,0.1903358095467275,0.152802269725563,0.0070404339695186
IP15,0.135866793,0.155814894,0.2844944596055919,0.0945507107589149,0.0697560666228809,0.1463747269424434,0.1509180992650212,0.1288308056297623,0.1048637982093656,0.0202113329660195
IP16,0.137217832,0.157364294,0.2587588048039369,0.1131677946642008,0.0569148948115017,0.1796621148598593,0.1520164659422077,0.1362996717156269,0.0827615440334621,0.0204187091692044
IP17,0.507541191,0.582058908,0.3676340802186343,0.0414234904931055,0.0503966878656756,0.1003249167884065,0.1225554392965674,0.1368372324105815,0.1527841200560552,0.0280440328709737
IP18,1.012085648,1.160681098,0.3226880955441273,0.1141172372504413,0.0806273925395318,0.1256034070625672,0.143880360503524,0.0802857796474594,0.1202843142116107,0.012513413240738
IP19,0.587393778,0.673635533,0.3194488979616581,0.0361934130911876,0.0542122316492618,0.1279366807419633,0.2120270238392141,0.1334230318775436,0.0972048229065852,0.0195538979325859
IP2,0.321623761,0.36884489,0.0811666201950386,0.0578010096041012,0.027845830834479,0.2604860681647457,0.2759611440969808,0.1007864033936989,0.1941023667559687,0.001850556954987
IP20,0.932723294,1.069666683,0.2451448129484736,0.0294066579188368,0.0319686798646739,0.1047844354132237,0.2339071973020665,0.1927459274500063,0.1432342578053292,0.0188080312973895
IP21,1.030031601,1.181261895,0.3336995258173052,0.0292887290597823,0.039850017562285,0.1245597733518075,0.186432409086046,0.157678376178328,0.1164440050732867,0.0120471638711591
IP22,0.803285496,0.921224694,0.2148836841460451,0.0261777795877914,0.0350315453580734,0.1417647252726527,0.2217572684373961,0.2087139496458646,0.1376781693068848,0.0139928782452914
IP23,1.150304599,1.319193498,0.3150506007154179,0.0206295563621577,0.0359306961598173,0.1145772170077052,0.1698665687752565,0.196312288275516,0.1346200689778335,0.0130130037262956
IP24,0.462693108,0.530626183,0.1429310011108595,0.0193156235026732,0.0117958364389165,0.1591598690268047,0.3427874370148257,0.1635183170826032,0.1395826334834108,0.0209092823399061
IP25,0.301170931,0.345389155,0.1534264938556177,0.0306737890681835,0.0283300532421627,0.155827076957452,0.2692870250707883,0.1579165129675961,0.1770167625241284,0.027522286314071
IP26,0.272391935,0.312384797,0.1814825620627491,0.0353837834414159,0.0384220763979802,0.1960612934666327,0.2725347235350985,0.1465928851764389,0.1039490726011938,0.0255736033184907
IP27,0.277470093,0.318208536,0.075475052865728,0.0233407498041056,0.0213664552984597,0.1207146924148197,0.4423121750616895,0.1856210890902219,0.1232708791881267,0.0078989062768486
IP28,0.462277823,0.530149926,0.1126883151935469,0.0107098644215968,0.0344400533515881,0.1084775251444483,0.3146281825527051,0.1490551652097472,0.2537225870345433,0.0162783070918241
IP29,1.236870125,1.418468663,0.2642348606527909,0.026829295595263,0.0422996564637765,0.1453590718568704,0.2807815767880597,0.1190435468531525,0.1017230599448602,0.0197289318452267
IP3,0.456978458,0.524072502,0.0897502061534479,0.1230740181979937,0.2582851913770849,0.0729651074210861,0.0609603671475109,0.0955798651412835,0.2986480574313098,0.0007371871302828
IP30,0.253803678,0.291067394,0.249614999984949,0.0286469865942735,0.0391409260062943,0.1379670637998174,0.2181597189793895,0.1675297597722927,0.1470179568725259,0.0119225879904574
IP31,0.555545114,0.637110816,0.2055016314320333,0.0146024710041248,0.0496512329750292,0.1529003468792896,0.2595287701504474,0.1996883830255792,0.1034968049151917,0.0146303596183044
IP32,0.607605594,0.696814869,0.0893893078847425,0.0126344759365038,0.0146899664930566,0.1803109235399967,0.2280736986088554,0.28529232292729,0.1813073017559814,0.0083020028535732
IP33,0.227386946,0.26077213,0.2023484983125369,0.030121359537096,0.0413911617321867,0.1071067115561401,0.2225316416123569,0.1992724409862039,0.1859207814152705,0.0113074048482088
IP4,0.264434726,0.303259303,0.1734394155550574,0.1208566358737512,0.1406443397822518,0.1493860353682783,0.0674778860713076,0.1191509286591016,0.2259440456245194,0.0031007130657325
IP5,0.513107518,0.588442489,0.0154679647928323,0.0291394549567242,0.0550831920027877,0.1718371029122531,0.1784847111481835,0.3232094954476722,0.2229741640844955,0.0038039146550512
IP6,0.364551357,0.41807516,0.2173983751908999,0.041511398685267,0.0342583223749845,0.1112872472539486,0.2345484145041469,0.1683515075140372,0.1806839496912229,0.0119607847854927
IP7,0.423810724,0.486035048,0.2403918620494976,0.0338357064371968,0.0327043804876928,0.1398645013944665,0.2258863757820169,0.1397142737103847,0.175961936835256,0.0116409633034885
IP8,0.660605847,0.757596673,0.1827270551635563,0.0563710183110166,0.0518145905819644,0.1519459772045428,0.2295893555447411,0.1678616481146737,0.1481657897995386,0.0115245652799661
IP9,1.350184052,1.548419456,0.1963729743394305,0.0427114847435318,0.0607003066194433,0.1509006130911801,0.2924295827850757,0.1021039959346408,0.143277599422773,0.0115034430639246
IV1,0.274555609,0.314866144,0.20224902268677217,0.08133816650201105,0.07293260880352417,0.16328595547722832,0.20308674887676573,0.142598511639583,0.11929560641625485,0.01521337959786059
IV10,0.151907139,0.1742103,0.20224902268677217,0.08133816650201105,0.07293260880352417,0.16328595547722832,0.20308674887676573,0.142598511639583,0.11929560641625485,0.01521337959786059
IV11,0.145828985,0.167239745,0.20224902268677217,0.08133816650201105,0.07293260880352417,0.16328595547722832,0.20308674887676573,0.142598511639583,0.11929560641625485,0.01521337959786059
IV12,0.421599714,0.483499415,0.20224902268677217,0.08133816650201105,0.07293260880352417,0.16328595547722832,0.20308674887676573,0.142598511639583,0.11929560641625485,0.01521337959786059
IV13,0.387799074,0.444736131,0.20224902268677217,0.08133816650201105,0.07293260880352417,0.16328595547722832,0.20308674887676573,0.142598511639583,0.11929560641625485,0.01521337959786059
IV14,0.339821264,0.38971417,0.20224902268677217,0.08133816650201105,0.07293260880352417,0.16328595547722832,0.20308674887676573,0.142598511639583,0.11929560641625485,0.01521337959786059
IV15,0.327839293,0.375972994,0.20224902268677217,0.08133816650201105,0.07293260880352417,0.16328595547722832,0.20308674887676573,0.142598511639583,0.11929560641625485,0.01521337959786059
IV16,1.003573016,1.150918633,0.20224902268677217,0.08133816650201105,0.07293260880352417,0.16328595547722832,0.20308674887676573,0.142598511639583,0.11929560641625485,0.01521337959786059
IV17,1.362604846,1.562663884,0.20224902268677217,0.08133816650201105,0.07293260880352417,0.16328595547722832,0.20308674887676573,0.142598511639583,0.11929560641625485,0.01521337959786059
IV18,1.650934928,1.893326884,0.20224902268677217,0.08133816650201105,0.07293260880352417,0.16328595547722832,0.20308674887676573,0.142598511639583,0.11929560641625485,0.01521337959786059
IV19,1.460272615,1.674671335,0.20224902268677217,0.08133816650201105,0.07293260880352417,0.16328595547722832,0.20308674887676573,0.142598511639583,0.11929560641625485,0.01521337959786059
IV2,0.385964826,0.442632577,0.20224902268677217,0.08133816650201105,0.07293260880352417,0.16328595547722832,0.20308674887676573,0.142598511639583,0.11929560641625485,0.01521337959786059
IV20,0.495966466,0.56878477,0.20224902268677217,0.08133816650201105,0.07293260880352417,0.16328595547722832,0.20308674887676573,0.142598511639583,0.11929560641625485,0.01521337959786059
IV21,1.810281276,2.076068625,0.20224902268677217,0.08133816650201105,0.07293260880352417,0.16328595547722832,0.20308674887676573,0.142598511639583,0.11929560641625485,0.01521337959786059
IV22,1.741887481,1.997633184,0.20224902268677217,0.08133816650201105,0.07293260880352417,0.16328595547722832,0.20308674887676573,0.142598511639583,0.11929560641625485,0.01521337959786059
IV23,0.748262996,0.858123735,0.20224902268677217,0.08133816650201105,0.07293260880352417,0.16328595547722832,0.20308674887676573,0.142598511639583,0.11929560641625485,0.01521337959786059
IV24,1.135434016,1.302139601,0.20224902268677217,0.08133816650201105,0.07293260880352417,0.16328595547722832,0.20308674887676573,0.142598511639583,0.11929560641625485,0.01521337959786059
IV25,1.030191135,1.181444852,0.20224902268677217,0.08133816650201105,0.07293260880352417,0.16328595547722832,0.20308674887676573,0.142598511639583,0.11929560641625485,0.01521337959786059
IV26,0.370863414,0.425313959,0.20224902268677217,0.08133816650201105,0.07293260880352417,0.16328595547722832,0.20308674887676573,0.142598511639583,0.11929560641625485,0.01521337959786059
IV27,0.555454056,0.637006388,0.20224902268677217,0.08133816650201105,0.07293260880352417,0.16328595547722832,0.20308674887676573,0.142598511639583,0.11929560641625485,0.01521337959786059
IV28,0.532203977,0.610342709,0.20224902268677217,0.08133816650201105,0.07293260880352417,0.16328595547722832,0.20308674887676573,0.142598511639583,0.11929560641625485,0.01521337959786059
IV3,0.338473738,0.388168799,0.20224902268677217,0.08133816650201105,0.07293260880352417,0.16328595547722832,0.20308674887676573,0.142598511639583,0.11929560641625485,0.01521337959786059
IV30,0.386951053,0.443763603,0.20224902268677217,0.08133816650201105,0.07293260880352417,0.16328595547722832,0.20308674887676573,0.142598511639583,0.11929560641625485,0.01521337959786059
IV31,0.34798509,0.399076617,0.20224902268677217,0.08133816650201105,0.07293260880352417,0.16328595547722832,0.20308674887676573,0.142598511639583,0.11929560641625485,0.01521337959786059
IV32,0.333359203,0.382303343,0.20224902268677217,0.08133816650201105,0.07293260880352417,0.16328595547722832,0.20308674887676573,0.142598511639583,0.11929560641625485,0.01521337959786059
IV36,0.705955705,0.809604845,0.20224902268677217,0.08133816650201105,0.07293260880352417,0.16328595547722832,0.20308674887676573,0.142598511639583,0.11929560641625485,0.01521337959786059
IV4,0.327731678,0.375849578,0.20224902268677217,0.08133816650201105,0.07293260880352417,0.16328595547722832,0.20308674887676573,0.142598511639583,0.11929560641625485,0.01521337959786059
IV40,0.326333102,0.374245662,0.20224902268677217,0.08133816650201105,0.07293260880352417,0.16328595547722832,0.20308674887676573,0.142598511639583,0.11929560641625485,0.01521337959786059
IV41,0.29721631,0.340853913,0.20224902268677217,0.08133816650201105,0.07293260880352417,0.16328595547722832,0.20308674887676573,0.142598511639583,0.11929560641625485,0.01521337959786059
IV42,0.582532928,0.668061009,0.20224902268677217,0.08133816650201105,0.07293260880352417,0.16328595547722832,0.20308674887676573,0.142598511639583,0.11929560641625485,0.01521337959786059
IV43,0.557212965,0.639023542,0.20224902268677217,0.08133816650201105,0.07293260880352417,0.16328595547722832,0.20308674887676573,0.142598511639583,0.11929560641625485,0.01521337959786059
IV44,0.568472102,0.651935757,0.20224902268677217,0.08133816650201105,0.07293260880352417,0.16328595547722832,0.20308674887676573,0.142598511639583,0.11929560641625485,0.01521337959786059
IV45,0.571615658,0.655540854,0.20224902268677217,0.08133816650201105,0.07293260880352417,0.16328595547722832,0.20308674887676573,0.142598511639583,0.11929560641625485,0.01521337959786059
IV46,0.583442784,0.66910445,0.20224902268677217,0.08133816650201105,0.07293260880352417,0.16328595547722832,0.20308674887676573,0.142598511639583,0.11929560641625485,0.01521337959786059
IV47,0.455732673,0.522643811,0.20224902268677217,0.08133816650201105,0.07293260880352417,0.16328595547722832,0.20308674887676573,0.142598511639583,0.11929560641625485,0.01521337959786059
IV48,0.434854438,0.498700212,0.20224902268677217,0.08133816650201105,0.07293260880352417,0.16328595547722832,0.20308674887676573,0.142598511639583,0.11929560641625485,0.01521337959786059
IV49,0.573527021,0.657732846,0.20224902268677217,0.08133816650201105,0.07293260880352417,0.16328595547722832,0.20308674887676573,0.142598511639583,0.11929560641625485,0.01521337959786059
IV5,0.393521695,0.451298953,0.20224902268677217,0.08133816650201105,0.07293260880352417,0.16328595547722832,0.20308674887676573,0.142598511639583,0.11929560641625485,0.01521337959786059
IV51,0.74781982,0.857615492,0.20224902268677217,0.08133816650201105,0.07293260880352417,0.16328595547722832,0.20308674887676573,0.142598511639583,0.11929560641625485,0.01521337959786059
IV52,0.306816481,0.351863591,0.20224902268677217,0.08133816650201105,0.07293260880352417,0.16328595547722832,0.20308674887676573,0.142598511639583,0.11929560641625485,0.01521337959786059
IV53,0.314616046,0.360808296,0.20224902268677217,0.08133816650201105,0.07293260880352417,0.16328595547722832,0.20308674887676573,0.142598511639583,0.11929560641625485,0.01521337959786059
IV54,0.424556183,0.486889957,0.20224902268677217,0.08133816650201105,0.07293260880352417,0.16328595547722832,0.20308674887676573,0.142598511639583,0.11929560641625485,0.01521337959786059
IV55,0.811296176,0.930411511,0.20224902268677217,0.08133816650201105,0.07293260880352417,0.16328595547722832,0.20308674887676573,0.142598511639583,0.11929560641625485,0.01521337959786059
IV56,1.180919757,1.354303604,0.20224902268677217,0.08133816650201105,0.07293260880352417,0.16328595547722832,0.20308674887676573,0.142598511639583,0.11929560641625485,0.01521337959786059
IV6,0.326624097,0.374579381,0.20224902268677217,0.08133816650201105,0.07293260880352417,0.16328595547722832,0.20308674887676573,0.142598511639583,0.11929560641625485,0.01521337959786059
IV63,0.391186904,0.448621365,0.20224902268677217,0.08133816650201105,0.07293260880352417,0.16328595547722832,0.20308674887676573,0.142598511639583,0.11929560641625485,0.01521337959786059
IV7,0.321745908,0.368984971,0.20224902268677217,0.08133816650201105,0.07293260880352417,0.16328595547722832,0.20308674887676573,0.142598511639583,0.11929560641625485,0.01521337959786059
IV8,0.165702827,0.190031486,0.20224902268677217,0.08133816650201105,0.07293260880352417,0.16328595547722832,0.20308674887676573,0.142598511639583,0.11929560641625485,0.01521337959786059
IV9,0.153644383,0.176202609,0.20224902268677217,0.08133816650201105,0.07293260880352417,0.16328595547722832,0.20308674887676573,0.142598511639583,0.11929560641625485,0.01521337959786059
KA1,0.167505278,0.192098575,0.20224902268677217,0.08133816650201105,0.07293260880352417,0.16328595547722832,0.20308674887676573,0.142598511639583,0.11929560641625485,0.01521337959786059
KA10,0.349048775,0.400296473,0.20224902268677217,0.08133816650201105,0.07293260880352417,0.16328595547722832,0.20308674887676573,0.142598511639583,0.11929560641625485,0.01521337959786059
KA11,0.113777582,0.130482522,0.20224902268677217,0.08133816650201105,0.07293260880352417,0.16328595547722832,0.20308674887676573,0.142598511639583,0.11929560641625485,0.01521337959786059
KA12,0.703782033,0.807112031,0.20224902268677217,0.08133816650201105,0.07293260880352417,0.16328595547722832,0.20308674887676573,0.142598511639583,0.11929560641625485,0.01521337959786059
KA13,0.561839262,0.644329077,0.20224902268677217,0.08133816650201105,0.07293260880352417,0.16328595547722832,0.20308674887676573,0.142598511639583,0.11929560641625485,0.01521337959786059
KA14,0.354792888,0.406883943,0.20224902268677217,0.08133816650201105,0.07293260880352417,0.16328595547722832,0.20308674887676573,0.142598511639583,0.11929560641625485,0.01521337959786059
KA15,0.272894153,0.312960752,0.20224902268677217,0.08133816650201105,0.07293260880352417,0.16328595547722832,0.20308674887676573,0.142598511639583,0.11929560641625485,0.01521337959786059
KA16,0.267345372,0.306597293,0.20224902268677217,0.08133816650201105,0.07293260880352417,0.16328595547722832,0.20308674887676573,0.142598511639583,0.11929560641625485,0.01521337959786059
KA17,0.272625716,0.312652902,0.20224902268677217,0.08133816650201105,0.07293260880352417,0.16328595547722832,0.20308674887676573,0.142598511639583,0.11929560641625485,0.01521337959786059
KA18,0.42603488,0.488585757,0.20224902268677217,0.08133816650201105,0.07293260880352417,0.16328595547722832,0.20308674887676573,0.142598511639583,0.11929560641625485,0.01521337959786059
KA19,1.37335959,1.574997651,0.20224902268677217,0.08133816650201105,0.07293260880352417,0.16328595547722832,0.20308674887676573,0.142598511639583,0.11929560641625485,0.01521337959786059
KA2,0.352776736,0.404571777,0.20224902268677217,0.08133816650201105,0.07293260880352417,0.16328595547722832,0.20308674887676573,0.142598511639583,0.11929560641625485,0.01521337959786059
KA20,0.261843771,0.300287941,0.20224902268677217,0.08133816650201105,0.07293260880352417,0.16328595547722832,0.20308674887676573,0.142598511639583,0.11929560641625485,0.01521337959786059
KA21,0.178216071,0.204381937,0.20224902268677217,0.08133816650201105,0.07293260880352417,0.16328595547722832,0.20308674887676573,0.142598511639583,0.11929560641625485,0.01521337959786059
KA22,0.184224117,0.21127209,0.20224902268677217,0.08133816650201105,0.07293260880352417,0.16328595547722832,0.20308674887676573,0.142598511639583,0.11929560641625485,0.01521337959786059
KA23,1.916967877,2.198419062,0.20224902268677217,0.08133816650201105,0.07293260880352417,0.16328595547722832,0.20308674887676573,0.142598511639583,0.11929560641625485,0.01521337959786059
KA24,0.480994991,0.551615168,0.20224902268677217,0.08133816650201105,0.07293260880352417,0.16328595547722832,0.20308674887676573,0.142598511639583,0.11929560641625485,0.01521337959786059
KA25,0.238801754,0.273862871,0.20224902268677217,0.08133816650201105,0.07293260880352417,0.16328595547722832,0.20308674887676573,0.142598511639583,0.11929560641625485,0.01521337959786059
KA26,0.599365746,0.687365239,0.20224902268677217,0.08133816650201105,0.07293260880352417,0.16328595547722832,0.20308674887676573,0.142598511639583,0.11929560641625485,0.01521337959786059
KA27,0.275101107,0.315491733,0.20224902268677217,0.08133816650201105,0.07293260880352417,0.16328595547722832,0.20308674887676573,0.142598511639583,0.11929560641625485,0.01521337959786059
KA28,0.387364312,0.444237537,0.20224902268677217,0.08133816650201105,0.07293260880352417,0.16328595547722832,0.20308674887676573,0.142598511639583,0.11929560641625485,0.01521337959786059
KA29,0.400431133,0.459222842,0.20224902268677217,0.08133816650201105,0.07293260880352417,0.16328595547722832,0.20308674887676573,0.142598511639583,0.11929560641625485,0.01521337959786059
KA3,0.10815042,0.124029175,0.20224902268677217,0.08133816650201105,0.07293260880352417,0.16328595547722832,0.20308674887676573,0.142598511639583,0.11929560641625485,0.01521337959786059
KA30,0.379310232,0.435000948,0.20224902268677217,0.08133816650201105,0.07293260880352417,0.16328595547722832,0.20308674887676573,0.142598511639583,0.11929560641625485,0.01521337959786059
KA4,0.270985527,0.310771899,0.20224902268677217,0.08133816650201105,0.07293260880352417,0.16328595547722832,0.20308674887676573,0.142598511639583,0.11929560641625485,0.01521337959786059
KA5,1.169540688,1.341253849,0.20224902268677217,0.08133816650201105,0.07293260880352417,0.16328595547722832,0.20308674887676573,0.142598511639583,0.11929560641625485,0.01521337959786059
KA6,0.160182311,0.183700441,0.20224902268677217,0.08133816650201105,0.07293260880352417,0.16328595547722832,0.20308674887676573,0.142598511639583,0.11929560641625485,0.01521337959786059
KA7,0.337269967,0.386788289,0.20224902268677217,0.08133816650201105,0.07293260880352417,0.16328595547722832,0.20308674887676573,0.142598511639583,0.11929560641625485,0.01521337959786059
KA8,0.277865966,0.318662532,0.20224902268677217,0.08133816650201105,0.07293260880352417,0.16328595547722832,0.20308674887676573,0.142598511639583,0.11929560641625485,0.01521337959786059
KA9,0.377865767,0.433344406,0.20224902268677217,0.08133816650201105,0.07293260880352417,0.16328595547722832,0.20308674887676573,0.142598511639583,0.11929560641625485,0.01521337959786059
KT1,0.220904575,0.253338011,0.3068132436366452,0.1344974873349783,0.0602500187626468,0.0383111470140949,0.1291405112432729,0.1497904265703022,0.1742871846827178,0.0069099807553416
KT10,0.293163323,0.336205862,0.121138480279362,0.1070846445452211,0.206500983760507,0.1821500183151375,0.1291561449871452,0.0922311805763504,0.1334366358715638,0.0283019116647127
KT11,0.404553112,0.463950013,0.107090515337762,0.1346566809009297,0.106673539292547,0.1731592275100316,0.1469758301580534,0.108622979097095,0.1738397698028925,0.0489814579006883
KT12,0.340855679,0.390900458,0.0533755384526048,0.0913453542821287,0.2057868769721716,0.2202766963046495,0.1925703416719679,0.0935716221584003,0.1186623051669619,0.0244112649911149
KT13,0.352362379,0.404096584,0.1081733652132729,0.1514871114317289,0.0627245149740085,0.1477138460442555,0.2044666914543324,0.130088595643946,0.1486585902555737,0.0466872849828819
KT14,0.207817227,0.238329165,0.0396288751880634,0.0952381123033206,0.1189507141126713,0.2750050918928666,0.1992385264612272,0.136284005100369,0.1159361933900468,0.0197184815514348
KT15,0.210841348,0.24179729,0.0904624490231359,0.0590054789621796,0.1931837144685847,0.2495070182993989,0.1350996324250539,0.1599315936735254,0.1016502309018919,0.0111598822462294
KT16,0.20491077,0.234995979,0.1631097733105209,0.041130444840938,0.0750542380658393,0.1869837289158066,0.183564485813879,0.1998850854293328,0.1308216964902167,0.0194505471334664
KT17,0.427542713,0.490314972,0.0837965784921707,0.1214348538816654,0.2317710409686733,0.1376176206747767,0.1763060725017772,0.1215931687524796,0.1140550122080478,0.0134256525204091
KT18,0.333818758,0.38283037,0.0774720617424807,0.0919767576148482,0.1647655297351486,0.2318862051259741,0.1466349771147118,0.1259045693894424,0.1339663262504398,0.0273935730269543
KT19,0.299894529,0.34392535,0.0365643902269213,0.0896552933891798,0.3413384742033534,0.1113479328349604,0.1570380528182602,0.0815108902282818,0.1685446703449934,0.0140002959540493
KT2,0.212439629,0.243630232,0.2841624748022618,0.0998957662486921,0.1241935364745615,0.1090535226429423,0.1348050537352599,0.1457150845245138,0.0987165026692886,0.0034580589024798
KT20,0.282963774,0.324508805,0.0697274556250051,0.1475739014588556,0.1447839765286163,0.1412804727505605,0.1583844392306215,0.1914106051585301,0.0924100687195384,0.0544290805282721
KT21,0.17601682,0.20185979,0.05244771083382,0.0897427447143924,0.203470953460355,0.2925080574576899,0.1486023208951582,0.1230303779857744,0.0845135358699136,0.0056842987828963
KT22,0.208492262,0.239103309,0.0812211283171243,0.109188047578317,0.1226057337310616,0.1559203761130596,0.2139202173163145,0.1380988125935121,0.159951437578072,0.0190942467725385
KT23,0.370164999,0.424513003,0.0577545758536845,0.1053525550964915,0.0655124756808515,0.290015313212508,0.2679914770747379,0.1170590546651175,0.0790269452076415,0.0172876032089671
KT24,0.81706647,0.937029005,0.0848550771382895,0.0892848495109154,0.2163957796831304,0.270516265145277,0.1188355115638966,0.0771033242925951,0.1351994235157918,0.007809769150104
KT3,0.263948212,0.302701358,0.0971332442651927,0.3037431318279993,0.2627060822658457,0.1532004810444805,0.0856978231060831,0.054809624976225,0.039799634831737,0.0029099776824364
KT4,0.308062161,0.353292163,0.0447855516193959,0.1095029960865838,0.5042882152618862,0.0909854125670634,0.0991953555642922,0.0637973710956692,0.0743757001880358,0.0130693976170735
KT5,0.154279654,0.17693115,0.1401257683901563,0.1507473513083677,0.3889379803537626,0.0606814876609153,0.1498342850749249,0.071897828273152,0.0352742708618079,0.0025010280769129
KT6,0.15217737,0.174520207,0.22782891929377,0.1569924410719466,0.1586358181695678,0.1233993043163983,0.1485604507377087,0.108926362276614,0.0693574155544879,0.0062992885795063
KT7,0.300209687,0.344286781,0.1982696473962075,0.1523423498704807,0.1875643774426665,0.1523119354930266,0.0712820332888262,0.1220778265246607,0.0923197572242685,0.023832072759863
KT8,0.311100729,0.356776856,0.0911615487856836,0.0629324207433546,0.1926880898404873,0.2173438331940904,0.2064020568829391,0.1410694900323242,0.0604977118312498,0.0279048486898707
KT9,0.176250903,0.202128241,0.0331193935848453,0.0436699700385254,0.395964530175305,0.2660134410865241,0.0996007460123544,0.1176826165171987,0.0361415967391892,0.0078077058460576
KW1,0.545600248,0.625705834,0.20224902268677217,0.08133816650201105,0.07293260880352417,0.16328595547722832,0.20308674887676573,0.142598511639583,0.11929560641625485,0.01521337959786059
KW10,0.528259907,0.605819567,0.20224902268677217,0.08133816650201105,0.07293260880352417,0.16328595547722832,0.20308674887676573,0.142598511639583,0.11929560641625485,0.01521337959786059
KW11,0.652754032,0.748592046,0.20224902268677217,0.08133816650201105,0.07293260880352417,0.16328595547722832,0.20308674887676573,0.142598511639583,0.11929560641625485,0.01521337959786059
KW12,0.642496017,0.736827939,0.20224902268677217,0.08133816650201105,0.07293260880352417,0.16328595547722832,0.20308674887676573,0.142598511639583,0.11929560641625485,0.01521337959786059
KW13,0.652754032,0.748592046,0.20224902268677217,0.08133816650201105,0.07293260880352417,0.16328595547722832,0.20308674887676573,0.142598511639583,0.11929560641625485,0.01521337959786059
KW14,0.66780828,0.765856575,0.20224902268677217,0.08133816650201105,0.07293260880352417,0.16328595547722832,0.20308674887676573,0.142598511639583,0.11929560641625485,0.01521337959786059
KW15,1.522611255,1.746162598,0.20224902268677217,0.08133816650201105,0.07293260880352417,0.16328595547722832,0.20308674887676573,0.142598511639583,0.11929560641625485,0.01521337959786059
KW16,1.98340148,2.274606515,0.20224902268677217,0.08133816650201105,0.07293260880352417,0.16328595547722832,0.20308674887676573,0.142598511639583,0.11929560641625485,0.01521337959786059
KW17,1.137988626,1.305069281,0.20224902268677217,0.08133816650201105,0.07293260880352417,0.16328595547722832,0.20308674887676573,0.142598511639583,0.11929560641625485,0.01521337959786059
KW2,0.533676424,0.612031343,0.20224902268677217,0.08133816650201105,0.07293260880352417,0.16328595547722832,0.20308674887676573,0.142598511639583,0.11929560641625485,0.01521337959786059
KW3,0.529643907,0.607406768,0.20224902268677217,0.08133816650201105,0.07293260880352417,0.16328595547722832,0.20308674887676573,0.142598511639583,0.11929560641625485,0.01521337959786059
KW5,0.550480371,0.631302462,0.20224902268677217,0.08133816650201105,0.07293260880352417,0.16328595547722832,0.20308674887676573,0.142598511639583,0.11929560641625485,0.01521337959786059
KW6,0.523135846,0.599943187,0.20224902268677217,0.08133816650201105,0.07293260880352417,0.16328595547722832,0.20308674887676573,0.142598511639583,0.11929560641625485,0.01521337959786059
KW7,0.53256565,0.610757484,0.20224902268677217,0.08133816650201105,0.07293260880352417,0.16328595547722832,0.20308674887676573,0.142598511639583,0.11929560641625485,0.01521337959786059
KW8,0.547429899,0.627804117,0.20224902268677217,0.08133816650201105,0.07293260880352417,0.16328595547722832,0.20308674887676573,0.142598511639583,0.11929560641625485,0.01521337959786059
KW9,0.535998677,0.614694551,0.20224902268677217,0.08133816650201105,0.07293260880352417,0.16328595547722832,0.20308674887676573,0.142598511639583,0.11929560641625485,0.01521337959786059
KY1,0.58203913,0.667494711,0.20224902268677217,0.08133816650201105,0.07293260880352417,0.16328595547722832,0.20308674887676573,0.142598511639583,0.11929560641625485,0.01521337959786059
KY10,0.565060787,0.64802359,0.20224902268677217,0.08133816650201105,0.07293260880352417,0.16328595547722832,0.20308674887676573,0.142598511639583,0.11929560641625485,0.01521337959786059
KY11,0.154405978,0.177076021,0.20224902268677217,0.08133816650201105,0.07293260880352417,0.16328595547722832,0.20308674887676573,0.142598511639583,0.11929560641625485,0.01521337959786059
KY12,0.12925597,0.148233463,0.20224902268677217,0.08133816650201105,0.07293260880352417,0.16328595547722832,0.20308674887676573,0.142598511639583,0.11929560641625485,0.01521337959786059
KY13,0.866101425,0.993263322,0.20224902268677217,0.08133816650201105,0.07293260880352417,0.16328595547722832,0.20308674887676573,0.142598511639583,0.11929560641625485,0.01521337959786059
KY14,0.865215688,0.992247541,0.20224902268677217,0.08133816650201105,0.07293260880352417,0.16328595547722832,0.20308674887676573,0.142598511639583,0.11929560641625485,0.01521337959786059
KY15,0.870030591,0.997769373,0.20224902268677217,0.08133816650201105,0.07293260880352417,0.16328595547722832,0.20308674887676573,0.142598511639583,0.11929560641625485,0.01521337959786059
KY16,0.512723156,0.588001694,0.20224902268677217,0.08133816650201105,0.07293260880352417,0.16328595547722832,0.20308674887676573,0.142598511639583,0.11929560641625485,0.01521337959786059
KY2,0.25498586,0.292423144,0.20224902268677217,0.08133816650201105,0.07293260880352417,0.16328595547722832,0.20308674887676573,0.142598511639583,0.11929560641625485,0.01521337959786059
KY3,0.860547999,0.986894536,0.20224902268677217,0.08133816650201105,0.07293260880352417,0.16328595547722832,0.20308674887676573,0.142598511639583,0.11929560641625485,0.01521337959786059
KY4,0.553808296,0.635118997,0.20224902268677217,0.08133816650201105,0.07293260880352417,0.16328595547722832,0.20308674887676573,0.142598511639583,0.11929560641625485,0.01521337959786059
KY5,0.25660326,0.294278013,0.20224902268677217,0.08133816650201105,0.07293260880352417,0.16328595547722832,0.20308674887676573,0.142598511639583,0.11929560641625485,0.01521337959786059
KY6,0.372328218,0.426993828,0.20224902268677217,0.08133816650201105,0.07293260880352417,0.16328595547722832,0.20308674887676573,0.142598511639583,0.11929560641625485,0.01521337959786059
KY7,0.274875535,0.315233042,0.20224902268677217,0.08133816650201105,0.07293260880352417,0.16328595547722832,0.20308674887676573,0.142598511639583,0.11929560641625485,0.01521337959786059
KY8,0.386636237,0.443402565,0.20224902268677217,0.08133816650201105,0.07293260880352417,0.16328595547722832,0.20308674887676573,0.142598511639583,0.11929560641625485,0.01521337959786059
KY9,0.53944625,0.6186483,0.20224902268677217,0.08133816650201105,0.07293260880352417,0.16328595547722832,0.20308674887676573,0.142598511639583,0.11929560641625485,0.01521337959786059
L1,0.160482207,0.184044369,0.1681799614327333,0.0047808189559647,0.000489054674105,0.0199285719327464,0.0131687899421017,0.1675211027009422,0.5952912378049855,0.0306404625564209
L10,0.322620673,0.369988171,0.0312769629007553,0.1534228106442455,0.1598807051243988,0.2702330059716183,0.2242409945282232,0.126189176165241,0.0322113361445558,0.0025450085209618
L11,0.120205052,0.13785368,0.0136924150221555,0.4572787277197702,0.0846417506724356,0.146899496490332,0.0370113831077678,0.1041214654036913,0.1497786629659666,0.0065760986178806
L12,0.190395139,0.218349148,0.0706756802468436,0.0972273579272496,0.2129770591468958,0.1505360118857834,0.1136969494167886,0.2801854441487585,0.0690691769436968,0.0056323202839835
L13,0.151757642,0.174038854,0.3934067663121741,0.2845153552280823,0.1514976589966623,0.0221086766421954,0.0511804179354901,0.062118552526563,0.0335933310409637,0.0015792413178688
L14,0.255159016,0.292621724,0.0310293015743298,0.078988100549967,0.6112041831800287,0.0791701355427733,0.0465018378265758,0.0739739134498798,0.0756280063127211,0.0035045215637241
L15,0.142876758,0.16385407,0.4895562593144047,0.2306951864675333,0.0910028474844425,0.0340381655712367,0.0322315720374351,0.0586463495446561,0.0601013090995336,0.0037283104807576
L16,0.181674633,0.208348288,0.115497768813846,0.0753932843008989,0.4645499619290711,0.1833890803411431,0.0245067462029792,0.1036429736283541,0.0301059771197494,0.0029142076639579
L17,0.211966557,0.243087704,0.4652333835040942,0.154068180328999,0.0426351000148252,0.0546692613393644,0.1115252580697334,0.1079200777386115,0.0532123464891262,0.0107363925152456
L18,0.47406075,0.543662834,0.1225913541981847,0.2321954484962621,0.3734315185641913,0.1017665497598817,0.073956967188819,0.0410398477925945,0.0481763729785677,0.0068419410214987
L19,0.591850311,0.67874638,0.2596726022305829,0.1864399837379007,0.1743709963977311,0.0799648912770848,0.055989118915042,0.0642583257401314,0.1692386946966525,0.0100653870048743
L2,0.286856424,0.328972978,0.1196932961510633,0.0693512164418581,0.0001766831276447,0.0356248094480627,0.017493722843374,0.0852921460284139,0.6441038798013204,0.0282642461582625
L20,0.10412877,0.119417062,0.279081676481805,0.1025219656078572,0.1610611157673397,0.0419725464531919,0.132623228480833,0.1373720191846718,0.1434285108777213,0.0019389371465798
L21,0.081698234,0.093693252,0.2112266228767384,0.0786262034014935,0.2066316822658881,0.1880845040510423,0.1411589478832962,0.0838746253795688,0.0862498579364941,0.0041475562054782
L22,0.049760998,0.057066959,0.47092495077855,0.2818074504605888,0.0863550728285392,0.0175358297783595,0.0585339183277399,0.0590002935215847,0.0198097000387963,0.0060327842658413
L23,0.057889172,0.06638852,0.1783154773223955,0.2091701585854151,0.2574820461683565,0.143149975479635,0.1120710955115779,0.0671840049791024,0.0314803475905207,0.0011468943629965
L24,0.211625365,0.242696418,0.0175776357311473,0.0155052337371281,0.2584818416220921,0.4029674461573037,0.1148829731405853,0.0671328651639557,0.114659089120769,0.0087929153270185
L25,0.180957861,0.207526279,0.0751824891875601,0.0188050822786416,0.1431321187428559,0.3576241607495197,0.1944650810421049,0.1213472390120619,0.0841394957417532,0.0053043332455023
L26,0.167937489,0.192594243,0.0499928834954544,0.0115641918729166,0.082910209314708,0.3197887702990883,0.1330531435642794,0.2925903474829346,0.1075932141502542,0.0025072398203641
L27,0.155044114,0.177807849,0.009864485755319,0.0008112053128417,0.0088443341093283,0.0408732864175895,0.6303493964329088,0.2328642513205656,0.0732568566890919,0.0031361839623548
L28,0.086956915,0.099724018,0.0066446116205936,0.0071892671665604,0.0260968634693381,0.188154143402592,0.45329671588633,0.24395548007791,0.0715926485120563,0.0030702698646191
L29,0.240845463,0.276206641,0.1252524405175951,0.0821866973520093,0.1186277307669216,0.257960929753854,0.0867269942816466,0.2464242752548742,0.0798486404866137,0.0029722915864851
L3,0.095046776,0.109001641,0.0801526884222652,0.0244051494894338,0.0073603156285317,0.0307139438270426,0.0262666794735042,0.2442313384359564,0.5706913696003224,0.0161785151229435
L30,0.16501316,0.189240561,0.0159113551307724,0.0073330663457051,0.133261469037569,0.45690928890524,0.1608964586135586,0.1492757636102116,0.0746983366414887,0.0017142617154542
L31,0.203696835,0.233603813,0.0480234697972758,0.0229372753188333,0.1633297230552737,0.4013891022764881,0.2232221855834265,0.0904336587195533,0.0472765338535264,0.0033880513956227
L32,0.262598819,0.301153846,0.0058265719800454,0.0028264159626077,0.0031657991665108,0.5886488220558012,0.1163500674981313,0.1709812891786174,0.1103945863530362,0.0018064478052497
L33,0.224138083,0.257046266,0.0173498315842966,0.0046435666116266,0.0044175684475385,0.4547284475030606,0.2358883177674264,0.1339607085056895,0.1383074723777065,0.0107040872026551
L34,0.168341173,0.193057197,0.1458373569556694,0.1494707375252664,0.0675595049358765,0.2353415002964732,0.0845162323258172,0.165968233211127,0.1371062036962666,0.0142002310535035
L35,0.133739018,0.153374718,0.0532458787150953,0.0669292276013361,0.1471949643147468,0.281989556672503,0.2139916219710678,0.1246683050792576,0.1040733991482263,0.0079070464977667
L36,0.157505156,0.180630224,0.0323223026551729,0.033427713259022,0.3528519838850834,0.2840012697142777,0.0966155221707153,0.1214389501650762,0.0763784673959832,0.0029637907546688
L37,0.433610631,0.497273788,0.1056123944407868,0.0942404187828514,0.0687679511790308,0.2415457851300778,0.3578844722259749,0.0893850766276879,0.0390335568135117,0.0035303448000785
L38,0.686645567,0.787459572,0.0748627375756854,0.1195793308430992,0.0732316349294257,0.2475982580552291,0.2750976426194412,0.1800041969108983,0.0187698021898532,0.0108563968763676
L39,0.228842105,0.262440937,0.1619987790297077,0.0638481913830071,0.1216971457641982,0.2629790970427678,0.1538607536156465,0.1197012041645659,0.0807048675161381,0.0352099614839683
L4,0.10962615,0.125721574,0.4814743224802551,0.2260812987833021,0.0478833710207148,0.0121150222495822,0.10929437167437,0.0678923862202449,0.0532288517248976,0.0020303758466331
L40,0.648427867,0.74363071,0.1764033219067602,0.0661348455563079,0.0957860621984628,0.2423527720487663,0.1682965189718019,0.1423400304671071,0.0818768128362324,0.026809636014561
L5,0.141104013,0.161821049,0.1533818030107682,0.005420269900871,0.0083335537474692,0.0314432094889502,0.2101014874940083,0.370965628305998,0.2150049511204328,0.005349096931502
L6,0.138742914,0.159113291,0.3941433665310349,0.0470216454269871,0.005780333362594,0.0264091747107862,0.1930623015265127,0.1918691643541462,0.1360642209115611,0.0056497931763774
L7,0.148435912,0.170229425,0.4269807437927529,0.046105473781313,0.025360057075981,0.0359814431561446,0.1064870757453528,0.1830855524321067,0.164069060997375,0.0119305930189734
L8,0.127577689,0.146308776,0.4339283883654629,0.0165746358601211,0.0091962876669164,0.0168016056182251,0.117448067196118,0.2514629306911489,0.1444759423292299,0.0101121422727774
L9,0.180606546,0.207123384,0.3406388791897168,0.130429030415035,0.1512117498508043,0.0514009662908866,0.0752997265911907,0.1924716426442447,0.0509260651823443,0.0076219398357772
LA1,0.449232281,0.515189025,0.2675730563459297,0.0940608893815666,0.1132171269483332,0.0871994743161107,0.0849369257888666,0.1568844184230536,0.1922610435647632,0.0038670652313759
LA10,0.920680414,1.055855655,0.522192473200064,0.0372468669594647,0.0539745043056229,0.1009600167745136,0.0713777015394832,0.1281684102653332,0.057765835382828,0.0283141915726901
LA11,0.580682758,0.665939194,0.3163305417780562,0.0712695771682657,0.0696989775549097,0.1131606852656336,0.1569244354986472,0.1654169330447527,0.0681398878749396,0.0390589618147951
LA12,0.532115937,0.610241743,0.3927591351884369,0.0314123354036279,0.0519521225695412,0.1392527047686471,0.1696153320579333,0.1060912388220863,0.082052287837466,0.026864843352261
LA13,0.394210058,0.452088382,0.1185975678749149,0.1574714819346702,0.2010966597035536,0.1943642348502728,0.142013347010026,0.0926041976177851,0.0865542138139051,0.007298297194872
LA14,0.210050932,0.240890824,0.3317243944891864,0.2180889181169833,0.07685601351135,0.0950244190149594,0.1493009415264819,0.0908435098618162,0.0206062455472542,0.0175555579319683
LA15,0.182106624,0.208843705,0.4768440453575904,0.01025730023455,0.083065599022885,0.1164928311183642,0.1286305195603019,0.119011206855135,0.0553608120635416,0.0103376857876317
LA16,0.249073093,0.28564226,0.4117602669813262,0.0084055686165467,0.0334337262541015,0.0967411507529058,0.1120447377425017,0.2425353058356329,0.0690908387882268,0.0259884050287581
LA17,2.301637496,2.639566268,0.5142987111196333,0.0339415400987308,0.0348803716145826,0.053524187570402,0.1891940575534433,0.0707236473479877,0.0520798313921684,0.0513576533030516
LA18,0.893368951,1.024534295,0.4860925467859534,0.0154186859313502,0.0324866290618216,0.1087457336749959,0.1552798105375943,0.0922398680494541,0.0758968352607361,0.033839890698094
FY0,0.0,0.0,0.2103786816269284,0.2244039270687237,0.2384291725105189,0.1963534361851332,0.0715287517531556,0.0420757363253856,0.002805049088359,0.0140252454417952
G58,0.0,0.0,0.20224902268677217,0.08133816650201105,0.07293260880352417,0.16328595547722832,0.20308674887676573,0.142598511639583,0.11929560641625485,0.01521337959786059
G70,0.0,0.0,0.20224902268677217,0.08133816650201105,0.07293260880352417,0.16328595547722832,0.20308674887676573,0.142598511639583,0.11929560641625485,0.01521337959786059
G79,0.0,0.0,0.20224902268677217,0.08133816650201105,0.07293260880352417,0.16328595547722832,0.20308674887676573,0.142598511639583,0.11929560641625485,0.01521337959786059
G90,0.0,0.0,0.20224902268677217,0.08133816650201105,0.07293260880352417,0.16328595547722832,0.20308674887676573,0.142598511639583,0.11929560641625485,0.01521337959786059
GU95,0.0,0.0,0.0797872340425531,0.1861702127659574,0.1063829787234042,0.3058510638297873,0.014627659574468,0.1462765957446808,0.1595744680851063,0.0013297872340425
IP98,0.0,0.0,0.1180442091068847,0.0216879812758525,0.0107799619530754,0.4015477970275262,0.2127125482336568,0.1313853184539926,0.0917816482989198,0.0120605356500917
IV99,0.0,0.0,0.20224902268677217,0.08133816650201105,0.07293260880352417,0.16328595547722832,0.20308674887676573,0.142598511639583,0.11929560641625485,0.01521337959786059
KY99,0.0,0.0,0.20224902268677217,0.08133816650201105,0.07293260880352417,0.16328595547722832,0.20308674887676573,0.142598511639583,0.11929560641625485,0.01521337959786059
L67,0.0,0.0,0.1402768583720872,0.117303258487483,0.1321019511597453,0.0084638274755422,0.0265500944234006,0.1174986434399346,0.4344003738855693,0.0234049927562375
L69,0.0,0.0,0.2552528960298392,0.0253359620212587,0.017340307616234,0.0133424687541066,0.0148550974382735,0.1615572900955764,0.4716721660676758,0.0406438119770354
L70,0.0,0.0,0.2260133319892194,0.0180951647802855,0.1040984312017434,0.0213062184832895,0.0072174715666345,0.1433428428919279,0.4426127156957474,0.037313823391152
L71,0.0,0.0,0.0691091814440533,0.0281124379007555,0.12586334916432,0.2051498592482198,0.0303503418257516,0.1420567972533593,0.377252941410191,0.0221050917533489
L72,0.0,0.0,0.0168236877523553,0.0448631673396141,0.1850605652759084,0.3528753431067503,0.1115609487836292,0.0918609531252261,0.1954984876771009,0.0014568469394154
L74,0.0,0.0,0.0306122448979591,0.0,0.0,0.0,0.0,0.1530612244897959,0.806122448979592,0.010204081632653
L75,0.0,0.0,0.1352803024225378,0.0448543140713689,0.0360977828484987,0.125925427207318,0.1230642195423866,0.162607124681513,0.363194337934466,0.0089764912919108
LA19,0.860767261,0.987145991,0.4845607720604283,0.0553776404499513,0.0153299993776544,0.1648970254097344,0.117883523649511,0.0762566308930339,0.0394984566202987,0.0461959515393877
LA2,0.768956699,0.881855709,0.2930098234265822,0.0498681470641559,0.0463590128502352,0.1922312671927565,0.1270882934169966,0.1045726090362497,0.1486422606724418,0.0382285863405816
LA20,2.292833937,2.629470161,0.5507038675742617,0.0204008810301139,0.0189808047010112,0.0556401673831347,0.1070470684351007,0.0962472422547883,0.0840416939651885,0.0669382746564007
LA21,0.817208557,0.937191953,0.5135505430242272,0.024110275689223,0.0392481203007518,0.0984962406015037,0.1227903091060986,0.1115956558061821,0.0602840434419382,0.0299248120300751
LA22,0.576806267,0.661493553,0.4614024717182638,0.0454334652891634,0.0347303749739008,0.0618011236212577,0.1768854727889268,0.1250760896220558,0.0565343793868499,0.0381366225995816
LA23,0.436951598,0.501105279,0.3044178175030265,0.0954950169424449,0.039216836290816,0.1097191252533887,0.2360646488176636,0.1259222199806408,0.0646913545912543,0.024472980620765
LA3,0.252607507,0.289695599,0.220681601627276,0.1129766006685609,0.138389790671394,0.1495980996892805,0.098305585168392,0.1701284723669939,0.1005069200214897,0.0094129297866126
LA4,0.191186697,0.219256923,0.2870145848503948,0.1040048237387553,0.1878995752769398,0.160460575411944,0.1056367873050911,0.0998949629771095,0.0412512342507664,0.0138374561889987
LA5,0.737202973,0.845439868,0.259876457072015,0.0596393377294297,0.0607255386195016,0.1999424374175114,0.2192913749067215,0.1194011220368051,0.0707914834379029,0.0103322487801125
LA6,2.009817993,2.304901528,0.334579487318619,0.046872156352296,0.0222584121650086,0.1086153247049633,0.1851608218794202,0.1387509901306773,0.125148881714689,0.0386139257343262
LA7,0.515455914,0.591135678,0.2302946430205791,0.0586582014322075,0.0351323075436188,0.182526409471992,0.2616765050873763,0.1402441340309577,0.0584404285379253,0.0330273708753429
LA8,0.584212216,0.669986851,0.4055424017878858,0.0377291263741399,0.0290446721817196,0.0998006967808952,0.1746384471600558,0.1300818137519995,0.088929628805077,0.0342332131582269
LA9,0.637532719,0.731135925,0.2975886459736642,0.0777954096927823,0.0592642445933776,0.0872753610881323,0.182615796193268,0.1628514984851081,0.1048390425748063,0.0277700013988608
LD1,0.904909255,1.037768958,0.20224902268677217,0.08133816650201105,0.07293260880352417,0.16328595547722832,0.20308674887676573,0.142598511639583,0.11929560641625485,0.01521337959786059
LD2,0.538067048,0.617066602,0.20224902268677217,0.08133816650201105,0.07293260880352417,0.16328595547722832,0.20308674887676573,0.142598511639583,0.11929560641625485,0.01521337959786059
LD3,1.052203203,1.206688754,0.20224902268677217,0.08133816650201105,0.07293260880352417,0.16328595547722832,0.20308674887676573,0.142598511639583,0.11929560641625485,0.01521337959786059
LD4,0.481365674,0.552040275,0.20224902268677217,0.08133816650201105,0.07293260880352417,0.16328595547722832,0.20308674887676573,0.142598511639583,0.11929560641625485,0.01521337959786059
LD5,0.596283171,0.683830077,0.20224902268677217,0.08133816650201105,0.07293260880352417,0.16328595547722832,0.20308674887676573,0.142598511639583,0.11929560641625485,0.01521337959786059
LD6,0.507545291,0.58206361,0.20224902268677217,0.08133816650201105,0.07293260880352417,0.16328595547722832,0.20308674887676573,0.142598511639583,0.11929560641625485,0.01521337959786059
LD7,1.166965336,1.338300381,0.5739130434782607,0.017391304347826,0.0260869565217391,0.0608695652173913,0.0695652173913043,0.0956521739130434,0.1043478260869565,0.0521739130434782
LD8,0.452690719,0.519155234,0.6484312420740146,0.0155812193233784,0.014774531385335,0.039608963416863,0.0711510474532924,0.0926648289493276,0.107034436460351,0.0107537309374377
LE1,0.121580471,0.13943104,0.2607463910471112,0.0537371400610588,0.04236440610713,0.0710480372070983,0.1104177996429969,0.1399716735629939,0.2770040313138324,0.0447105210577781
LE10,0.266865126,0.306046536,0.1698275188170056,0.1095158181715174,0.0912182593797286,0.1103384798989248,0.1812081066259424,0.1330089788442343,0.1743264272359357,0.0305564110267107
LE11,0.118148023,0.135494637,0.1408059349029182,0.0923409257835932,0.0937979250606933,0.1298120878286203,0.255135992239958,0.1076946414108789,0.1545092486031437,0.0259032441701941
LE12,0.42139558,0.48326531,0.1463051566822893,0.0632153678897444,0.0596322541075992,0.1643226353051447,0.2337567233034618,0.1542058721588747,0.1431157391968784,0.0354462513560071
LE13,0.475746002,0.545595517,0.1615265005783904,0.1017976110668533,0.0633821180642553,0.1508231253741803,0.2762860139467293,0.1111770300615575,0.1266012325248493,0.0084063683831844
LE14,0.538637461,0.617720764,0.3386800923957227,0.0647382931513433,0.0389307708299716,0.133965365018205,0.1646216234720965,0.0992981799008256,0.1006978229195631,0.059067852312272
LE15,1.114012301,1.277572727,0.2472303678364291,0.0404822942670061,0.027196308602663,0.1537321652002665,0.1819033729328769,0.1369980750550681,0.1838565826427848,0.0286008334629052
LE16,0.76264302,0.874615049,0.1819080863728067,0.1080845054183141,0.0427585266256083,0.138355922564032,0.1790966924236291,0.1613010837558703,0.1686674760438753,0.0198277067958638
LE17,0.312108953,0.357933108,0.1577402620597924,0.0506587377019316,0.0520362796595289,0.1600970584072866,0.2330882331829389,0.1478774256773867,0.1751826497271224,0.0233193535840121
LE18,0.363556518,0.416934258,0.0829883685905198,0.0970441432231085,0.0865328851316994,0.2953569652332379,0.2552063027888168,0.1318365903687158,0.0477478104423771,0.0032869342215244
LE19,0.304434252,0.349131601,0.1340522437284683,0.0484753093548683,0.0446770934494244,0.1160154217948331,0.1439522110770619,0.3346198382782043,0.157820552710663,0.0203873296064763
LE2,0.226157115,0.259361735,0.210031858483443,0.128780413455508,0.0902679109262799,0.1669058264422832,0.1624818518202948,0.1102182020460007,0.1065794121589673,0.0247345246672227
LE3,0.184357995,0.211425625,0.1261304385761574,0.1612371898843834,0.0926174739821656,0.1768144682562897,0.1195974276755981,0.1721381606468193,0.1310804566796861,0.0203843842989
LE4,0.084137103,0.096490198,0.1318924582172248,0.0968746152818491,0.1586675846308668,0.1870878207762717,0.2178360608192934,0.0953929707381651,0.0889279031089786,0.0233205864273502
LE5,0.090746062,0.104069492,0.1723845830876484,0.1342482732712455,0.1189429401449169,0.1848733246317349,0.1374885641565112,0.1048751211894662,0.126692611026234,0.0204945824922425
LE6,0.155462889,0.17828811,0.1651555968176274,0.0763618994721782,0.0627981843334581,0.1525564800100173,0.2317406633512729,0.1590461377923903,0.1247206514858627,0.0276203867371927
LE65,0.316350578,0.362797494,0.1271466283192627,0.0475571123385723,0.0413727623464166,0.0931184604907198,0.3236148623847533,0.1979995278832175,0.1398312834313053,0.0293593628057521
LE67,0.204597756,0.234637008,0.2096047242934657,0.0973294654921875,0.0612741943199589,0.1187053119466948,0.1719978070655323,0.1563236647712531,0.1568335231437722,0.0279313089671352
LE7,0.114443616,0.131246345,0.1519189492914987,0.0596233907297734,0.050364755952228,0.1654003499324741,0.2529933162778394,0.1511778528937101,0.1421721391709957,0.0263492457514802
LE8,0.348469912,0.399632621,0.0941166301603835,0.0702443617955177,0.0520022370323958,0.1976613923404036,0.2951722309190935,0.1858225381386368,0.0922394521809659,0.0127411574326029
LE9,0.230904985,0.264806691,0.1130661620466353,0.0757961818928815,0.0571803156412527,0.1676834054858286,0.2652537105963198,0.1809041046833761,0.1188446094126564,0.0212715102410493
LL11,0.335401345,0.384645314,0.20224902268677217,0.08133816650201105,0.07293260880352417,0.16328595547722832,0.20308674887676573,0.142598511639583,0.11929560641625485,0.01521337959786059
LL12,0.682038525,0.782176119,0.20224902268677217,0.08133816650201105,0.07293260880352417,0.16328595547722832,0.20308674887676573,0.142598511639583,0.11929560641625485,0.01521337959786059
LL13,0.717332038,0.822651461,0.20224902268677217,0.08133816650201105,0.07293260880352417,0.16328595547722832,0.20308674887676573,0.142598511639583,0.11929560641625485,0.01521337959786059
LL14,0.262833988,0.301423544,0.3935384148030343,0.1023382146654396,0.0158702858215022,0.0487410987911331,0.2033585590093189,0.0997024740223189,0.1023382146654396,0.0341127382218132
LL15,1.569302073,1.799708609,0.20224902268677217,0.08133816650201105,0.07293260880352417,0.16328595547722832,0.20308674887676573,0.142598511639583,0.11929560641625485,0.01521337959786059
LL16,1.681020935,1.927830149,0.20224902268677217,0.08133816650201105,0.07293260880352417,0.16328595547722832,0.20308674887676573,0.142598511639583,0.11929560641625485,0.01521337959786059
LL17,0.332055294,0.380807992,0.20224902268677217,0.08133816650201105,0.07293260880352417,0.16328595547722832,0.20308674887676573,0.142598511639583,0.11929560641625485,0.01521337959786059
LL18,0.322863373,0.370266504,0.20224902268677217,0.08133816650201105,0.07293260880352417,0.16328595547722832,0.20308674887676573,0.142598511639583,0.11929560641625485,0.01521337959786059
LL19,0.338588033,0.388299874,0.20224902268677217,0.08133816650201105,0.07293260880352417,0.16328595547722832,0.20308674887676573,0.142598511639583,0.11929560641625485,0.01521337959786059
LL20,0.569007145,0.652549356,0.20224902268677217,0.08133816650201105,0.07293260880352417,0.16328595547722832,0.20308674887676573,0.142598511639583,0.11929560641625485,0.01521337959786059
LL21,0.752940263,0.863487722,0.20224902268677217,0.08133816650201105,0.07293260880352417,0.16328595547722832,0.20308674887676573,0.142598511639583,0.11929560641625485,0.01521337959786059
LL22,0.496142428,0.568986566,0.20224902268677217,0.08133816650201105,0.07293260880352417,0.16328595547722832,0.20308674887676573,0.142598511639583,0.11929560641625485,0.01521337959786059
LL23,3.868963028,4.437008138,0.20224902268677217,0.08133816650201105,0.07293260880352417,0.16328595547722832,0.20308674887676573,0.142598511639583,0.11929560641625485,0.01521337959786059
LL24,1.146644852,1.314996423,0.20224902268677217,0.08133816650201105,0.07293260880352417,0.16328595547722832,0.20308674887676573,0.142598511639583,0.11929560641625485,0.01521337959786059
LL25,1.148048808,1.316606509,0.20224902268677217,0.08133816650201105,0.07293260880352417,0.16328595547722832,0.20308674887676573,0.142598511639583,0.11929560641625485,0.01521337959786059
LL26,1.103310874,1.265300105,0.20224902268677217,0.08133816650201105,0.07293260880352417,0.16328595547722832,0.20308674887676573,0.142598511639583,0.11929560641625485,0.01521337959786059
LL27,1.18067987,1.354028497,0.20224902268677217,0.08133816650201105,0.07293260880352417,0.16328595547722832,0.20308674887676573,0.142598511639583,0.11929560641625485,0.01521337959786059
LL28,0.415002495,0.475933586,0.20224902268677217,0.08133816650201105,0.07293260880352417,0.16328595547722832,0.20308674887676573,0.142598511639583,0.11929560641625485,0.01521337959786059
LL29,0.54605728,0.626229968,0.20224902268677217,0.08133816650201105,0.07293260880352417,0.16328595547722832,0.20308674887676573,0.142598511639583,0.11929560641625485,0.01521337959786059
LL30,0.573559986,0.657770649,0.20224902268677217,0.08133816650201105,0.07293260880352417,0.16328595547722832,0.20308674887676573,0.142598511639583,0.11929560641625485,0.01521337959786059
LL31,0.855479044,0.981081353,0.20224902268677217,0.08133816650201105,0.07293260880352417,0.16328595547722832,0.20308674887676573,0.142598511639583,0.11929560641625485,0.01521337959786059
LL32,0.788906965,0.904735093,0.20224902268677217,0.08133816650201105,0.07293260880352417,0.16328595547722832,0.20308674887676573,0.142598511639583,0.11929560641625485,0.01521337959786059
LL33,0.995186133,1.141300379,0.20224902268677217,0.08133816650201105,0.07293260880352417,0.16328595547722832,0.20308674887676573,0.142598511639583,0.11929560641625485,0.01521337959786059
LL34,1.037963743,1.190358642,0.20224902268677217,0.08133816650201105,0.07293260880352417,0.16328595547722832,0.20308674887676573,0.142598511639583,0.11929560641625485,0.01521337959786059
LL35,0.834588452,0.957123582,0.20224902268677217,0.08133816650201105,0.07293260880352417,0.16328595547722832,0.20308674887676573,0.142598511639583,0.11929560641625485,0.01521337959786059
LL36,1.485284613,1.703355619,0.20224902268677217,0.08133816650201105,0.07293260880352417,0.16328595547722832,0.20308674887676573,0.142598511639583,0.11929560641625485,0.01521337959786059
LL37,2.699984064,3.096398487,0.20224902268677217,0.08133816650201105,0.07293260880352417,0.16328595547722832,0.20308674887676573,0.142598511639583,0.11929560641625485,0.01521337959786059
LL38,1.05037322,1.204590091,0.20224902268677217,0.08133816650201105,0.07293260880352417,0.16328595547722832,0.20308674887676573,0.142598511639583,0.11929560641625485,0.01521337959786059
LL39,0.969419679,1.111750869,0.20224902268677217,0.08133816650201105,0.07293260880352417,0.16328595547722832,0.20308674887676573,0.142598511639583,0.11929560641625485,0.01521337959786059
LL40,1.073809952,1.231467828,0.20224902268677217,0.08133816650201105,0.07293260880352417,0.16328595547722832,0.20308674887676573,0.142598511639583,0.11929560641625485,0.01521337959786059
LL41,1.101156599,1.262829537,0.20224902268677217,0.08133816650201105,0.07293260880352417,0.16328595547722832,0.20308674887676573,0.142598511639583,0.11929560641625485,0.01521337959786059
LL42,1.064680339,1.220997796,0.20224902268677217,0.08133816650201105,0.07293260880352417,0.16328595547722832,0.20308674887676573,0.142598511639583,0.11929560641625485,0.01521337959786059
LL43,0.991795139,1.137411516,0.20224902268677217,0.08133816650201105,0.07293260880352417,0.16328595547722832,0.20308674887676573,0.142598511639583,0.11929560641625485,0.01521337959786059
LL44,0.99907388,1.14575893,0.20224902268677217,0.08133816650201105,0.07293260880352417,0.16328595547722832,0.20308674887676573,0.142598511639583,0.11929560641625485,0.01521337959786059
LL45,1.082906248,1.241899651,0.20224902268677217,0.08133816650201105,0.07293260880352417,0.16328595547722832,0.20308674887676573,0.142598511639583,0.11929560641625485,0.01521337959786059
LL46,1.082671293,1.2416302,0.20224902268677217,0.08133816650201105,0.07293260880352417,0.16328595547722832,0.20308674887676573,0.142598511639583,0.11929560641625485,0.01521337959786059
LL47,0.234772356,0.269241873,0.20224902268677217,0.08133816650201105,0.07293260880352417,0.16328595547722832,0.20308674887676573,0.142598511639583,0.11929560641625485,0.01521337959786059
LL48,0.237600409,0.272485144,0.20224902268677217,0.08133816650201105,0.07293260880352417,0.16328595547722832,0.20308674887676573,0.142598511639583,0.11929560641625485,0.01521337959786059
LL49,0.236299541,0.270993281,0.20224902268677217,0.08133816650201105,0.07293260880352417,0.16328595547722832,0.20308674887676573,0.142598511639583,0.11929560641625485,0.01521337959786059
LL51,0.246982992,0.283245288,0.20224902268677217,0.08133816650201105,0.07293260880352417,0.16328595547722832,0.20308674887676573,0.142598511639583,0.11929560641625485,0.01521337959786059
LL52,0.234766169,0.269234778,0.20224902268677217,0.08133816650201105,0.07293260880352417,0.16328595547722832,0.20308674887676573,0.142598511639583,0.11929560641625485,0.01521337959786059
LL53,0.236226492,0.270909507,0.20224902268677217,0.08133816650201105,0.07293260880352417,0.16328595547722832,0.20308674887676573,0.142598511639583,0.11929560641625485,0.01521337959786059
LL54,0.365637544,0.419320823,0.20224902268677217,0.08133816650201105,0.07293260880352417,0.16328595547722832,0.20308674887676573,0.142598511639583,0.11929560641625485,0.01521337959786059
LL55,0.403091895,0.46227426,0.20224902268677217,0.08133816650201105,0.07293260880352417,0.16328595547722832,0.20308674887676573,0.142598511639583,0.11929560641625485,0.01521337959786059
LL56,0.3703532,0.424728836,0.20224902268677217,0.08133816650201105,0.07293260880352417,0.16328595547722832,0.20308674887676573,0.142598511639583,0.11929560641625485,0.01521337959786059
LL57,0.546726103,0.626996989,0.20224902268677217,0.08133816650201105,0.07293260880352417,0.16328595547722832,0.20308674887676573,0.142598511639583,0.11929560641625485,0.01521337959786059
LL58,0.575271219,0.659733128,0.20224902268677217,0.08133816650201105,0.07293260880352417,0.16328595547722832,0.20308674887676573,0.142598511639583,0.11929560641625485,0.01521337959786059
LL59,0.59973436,0.687787973,0.20224902268677217,0.08133816650201105,0.07293260880352417,0.16328595547722832,0.20308674887676573,0.142598511639583,0.11929560641625485,0.01521337959786059
LL60,0.8688025,0.996360972,0.20224902268677217,0.08133816650201105,0.07293260880352417,0.16328595547722832,0.20308674887676573,0.142598511639583,0.11929560641625485,0.01521337959786059
LL61,0.640192349,0.734186045,0.20224902268677217,0.08133816650201105,0.07293260880352417,0.16328595547722832,0.20308674887676573,0.142598511639583,0.11929560641625485,0.01521337959786059
LL62,1.162789067,1.333510948,0.20224902268677217,0.08133816650201105,0.07293260880352417,0.16328595547722832,0.20308674887676573,0.142598511639583,0.11929560641625485,0.01521337959786059
LL63,1.218449121,1.397343068,0.20224902268677217,0.08133816650201105,0.07293260880352417,0.16328595547722832,0.20308674887676573,0.142598511639583,0.11929560641625485,0.01521337959786059
LL64,1.181081392,1.354488971,0.20224902268677217,0.08133816650201105,0.07293260880352417,0.16328595547722832,0.20308674887676573,0.142598511639583,0.11929560641625485,0.01521337959786059
LL65,0.829596975,0.951399252,0.20224902268677217,0.08133816650201105,0.07293260880352417,0.16328595547722832,0.20308674887676573,0.142598511639583,0.11929560641625485,0.01521337959786059
LL66,0.851209484,0.976184932,0.20224902268677217,0.08133816650201105,0.07293260880352417,0.16328595547722832,0.20308674887676573,0.142598511639583,0.11929560641625485,0.01521337959786059
LL67,0.747569102,0.857327962,0.20224902268677217,0.08133816650201105,0.07293260880352417,0.16328595547722832,0.20308674887676573,0.142598511639583,0.11929560641625485,0.01521337959786059
LL68,0.80578901,0.924095777,0.20224902268677217,0.08133816650201105,0.07293260880352417,0.16328595547722832,0.20308674887676573,0.142598511639583,0.11929560641625485,0.01521337959786059
LL69,0.846216159,0.970458481,0.20224902268677217,0.08133816650201105,0.07293260880352417,0.16328595547722832,0.20308674887676573,0.142598511639583,0.11929560641625485,0.01521337959786059
LL70,0.79872177,0.915990918,0.20224902268677217,0.08133816650201105,0.07293260880352417,0.16328595547722832,0.20308674887676573,0.142598511639583,0.11929560641625485,0.01521337959786059
LL71,0.8708885,0.998753241,0.20224902268677217,0.08133816650201105,0.07293260880352417,0.16328595547722832,0.20308674887676573,0.142598511639583,0.11929560641625485,0.01521337959786059
LL72,0.778584698,0.8928973,0.20224902268677217,0.08133816650201105,0.07293260880352417,0.16328595547722832,0.20308674887676573,0.142598511639583,0.11929560641625485,0.01521337959786059
LL73,0.858287229,0.984301839,0.20224902268677217,0.08133816650201105,0.07293260880352417,0.16328595547722832,0.20308674887676573,0.142598511639583,0.11929560641625485,0.01521337959786059
LL74,0.575595763,0.660105322,0.20224902268677217,0.08133816650201105,0.07293260880352417,0.16328595547722832,0.20308674887676573,0.142598511639583,0.11929560641625485,0.01521337959786059
LL75,0.628212853,0.720447707,0.20224902268677217,0.08133816650201105,0.07293260880352417,0.16328595547722832,0.20308674887676573,0.142598511639583,0.11929560641625485,0.01521337959786059
LL76,0.501429384,0.57504976,0.20224902268677217,0.08133816650201105,0.07293260880352417,0.16328595547722832,0.20308674887676573,0.142598511639583,0.11929560641625485,0.01521337959786059
LL77,0.596315942,0.683867659,0.20224902268677217,0.08133816650201105,0.07293260880352417,0.16328595547722832,0.20308674887676573,0.142598511639583,0.11929560641625485,0.01521337959786059
LL78,0.585221744,0.6711446,0.20224902268677217,0.08133816650201105,0.07293260880352417,0.16328595547722832,0.20308674887676573,0.142598511639583,0.11929560641625485,0.01521337959786059
LN1,0.444709818,0.510002569,0.2679439343808207,0.0844994127477001,0.027380571253025,0.1583370076576796,0.1221345134945471,0.1016164859105261,0.2228935735235166,0.0151945010321845
LN10,0.494376717,0.566961612,0.1804845873074005,0.0829950283441507,0.0569560214043926,0.1117885556373309,0.1731074016265065,0.2051945178079941,0.16010092940187,0.0293729584703543
LN11,0.644853472,0.739531519,0.2954850273511289,0.0587442811497503,0.0565871040411671,0.1175064613787162,0.1859984818675736,0.1495417004078608,0.1138572754568157,0.022279668346987
LN12,0.337053114,0.386539597,0.092596410508078,0.0887017743469288,0.104764512872647,0.0949320786771734,0.2475033322925773,0.2109300453403879,0.144301815248459,0.0162700307137483
LN13,0.535843749,0.614516877,0.3308667474021278,0.0294087485197805,0.0474300759983174,0.1101341256209127,0.174492938833618,0.1324665109139761,0.1189082686009915,0.0562925841102758
LN2,0.264729034,0.303596822,0.1812515822619939,0.130738491961299,0.043930958557053,0.1619697635262702,0.1629022615869695,0.1331064839220963,0.1687022666647525,0.0173981915195653
LN3,0.418965552,0.480478503,0.1879808064491741,0.0342228397371399,0.0389691473207255,0.205650763978655,0.1837821361190317,0.1282065894820672,0.2049511844663069,0.0162365324468996
LN4,0.566154892,0.649278332,0.1385025563114451,0.0283713721572595,0.0511785990535446,0.1666072942967618,0.2429425539622251,0.1841473417566934,0.167495300958265,0.0207549815038051
LN5,0.222309013,0.25494865,0.2642702634167531,0.0526084546830088,0.0279662557393371,0.1058501598995438,0.1828462674632525,0.1150930967365604,0.2210419592022184,0.0303235428593255
LN6,0.282837314,0.324363778,0.0477984177024076,0.0657894939541008,0.051608448634035,0.2153118841206135,0.2277153186680437,0.1923591483031317,0.1864311315933274,0.01298615702434
LN7,0.268724861,0.30817932,0.2629029716308566,0.0584268019918849,0.0327048746170567,0.1336140398937999,0.2084578210062471,0.1492476177351262,0.1321832105932147,0.0224626625318135
LN8,0.755096217,0.865960216,0.2624570323122819,0.0299662288165395,0.031358939540902,0.1600110439248472,0.1675743821893842,0.1330193455149972,0.190458402538342,0.0251546251627058
LN9,0.344518489,0.395101046,0.3556232623774474,0.0200936186818357,0.0206252454800353,0.0830836002168065,0.1550075252528474,0.2113751848535287,0.1343463448682154,0.0198452182692831
LS1,0.128552753,0.147427,0.0454783260850947,0.0063475698472564,0.0064296299202314,0.0158711773089033,0.2537030507786945,0.0300104342775336,0.6344175708556624,0.0077422409266233
LS10,0.114841654,0.131702823,0.0366082712713272,0.0867150334972337,0.1219395157948883,0.1706986465197096,0.1816984989223021,0.1644461033185727,0.2064077264807202,0.0314862041952458
LS11,0.107254845,0.123002111,0.1359832939393283,0.1692939489668302,0.111643014133574,0.0808505928159662,0.2332406460676543,0.059066896391266,0.2035730737187756,0.006348533966605
LS12,0.436137812,0.500172012,0.223225470391371,0.0775047884753676,0.1552749377730545,0.1277653976846274,0.2354458246459,0.0918063211159065,0.0864492577161177,0.0025280021976551
LS13,0.26404411,0.302811337,0.1064879745287939,0.0851997820205655,0.1458891792937809,0.2620621336814074,0.2325331501262047,0.0966961716547189,0.0686610233743509,0.0024705853201775
LS14,0.092804704,0.106430386,0.0268843225201084,0.0326531175216221,0.1207818153985261,0.3998982059520586,0.2931160608212719,0.0509719712387169,0.0726461090114221,0.0030483975362737
LS15,0.129209659,0.148180353,0.0427804867867396,0.1030262756684617,0.2348624622298105,0.2525419787471854,0.1736723959733331,0.1457647560454239,0.0434163667108461,0.0039352778381995
LS16,0.623681096,0.715250593,0.0378535323063597,0.0374698400249269,0.1359666760007509,0.4859667764297301,0.1699818306331282,0.082156055532395,0.0479157042362933,0.0026895848364156
LS17,0.664054525,0.76155169,0.0578635864272984,0.0389573727584866,0.155220385441791,0.380264832492879,0.2202920586448027,0.09403547683557,0.0499180907549696,0.0034481966442023
LS18,0.59260842,0.679615795,0.1532850909898332,0.1580289147933845,0.1156183449479987,0.227989996835876,0.2092242722633762,0.0543800819179898,0.0691234896675318,0.0123498085840094
LS19,0.272950768,0.313025679,0.1638263429787247,0.1716388580892164,0.1273350074070708,0.157804902784431,0.2048911486925345,0.1034795907565552,0.0586892815841782,0.012334867707289
LS2,0.10394305,0.119204075,0.1380291918573238,0.0104003430018771,0.0134844358030069,0.0366938801981242,0.1811159236376761,0.0671413915088105,0.5311536079477376,0.0219812260454437
LS20,0.36916162,0.423362307,0.1463679813572146,0.1049995895182289,0.1617466655130551,0.1775715810946536,0.1560421156932186,0.0637825426709726,0.1871149629482633,0.0023745612043931
LS21,0.792974531,0.909399864,0.3420966037519519,0.0945683769102343,0.0885659749119318,0.1009408738747269,0.1802293497529403,0.095324528524879,0.0890048354519892,0.0092694568213463
LS22,0.529664481,0.607430362,0.1293997232828663,0.0415429945058839,0.0499909556352841,0.1926612746431287,0.2604161916526444,0.2144678926696073,0.1070029577699122,0.0045180098406727
LS23,0.660481892,0.757454519,0.1924861535524651,0.0368838240833255,0.0584626387647556,0.1825186400344708,0.242228293786241,0.1412035249421845,0.1389584159591352,0.007258508877422
LS24,0.367395939,0.421337387,0.1818695535106275,0.0861639517945969,0.058629073054451,0.183156626606073,0.1837814552295381,0.1835730542247118,0.1031914791806584,0.019634806399343
LS25,0.370276615,0.424641007,0.1234457463935049,0.0440978759598451,0.0464582593594749,0.1929238038368811,0.2814680642394072,0.1591562292283498,0.1464431060415815,0.0060069149409552
LS26,0.300612041,0.344748209,0.0994763552434187,0.0942460618291055,0.0758490531986779,0.2897486386448327,0.2148662402758075,0.1172953904875332,0.1066208258008152,0.001897434519809
LS27,0.788486378,0.904252755,0.2196379931298822,0.0509049374949339,0.0689911545043648,0.1490844126680763,0.2093427915072246,0.1723025968650225,0.122473073638074,0.0072630401924213
LS28,0.430782246,0.494030137,0.2287002883940525,0.0853435287177492,0.1104616535722509,0.1902457111491119,0.18501696091168,0.0819329599851836,0.1111024217152242,0.0071964755547474
LS29,0.466288262,0.534749181,0.234261456561881,0.0779136841895138,0.0760521443995824,0.1177436253715053,0.1901716257152781,0.1437733336327728,0.1317001217346899,0.0283840083947763
LS3,0.113034399,0.129630226,0.1901397862359857,0.0108420012920606,0.0161533582350594,0.0109220589611988,0.3447206608750838,0.0946033637698009,0.2963607536143762,0.0362580170164342
LS4,0.094018626,0.107822537,0.3496908819148999,0.1309997231516572,0.1760446239302003,0.0407038319684712,0.1710067735637683,0.0398501994762832,0.0852300145658773,0.0064739514288425
LS5,0.190529464,0.218503194,0.1185015085184583,0.1656903402992623,0.1547864697309263,0.1905998764214398,0.2023740250855921,0.0700532318007626,0.0957180716173525,0.0022764765262058
LS6,0.323135118,0.370578147,0.2802966808790835,0.1357135324128991,0.1067194346372173,0.0504972800394973,0.1770814807230789,0.1085382331344997,0.0866088434725418,0.0545445147011821
LS7,0.286779413,0.32888466,0.1583723483825412,0.0735811330251528,0.1857223930471037,0.056909518005657,0.2549932518099447,0.1181795029326857,0.115999390189941,0.0362424626069735
LS8,0.152429179,0.174808987,0.214915197246547,0.1207383020261613,0.2328906119759174,0.0873759374465187,0.1619026689176402,0.0499073473587793,0.097376662762595,0.0348932722658408
LS9,0.074510002,0.085449636,0.0907119954575953,0.2362876184696106,0.1578360512037213,0.1151854039057176,0.1322208526352785,0.0625229990371719,0.1690064509836353,0.0362286283072692
LU1,0.20244866,0.23217238,0.274246831075959,0.1102036300224124,0.0623590742953847,0.1167781175479929,0.1160192575561293,0.1551238426241865,0.1421792828983265,0.0230899639796081
LU2,0.239242897,0.274368783,0.1112049511424882,0.0826054115662127,0.1294579647635554,0.1930350492742806,0.2251763660635843,0.1869824188007914,0.058171588205388,0.0133662501836991
LU3,0.252602954,0.289690378,0.0460541807437481,0.1501410171454928,0.1602461660883504,0.1965895311426993,0.192049735583926,0.188454508068534,0.059459146544186,0.007005714683063
LU4,0.138081776,0.158355084,0.0165733131391088,0.1602591340428577,0.2000831509170835,0.2669828685377154,0.1337108714154686,0.1509959376874943,0.0640180622095658,0.0073766620507055
LU5,0.216065204,0.247788118,0.0658928669970445,0.0708529959347317,0.0663527668074865,0.3015367275997805,0.2070942435130589,0.1781386850474524,0.1074234056344533,0.0027083084659919
LU6,0.162011469,0.185798159,0.1222990925356823,0.1248967244090219,0.072257876698227,0.1612981590284146,0.2399267769115514,0.1778945494170413,0.0983875183159897,0.0030393026840715
LU7,0.429701329,0.492790518,0.1303566790410834,0.0295924761298172,0.0375269033541656,0.1401475225059447,0.3078419597452663,0.1204879442449431,0.2260842222608432,0.0079622927179361
M1,0.071139345,0.081584096,0.0876707257031262,0.017917141152449,0.0001768242367087,0.007463001630063,0.0232697131117315,0.2698196886865682,0.5869429274744287,0.0067399780049245
M11,0.07113945,0.081584217,0.2424204208361346,0.149729610912235,0.0920036221081895,0.0073917923852475,0.2024524819765165,0.123470510208796,0.1799188415291802,0.0026127200437004
M12,0.059699106,0.06846419,0.1028806297825548,0.0873579081964552,0.032853088820481,0.0115851201523284,0.3858978484760322,0.1992782107370081,0.1662599469317286,0.0138872469034113
M13,0.087599481,0.100460926,0.1289462711084542,0.1486431378591619,0.0164854746441299,0.0146790889975564,0.3472728690637769,0.0743250749432195,0.2672024552335319,0.0024456281501688
M14,0.176211804,0.202083401,0.2893418889667596,0.2686863124589513,0.0553073882923839,0.0163919064208164,0.1456865661295748,0.122421439446122,0.097206612915601,0.0049578853697905
M15,0.157803953,0.180972891,0.1051326234558116,0.0334800969716299,9.567949664930404e-07,0.0687080935059645,0.1587628174678569,0.2206542999824465,0.410235089141274,0.0030260226800498
M16,0.296888543,0.340478023,0.3504470929928873,0.2629397152268668,0.0643013580861834,0.0338941527874307,0.1476969938685831,0.0656300914697804,0.072582404892325,0.002508190675943
M17,0.711048296,0.815445135,0.0032481458705252,0.0478050574917362,0.2766938505313963,0.0878077930280337,0.4454355188596632,0.0851096495611022,0.0488940991423374,0.0050058855152054
M18,0.104512928,0.119857624,0.2516714860372532,0.2641752119153873,0.1032674251097581,0.0409421166458764,0.1767815622561391,0.0647445034823749,0.0965080896478213,0.0019096049053894
M19,0.109051814,0.125062912,0.279107362790935,0.4399891076275164,0.1032714706552745,0.0273031454628597,0.0530359006925296,0.0522040851419937,0.0434836958954184,0.0016052317334724
M2,1.020903468,1.17079356,0.0417510166084818,0.0866104451788422,0.0,0.0007789047935033,0.0007789047935033,0.0795176104846741,0.7817869553735577,0.0087761627674374
M20,0.143119349,0.164132279,0.2299475685788969,0.2665674494263151,0.193618491699124,0.053094636827902,0.0783535221358506,0.0967740908435014,0.0778657054962084,0.0037785349922014
M21,0.193911015,0.222381228,0.3408125373040623,0.3286867740100373,0.1119170679886792,0.0265790093971837,0.0768397480706589,0.0575626630106569,0.0555664816024293,0.002035718616292
M22,0.192834399,0.221146543,0.01519411769128,0.1436186931299706,0.1821824355703351,0.371229996892958,0.0445793287818788,0.0914192780822075,0.1506645766171442,0.0011115732342255
M23,0.172827047,0.198201691,0.0036714800346317,0.0511859337641505,0.1276439834522223,0.4954447280592892,0.110125159445652,0.0958304031529155,0.1137942581882231,0.0023040539029153
M24,0.117376721,0.134610091,0.106541812416062,0.098429760931769,0.0993884777661033,0.3444430820943392,0.1952063591177574,0.0975761210785038,0.0566628672140677,0.0017515193813974
M25,0.083196143,0.095411086,0.1036581621638864,0.2604776102765286,0.2611170137179676,0.1096292981505387,0.1470810490513702,0.072957256199523,0.0388432754846337,0.0062363349555514
M26,0.183187224,0.210082959,0.2248913719163107,0.0858119013825009,0.0859058229416022,0.1110898836238,0.1992465122729301,0.1620017946997286,0.0991548755485188,0.0318978376146085
M27,0.285413457,0.327318153,0.1181019152384013,0.2151423490388092,0.2058425591994234,0.1703404422646776,0.1243993246095054,0.0664705588544902,0.0934066189997959,0.0062962317948967
M28,0.14763834,0.169314752,0.1231556949086015,0.1330411001355776,0.0995974804314103,0.2250500542714902,0.1911833375916834,0.1402724219162602,0.0807148410098935,0.006985069735083
M29,0.182312978,0.209080356,0.2073785258714986,0.095341256867035,0.1264818962910946,0.1294260118799477,0.2093811458696416,0.12011229614825,0.1002058854387349,0.0116729816337972
M3,0.073923212,0.084776694,0.0203698396919509,0.0453842978624345,0.0001980090441352,0.0506671074917812,0.0629010542918701,0.1056437839448572,0.6973422611901632,0.0174936464828073
M30,0.154470969,0.177150555,0.199279699022909,0.1706957560975635,0.1049753489934399,0.1488569170464871,0.2115289443942849,0.0784196710767763,0.0733548655003539,0.0128887978681851
M31,0.396215178,0.454387895,0.0942316151246715,0.0857368565997069,0.270110893828703,0.2752895120539332,0.1763051433822059,0.049152802338458,0.0471550601532244,0.0020181165190966
M32,0.177185144,0.203199648,0.100816341390841,0.3496458338496321,0.2265872710734508,0.1135128570859999,0.0791270649515122,0.0641742504357181,0.0641156065135633,0.0020207746992823
M33,0.211216535,0.242227563,0.1664482116100591,0.1335984976959758,0.1977866929436034,0.1749473310126894,0.1478913703078106,0.0703983011223877,0.10603887290496,0.0028907224025136
M34,0.206154432,0.236422237,0.1362202821542204,0.0928724718309441,0.1913163329276188,0.196805389005128,0.2474290108475672,0.0737481402932719,0.0504245718879599,0.0111838010532892
M35,0.050332388,0.057722241,0.168322463715965,0.1390333928934659,0.2229745567626397,0.1883956501206392,0.1165982607152322,0.1089302578973373,0.0441716779994328,0.0115737398952876
M38,0.129732412,0.148779858,0.0684820507856827,0.0787343741958193,0.0609031580170042,0.4555178483676055,0.1981674896381607,0.0679312043540641,0.0657820992623372,0.0044817753793261
M4,0.039674184,0.045499188,0.0743508547477273,0.0216270087959947,0.0018636522664147,0.0552666687814523,0.0772845472382346,0.0693482300906215,0.689415889199665,0.0108431488798897
M40,0.058423317,0.067001089,0.1362535734004928,0.1563385133938721,0.1425886196139046,0.1099590079624773,0.2672444789179587,0.104458466873809,0.0789406976102773,0.0042166422272079
M41,0.211208648,0.242218518,0.1642570794962113,0.1175406555418062,0.3231853871688709,0.1468822378209385,0.1500892819155303,0.0487443429805884,0.048000192504495,0.001300822571559
M43,0.109030905,0.125038934,0.1043789691444751,0.137281956491792,0.347167776082859,0.0819544517307297,0.1294864760645933,0.1245614268423254,0.0539240221854353,0.02124492145779
M44,0.251721098,0.288679047,0.1468002105743372,0.1448102007318998,0.1178518237164846,0.2050406603117985,0.1761226584336949,0.0742063732376212,0.1182844140221193,0.0168836589720443
M45,0.123026767,0.141089683,0.0827880918462737,0.2341819647605,0.186879202891427,0.1485127558270176,0.2188563892015825,0.0735062550912581,0.0477817044304601,0.0074936359514807
M46,0.157125833,0.180195209,0.1835570740724662,0.1360724604841889,0.1644219428274965,0.1611102329305903,0.1669245937804627,0.0693433938366056,0.1097100835761106,0.0088602184920787
M5,0.108236282,0.124127644,0.0490823608585439,0.0769069049723987,0.0181203747927803,0.0988396627957538,0.2183252416247529,0.2293214772718214,0.2886402943503621,0.0207636833335863
M50,0.070109063,0.080402547,0.023499510290308,0.0368012864963459,0.0073021998619972,0.0676889014239762,0.0796578122000708,0.2703864429553081,0.4817811952001488,0.0328826515718446
M6,0.088388493,0.101365782,0.1811649205272369,0.1382984777150111,0.1267708652159451,0.079799593473496,0.2404986204271483,0.1214606593863895,0.099064601468883,0.0129422617858898
M7,0.080364592,0.092163804,0.1478089671731321,0.1337445751571875,0.04446945701349,0.04488557868136,0.2775650845634427,0.1337369928271701,0.1850144020968409,0.0327749424873765
M8,0.071345317,0.081820309,0.1877982114126384,0.1242071046317995,0.104414068894456,0.0449705167547699,0.2669081803307856,0.1308512425079409,0.1384164090379332,0.0024342664296761
M9,0.065202423,0.07477551,0.1443141681836326,0.1240206534089832,0.2290583730237082,0.1296240410659178,0.19543748000581,0.0945830225649791,0.0819046691739533,0.0010575925730154
M90,0.262391962,0.300916619,0.0260683060811465,0.006154693528355,0.0183917304938448,0.4996166003831955,0.0027782621226066,0.2316931238325584,0.2138764801340111,0.001420803424282
ME1,0.399473813,0.458124968,0.3314844653563895,0.0645672732395012,0.1006564671574905,0.1490919163446334,0.090716825813738,0.153428317745273,0.0897828397559506,0.0202718945870235
ME10,0.30862412,0.353936629,0.15460490224789,0.0669561344520729,0.0584430986110312,0.1497367399139718,0.2808795172892707,0.1239464108542994,0.1560984690959554,0.0093347275355084
ME11,0.442390448,0.507342666,0.2123901654650611,0.1307615716436586,0.0851820137209967,0.2231656969207436,0.256208706938399,0.0465987781839432,0.0319990940694415,0.0136939730577562
ME12,0.186653059,0.214057652,0.2009438822141978,0.1201871153843935,0.0556025574183427,0.1748306807749342,0.1682343499278262,0.1391876480656869,0.1185116597706181,0.0225021064440002
ME13,0.546781282,0.627060269,0.4029079099410222,0.0509948273444853,0.0380167499492074,0.1298140832678249,0.1436049511326524,0.1184149878849974,0.0914407878283952,0.0248057026514148
ME14,0.699623237,0.802342637,0.2130394154071901,0.052081863519071,0.0634367074019607,0.1102851806861486,0.1992926908947488,0.1340932522252989,0.2081005471153736,0.0196703427502079
ME15,0.345357456,0.396063191,0.1057457283377425,0.1069358524338789,0.0599567673825053,0.2454657430296901,0.1771324095977487,0.1091145848797829,0.1839494450150499,0.0116994693236014
ME16,0.253171001,0.290341826,0.1464578575278519,0.1040158882287333,0.0509544259987857,0.14143668199392,0.2220557514080678,0.1108175507998295,0.2104996839954882,0.0137621600473233
ME17,0.425939571,0.488476455,0.2459541947746194,0.0506764769259495,0.0505389265245258,0.1914671729365591,0.1959578333993194,0.0947125168848119,0.1414477227462333,0.0292451558079812
ME18,0.453383212,0.519949399,0.339373706165585,0.0356116498699202,0.0446644600270329,0.1683345826106287,0.1884334932220868,0.1311536793683476,0.0632288328623466,0.0291995958740521
ME19,0.299388284,0.343344778,0.1392453230660582,0.0263938676587822,0.0338857221262081,0.1578519265968542,0.1384693137938972,0.1710693763092183,0.3051083410592298,0.0279761293897518
ME2,0.262422794,0.300951978,0.1845015243603578,0.0665097478423119,0.1236931142666502,0.2841339418159898,0.1382438863657302,0.1011210343319755,0.0916685918004635,0.0101281592165207
ME20,0.457888563,0.52511623,0.0899357455899452,0.0320970643227103,0.069322732081838,0.2240659043582287,0.3451053689998261,0.1019936028657271,0.1287251808685834,0.0087544009131409
ME3,0.231962835,0.266019856,0.1136588869261715,0.066565689553059,0.0406019584003138,0.226238432747112,0.2815699498939784,0.1196675487697041,0.1394880780812437,0.0122094556284172
ME4,0.26160321,0.300012061,0.2632167151994698,0.0980766652843724,0.0959193122175592,0.0716031211734286,0.0903191336425058,0.1336273675852161,0.2258311616354928,0.0214065232619549
ME5,0.410804724,0.471119494,0.0800164469812752,0.0309560999145226,0.0328728718931909,0.2455565581631173,0.3348500108289355,0.2027441562604905,0.0656336372925128,0.0073702186659549
ME6,0.276270013,0.316832259,0.1397699014574797,0.0173091536220316,0.0154200122774517,0.1656578174919667,0.3362761657527466,0.1983710492400654,0.1148421819629801,0.012353718195278
ME7,0.188486091,0.216159811,0.3435553685479657,0.1886557210095167,0.0881767864885272,0.0553648479496046,0.1199374769003605,0.0823864405161452,0.1084355489780087,0.0134878096098709
ME8,0.294662786,0.337925478,0.0445567247836505,0.0426991738939727,0.1010792354899678,0.2861850851578061,0.315547076311805,0.174744238044421,0.0271830732896488,0.0080053930287278
ME9,0.328223628,0.376413757,0.2376302377574645,0.0476430245197054,0.0621889375570212,0.1562138841781691,0.2048918090659816,0.1120960121979056,0.154880617706574,0.0244554770171783
MK1,0.486979129,0.558477903,0.0957266257907412,0.0727115678889684,0.0439974492385948,0.056934065907507,0.2966208044456828,0.07244740847616,0.353489523455425,0.0080725547969206
MK10,0.605578449,0.694490097,0.0055583512590599,0.0005681279375486,0.001083707083641,0.0034620675972233,0.0265180442107217,0.5065892524213682,0.4448546925298931,0.011365756960544
MK11,0.617628222,0.70830903,0.1239230026590642,0.0322145201942546,0.0234869314374466,0.0413898765963126,0.4044078228497011,0.3381625391780475,0.0339985873504984,0.0024167197346746
MK12,0.174272867,0.199859788,0.1645344236118999,0.066315863978021,0.0330404701675312,0.0428524720934098,0.2737792730679051,0.1856726055827782,0.2298268119703515,0.003978079528103
MK13,0.110562425,0.126795313,0.0547110818113011,0.0102976447018264,0.0135037990344562,0.0260764357820542,0.466539565458106,0.38858607104868,0.0382952302038088,0.0019901719597668
MK14,0.451587568,0.517890117,0.0079845959882483,0.0054232298810669,0.0037712940974278,0.0087765976662768,0.5652315268404604,0.3269473182608647,0.080310050598337,0.0015553866673179
MK15,1.282738914,1.471071954,0.0120274936148488,0.0002911599363927,0.000101538483085,0.0055840318039794,0.1745146102462816,0.675936377797409,0.1285598074385832,0.0029849806794197
MK16,0.787862931,0.903537772,0.169963167687211,0.0390735159220318,0.0360638900599489,0.095000367409426,0.3446539752832062,0.2137154731130747,0.0879169154703697,0.0136126950547314
MK17,0.433111116,0.496700933,0.2044449104256052,0.0623128119761232,0.0516820334050833,0.1304218983120673,0.2120797535477693,0.1783171730507703,0.1414692705892488,0.0192721486933322
MK18,0.677599728,0.777085614,0.2279064003625475,0.0273778505472652,0.0316215019977311,0.1092137506929587,0.184562912330692,0.2086157513214179,0.1806799177918021,0.0300219149555851
MK19,0.191304705,0.219392258,0.1018063551693495,0.0145026574535899,0.0496777351421697,0.1191743462263248,0.2851221287344966,0.1810915236930999,0.2413170541359249,0.0073081994450443
MK2,0.227945921,0.261413175,0.0849570302220839,0.0993130587836001,0.0598038448884983,0.1536775870722889,0.3832379506590818,0.0367470594616818,0.1760889060404954,0.0061745628722694
MK3,0.223373628,0.256169572,0.0154840999168531,0.0192719859162243,0.0176329288217682,0.3459055012605441,0.3186632737379854,0.0951457315859975,0.181391037828572,0.0065054409320549
MK4,0.227230249,0.260592427,0.0118969383741299,0.0036429485697395,0.0042772025786707,0.0039555732603116,0.0941053493847571,0.4442902607241159,0.4279432707592068,0.009888456349068
MK40,0.172992145,0.198391029,0.373462534694026,0.1049949151386406,0.037224509369203,0.0555293869001665,0.1087002099062273,0.1148618029071517,0.1798947723687692,0.0253318687158154
MK41,0.415593167,0.476610981,0.1188766804833745,0.025975157164115,0.0449861978692984,0.257885630726116,0.312857557789104,0.1265874241184769,0.1042395289542132,0.0085918228953016
MK42,0.143808308,0.164922391,0.1488790767080577,0.0620288587274162,0.1180880208805282,0.1091257258355437,0.1418019760142956,0.1746792458110279,0.233952787748675,0.0114443082744553
MK43,0.176470963,0.20238061,0.1828732316670235,0.0407816520989106,0.079878318744909,0.1492708849158358,0.2025752044057243,0.1700577621590276,0.1582437885228093,0.0163191574857596
MK44,0.332987873,0.381877493,0.2756086798651412,0.0357695703507474,0.0498926117175212,0.1288809035407991,0.2241516869138341,0.1200446423804547,0.1493542853404421,0.01629761989106
MK45,0.570846309,0.654658548,0.1426040929322928,0.0325551601996648,0.0504468038854018,0.1594245383351162,0.2267016442978271,0.199473815120967,0.1747790841462843,0.0140148610824456
MK46,0.112142593,0.128607483,0.2059166929382754,0.0362658324485282,0.028419877605244,0.0859540252683767,0.2097764002663,0.3090611596914281,0.1151921517856914,0.0094138599961559
MK5,0.136716458,0.156789309,0.0264119227717738,0.0141309270721507,0.0056352787572402,0.0145647227993486,0.0438752577101897,0.6374866812708754,0.2465502175900346,0.0113449920283866
MK6,0.31069436,0.356310824,0.0042645453833261,0.0020913020819505,0.0013801216895453,0.0036500843748314,0.5163219916992772,0.3844692755318145,0.0788125991893518,0.009010080049903
MK7,0.495104517,0.567796268,0.0015180622787281,0.0007826504316114,8.984795204275363e-05,0.0013391923423416,0.0031585428144987,0.9036698327536692,0.070906779997647,0.0185350914294611
MK8,0.164770238,0.188961973,0.0049362178875768,0.0017965135267277,0.0016735910768415,0.0053304335633688,0.1799261455507335,0.664689178774261,0.1395426558333568,0.0021052637871338
MK9,0.176790315,0.20274685,0.0,0.0,0.0,0.0004115366356718,0.298159810055382,0.2293660658818168,0.4574284011038911,0.0146341863232381
ML1,0.224676698,0.257663961,0.20224902268677217,0.08133816650201105,0.07293260880352417,0.16328595547722832,0.20308674887676573,0.142598511639583,0.11929560641625485,0.01521337959786059
ML10,0.892092325,1.023070233,0.20224902268677217,0.08133816650201105,0.07293260880352417,0.16328595547722832,0.20308674887676573,0.142598511639583,0.11929560641625485,0.01521337959786059
ML11,1.052652838,1.207204404,0.20224902268677217,0.08133816650201105,0.07293260880352417,0.16328595547722832,0.20308674887676573,0.142598511639583,0.11929560641625485,0.01521337959786059
ML12,1.452015301,1.665201673,0.20224902268677217,0.08133816650201105,0.07293260880352417,0.16328595547722832,0.20308674887676573,0.142598511639583,0.11929560641625485,0.01521337959786059
ML2,0.105198256,0.120643572,0.20224902268677217,0.08133816650201105,0.07293260880352417,0.16328595547722832,0.20308674887676573,0.142598511639583,0.11929560641625485,0.01521337959786059
ML3,0.198463155,0.227601719,0.20224902268677217,0.08133816650201105,0.07293260880352417,0.16328595547722832,0.20308674887676573,0.142598511639583,0.11929560641625485,0.01521337959786059
ML4,0.219322855,0.251524062,0.20224902268677217,0.08133816650201105,0.07293260880352417,0.16328595547722832,0.20308674887676573,0.142598511639583,0.11929560641625485,0.01521337959786059
ML5,0.179223513,0.205537293,0.20224902268677217,0.08133816650201105,0.07293260880352417,0.16328595547722832,0.20308674887676573,0.142598511639583,0.11929560641625485,0.01521337959786059
ML6,0.158116066,0.181330829,0.20224902268677217,0.08133816650201105,0.07293260880352417,0.16328595547722832,0.20308674887676573,0.142598511639583,0.11929560641625485,0.01521337959786059
ML7,0.10566375,0.12117741,0.20224902268677217,0.08133816650201105,0.07293260880352417,0.16328595547722832,0.20308674887676573,0.142598511639583,0.11929560641625485,0.01521337959786059
ML8,0.717054548,0.822333231,0.20224902268677217,0.08133816650201105,0.07293260880352417,0.16328595547722832,0.20308674887676573,0.142598511639583,0.11929560641625485,0.01521337959786059
ML9,0.280415305,0.321586168,0.20224902268677217,0.08133816650201105,0.07293260880352417,0.16328595547722832,0.20308674887676573,0.142598511639583,0.11929560641625485,0.01521337959786059
N1,0.145477665,0.166836845,0.3581790047419013,0.0909698449001318,0.025657744098501,0.1458449372970343,0.1165324476108152,0.0716614570213377,0.1590142248103505,0.032140339519928
N10,0.320095574,0.367092334,0.2401204398226979,0.4469784474239837,0.1164291816862731,0.0666754884562727,0.0237660024485227,0.0659472077915193,0.0370338454496784,0.0030493869210518
N11,0.165151902,0.189399674,0.1593343702876087,0.2778323179645098,0.118060863461836,0.0827180786611938,0.1469769992285221,0.1445328511746552,0.0682819979419605,0.0022625212797137
N12,0.163600605,0.187620614,0.0601285684139795,0.2513360560384326,0.1685669553461404,0.1475683030108762,0.1522844278446337,0.1477932490127399,0.0684067323498405,0.003915707983357
N13,0.101672926,0.116600649,0.0494726691224847,0.5740450181059774,0.1982688547202794,0.0463045202800978,0.0317656238729225,0.0562934230962724,0.0430117318398226,0.0008381589621428
N14,0.183639825,0.210602012,0.0275932299739998,0.1140251273059358,0.404870035765899,0.0904243202885761,0.1226084498862354,0.1389440515217304,0.1003384960290319,0.0011962892285911
N15,0.063988717,0.073383606,0.4099010076257837,0.1848735461258285,0.0124833158273613,0.0445969587562622,0.1662882996949856,0.0948305063907792,0.0827807232629185,0.0042456423160808
N16,0.058982875,0.067642802,0.4687879741502826,0.1202550434762381,0.0470728357379389,0.126772414427575,0.108076325213392,0.0784982520942106,0.0446651152130248,0.0058720396873376
N17,0.066537038,0.076306074,0.2468769263069022,0.281116763955528,0.038102123545864,0.0460757345915788,0.1635395318203997,0.1010409990644426,0.1173176006883882,0.0059303200268962
N18,0.077283289,0.0886301,0.1989862174586316,0.2013601190385638,0.2318086367151932,0.0801005780842476,0.1568326660990007,0.0719697155116898,0.0580516783535644,0.0008903887391085
N19,0.206392094,0.236694792,0.3825762531675648,0.0628764634607391,0.0249972301653345,0.0656130005669085,0.2817458486724882,0.0635125374327385,0.0509520636638396,0.0677266028703866
N1C,0.089678501,0.10284519,0.0590296038238547,0.0426008354030358,0.1045249310950467,0.0757478314729378,0.2326051132734164,0.0117036546914625,0.4376747711524857,0.0361132590877601
N2,0.262620191,0.301178356,0.0963881070620742,0.2278892405891425,0.2100841051199329,0.1660693962447851,0.1692978707777539,0.0858152065116462,0.041678351066888,0.0027777226277769
N20,0.220960115,0.253401705,0.0450231096115864,0.1936605135424226,0.2207751837311747,0.1478110880550916,0.2549611151228835,0.0989128607758911,0.0273355939465321,0.0115205352144176
N21,0.166332085,0.190753131,0.0300929170049349,0.465333818480402,0.2665469650848479,0.0668766503221165,0.0493013074164333,0.0880999323810897,0.032578142469648,0.0011702668405274
N22,0.122848191,0.140884888,0.3154335256786141,0.3072916632449338,0.0283796822992957,0.0338194209110174,0.1898748500835313,0.0736178884404901,0.0491429776722306,0.0024399916698867
N3,0.229847706,0.263594181,0.0952362347886778,0.4468490487249089,0.1650610807065643,0.0733790932708044,0.0963370218161886,0.0553458000162293,0.0646276798861664,0.0031640407904598
N4,0.166218717,0.190623119,0.4790655051304817,0.103542379526984,0.027500014036845,0.0862880688128714,0.0730474598080079,0.1001279018199642,0.1190790112767131,0.0113496595881322
N5,0.126010527,0.144511521,0.4734911357155937,0.1241723008659781,0.0399595596637487,0.0891994489982848,0.0870463514763229,0.027177361237716,0.08802827060538,0.0709255714369753
N6,0.313168622,0.359148359,0.3546208647250297,0.1638252523988449,0.0806677098215171,0.1063222318712075,0.1756339231095123,0.0461657970949622,0.0416941099142526,0.0310701110646734
N7,0.182250639,0.209008864,0.3562018620078239,0.0849250418201556,0.0183057157308738,0.0886347197270328,0.1998908980695203,0.0352345310923254,0.1746943627441132,0.0421128688081548
N8,0.321503326,0.368706774,0.6128831601532088,0.1355212042434959,0.0129139277180927,0.0683823433083454,0.0637373928505585,0.0359618991501489,0.0645335021886066,0.006066570387543
N9,0.091019415,0.104382979,0.1364058170048388,0.1699725291063312,0.315332480234408,0.078286365680887,0.1299918414999967,0.0727112505618514,0.0964868419134997,0.0008128739981869
NE1,0.381877092,0.437944677,0.2094343233776358,0.0730379213890172,0.0138983023671982,0.0393645623060993,0.1104191930630837,0.1327729784276954,0.4155599959807387,0.0055127230885313
NE10,0.402102488,0.461139586,0.0732956689751698,0.1408737444190171,0.1245915831125707,0.3114113151869653,0.1669260818763745,0.0961659022500016,0.086103581263253,0.0006321229166477
NE11,0.236433931,0.271147402,0.0619298148402258,0.1432517013250467,0.1705339849070935,0.1626116239327938,0.1813437164467389,0.1109352984188843,0.1668782941556703,0.0025155659735463
NE12,0.191230736,0.219307428,0.0413367486421371,0.1358462461796733,0.0620463845167695,0.2614509366874197,0.2531230626596575,0.1540456572207211,0.0878693793582892,0.0042815847353323
NE13,0.37877376,0.434385711,0.0927404043531051,0.072114132548587,0.0569069250554468,0.3775420038585722,0.1673144029088876,0.0531427997874571,0.1731353423379691,0.0071039891499747
NE15,0.200480948,0.229915766,0.0987417924687903,0.12806718965943,0.2674208821451177,0.1747537999152221,0.2094987234838893,0.0746157752126283,0.0448341559253583,0.0020676811895637
NE16,0.292762803,0.335746537,0.0790964175727687,0.1510204066391459,0.0786068349413838,0.2160565697850833,0.3268400349650872,0.0814756368347578,0.0649911756365465,0.0019129236252266
NE17,0.150331827,0.1724037,0.162830027404137,0.410454890616336,0.0501741391383604,0.1092398298371997,0.070298802344184,0.0874013815534965,0.1063761041315375,0.0032248249747485
NE18,0.226948574,0.260269396,0.3599087674251346,0.0214910270774469,0.044016519114217,0.2821108119431593,0.1121045595536917,0.1130178499023868,0.0658668984977261,0.0014835664862375
NE19,0.434759933,0.498591831,0.4697611695023131,0.0274057123583066,0.0596066128025385,0.1504583979011741,0.0861807778396099,0.0985849777856783,0.1025393101909492,0.00546304161943
NE2,0.427570449,0.49034678,0.3606370009665836,0.1964953702063622,0.0676928559673391,0.0665934119431952,0.0992680843252292,0.1021897169010872,0.1036831948597423,0.0034403648304608
NE20,0.401628942,0.460596514,0.1235237978633793,0.043830566131648,0.0563686838265607,0.3116955376318147,0.2476521151081532,0.1161638629189197,0.0985123606131396,0.0022530759063846
NE21,0.137992235,0.158252396,0.113896779199446,0.1040029754013935,0.0723432343833451,0.2681786625540683,0.2378724658832273,0.061991974228445,0.1407266018339805,0.0009873065160941
NE22,0.563726254,0.64649312,0.0560488463473898,0.1907298238030335,0.1057078739511516,0.2324445494186,0.1374191032256687,0.1848094428784411,0.0888444043582263,0.0039959560174887
NE23,0.668956996,0.767173947,0.029496231760775,0.0523368645829079,0.0424075030169734,0.0669680110959168,0.6032047481077836,0.1714880613818454,0.0332172232199355,0.000881356833862
NE24,0.643009877,0.737417245,0.1472035158016917,0.1723981470623064,0.1043953109464473,0.167196364463217,0.1920677776613949,0.12037896964386,0.0948059544723903,0.0015539599486921
NE25,0.44847653,0.514322314,0.0349757293266232,0.2603557286390807,0.1377288959551916,0.1833843880466638,0.202913104971068,0.122921526218663,0.0568331680315202,0.0008874588111891
NE26,0.20706115,0.237462079,0.1950389877611452,0.2682537124801454,0.0715448558353313,0.2598053465067207,0.1355827791501067,0.0520780687485448,0.0157905152745894,0.0019057342434161
NE27,0.215443391,0.24707501,0.0659940110984429,0.1507902004795221,0.0464318827078501,0.1840910040919962,0.1668172924122693,0.1665241347131839,0.2138149322522931,0.005536542244442
NE28,0.12595173,0.144444092,0.1194557444912912,0.1192689754920175,0.1466267802408392,0.1557095093015267,0.2750192049958827,0.1056418050223251,0.0738824269927353,0.0043955534633819
NE29,0.347595785,0.398630154,0.0835430590204731,0.1527479148364936,0.1150871287711768,0.2133496996025994,0.211916051732632,0.1822283604724464,0.0380855507234943,0.0030422348406841
NE3,0.286771037,0.328875054,0.0900412502692851,0.1439981922740243,0.1239472221463527,0.3500456589272613,0.1346745699642666,0.0938334283392929,0.0624453200013316,0.0010143580781851
NE30,0.229226525,0.262881798,0.215250016805728,0.1394071020645002,0.0814960566916007,0.28664796568934,0.1175237554191805,0.1140988858446102,0.0440571964372188,0.0015190210478214
NE31,0.110155265,0.126328374,0.0518840031665725,0.0851782181491579,0.1655254686637287,0.3195781212769631,0.1258553006365265,0.1505420160886923,0.1008034029599387,0.00063346905842
NE32,0.119892151,0.13749484,0.0888707513231112,0.0934366822303772,0.0736938865703848,0.3121554901799619,0.294385542765735,0.0780605024672173,0.0587467890710074,0.0006503553922049
NE33,0.206671643,0.237015385,0.2583176276235037,0.1170574396614004,0.0798406979250411,0.0720225149597498,0.2460391132662869,0.1304951134113392,0.0944305328561954,0.001796960296483
NE34,0.170903814,0.195996087,0.0336107241519969,0.135984050969124,0.1584305203280602,0.3221158316733455,0.2112498934240105,0.0754073720691115,0.0616638146654048,0.0015377927189462
NE35,0.115944149,0.132967187,0.1006553402239667,0.2209300362338385,0.0200436873384021,0.1798906656048291,0.134682941997116,0.2648348880230726,0.0785774989976354,0.0003849415811393
NE36,0.327751787,0.37587264,0.1164833868377886,0.1601140036857645,0.0331740370778254,0.2686959758663653,0.2058136635424777,0.1456247385167527,0.0699421081429569,0.0001520863300686
NE37,0.419650484,0.481263998,0.0236485550939848,0.0752328332262264,0.0655629955507667,0.1490286847059937,0.5204664343862433,0.1316510842522573,0.0324267532699904,0.0019826595145373
NE38,0.202842061,0.232623539,0.0180454569975921,0.0268544595992924,0.0326664852055222,0.0457112042689459,0.6310188473084499,0.1685236190848696,0.0736892795055592,0.0034906480297683
NE39,0.125146617,0.143520771,0.144787101083233,0.2021194412936415,0.0712411740523776,0.2203116630012836,0.1617917749995467,0.123057885092324,0.0745512537803279,0.0021397066972654
NE4,0.274115284,0.314361171,0.2173756498582278,0.0948628434419056,0.1930084762720035,0.0461001885436574,0.2698036627850891,0.0747911862390392,0.1023521351754208,0.0017058576846564
NE40,0.166052163,0.190432111,0.1833171455277117,0.1686353195992183,0.1013762829757288,0.20149767452189,0.1862064834386237,0.1008854264867819,0.0556969244985123,0.0023847429515329
NE41,0.254001967,0.291294795,0.1639342911309501,0.194276321245253,0.0882418570510839,0.1488934988094474,0.301280395391896,0.0807415252151834,0.0214308976361972,0.0012012135199887
NE42,0.251373633,0.288280568,0.0982387036248288,0.0521000684756855,0.1108208638884518,0.2287175094044941,0.2361512699986506,0.1673079947868808,0.1059669002467609,0.0006966895742472
NE43,0.987905714,1.132951042,0.281588077766004,0.1275832291690667,0.1137444003512849,0.1159392041524809,0.1926371548720733,0.1026551755661204,0.0645154077608428,0.0013373503621266
NE44,1.023104154,1.173317353,0.398874094783612,0.1084477662770097,0.0578636507338547,0.1194927976595459,0.1403654903597092,0.121631140835969,0.0520386652738523,0.001286394076447
NE45,0.274549409,0.314859034,0.2940448741799312,0.091617573839877,0.0700241440539424,0.1282204582315947,0.1936217347692155,0.1109732333532184,0.1050897040731537,0.0064082774990667
NE46,0.69870402,0.801288459,0.267189441992676,0.132021780623077,0.078573417071619,0.1211998355155462,0.1297645783336043,0.1978846422169632,0.0721915946163007,0.0011747096302133
NE47,0.720605296,0.826405303,0.5605400319406237,0.0470010472772888,0.0373056158061523,0.0859972788079307,0.0723817490388019,0.1201700682060866,0.0756924680353103,0.0009117408878054
NE48,0.299974136,0.344016646,0.4873643041347032,0.026681187835916,0.04761064528769,0.1500663044441048,0.0966490173391578,0.0965447639124771,0.091001246719469,0.0040825303264819
NE49,1.805546107,2.070638235,0.5072889725451396,0.0542372998909457,0.0330617654670452,0.137843744398511,0.0831675461813028,0.1195643876492768,0.0635847709393106,0.001251512928468
NE5,0.176319432,0.202206832,0.0191978875834579,0.0371643825605817,0.153753188776381,0.3606479547704509,0.2984149383569909,0.066949183527402,0.0625404071760424,0.0013320572486929
NE6,0.283011595,0.324563647,0.101385384353756,0.1833917471725408,0.20810527352692,0.0584943187820328,0.3328515141716813,0.0677967558469556,0.0453220073183831,0.00265299882773
NE61,0.373461252,0.428293215,0.1874298750186467,0.1328748188183383,0.0768852146978199,0.1510856080298536,0.1750412777080752,0.1659137898645215,0.1047758267020639,0.0059935891606807
NE62,0.389455645,0.446635921,0.0341637615094981,0.1392157299697035,0.0903157420785902,0.4647536982960656,0.0886587701292329,0.1268053104125344,0.0531603475842142,0.0029266400201606
NE63,0.531236788,0.609233517,0.1230015948844297,0.2882789815272532,0.0592622547946184,0.0831071343748971,0.218437989386907,0.126024205966449,0.0973986914101183,0.004489147655327
NE64,0.317776712,0.364433014,0.1397468451762906,0.3820442047734102,0.1065926465538556,0.1988902960109742,0.0479847868028047,0.0396821778435998,0.0837020102020306,0.0013570326370339
NE65,0.610399792,0.700019314,0.2840181242899837,0.0719830463710144,0.0720433481580577,0.128269734524997,0.1292964526147337,0.187361462962869,0.120733865183069,0.0062939658952752
NE66,0.913005824,1.047054273,0.3234065686988687,0.0717158953573959,0.0750899539579234,0.1354098439869215,0.1365776828153981,0.1266902056349745,0.1199501828723292,0.0111596666761885
NE67,0.398308676,0.456788764,0.2640881870487894,0.0347895990114953,0.1103892605883413,0.1168743681610801,0.1501480198835943,0.1523717965520796,0.1621113709898683,0.0092273977647516
NE68,0.342983026,0.393340145,0.1685911022754738,0.0879333080302678,0.1144514826723232,0.1716105178266784,0.1565580966372746,0.1017985565734373,0.1888490672141937,0.0102078687703509
NE69,0.354067879,0.406052487,0.3486251487825052,0.0479130101474712,0.0701648207549073,0.1775908329802901,0.0484375315217172,0.1144061812826565,0.1850955234118098,0.0077669511186427
NE7,0.256326969,0.293961157,0.0156480860251966,0.1274774286552193,0.3026872276237936,0.1715635569587738,0.1442105564496589,0.1952987995365068,0.0361831937768696,0.006931150973981
NE70,0.37962215,0.435358663,0.3802228692610959,0.0456330475443758,0.0672076409203307,0.1756825274083958,0.0514245055417162,0.107973045876694,0.1648335407150209,0.0070228227323706
NE71,0.92707534,1.063189491,0.417493242148327,0.126221843089147,0.0959220217636968,0.132198470124413,0.0595386402282626,0.0570671748514003,0.1075596556352526,0.0039989521595004
NE8,0.192941594,0.221269476,0.2247046864809166,0.0626473179796252,0.0401688735136221,0.131104715817914,0.1522840657968676,0.0590351058123209,0.3282365018459838,0.0018187327527493
NE9,0.437253144,0.501451098,0.1006150386387885,0.1615890558718394,0.1748341626888881,0.1737855427322764,0.2704257034236668,0.0552589934581989,0.0613743879689191,0.0021171152174226
NG1,0.271831346,0.311741902,0.0960189428067204,0.0175509275166962,0.0121362016149321,0.0485787568566841,0.1842132645387603,0.0472061740059894,0.5706310399351229,0.0236646927250944
NG10,0.142777732,0.163740505,0.1886741635600826,0.1342192344674739,0.1146333057149484,0.1550637059057293,0.1662529362065943,0.134441110751855,0.0995783171528459,0.0071372262404703
NG11,0.329018425,0.377325247,0.0440213406118405,0.0399136269322068,0.0486128998104887,0.4985073818218675,0.2177838734822998,0.0563025806415014,0.083825585490232,0.0110327112095628
NG12,0.8470616,0.971428051,0.080962574289354,0.0352540325186192,0.0465481929541733,0.2588270065851163,0.2778255377840603,0.1379188029872663,0.1348058153421699,0.0278580375392404
NG13,0.700908138,0.803816188,0.140770691074356,0.0206073049664069,0.0202813012300779,0.1535999663022139,0.2505082975492586,0.1800872789175703,0.1944469453616384,0.0396982145984776
NG14,0.99383523,1.139751135,0.1321313611956713,0.0807186625457034,0.0709479413302764,0.2530740612102014,0.2434673594516107,0.1123361816810221,0.0859266082903201,0.0213978242951943
NG15,0.503032141,0.576887834,0.1074712443060968,0.1706474442850925,0.118347580504875,0.1608472754723119,0.2014275163447876,0.0902960891454829,0.1392308718733896,0.0117319780679634
NG16,0.314389388,0.360548359,0.160968155990036,0.0895424852139656,0.0988079968013441,0.165365616282405,0.2846926711854438,0.1166626883124381,0.078554410911055,0.0054059753033121
NG17,0.162373233,0.186213037,0.0992789760776539,0.2213284804909885,0.0887588702576385,0.1869122365842214,0.1427044845032122,0.114200635507447,0.1298848534928969,0.0169314630859414
NG18,0.121463715,0.139297142,0.1110265648592948,0.2238573970430758,0.1059724638968321,0.1112078828171937,0.1943834121434709,0.0976431029326982,0.1231794025415466,0.0327297737658875
NG19,0.263780625,0.302509166,0.0710410033718252,0.1614492519921577,0.088052737143537,0.2086855367335641,0.2206810655559809,0.116502418118965,0.1114942789761184,0.0220937081078514
NG2,0.223160615,0.255925285,0.1231729153480774,0.1272920112848699,0.0612424975017941,0.0613994226608398,0.1528625649597189,0.1878879900863165,0.2743828414895973,0.0117597566687858
NG20,0.213796364,0.245186165,0.1201892939916119,0.2126209248151222,0.0542786924795715,0.2176579234103467,0.1730070845158153,0.0837346874647478,0.1091019895695916,0.0294094037531926
NG21,0.322422263,0.36976063,0.0355221608029917,0.2487237208507473,0.0297119308727183,0.197545469715395,0.2203320721916861,0.1093714306541822,0.1410196009553829,0.0177736139568961
NG22,0.508805753,0.583509135,0.1634844171992849,0.0911668898668835,0.0302809048512991,0.1966814082154294,0.2329527242935498,0.1148412219104681,0.1186291791110846,0.0519632545520004
NG23,0.690167651,0.791498772,0.2319420242499656,0.0458700679010679,0.0262248475234121,0.1282436856387811,0.1928877741480153,0.150173968507386,0.1412215114088918,0.08343612062248
NG24,0.394938677,0.452923978,0.1951015948188336,0.0642917062783159,0.0661750546654467,0.1365982718272435,0.1599149683668116,0.1808257906484379,0.1744915412502209,0.0226010721446895
NG25,1.280589401,1.468606847,0.1995251576213403,0.0235605673306459,0.0409651459952562,0.2071180069202398,0.225059686061436,0.129031854441405,0.1284038901944621,0.0463356914352143
NG3,0.284549813,0.326327708,0.1024337727024439,0.1595385272759855,0.0872605346604803,0.0887257711175536,0.3011299209386442,0.0591977338296388,0.187931454850732,0.0137822846245215
NG31,0.390916418,0.448311166,0.1285114680796314,0.0870653283591445,0.0384304226365154,0.1278594611966991,0.214343553168298,0.1858393591045971,0.1668976903654339,0.0510527170896804
NG32,0.498708259,0.571929116,0.2297997086269919,0.026351098888411,0.0154371248496561,0.1299813754838131,0.2166261264227798,0.1180054996733977,0.1160617880455524,0.1477372780093977
NG33,0.477601603,0.547723559,0.2451060701540313,0.026528568506517,0.0260259974154196,0.1328355298350694,0.147933531288493,0.1600451303492389,0.1356227299640037,0.1259024424872267
NG34,0.851781077,0.976840447,0.1931363175461998,0.0527749736521332,0.0451075006175157,0.1364035700319745,0.1550428364792226,0.210663396969901,0.1816191503357558,0.025252254367297
NG4,0.267387423,0.306645518,0.1101519243866934,0.1652710664745951,0.13958670253473,0.20148968107597,0.1947937182812321,0.1251163566824025,0.055210535769288,0.0083800147950886
NG5,0.140993947,0.161694822,0.0673450596588118,0.1844134899188401,0.1301853198538735,0.214728205329097,0.2421528885492554,0.0687024244713002,0.0843002529223301,0.0081723592964915
NG6,0.09454725,0.108428774,0.0806945308514599,0.2063102076894855,0.0487060558987908,0.0727785253683605,0.3432747241869071,0.1570996990532766,0.0836270007323859,0.0075092562193335
NG7,0.340459308,0.390445892,0.276940426267712,0.1684907770313514,0.0486504098082995,0.076679252861938,0.1599989560650071,0.1114558128001806,0.1353019917973454,0.0224823733681658
NG8,0.66958786,0.767897435,0.0052541406833831,0.1484856853306264,0.1610083222873568,0.3545181086436685,0.1949870658728777,0.1008172766799993,0.0271459276791441,0.0077834728229438
NG9,0.240909747,0.276280363,0.0798100805821386,0.1046007365196778,0.2003678288721677,0.2251485162705524,0.1997451715903854,0.10164395493941,0.0731694483786248,0.015514262847043
NN1,0.481198879,0.55184899,0.3277528274593819,0.0510352334859625,0.0466712432022562,0.0546054550225364,0.1821786670059425,0.12842059813789,0.1725451164284334,0.0367908592575969
NN10,0.147427716,0.169073205,0.1897585902186901,0.0981426398480993,0.0717386741447546,0.1151546403413137,0.1647310765007746,0.1680117954221411,0.1796076092071525,0.0128549743170738
NN11,0.548788947,0.629362702,0.1142178485834632,0.031843763098316,0.029710157500121,0.145387870531913,0.2887377804661787,0.2273090906200746,0.1415185363317382,0.021274952868195
NN12,0.933114986,1.070115883,0.1706241119521025,0.0195597988890713,0.0293502892128944,0.0967179069916441,0.266470170581532,0.2542878502278687,0.1431375685018139,0.0198523036430729
NN13,0.476534035,0.54649925,0.1404642617334634,0.0245987906607563,0.0240888086356631,0.0810984212742005,0.3079171312010703,0.2710407132132055,0.1268316682644126,0.0239602050172281
NN14,0.70198905,0.8050558,0.1917333631307047,0.0742759411649398,0.0525763761745801,0.1037582709299101,0.1944806738709398,0.1702738749464451,0.1986960203191986,0.0142054794632815
NN15,0.270027817,0.309673577,0.0947299055560323,0.0593265158569156,0.1023811737145397,0.1671274176213774,0.2388954056361394,0.1906546329440387,0.1397440331213212,0.0071409155496355
NN16,0.432972025,0.496541421,0.2647236781078171,0.1008116180138329,0.0632017871855509,0.0991019932512249,0.1163701153636857,0.1937555826878974,0.1549277050206916,0.0071075203692992
NN17,0.174436174,0.200047071,0.0387643545000914,0.0444370178994646,0.2027522099072395,0.3155953149427382,0.1237893638885597,0.1279442965586656,0.1439182073322079,0.0027992349710329
NN18,0.129692488,0.148734071,0.0129437836502557,0.0183583178276768,0.0201848205627559,0.351529032800389,0.2424868361123012,0.1168414625756354,0.2353938412414599,0.0022619052295256
NN2,0.248270301,0.284721601,0.13964475025838,0.0720757291812063,0.1308259959410927,0.1312652461368145,0.3539277243349265,0.0813901493355084,0.0728682270598318,0.0180021777522393
NN29,0.249767542,0.286438668,0.1882354586331333,0.0721665315124926,0.0558198516398336,0.1425078775026476,0.3048375464973906,0.1082399561436126,0.1193637548020642,0.0088290232688251
NN3,0.31952996,0.366443676,0.0346957090871796,0.033819190091162,0.0609161312624598,0.1258642251126097,0.5128381021853018,0.1547084687022032,0.0630109218253419,0.0141472517337417
NN4,0.203567139,0.233455075,0.1146862366336128,0.0345377850540505,0.0599847060419936,0.088004343638028,0.1726051182976708,0.3042592353043694,0.1978686777195527,0.028053897310722
NN5,0.285564926,0.327491861,0.0976559709357823,0.0338380995951622,0.0826433251024236,0.217371568123628,0.1545816868398841,0.1560323591915572,0.2335272291905654,0.0243497610209968
NN6,0.446532953,0.512093378,0.2196325463954734,0.0397646537460111,0.0386313858136628,0.1440892588232742,0.2420164075634576,0.1797773452775884,0.107218096394407,0.0288703059861252
NN7,0.331812032,0.380529014,0.1902458608366112,0.032851294533643,0.0478147461549088,0.1573420305113794,0.3381472847591701,0.1161222263170624,0.0979039488242983,0.0195726080629266
NN8,0.303836288,0.348445843,0.1702828264952535,0.0847382364770618,0.0421201762044682,0.098241855478352,0.2366757645148389,0.2065125740493651,0.1551754225598945,0.0062531442207655
NN9,0.212089579,0.243228788,0.1616787961481542,0.0746118299784119,0.057567651571103,0.1444168122570099,0.2215157282117121,0.177099205977879,0.150713421228095,0.0123965546276345
NP10,0.188238156,0.215875475,0.20224902268677217,0.08133816650201105,0.07293260880352417,0.16328595547722832,0.20308674887676573,0.142598511639583,0.11929560641625485,0.01521337959786059
NP11,0.313706084,0.359764732,0.20224902268677217,0.08133816650201105,0.07293260880352417,0.16328595547722832,0.20308674887676573,0.142598511639583,0.11929560641625485,0.01521337959786059
NP12,0.259596059,0.297710218,0.20224902268677217,0.08133816650201105,0.07293260880352417,0.16328595547722832,0.20308674887676573,0.142598511639583,0.11929560641625485,0.01521337959786059
NP13,0.135068982,0.154899949,0.20224902268677217,0.08133816650201105,0.07293260880352417,0.16328595547722832,0.20308674887676573,0.142598511639583,0.11929560641625485,0.01521337959786059
NP15,1.157770937,1.327756051,0.20224902268677217,0.08133816650201105,0.07293260880352417,0.16328595547722832,0.20308674887676573,0.142598511639583,0.11929560641625485,0.01521337959786059
NP16,0.708536028,0.812564013,0.2030572023416471,0.0481003370972873,0.0317845715245464,0.2293991672280586,0.2218729169667813,0.1296784859753019,0.098379670555821,0.037727648310556
NP18,0.584411295,0.670215159,0.20224902268677217,0.08133816650201105,0.07293260880352417,0.16328595547722832,0.20308674887676573,0.142598511639583,0.11929560641625485,0.01521337959786059
NP19,0.25813363,0.296033074,0.20224902268677217,0.08133816650201105,0.07293260880352417,0.16328595547722832,0.20308674887676573,0.142598511639583,0.11929560641625485,0.01521337959786059
NP20,0.276334082,0.316905734,0.20224902268677217,0.08133816650201105,0.07293260880352417,0.16328595547722832,0.20308674887676573,0.142598511639583,0.11929560641625485,0.01521337959786059
NP22,0.358745654,0.411417058,0.20224902268677217,0.08133816650201105,0.07293260880352417,0.16328595547722832,0.20308674887676573,0.142598511639583,0.11929560641625485,0.01521337959786059
NP23,0.20125628,0.230804933,0.20224902268677217,0.08133816650201105,0.07293260880352417,0.16328595547722832,0.20308674887676573,0.142598511639583,0.11929560641625485,0.01521337959786059
NP24,0.212455253,0.243648151,0.20224902268677217,0.08133816650201105,0.07293260880352417,0.16328595547722832,0.20308674887676573,0.142598511639583,0.11929560641625485,0.01521337959786059
NP25,0.861033793,0.987451655,0.4396720207792115,0.0285617787431732,0.0407828107807791,0.1047848484505518,0.1430318338837454,0.1253117044204457,0.0894497697704337,0.0284052331716592
NP26,0.468753793,0.537576705,0.20224902268677217,0.08133816650201105,0.07293260880352417,0.16328595547722832,0.20308674887676573,0.142598511639583,0.11929560641625485,0.01521337959786059
NP4,0.319517329,0.36642919,0.20224902268677217,0.08133816650201105,0.07293260880352417,0.16328595547722832,0.20308674887676573,0.142598511639583,0.11929560641625485,0.01521337959786059
NP44,0.333433904,0.382389011,0.20224902268677217,0.08133816650201105,0.07293260880352417,0.16328595547722832,0.20308674887676573,0.142598511639583,0.11929560641625485,0.01521337959786059
NP7,0.799008778,0.916320065,0.3379416282642089,0.0614439324116743,0.0460829493087557,0.0768049155145929,0.1689708141321044,0.2304147465437788,0.0768049155145929,0.0015360983102918
NP8,0.938209666,1.075958569,0.20224902268677217,0.08133816650201105,0.07293260880352417,0.16328595547722832,0.20308674887676573,0.142598511639583,0.11929560641625485,0.01521337959786059
NR1,0.583277297,0.668914667,0.1829525540465897,0.0816001565971762,0.1501967760325913,0.1859039572539146,0.147733996143775,0.0767483666567804,0.1709554370365915,0.003908756232581
NR10,0.470583086,0.539674576,0.1907165045506498,0.0358233449996182,0.0427184919589498,0.1335715459321102,0.2643476604414224,0.2126171662992227,0.1024413592239787,0.0177639265940479
NR11,0.343864224,0.394350721,0.2603247637923327,0.0610848838292448,0.0339084381156051,0.1070448351003046,0.2213452468165267,0.1697922325406425,0.1173523617422775,0.0291472380630657
NR12,0.540604789,0.619976937,0.1848999709668775,0.0901257786918008,0.0604081299478598,0.1342282102409474,0.2649957553831293,0.1276800531433654,0.1052778101466528,0.0323842914793667
NR13,0.392650504,0.450299852,0.1311307999480619,0.0673114432788426,0.0436783052317769,0.1336319830036605,0.2913446838283559,0.2042320949126546,0.1136594805342679,0.0150112092623795
NR14,1.587804001,1.820927009,0.166306193279042,0.0440746345412776,0.0610551259139367,0.153979778296548,0.25321092216395,0.1769309985562847,0.1219251229239102,0.0225172243250505
NR15,1.781093796,2.04259581,0.2184832166443264,0.0300575622495733,0.0338102668383582,0.1031033385192141,0.3188836221833869,0.1592506341873109,0.1184961136914103,0.0179152456864197
NR16,0.941145271,1.079325183,0.256066618555801,0.0278192387097662,0.0385857101854697,0.0916317103989343,0.2400806935189707,0.169866316975896,0.1321089078564433,0.0438408037987184
NR17,0.582802276,0.668369903,0.1799540801782842,0.0253027608969511,0.0211905638659535,0.0753829833272673,0.2755067928487854,0.2226118100580011,0.1597055140948032,0.0403454947299539
NR18,0.321666321,0.368893699,0.1850303563970577,0.0540388924897795,0.0280893951189728,0.1018951345405567,0.2213195688088331,0.2112098253152355,0.1688885577467396,0.0295282695828247
NR19,0.330357275,0.378860668,0.1285786516864606,0.0209379007425875,0.0384504560352832,0.1361048674816268,0.2429838735367825,0.2119898556306645,0.1871052071716205,0.033849187714974
NR2,0.233592153,0.267888392,0.3307472828225971,0.0695542121409385,0.0646870642083767,0.1213267699270508,0.190523380968322,0.0677843641427943,0.1526414701091606,0.0027354556807596
NR20,0.631025147,0.723672905,0.2307916492666504,0.0285448709858319,0.0395621301852822,0.1270872206324582,0.2377381019654634,0.147937592932782,0.1374649351552588,0.0508734988762728
NR21,0.928226673,1.064509863,0.2476561978805694,0.0414431110928035,0.0437947341287483,0.1753496291110802,0.1710598718676204,0.1965347477092476,0.0905604702860248,0.0336012379239054
NR22,0.741445628,0.850305434,0.3957096283203221,0.057349241419944,0.0802627780232729,0.1755516276329356,0.1137639318505425,0.0873434477340796,0.0581102764275543,0.0319090685913487
NR23,0.737992536,0.846345355,0.3340470345406378,0.0792997793918483,0.0511893704418956,0.1484042588871345,0.160388439024227,0.1119505936016716,0.0833463119669364,0.0313742121456484
NR24,0.377407006,0.432818288,0.3282628768101716,0.0529317304527653,0.0285967664994501,0.0712549022906712,0.1367380979994131,0.1896089433547152,0.1550929188083474,0.0375137637844659
NR25,0.394519524,0.452443285,0.2529767568592954,0.0551257891024361,0.0354576677918605,0.1138472998640717,0.2121345976049775,0.1862500014191879,0.1103690600367041,0.0338388273214665
NR26,0.439837265,0.504414622,0.2057441037822387,0.1511831772013439,0.0534240141533603,0.0726641646752918,0.2045742875839981,0.2190121150465139,0.0755881539146992,0.0178099836425537
NR27,0.442470952,0.507434989,0.2527315670158195,0.0812386862565787,0.0605907697336903,0.108867837613195,0.2191144575846465,0.1690661760113893,0.0830412494015815,0.025349256383099
NR28,0.312874386,0.358810923,0.1796551102143052,0.0633968417892071,0.0581511430630264,0.1401829565118007,0.2152026164667966,0.2260074841108671,0.0956129885452437,0.0217908592987529
NR29,0.300025041,0.344075024,0.1480638123047082,0.0961181888374938,0.0620089437278306,0.1041370060023569,0.3467309712952056,0.1258526586941016,0.0972981590908732,0.01979026004743
NR3,0.278059389,0.318884353,0.1965886607426881,0.1556394217407753,0.1487444538343351,0.0938281055675842,0.2001640911244401,0.0813374461505876,0.1208275624910883,0.0028702583485008
NR30,0.273098639,0.313195261,0.3202880792515074,0.1925120238749836,0.060075213454011,0.1139655634987242,0.1053866712100359,0.0964076169768771,0.0808925938614046,0.0304722378724558
NR31,0.123873672,0.142060931,0.16053043483686,0.0988911115929182,0.0589443726141408,0.2028319966159178,0.2183384777841442,0.1516704555947133,0.1005262384918434,0.0082669124694622
NR32,0.23785292,0.272774729,0.2440785716302847,0.0686263122424233,0.0604848100309097,0.1767163790376564,0.2625408132411486,0.1095070220177122,0.0759848594830254,0.0020612323168393
NR33,0.708901205,0.812982806,0.166190747802982,0.0738394356241633,0.0894276873829378,0.147769684652214,0.2758767492107714,0.1472167893128694,0.0936964642766253,0.0059824417374363
NR34,0.750044233,0.860166495,0.3294303715705918,0.0642801734209204,0.0373354191107849,0.1252977167600839,0.1861772366131211,0.1441234965013494,0.1011870680080368,0.0121685180151112
NR35,0.992525836,1.138249495,0.3025901629415728,0.0509031214972853,0.0607782815992641,0.1331071219172459,0.1951997801418005,0.1518914022934655,0.0865183006469258,0.0190118289624398
NR4,0.339974268,0.389889638,0.0482357787492642,0.0824119337140561,0.0607618293714086,0.363664788901047,0.2152739428050129,0.082149365249021,0.1402118018019801,0.0072905594082097
NR5,0.383234686,0.439501595,0.0108265341799989,0.0314995609274831,0.165412329370309,0.2654876445822806,0.2042567068986156,0.1646749436613346,0.1531003007453677,0.00474197963461
NR6,0.261070003,0.299400568,0.0176955518279713,0.0555385629700511,0.1457483451934384,0.27657799835749,0.3125815968024999,0.0813008715123856,0.1000868769451636,0.0104701963909999
NR7,0.391145009,0.44857332,0.0226021609917428,0.0772684423676664,0.2244161664892829,0.3543903882155887,0.1324413600981736,0.1266404192037822,0.0535198431129288,0.0087212195208344
NR8,0.708517613,0.812542893,0.035408523000553,0.0302058963865763,0.0202271971211518,0.1888709270144303,0.2137451950198285,0.3195517363668231,0.1797551192411141,0.0122354058495226
NR9,0.428525952,0.491442571,0.2162172088206182,0.0372840620934726,0.0322388338962224,0.1132481572119218,0.2230944765558695,0.2154185251242976,0.1360413557790584,0.0264573805185392
NW1,0.215537299,0.247182706,0.3628508015751362,0.0377050267590859,0.0587527313170045,0.0938228514940787,0.1314009639055885,0.1228029789684352,0.181059676284621,0.0116049696960496
NW10,0.134878333,0.154681307,0.4417340231664149,0.1724910432446197,0.1043497284149577,0.0206444020822795,0.0418728383177528,0.0842460631226333,0.1334953633952084,0.0011665382561334
NW11,0.215125282,0.246710196,0.0123456557070674,0.6539330837288253,0.1259206257271565,0.080763911630632,0.0413978974606662,0.0389963748389605,0.0445792292335151,0.0020632216731769
NW2,0.164535312,0.188692554,0.2207136105957692,0.2567724176649817,0.1585483162513972,0.0414696647661287,0.0378197840698326,0.160965907339197,0.1223102501062671,0.0014000492064263
NW3,0.340929928,0.390985609,0.5837264318438076,0.082484560802044,0.0617759539153091,0.0706888206497459,0.1033665598661822,0.0602060975036071,0.0268790973304657,0.0108724780888381
NW4,0.238117138,0.27307774,0.0729785179975693,0.3204772692932419,0.154136944214077,0.1143189444932932,0.2165305579293752,0.0621904580375934,0.0574459731543143,0.0019213348805353
NW5,0.22265148,0.255341398,0.5149685393161402,0.0278565660661397,0.0249977707124657,0.0875490638853315,0.1625852497356474,0.0608083074920388,0.1074055023063775,0.0138290004858589
NW6,0.169356844,0.194221989,0.5600759308923707,0.0477878560382807,0.0246629832798826,0.1678148638401175,0.1040232490452597,0.0441402089754371,0.0470157078856257,0.0044792000430257
NW7,0.147471505,0.169123422,0.0547381318993031,0.3022813696365434,0.236356197043376,0.1575882537792836,0.0758166776584645,0.0550232562430463,0.1161617331082355,0.0020343806317473
NW8,0.169706083,0.194622504,0.1810725453809973,0.0731253967442021,0.1451209705109315,0.2050563870066571,0.1874732240118177,0.0895533158812528,0.1068397456038106,0.0117584148603306
NW9,0.085726575,0.098313038,0.0072531526672726,0.0676718114975099,0.3923809086351832,0.0414411390861393,0.2392408122795638,0.0764584940035665,0.1744255736716128,0.0011281081591515
OL1,0.213531541,0.24488246,0.2500525418615003,0.116256430988036,0.0457034718423743,0.0567035346306772,0.3559349832571444,0.0924901697456488,0.0738891597365815,0.0089697079380372
OL10,0.101495605,0.116397294,0.1782044079529456,0.1121347576416617,0.0902120888255616,0.2111309587951355,0.1605592260847664,0.1618032341230948,0.0807111526495109,0.0052441739273233
OL11,0.215254917,0.246858864,0.2150433943209098,0.1923520382406897,0.0618574720846667,0.1608671317795193,0.2027796386512056,0.1250430492701154,0.0396860671644309,0.0023712084884621
OL12,0.177885456,0.20400278,0.2301596057507327,0.125325248174256,0.0546245010727112,0.0780143543115528,0.3037478804752476,0.1353046368952015,0.0640102465633482,0.0088135267569498
OL13,0.176420137,0.202322322,0.4378128254590381,0.0727615889815709,0.0797821781387723,0.0890679624786046,0.1272889311584539,0.0729265084915144,0.098649913436508,0.0217100918555374
OL14,0.565057203,0.64801948,0.5260777867665218,0.0969497340466111,0.0560416738361986,0.0523421028563901,0.1173026696937376,0.0507971878415024,0.0850969539302629,0.0153918910287753
OL15,0.330718199,0.379274583,0.3317793467218419,0.1077162108937636,0.0394409604343869,0.1000772621427103,0.213093309405356,0.103946992275661,0.088931577115262,0.0150143410110181
OL16,0.167363449,0.191935922,0.2419576105170959,0.1130293791312525,0.0804117069361739,0.077043124878412,0.2951713553940903,0.1297084791543608,0.0540803371426274,0.008598006845987
OL2,0.259071515,0.29710866,0.1827906561803642,0.0887154325484459,0.0544861549160868,0.182588784855406,0.3229412397734364,0.1121008219034146,0.0431821745243514,0.0131947352984942
OL3,0.228661115,0.262233373,0.3629805891909038,0.0640763921305881,0.0896740100391222,0.0855206299709683,0.1276718894509337,0.1351325823161095,0.1111515276230785,0.0237923792782956
OL4,0.137693536,0.157909841,0.2805934245071865,0.1508209187196527,0.0526219059591618,0.1457490991695575,0.2213936050392886,0.092806902175253,0.0454283849769265,0.0105857594529731
OL5,0.251958998,0.288951876,0.4294422245962347,0.0328626680789575,0.0435058661056356,0.0971638005925109,0.187813087071741,0.0792463106449278,0.1112639995336319,0.0187020433763603
OL6,0.26607474,0.305140106,0.3354354932096113,0.0697208906306625,0.1008127291071929,0.1076937386413243,0.1259737638209478,0.110636341829251,0.1219321292975681,0.0277949134634419
OL7,0.289290829,0.331764804,0.2559481095032449,0.1121950640973865,0.0266287381838191,0.2230999087007598,0.163815473969552,0.1083649766978391,0.0942268272408106,0.0157209016065876
OL8,0.108764732,0.124733682,0.2276225276690769,0.1865966679038022,0.1002057734152682,0.16033457842748,0.1568050000300585,0.0996721828636501,0.0629925442237751,0.0057707254668888
OL9,0.151213211,0.17341449,0.1902985841721342,0.1100058264085669,0.1278247502143073,0.1224845156840008,0.2960718623279395,0.0745804520545595,0.0687949672542418,0.0099390418842496
OX1,0.88181209,1.011280644,0.2790811040158161,0.0898072848933911,0.0302638412243293,0.0418323134931275,0.1056775730096825,0.1911266716444819,0.2297601037258625,0.0324511079933087
OX10,1.152101189,1.321253865,0.1846587362598563,0.0675886089718262,0.0497241107389338,0.2142213599593919,0.2122908889951563,0.1303004418355403,0.1285201137197038,0.012695739519591
OX11,0.632916306,0.725841725,0.0749552168232598,0.0615419285481506,0.0977274292858234,0.235952924702091,0.1524859491494782,0.2579870061102586,0.1122758497896308,0.0070736955913071
OX12,0.709706637,0.813906491,0.1785046289379383,0.0413328633568289,0.032785282619322,0.182778994730004,0.2507038241207512,0.1104224373775141,0.1943106648867529,0.0091613039708883
OX13,0.50840052,0.583044405,0.1582270705349591,0.0548353910986591,0.0789077945310533,0.213082074496067,0.23998970646273,0.1492539170843669,0.0960600319904414,0.0096440138017228
OX14,0.577935708,0.662788821,0.1217145313416233,0.0505228195644368,0.0651484304808586,0.1569330223879362,0.2606964552707561,0.1943954264273084,0.1418434964814002,0.0087458180456801
OX15,1.296785135,1.487180455,0.2756519971558716,0.0338914010286302,0.02194262142593,0.1470650230006744,0.2025186860964041,0.1445825983716035,0.1419729564660962,0.0323747164547896
OX16,0.644370514,0.738977652,0.1187209424514935,0.0470849171346059,0.0594384547154323,0.1165640299857305,0.230109634662368,0.2040601034532125,0.215801247446729,0.0082206701504282
OX17,1.169647525,1.341376372,0.2314377297836968,0.051890908362639,0.0293264611630737,0.1682438276304868,0.2271258974398647,0.1252379985471013,0.1410666716473607,0.0256705054257766
OX18,0.614890869,0.705169775,0.1740216847507503,0.0250289339435017,0.0178319694839303,0.104497392654241,0.3152114298358732,0.1986379498234554,0.1565169392004476,0.0082537003078002
OX2,0.371712136,0.426287293,0.221069391425927,0.1001798987099357,0.1150267640872585,0.0978578853833444,0.1417593947504297,0.1403353356844172,0.1709254868796229,0.0128458430790642
OX20,0.240366314,0.275657142,0.2626847077468955,0.0389835993927148,0.0664563080233224,0.189106032079425,0.2562307368409271,0.0715465181102071,0.1005547864391657,0.0144373113673422
OX25,1.422417589,1.631258395,0.1949960988668549,0.023339960172477,0.0418865485275741,0.2636511844102189,0.2424381017783963,0.1099939203515276,0.1071135824488506,0.0165806034441002
OX26,0.576167353,0.660760833,0.0526549524548446,0.0147320927879121,0.047879055715211,0.099236911410291,0.4241671106990898,0.265262935716497,0.0929952134779762,0.0030717277381779
OX27,1.018044617,1.16751497,0.2201958452617527,0.0365267474879366,0.0909624886829561,0.1670040046006177,0.208482402232758,0.1779194482086582,0.0755073569499207,0.0234017065753997
OX28,0.390388287,0.447705495,0.1692121625903379,0.0323974868419778,0.0215180450883306,0.0928300177569234,0.1962976061686039,0.2683348734714841,0.2164432365049591,0.0029665715773829
LE87,0.0,0.0,0.3422110499462668,0.0454450484899254,0.0534689436685716,0.1042713974005901,0.0829269227095699,0.0512935894614317,0.2886009465597144,0.0317821017639296
LE95,0.0,0.0,0.0,0.0,0.0,0.0,0.0011737089201877,0.6220657276995305,0.3650234741784037,0.0117370892018779
LS98,0.0,0.0,0.0512127680538265,0.0918370171955795,0.0746100269428418,0.1022788816118693,0.1883796156099507,0.1360972745621145,0.3361921972348117,0.0193922187890056
LS99,0.0,0.0,0.0614184358607177,0.1857841580447623,0.1420916366928552,0.1007212178726229,0.2612266654253169,0.2301208214604252,0.0033485600172089,0.0152885046260906
M60,0.0,0.0,0.0709249855451961,0.0191572457868579,0.0007616236441568,0.0030612121893356,0.0028659119812198,0.0574474763907795,0.8209058921714978,0.0248756522909563
M61,0.0,0.0,0.0679113487409451,0.0019403242497412,0.0,0.0,0.0,0.0304721909249206,0.8703920241563622,0.0292841119280306
M99,0.0,0.0,0.0660814647619238,0.0114635242549756,0.0,0.0011701952000459,0.0001609662896185,0.026097896399698,0.86878059993042,0.026245353163318
MK77,0.0,0.0,0.0046430840208263,0.0028449442091245,0.0017094991167587,0.0015385492050829,0.3697356707164539,0.6071359049314892,0.0120546689623861,0.0003376788378782
N81,0.0,0.0,0.7342374101798652,0.0435001260821455,0.0,0.0024477080551846,0.0636811271815247,0.0169521552189078,0.1375831231368952,0.0015983501454766
NE85,0.0,0.0,0.0037835792659856,0.063022983550167,0.1256676091737354,0.0314169022934338,0.428942348736174,0.0992342620397878,0.2452551027503874,0.0026772121903286
NE92,0.0,0.0,0.0,0.0754005655042412,0.1508011310084825,0.0377002827521206,0.4806786050895379,0.0282752120640904,0.2262016965127239,0.000942507068803
NE98,0.0,0.0,0.0060489968746849,0.047461147516055,0.3617334655130053,0.141782628736688,0.2238679961790408,0.1017687187044466,0.1167004099843986,0.0006366364916806
NE99,0.0,0.0,0.0734667708063508,0.0049085525248958,0.0012729213106016,0.0048301202336061,0.18265145831213,0.1088509664619762,0.6125083814579622,0.011510828892477
NG80,0.0,0.0,0.0883380434473354,0.0605262268796873,0.1712260044700637,0.1361833198384706,0.2736627960583893,0.1020769020481683,0.1403963342039217,0.0275903730539635
NG90,0.0,0.0,0.1882319287875917,0.12779994061834,0.2666084621404387,0.0331458835597096,0.1970530745210623,0.1512578800670229,0.0174757203877267,0.0184271099181078
NR99,0.0,0.0,0.4519774011299435,0.1421845574387947,0.0009416195856873,0.0470809792843691,0.0282485875706214,0.0188323917137476,0.3013182674199623,0.0094161958568738
OX29,0.52831696,0.605884997,0.2074140600879157,0.0358372947494377,0.0330000185605236,0.1744787138692159,0.2338731563670917,0.2096804596732572,0.0961667282202755,0.0095495684722823
OX3,0.456562944,0.523595982,0.0690261782973381,0.1005716573842237,0.1882736063711504,0.1904381816175883,0.1681531624565222,0.1164227904038751,0.1596752879957837,0.0074391354735182
OX33,0.707840285,0.81176612,0.1795087655929231,0.0482684944330957,0.052716345771949,0.2670471213770914,0.1729137530165989,0.1966718954655416,0.0608516637610344,0.0220219605817656
OX39,1.212164697,1.390135958,0.1257745427166,0.034824844625374,0.0451577641977445,0.1509311227020618,0.4128361628978815,0.0929772456543274,0.1230750757480946,0.014423241457916
OX4,0.156978223,0.180025926,0.1239640593931319,0.0586409688328464,0.2181619818506351,0.1927616933605096,0.1310589540839304,0.1943735192367183,0.0779601170952339,0.003078706146994
OX44,0.384840721,0.441343429,0.2171227163521927,0.0378564245344731,0.1152980478952176,0.1497598133782507,0.2643907799013463,0.1491542278479387,0.0443916379415594,0.0220263521490213
OX49,0.550236656,0.631022965,0.3179308946985361,0.0754355396227625,0.0257480268197303,0.113926519296358,0.1941137987223381,0.1627206031721328,0.0847593370517529,0.0253652806163888
OX5,0.15797033,0.181163695,0.174062099694467,0.0217510867787769,0.0647889284419709,0.2491668191234408,0.2805994319009676,0.1282113806034994,0.0689748728717045,0.0124453805851725
OX7,1.129162709,1.294947533,0.3236710170810191,0.0276466683323621,0.0358821667341759,0.155583608615696,0.2349311915012514,0.1169080939763517,0.087241720463261,0.0181355332958824
OX9,0.576829207,0.661519861,0.2034463788766807,0.0532510469822961,0.0361404820331437,0.1705957275985523,0.3065890724615339,0.1377602557962535,0.072292716588694,0.0199243196628455
PA1,0.284533735,0.32630927,0.20224902268677217,0.08133816650201105,0.07293260880352417,0.16328595547722832,0.20308674887676573,0.142598511639583,0.11929560641625485,0.01521337959786059
PA10,0.568055532,0.651458026,0.20224902268677217,0.08133816650201105,0.07293260880352417,0.16328595547722832,0.20308674887676573,0.142598511639583,0.11929560641625485,0.01521337959786059
PA11,0.240898726,0.276267723,0.20224902268677217,0.08133816650201105,0.07293260880352417,0.16328595547722832,0.20308674887676573,0.142598511639583,0.11929560641625485,0.01521337959786059
PA12,0.224912832,0.257934764,0.20224902268677217,0.08133816650201105,0.07293260880352417,0.16328595547722832,0.20308674887676573,0.142598511639583,0.11929560641625485,0.01521337959786059
PA13,0.230620304,0.264480213,0.20224902268677217,0.08133816650201105,0.07293260880352417,0.16328595547722832,0.20308674887676573,0.142598511639583,0.11929560641625485,0.01521337959786059
PA14,0.202648279,0.232401307,0.20224902268677217,0.08133816650201105,0.07293260880352417,0.16328595547722832,0.20308674887676573,0.142598511639583,0.11929560641625485,0.01521337959786059
PA15,0.195830948,0.224583048,0.20224902268677217,0.08133816650201105,0.07293260880352417,0.16328595547722832,0.20308674887676573,0.142598511639583,0.11929560641625485,0.01521337959786059
PA16,0.202068969,0.231736942,0.20224902268677217,0.08133816650201105,0.07293260880352417,0.16328595547722832,0.20308674887676573,0.142598511639583,0.11929560641625485,0.01521337959786059
PA17,0.383023972,0.439259944,0.20224902268677217,0.08133816650201105,0.07293260880352417,0.16328595547722832,0.20308674887676573,0.142598511639583,0.11929560641625485,0.01521337959786059
PA18,0.269026775,0.308525561,0.20224902268677217,0.08133816650201105,0.07293260880352417,0.16328595547722832,0.20308674887676573,0.142598511639583,0.11929560641625485,0.01521337959786059
PA19,0.197366848,0.22634445,0.20224902268677217,0.08133816650201105,0.07293260880352417,0.16328595547722832,0.20308674887676573,0.142598511639583,0.11929560641625485,0.01521337959786059
PA2,0.292093538,0.33497901,0.20224902268677217,0.08133816650201105,0.07293260880352417,0.16328595547722832,0.20308674887676573,0.142598511639583,0.11929560641625485,0.01521337959786059
PA20,0.480162335,0.550660261,0.20224902268677217,0.08133816650201105,0.07293260880352417,0.16328595547722832,0.20308674887676573,0.142598511639583,0.11929560641625485,0.01521337959786059
PA21,0.324290089,0.371902692,0.20224902268677217,0.08133816650201105,0.07293260880352417,0.16328595547722832,0.20308674887676573,0.142598511639583,0.11929560641625485,0.01521337959786059
PA22,0.330601275,0.379140493,0.20224902268677217,0.08133816650201105,0.07293260880352417,0.16328595547722832,0.20308674887676573,0.142598511639583,0.11929560641625485,0.01521337959786059
PA23,0.33004857,0.378506639,0.20224902268677217,0.08133816650201105,0.07293260880352417,0.16328595547722832,0.20308674887676573,0.142598511639583,0.11929560641625485,0.01521337959786059
PA24,0.29000689,0.332585999,0.20224902268677217,0.08133816650201105,0.07293260880352417,0.16328595547722832,0.20308674887676573,0.142598511639583,0.11929560641625485,0.01521337959786059
PA25,0.32840382,0.376620405,0.20224902268677217,0.08133816650201105,0.07293260880352417,0.16328595547722832,0.20308674887676573,0.142598511639583,0.11929560641625485,0.01521337959786059
PA26,0.315310348,0.361604536,0.20224902268677217,0.08133816650201105,0.07293260880352417,0.16328595547722832,0.20308674887676573,0.142598511639583,0.11929560641625485,0.01521337959786059
PA27,0.324239887,0.371845119,0.20224902268677217,0.08133816650201105,0.07293260880352417,0.16328595547722832,0.20308674887676573,0.142598511639583,0.11929560641625485,0.01521337959786059
PA28,1.0737467,1.231395289,0.20224902268677217,0.08133816650201105,0.07293260880352417,0.16328595547722832,0.20308674887676573,0.142598511639583,0.11929560641625485,0.01521337959786059
PA29,0.49179146,0.563996786,0.20224902268677217,0.08133816650201105,0.07293260880352417,0.16328595547722832,0.20308674887676573,0.142598511639583,0.11929560641625485,0.01521337959786059
PA3,0.311825665,0.357608229,0.20224902268677217,0.08133816650201105,0.07293260880352417,0.16328595547722832,0.20308674887676573,0.142598511639583,0.11929560641625485,0.01521337959786059
PA30,0.351948733,0.403622207,0.20224902268677217,0.08133816650201105,0.07293260880352417,0.16328595547722832,0.20308674887676573,0.142598511639583,0.11929560641625485,0.01521337959786059
PA31,0.383399681,0.439690815,0.20224902268677217,0.08133816650201105,0.07293260880352417,0.16328595547722832,0.20308674887676573,0.142598511639583,0.11929560641625485,0.01521337959786059
PA32,0.377396193,0.432805888,0.20224902268677217,0.08133816650201105,0.07293260880352417,0.16328595547722832,0.20308674887676573,0.142598511639583,0.11929560641625485,0.01521337959786059
PA33,0.397391946,0.455737438,0.20224902268677217,0.08133816650201105,0.07293260880352417,0.16328595547722832,0.20308674887676573,0.142598511639583,0.11929560641625485,0.01521337959786059
PA34,0.407219226,0.467007569,0.20224902268677217,0.08133816650201105,0.07293260880352417,0.16328595547722832,0.20308674887676573,0.142598511639583,0.11929560641625485,0.01521337959786059
PA35,0.395814777,0.453928707,0.20224902268677217,0.08133816650201105,0.07293260880352417,0.16328595547722832,0.20308674887676573,0.142598511639583,0.11929560641625485,0.01521337959786059
PA36,0.331001157,0.379599085,0.20224902268677217,0.08133816650201105,0.07293260880352417,0.16328595547722832,0.20308674887676573,0.142598511639583,0.11929560641625485,0.01521337959786059
PA37,0.384172561,0.440577169,0.20224902268677217,0.08133816650201105,0.07293260880352417,0.16328595547722832,0.20308674887676573,0.142598511639583,0.11929560641625485,0.01521337959786059
PA38,0.365433743,0.419087099,0.20224902268677217,0.08133816650201105,0.07293260880352417,0.16328595547722832,0.20308674887676573,0.142598511639583,0.11929560641625485,0.01521337959786059
PA4,0.122511761,0.140499063,0.20224902268677217,0.08133816650201105,0.07293260880352417,0.16328595547722832,0.20308674887676573,0.142598511639583,0.11929560641625485,0.01521337959786059
PA41,1.020783868,1.1706564,0.20224902268677217,0.08133816650201105,0.07293260880352417,0.16328595547722832,0.20308674887676573,0.142598511639583,0.11929560641625485,0.01521337959786059
PA42,0.722520411,0.828601597,0.20224902268677217,0.08133816650201105,0.07293260880352417,0.16328595547722832,0.20308674887676573,0.142598511639583,0.11929560641625485,0.01521337959786059
PA43,0.697034759,0.799374115,0.20224902268677217,0.08133816650201105,0.07293260880352417,0.16328595547722832,0.20308674887676573,0.142598511639583,0.11929560641625485,0.01521337959786059
PA44,0.719051886,0.82462382,0.20224902268677217,0.08133816650201105,0.07293260880352417,0.16328595547722832,0.20308674887676573,0.142598511639583,0.11929560641625485,0.01521337959786059
PA45,0.693593909,0.795428076,0.20224902268677217,0.08133816650201105,0.07293260880352417,0.16328595547722832,0.20308674887676573,0.142598511639583,0.11929560641625485,0.01521337959786059
PA46,0.684404124,0.784889038,0.20224902268677217,0.08133816650201105,0.07293260880352417,0.16328595547722832,0.20308674887676573,0.142598511639583,0.11929560641625485,0.01521337959786059
PA47,0.713064848,0.817757759,0.20224902268677217,0.08133816650201105,0.07293260880352417,0.16328595547722832,0.20308674887676573,0.142598511639583,0.11929560641625485,0.01521337959786059
PA48,0.711359405,0.81580192,0.20224902268677217,0.08133816650201105,0.07293260880352417,0.16328595547722832,0.20308674887676573,0.142598511639583,0.11929560641625485,0.01521337959786059
PA49,0.710450107,0.814759119,0.20224902268677217,0.08133816650201105,0.07293260880352417,0.16328595547722832,0.20308674887676573,0.142598511639583,0.11929560641625485,0.01521337959786059
PA5,0.199546525,0.22884415,0.20224902268677217,0.08133816650201105,0.07293260880352417,0.16328595547722832,0.20308674887676573,0.142598511639583,0.11929560641625485,0.01521337959786059
PA6,0.214016256,0.245438342,0.20224902268677217,0.08133816650201105,0.07293260880352417,0.16328595547722832,0.20308674887676573,0.142598511639583,0.11929560641625485,0.01521337959786059
PA60,0.685781519,0.786468664,0.20224902268677217,0.08133816650201105,0.07293260880352417,0.16328595547722832,0.20308674887676573,0.142598511639583,0.11929560641625485,0.01521337959786059
PA61,0.620779072,0.711922491,0.20224902268677217,0.08133816650201105,0.07293260880352417,0.16328595547722832,0.20308674887676573,0.142598511639583,0.11929560641625485,0.01521337959786059
PA62,0.368808392,0.422957217,0.20224902268677217,0.08133816650201105,0.07293260880352417,0.16328595547722832,0.20308674887676573,0.142598511639583,0.11929560641625485,0.01521337959786059
PA63,0.368808392,0.422957217,0.20224902268677217,0.08133816650201105,0.07293260880352417,0.16328595547722832,0.20308674887676573,0.142598511639583,0.11929560641625485,0.01521337959786059
PA64,0.368808392,0.422957217,0.20224902268677217,0.08133816650201105,0.07293260880352417,0.16328595547722832,0.20308674887676573,0.142598511639583,0.11929560641625485,0.01521337959786059
PA65,0.375346753,0.430455547,0.20224902268677217,0.08133816650201105,0.07293260880352417,0.16328595547722832,0.20308674887676573,0.142598511639583,0.11929560641625485,0.01521337959786059
PA66,0.392701845,0.450358731,0.20224902268677217,0.08133816650201105,0.07293260880352417,0.16328595547722832,0.20308674887676573,0.142598511639583,0.11929560641625485,0.01521337959786059
PA67,0.375572059,0.430713933,0.20224902268677217,0.08133816650201105,0.07293260880352417,0.16328595547722832,0.20308674887676573,0.142598511639583,0.11929560641625485,0.01521337959786059
PA68,0.36914559,0.423343924,0.20224902268677217,0.08133816650201105,0.07293260880352417,0.16328595547722832,0.20308674887676573,0.142598511639583,0.11929560641625485,0.01521337959786059
PA69,0.357979583,0.410538512,0.20224902268677217,0.08133816650201105,0.07293260880352417,0.16328595547722832,0.20308674887676573,0.142598511639583,0.11929560641625485,0.01521337959786059
PA7,0.085260002,0.097777963,0.20224902268677217,0.08133816650201105,0.07293260880352417,0.16328595547722832,0.20308674887676573,0.142598511639583,0.11929560641625485,0.01521337959786059
PA70,0.370084251,0.424420399,0.20224902268677217,0.08133816650201105,0.07293260880352417,0.16328595547722832,0.20308674887676573,0.142598511639583,0.11929560641625485,0.01521337959786059
PA71,0.36460241,0.418133709,0.20224902268677217,0.08133816650201105,0.07293260880352417,0.16328595547722832,0.20308674887676573,0.142598511639583,0.11929560641625485,0.01521337959786059
PA72,0.354888724,0.40699385,0.20224902268677217,0.08133816650201105,0.07293260880352417,0.16328595547722832,0.20308674887676573,0.142598511639583,0.11929560641625485,0.01521337959786059
PA73,0.374619889,0.429621964,0.20224902268677217,0.08133816650201105,0.07293260880352417,0.16328595547722832,0.20308674887676573,0.142598511639583,0.11929560641625485,0.01521337959786059
PA74,0.360648547,0.413599336,0.20224902268677217,0.08133816650201105,0.07293260880352417,0.16328595547722832,0.20308674887676573,0.142598511639583,0.11929560641625485,0.01521337959786059
PA75,0.364390564,0.41789076,0.20224902268677217,0.08133816650201105,0.07293260880352417,0.16328595547722832,0.20308674887676573,0.142598511639583,0.11929560641625485,0.01521337959786059
PA76,0.3645442,0.418066953,0.20224902268677217,0.08133816650201105,0.07293260880352417,0.16328595547722832,0.20308674887676573,0.142598511639583,0.11929560641625485,0.01521337959786059
PA77,2.805646386,3.21757426,0.20224902268677217,0.08133816650201105,0.07293260880352417,0.16328595547722832,0.20308674887676573,0.142598511639583,0.11929560641625485,0.01521337959786059
PA78,1.033987864,1.185799021,0.20224902268677217,0.08133816650201105,0.07293260880352417,0.16328595547722832,0.20308674887676573,0.142598511639583,0.11929560641625485,0.01521337959786059
PA8,0.072201742,0.082802476,0.20224902268677217,0.08133816650201105,0.07293260880352417,0.16328595547722832,0.20308674887676573,0.142598511639583,0.11929560641625485,0.01521337959786059
PA80,0.317083266,0.363637756,0.20224902268677217,0.08133816650201105,0.07293260880352417,0.16328595547722832,0.20308674887676573,0.142598511639583,0.11929560641625485,0.01521337959786059
PA9,0.540272923,0.619596346,0.20224902268677217,0.08133816650201105,0.07293260880352417,0.16328595547722832,0.20308674887676573,0.142598511639583,0.11929560641625485,0.01521337959786059
PE1,0.523103533,0.599906129,0.1803950469353027,0.0889200130011838,0.0946852236057708,0.2166550986704826,0.1571579570087833,0.1687889312225291,0.0842010092979019,0.0091967202580455
PE10,0.366638484,0.420468721,0.0852291429745383,0.0409543050473515,0.0303424663475319,0.0834498559097267,0.2264310071539022,0.2296498420190646,0.2619175457516032,0.0420258347962814
PE11,0.314322144,0.360471243,0.1230440754434116,0.0624629177290911,0.0756531762981548,0.1278801073650049,0.2227970253875673,0.1776959029062709,0.1676351382558196,0.0428316566146796
PE12,0.218685971,0.250793669,0.1105108560786726,0.0714454151476452,0.0517621598035075,0.1300571758508368,0.172359588388211,0.1798765343577875,0.1384711087685884,0.1455171616047508
PE13,0.173212725,0.198643995,0.1409797985356883,0.1121220958089732,0.0729782398375281,0.1069826833539952,0.1496112461324702,0.2196209555101056,0.1606566760290473,0.0370483047921917
PE14,0.301604099,0.345885922,0.123659747223302,0.1406152333713254,0.066628216280793,0.142786115786301,0.1314457428153209,0.1943153766529547,0.1594345900314243,0.0411149778385786
PE15,0.316204576,0.362630055,0.1308672073903467,0.0959581679909036,0.0752338856181787,0.0998023063328003,0.1543161177845279,0.2084955572293817,0.2220104320910921,0.0133163255627686
PE16,0.198219906,0.227322755,0.1369514897006438,0.056160820205402,0.0506911073802323,0.11183154304854,0.1711603123856523,0.2577185177424382,0.2053124625496969,0.0101737469873941
PE19,0.356671328,0.409038177,0.0887656411264523,0.0341018198397966,0.0356952118807552,0.1420091997304579,0.3182852092077103,0.2035343722031162,0.1650078219125911,0.0126007240991201
PE2,0.269463336,0.309026219,0.0369944741089741,0.0416389821594557,0.0261881603525585,0.1877846449772993,0.2987064309930065,0.2644494035593075,0.1306345706931522,0.0136033331562457
PE20,0.617893958,0.708613782,0.163126276661897,0.0811686722005949,0.0878635946631394,0.1481200205663589,0.1602515798886296,0.112132422784351,0.1944238687372978,0.052913564497731
PE21,0.259149438,0.297198024,0.2607799342444711,0.057862641869413,0.0791314364418559,0.1606962196826712,0.1675045096083589,0.1263285948199047,0.1383288779245596,0.0093677854087652
PE22,0.293968884,0.337129696,0.2346634540627535,0.0577093378418653,0.0590716846098445,0.1650992172300097,0.1657973759472173,0.1600969897762526,0.1015616467324894,0.0560002937995673
PE23,0.719184877,0.824776337,0.335129730442639,0.0327768335578756,0.0382666899628082,0.1050721855265263,0.1353740073186883,0.1377562560697802,0.1604120149385449,0.0552122821831373
PE24,0.20488718,0.234968926,0.1910743874565142,0.0543343481900034,0.0692438114854163,0.1129028333243278,0.2332846435278444,0.1712549233358592,0.1353862945216027,0.0325187581584315
PE25,0.056942828,0.065303233,0.1030449499170926,0.1867916889605224,0.1396642046042799,0.1156268160299031,0.1417988039817656,0.1700096893298385,0.1236625899049899,0.0194012572716077
PE26,0.200796783,0.230277973,0.1242435967378391,0.0708752306292369,0.0468902760144705,0.1438327897604251,0.1694931020330237,0.2882118415219836,0.138781569112005,0.0176715941910159
PE27,0.347887604,0.398964818,0.1232692583972436,0.0220460609925566,0.0175779370523591,0.0927313642828004,0.3136864144343927,0.3110826107404057,0.1141111927926721,0.0054951613075694
PE28,0.365765335,0.419467376,0.1250964062320889,0.0346577030030856,0.0258007782251521,0.1495799709220629,0.3114742544505364,0.2413171090125764,0.0987481235237118,0.0133256546307855
PE29,0.826586053,0.947946263,0.1149911945761992,0.0334294680416554,0.0183276854129897,0.0988798150177105,0.139222010644568,0.4117287375959132,0.1789676252055322,0.0044534635054315
PE3,0.375798459,0.430973573,0.0208786706531198,0.0424522589496039,0.0298401275303357,0.1210096892022893,0.6087737723949689,0.1065601518673519,0.0659720752823407,0.0045132541199895
PE30,0.528122208,0.605661651,0.1706861675127343,0.0933443181793809,0.0743269020579076,0.1412907184374748,0.1961107995240529,0.1737384750654946,0.1388822258839041,0.0116203933390507
PE31,0.462675467,0.530605952,0.1825926403405391,0.1102890771410409,0.046695324705826,0.1157216844240444,0.2299185140932153,0.1763709977793277,0.1143257420686333,0.0240860194473729
PE32,0.409537719,0.469666466,0.2393410091429515,0.047722293763607,0.0427780056793051,0.1448398394406969,0.2238455743824804,0.1559511595351006,0.1082425012730259,0.0372796167828322
PE33,0.298922678,0.342810812,0.1908424241179992,0.0398202554843408,0.0429828631857748,0.2042326623892189,0.1978411820218918,0.1720889158889947,0.1221255736937364,0.0300661232180431
PE34,0.601444933,0.689749693,0.1397590857989074,0.1095977302090341,0.0757594075615734,0.1852173493759593,0.1915108217805792,0.1178843170373612,0.1433019618514893,0.0369693263850957
PE35,0.578968672,0.663973445,0.3145092460881935,0.0828354670459933,0.0492176386913228,0.1302513039355144,0.1598703967125019,0.1174648332543069,0.0832305990200727,0.0626205152520942
PE36,0.200133179,0.229516937,0.1269923180325662,0.1825848867386788,0.0372274467138539,0.1387194039746889,0.199482097773603,0.1922593297718603,0.0937284194230197,0.029006097571729
PE37,0.494244475,0.566809954,0.1273906850878206,0.0360672622035855,0.0434626997225001,0.1137318667469195,0.3033487294811053,0.2055994661683022,0.1396534991106446,0.0307457914791219
PE38,0.240734871,0.276079811,0.1163934783309934,0.0858115469715169,0.0341422932166576,0.1278083198904364,0.189465167127477,0.1479752311017171,0.2759803306551888,0.0224236327060123
PE4,0.2439493,0.279766185,0.0184730175984016,0.0382281698929879,0.0585621021532785,0.2360760203725019,0.3238320505926126,0.25959627775202,0.0606518636069761,0.0045804980312212
PE5,0.3396163,0.389479112,0.2127449070912421,0.0380601706552797,0.0245647945208856,0.2724860889567149,0.1731665405201509,0.1313148247220872,0.1254025388732609,0.0222601346603782
PE6,0.393948826,0.451788795,0.1117519401989954,0.0391646016316947,0.0346886323423569,0.169713223607235,0.274589780974214,0.1985799522883996,0.1391262536131816,0.0323856153439224
PE7,0.27887407,0.319818647,0.0782281177005838,0.0373410505427477,0.0300659914215509,0.1187862364265078,0.201936887495054,0.1999896298415907,0.3153831218592752,0.0182689647126895
PE8,0.8273915,0.948869967,0.2359148069898936,0.0293768012450902,0.02837423062472,0.1935968726364551,0.1845854543463297,0.1717973906674582,0.1135029562805473,0.0428514872095056
PE9,0.339431747,0.389267463,0.2378930183546286,0.0638190193866964,0.0460093228508858,0.1463007537886113,0.1908314437016915,0.1480750259447351,0.1145086812845362,0.0525627346882149
PH1,0.329747387,0.378161236,0.20224902268677217,0.08133816650201105,0.07293260880352417,0.16328595547722832,0.20308674887676573,0.142598511639583,0.11929560641625485,0.01521337959786059
PH10,0.305108801,0.349905187,0.20224902268677217,0.08133816650201105,0.07293260880352417,0.16328595547722832,0.20308674887676573,0.142598511639583,0.11929560641625485,0.01521337959786059
PH11,0.310331445,0.355894625,0.20224902268677217,0.08133816650201105,0.07293260880352417,0.16328595547722832,0.20308674887676573,0.142598511639583,0.11929560641625485,0.01521337959786059
PH12,0.425200285,0.487628625,0.20224902268677217,0.08133816650201105,0.07293260880352417,0.16328595547722832,0.20308674887676573,0.142598511639583,0.11929560641625485,0.01521337959786059
PH13,0.311824201,0.357606549,0.20224902268677217,0.08133816650201105,0.07293260880352417,0.16328595547722832,0.20308674887676573,0.142598511639583,0.11929560641625485,0.01521337959786059
PH14,0.359505141,0.412288053,0.20224902268677217,0.08133816650201105,0.07293260880352417,0.16328595547722832,0.20308674887676573,0.142598511639583,0.11929560641625485,0.01521337959786059
PH15,0.693870375,0.795745134,0.20224902268677217,0.08133816650201105,0.07293260880352417,0.16328595547722832,0.20308674887676573,0.142598511639583,0.11929560641625485,0.01521337959786059
PH16,0.845622803,0.969778009,0.20224902268677217,0.08133816650201105,0.07293260880352417,0.16328595547722832,0.20308674887676573,0.142598511639583,0.11929560641625485,0.01521337959786059
PH17,0.698722648,0.801309822,0.20224902268677217,0.08133816650201105,0.07293260880352417,0.16328595547722832,0.20308674887676573,0.142598511639583,0.11929560641625485,0.01521337959786059
PH18,0.874374839,1.002751448,0.20224902268677217,0.08133816650201105,0.07293260880352417,0.16328595547722832,0.20308674887676573,0.142598511639583,0.11929560641625485,0.01521337959786059
PH19,0.654840872,0.750985279,0.20224902268677217,0.08133816650201105,0.07293260880352417,0.16328595547722832,0.20308674887676573,0.142598511639583,0.11929560641625485,0.01521337959786059
PH2,0.516476302,0.592305881,0.20224902268677217,0.08133816650201105,0.07293260880352417,0.16328595547722832,0.20308674887676573,0.142598511639583,0.11929560641625485,0.01521337959786059
PH20,0.639452336,0.733337382,0.20224902268677217,0.08133816650201105,0.07293260880352417,0.16328595547722832,0.20308674887676573,0.142598511639583,0.11929560641625485,0.01521337959786059
PH21,0.64979214,0.745195286,0.20224902268677217,0.08133816650201105,0.07293260880352417,0.16328595547722832,0.20308674887676573,0.142598511639583,0.11929560641625485,0.01521337959786059
PH22,0.636721434,0.730205526,0.20224902268677217,0.08133816650201105,0.07293260880352417,0.16328595547722832,0.20308674887676573,0.142598511639583,0.11929560641625485,0.01521337959786059
PH23,0.880495782,1.009771074,0.20224902268677217,0.08133816650201105,0.07293260880352417,0.16328595547722832,0.20308674887676573,0.142598511639583,0.11929560641625485,0.01521337959786059
PH24,0.929696097,1.066195029,0.20224902268677217,0.08133816650201105,0.07293260880352417,0.16328595547722832,0.20308674887676573,0.142598511639583,0.11929560641625485,0.01521337959786059
PH25,0.881312808,1.010708056,0.20224902268677217,0.08133816650201105,0.07293260880352417,0.16328595547722832,0.20308674887676573,0.142598511639583,0.11929560641625485,0.01521337959786059
PH26,0.887156946,1.017410236,0.20224902268677217,0.08133816650201105,0.07293260880352417,0.16328595547722832,0.20308674887676573,0.142598511639583,0.11929560641625485,0.01521337959786059
PH3,0.903668844,1.036346428,0.20224902268677217,0.08133816650201105,0.07293260880352417,0.16328595547722832,0.20308674887676573,0.142598511639583,0.11929560641625485,0.01521337959786059
PH30,0.317212312,0.363785748,0.20224902268677217,0.08133816650201105,0.07293260880352417,0.16328595547722832,0.20308674887676573,0.142598511639583,0.11929560641625485,0.01521337959786059
PH31,0.313862272,0.359943852,0.20224902268677217,0.08133816650201105,0.07293260880352417,0.16328595547722832,0.20308674887676573,0.142598511639583,0.11929560641625485,0.01521337959786059
PH32,0.333176041,0.382093288,0.20224902268677217,0.08133816650201105,0.07293260880352417,0.16328595547722832,0.20308674887676573,0.142598511639583,0.11929560641625485,0.01521337959786059
PH33,0.317444743,0.364052306,0.20224902268677217,0.08133816650201105,0.07293260880352417,0.16328595547722832,0.20308674887676573,0.142598511639583,0.11929560641625485,0.01521337959786059
PH34,0.331745087,0.38045224,0.20224902268677217,0.08133816650201105,0.07293260880352417,0.16328595547722832,0.20308674887676573,0.142598511639583,0.11929560641625485,0.01521337959786059
PH35,0.325032945,0.372754614,0.20224902268677217,0.08133816650201105,0.07293260880352417,0.16328595547722832,0.20308674887676573,0.142598511639583,0.11929560641625485,0.01521337959786059
PH36,0.317381826,0.363980151,0.20224902268677217,0.08133816650201105,0.07293260880352417,0.16328595547722832,0.20308674887676573,0.142598511639583,0.11929560641625485,0.01521337959786059
PH37,0.317212312,0.363785748,0.20224902268677217,0.08133816650201105,0.07293260880352417,0.16328595547722832,0.20308674887676573,0.142598511639583,0.11929560641625485,0.01521337959786059
PH38,0.317212312,0.363785748,0.20224902268677217,0.08133816650201105,0.07293260880352417,0.16328595547722832,0.20308674887676573,0.142598511639583,0.11929560641625485,0.01521337959786059
PH39,0.316345048,0.362791151,0.20224902268677217,0.08133816650201105,0.07293260880352417,0.16328595547722832,0.20308674887676573,0.142598511639583,0.11929560641625485,0.01521337959786059
PH4,0.902603297,1.035124436,0.20224902268677217,0.08133816650201105,0.07293260880352417,0.16328595547722832,0.20308674887676573,0.142598511639583,0.11929560641625485,0.01521337959786059
PH40,0.305170877,0.349976377,0.20224902268677217,0.08133816650201105,0.07293260880352417,0.16328595547722832,0.20308674887676573,0.142598511639583,0.11929560641625485,0.01521337959786059
PH41,0.308519218,0.353816325,0.20224902268677217,0.08133816650201105,0.07293260880352417,0.16328595547722832,0.20308674887676573,0.142598511639583,0.11929560641625485,0.01521337959786059
PH42,0.317212312,0.363785748,0.20224902268677217,0.08133816650201105,0.07293260880352417,0.16328595547722832,0.20308674887676573,0.142598511639583,0.11929560641625485,0.01521337959786059
PH43,0.583442784,0.66910445,0.20224902268677217,0.08133816650201105,0.07293260880352417,0.16328595547722832,0.20308674887676573,0.142598511639583,0.11929560641625485,0.01521337959786059
PH44,0.454099009,0.52077029,0.20224902268677217,0.08133816650201105,0.07293260880352417,0.16328595547722832,0.20308674887676573,0.142598511639583,0.11929560641625485,0.01521337959786059
PH49,0.324245822,0.371851925,0.20224902268677217,0.08133816650201105,0.07293260880352417,0.16328595547722832,0.20308674887676573,0.142598511639583,0.11929560641625485,0.01521337959786059
PH5,0.436493319,0.500579715,0.20224902268677217,0.08133816650201105,0.07293260880352417,0.16328595547722832,0.20308674887676573,0.142598511639583,0.11929560641625485,0.01521337959786059
PH50,0.315148911,0.361419397,0.20224902268677217,0.08133816650201105,0.07293260880352417,0.16328595547722832,0.20308674887676573,0.142598511639583,0.11929560641625485,0.01521337959786059
PH6,0.413588609,0.474312112,0.20224902268677217,0.08133816650201105,0.07293260880352417,0.16328595547722832,0.20308674887676573,0.142598511639583,0.11929560641625485,0.01521337959786059
PH7,0.432859063,0.496411873,0.20224902268677217,0.08133816650201105,0.07293260880352417,0.16328595547722832,0.20308674887676573,0.142598511639583,0.11929560641625485,0.01521337959786059
PH8,0.357923187,0.410473835,0.20224902268677217,0.08133816650201105,0.07293260880352417,0.16328595547722832,0.20308674887676573,0.142598511639583,0.11929560641625485,0.01521337959786059
PH9,0.774378749,0.888073829,0.20224902268677217,0.08133816650201105,0.07293260880352417,0.16328595547722832,0.20308674887676573,0.142598511639583,0.11929560641625485,0.01521337959786059
PL1,0.308186269,0.353434492,0.2878155963627925,0.0651892542241753,0.063187093018764,0.1558430173841226,0.1147252212643157,0.0919592064326665,0.2138258570934103,0.0074547542197528
PL10,0.547002009,0.627313404,0.3349319870882541,0.0289952055490487,0.097842431484113,0.0982904576274804,0.197646159104061,0.156004960071581,0.0858981741029041,0.0003906249725573
PL11,0.506781288,0.581187435,0.1990224320005959,0.0786018838963292,0.0696998525594786,0.1572512678572928,0.2936952194613401,0.1427310542988229,0.0573636376280286,0.0016346522981118
PL12,0.510327895,0.585254759,0.2384177730964821,0.0470814157323841,0.060071453920448,0.1078069447512644,0.2654108781307112,0.1736598880558208,0.0963309661386446,0.0112206801742445
PL13,0.227751814,0.261190568,0.3042294675049186,0.0629733295168637,0.0796659583970891,0.1209967332655154,0.2525740181394657,0.0810151294350861,0.075493533420216,0.023051830320845
PL14,0.771088366,0.884300349,0.295197231129101,0.0277369383449555,0.02772739041017,0.0926505990059125,0.2357231802336747,0.1917926989124882,0.0967507974252923,0.0324211645384053
PL15,0.87097586,0.998853427,0.3269906011027643,0.0478296733700186,0.0333916015040847,0.0524381698306593,0.1974303632876276,0.1418599446309328,0.1757784014833849,0.0242812447905275
PL16,1.089023058,1.248914538,0.4417946296214577,0.0335222490263088,0.0304474300764733,0.0876161850920246,0.1358929193082583,0.1057148989044646,0.1435193050713659,0.0214923828996464
PL17,1.105478684,1.267786196,0.2770236185478175,0.047657092224737,0.0347932587039923,0.0631515661314525,0.1891350490620517,0.198898269586167,0.1651439892706755,0.0241971564731063
PL18,0.899404676,1.03145619,0.4009097216631356,0.0347838577856249,0.0157735961877532,0.0433674695356446,0.2668880923221117,0.1316918380626523,0.089489087213876,0.0170963372292015
PL19,1.024889241,1.175364528,0.2960802617263134,0.0483828243960201,0.07402667664684,0.1353346343206322,0.1616930958642476,0.1296536971814649,0.1416555987088746,0.0131732111556068
PL2,0.246611556,0.282819317,0.1712924737317734,0.2663253457068867,0.151288540501337,0.2004900833844617,0.0736782808770523,0.052407121852606,0.0815146314770687,0.0030035224688139
PL20,0.56477432,0.647695063,0.29172892003096,0.0603730070630862,0.0914068954446452,0.1516844163942633,0.2141096886563881,0.0840477420137044,0.0944305158253902,0.0122188145715622
PL21,1.126495249,1.291888434,0.2870089921203081,0.0366460561817425,0.0188324212074779,0.0800358841439265,0.1922521042868527,0.2867601131406936,0.0893876337997741,0.0090767951192243
PL22,0.827592026,0.949099934,0.4426202567840189,0.0701952823555289,0.0343126597777774,0.0751780422139893,0.1329950156076213,0.1173459849061141,0.1131269779608381,0.0142257803941119
PL23,0.6594591,0.756281559,0.4165359888872313,0.0594428207813065,0.0625180316594522,0.1226901511224669,0.1477429095625689,0.063833050061766,0.1107347743861847,0.0165022735390232
PL24,0.59131809,0.678136017,0.2258120906133423,0.0672153905421157,0.0723483889324629,0.0752465776952529,0.251118719938398,0.1809013011800064,0.1216115014470703,0.0057460296513512
PL25,0.412285059,0.472817174,0.1237962935885579,0.0761724481332066,0.0430499837429971,0.1276144235045242,0.2447809297385235,0.1313182268730282,0.2484868039595244,0.0047808904596377
PL26,0.623015508,0.714487282,0.2598449824271228,0.0956236742574315,0.0273127823009747,0.0912380054676103,0.1591926296139703,0.173540356985552,0.1888342861371671,0.0044132828101709
PL27,0.650826002,0.746380942,0.2267414966690351,0.0496987936226314,0.084487792689101,0.1002148937845278,0.1444257776050463,0.2046150224446338,0.1498554311476185,0.0399607920374058
PL28,0.334575047,0.383697698,0.1889592086645556,0.0718049324914684,0.0866155987313714,0.1428612799868603,0.137482908013227,0.2248702873224838,0.1322240572805748,0.0151817275094584
PL29,0.745346585,0.854779133,0.4192233416209822,0.0399491293141536,0.0604976339362182,0.0856534840747193,0.1569700507937843,0.1419793638391834,0.0798608843542917,0.0158661120666672
PL3,0.215455047,0.247088377,0.1761316523385648,0.1914043895055529,0.2046750344281234,0.1497280400590628,0.1411334312211419,0.0835062489352485,0.050920455671437,0.0025007478408684
PL30,0.725609768,0.832144536,0.3826151501078951,0.0587494909869328,0.0326870490764153,0.0587646540042664,0.1539605987081104,0.1625421503416325,0.1385335866213933,0.0121473201533539
PL31,0.626163036,0.718096934,0.1416201706845269,0.0494055523026653,0.0231422479250172,0.1385625374627653,0.3000596021999195,0.1188307992667455,0.2271360524837445,0.0012430376746155
PL32,0.412898351,0.473520509,0.3212880384553119,0.0358052088936376,0.0194188678206891,0.0439737994255185,0.1625894012502314,0.1632688796086657,0.2316848763053802,0.0219709282405652
PL33,0.734283453,0.842091701,0.3523986424819325,0.0478209485725102,0.0466845849361466,0.04003351541743,0.1506136042510326,0.1736718058100151,0.1805584804315934,0.0082184180993394
PL34,0.593396312,0.680519366,0.3374533979951936,0.0928830457468228,0.0550840026846218,0.0723688540561605,0.1757544003983633,0.1223661477841044,0.1326208621100262,0.0114692892247071
PL35,0.304959626,0.34973411,0.3769230769230768,0.0384615384615384,0.0384615384615384,0.0615384615384615,0.2153846153846154,0.1769230769230769,0.0769230769230769,0.0153846153846153
PL4,0.164096101,0.188188859,0.4927749962989284,0.1635240211716728,0.0764434867853432,0.0421345813111391,0.0349792129763385,0.0557152324423717,0.1250672894684616,0.0093611795457444
PL5,0.149313365,0.171235706,0.0438527791927558,0.0464512216252017,0.1957671238739424,0.3750652508662202,0.184315419347172,0.1029446507263293,0.0505495559398141,0.0010539984285641
PL6,0.533207534,0.61149361,0.0263862005613224,0.0128402454015719,0.0709530797813385,0.1812879640152337,0.4986367980537173,0.133772289725071,0.0729249597969727,0.0031984626647722
PL7,0.261070876,0.299401569,0.0978443209363466,0.031164609816201,0.0548095205464697,0.2277245857393884,0.2888506423905459,0.218586326035894,0.077678253783349,0.003341740751805
PL8,1.509949767,1.731642137,0.2853701376269903,0.0610765885791735,0.0701050813421761,0.1296120150026329,0.2154712441227556,0.0821720538793508,0.1525800475023518,0.0036128319445686
PL9,0.383404293,0.439696104,0.0560456648340019,0.1112371797983836,0.1334236038901982,0.2577121430838567,0.2410862640678386,0.1073766255686555,0.0916164933773042,0.0015020253797612
PO1,0.198087311,0.227170693,0.1407614503027495,0.0772302937570538,0.0207405322066391,0.2458554264597249,0.2057897213903466,0.0984548802424565,0.1981192521767278,0.0130484434643013
PO10,0.775511816,0.889373255,0.1847749577394117,0.0849021206284196,0.0437443675161075,0.2173209975954698,0.2010180398128928,0.1640250541229697,0.0884239549551447,0.0157905076295839
PO11,0.184806082,0.2119395,0.0456595127045417,0.0688604484628177,0.1214976043580277,0.2483992122409183,0.2327676019186314,0.1983463629779603,0.0688361813178718,0.0156330760192309
PO12,0.327486754,0.375568694,0.1734220653509278,0.0672842577082309,0.259403218215624,0.1214924891633967,0.1772589170319207,0.0955549075222819,0.1006993130153259,0.0048848319922917
PO13,0.330857947,0.37943485,0.0181810857221165,0.0319703891368777,0.071519185518261,0.3263415754008577,0.2703933670136819,0.139789215072784,0.1368243259866048,0.0049808561488162
PO14,0.48345223,0.554433181,0.0266190842628092,0.0342004411024202,0.0788847029050199,0.1759427337813243,0.455298681325941,0.1565146024419607,0.0660086907773471,0.0065310634031771
PO15,1.036815329,1.189041616,0.020414676825882,0.0224814487950343,0.0403983924330718,0.1810110134651809,0.3131281404920386,0.2653105497224038,0.148837408819754,0.0084183694466344
PO16,0.20687827,0.23725235,0.0721361006951291,0.0765123847936095,0.2015783937351622,0.1987356346025854,0.2222727327000572,0.1477767195676511,0.0731243305227571,0.007863703383048
PO17,1.170117475,1.34191532,0.1861009753838417,0.0612088229277123,0.042552753411633,0.1346861059245908,0.1733978338383131,0.1342519276715054,0.2548427705463886,0.0129588102960148
PO18,0.634835669,0.728042891,0.2745237404583198,0.0545749599149939,0.0803274610039849,0.1425103944644895,0.1368727355162817,0.1263260092269401,0.1449688383032656,0.0398958611117242
PO19,0.229863698,0.263612521,0.1537832067600443,0.0761688956371526,0.0789345394812491,0.1133791585970647,0.1799014080212147,0.1646075316284436,0.2099681963883651,0.0232570634864655
PO2,0.308771139,0.354105234,0.2909531642100123,0.2671607607830878,0.0901683762510737,0.0855206467678627,0.1399162635998129,0.0596445510866711,0.0606972643206834,0.0059389729807959
PO20,0.552380328,0.633481373,0.1003421417165465,0.0516290782179906,0.0997195355850923,0.1857915864231356,0.200438867000607,0.1884306968336191,0.1456397571539706,0.028008337069038
PO21,0.402392128,0.461471751,0.0993558473881589,0.140833918709728,0.1114780769990367,0.1202264016608426,0.233652561381036,0.1603059526567674,0.1140037680381234,0.0201434731663067
PO22,0.261585719,0.299992002,0.0512589121470728,0.0666218888479411,0.1444617641980892,0.1726788690407913,0.2993125305986305,0.1362204813546721,0.1070371289673132,0.0224084248454894
PO3,0.439878571,0.504461993,0.0424154994882447,0.2940042292468048,0.2429888898916413,0.0787201576692296,0.0861548186903328,0.1736968304084901,0.0777034280858162,0.0043161465194402
PO30,0.908647678,1.04205626,0.2489440610148489,0.0819050177291289,0.0777454451117743,0.0995404826010382,0.2240656608800955,0.1220223333088511,0.1383993437520063,0.0073776556022564
PO31,0.213780867,0.245168393,0.2876599688190731,0.1080160038848738,0.0797005848651897,0.1162137242817959,0.1644296984953479,0.1075286068614911,0.1331349603769136,0.0033164524153146
PO32,0.305246075,0.350062616,0.165565657479239,0.092391291793625,0.0396193028140772,0.1160944508336702,0.1923058086565638,0.1415179293404474,0.248837956355377,0.0036676027270001
PO33,0.230106752,0.26389126,0.356641872837658,0.0531100567186661,0.0421461446763013,0.0895442819324133,0.2102584359650776,0.1322211539394183,0.1094731325093019,0.0066049214211632
PO34,0.32696328,0.374968363,0.2027599250592597,0.1096608605410377,0.0361809705249448,0.0617982651211903,0.3537935169468876,0.1528898476677838,0.0671958877394972,0.0157207263993986
PO35,1.195321524,1.370819853,0.1618685247613453,0.1073780720370771,0.0500970831756498,0.1440780237208458,0.3001603835390056,0.1436919332167592,0.0879087587583451,0.0048172207909718
PO36,0.169006321,0.193820002,0.2885563956491894,0.0681466191126291,0.0681974386797436,0.1200810211431654,0.1628731711718974,0.148205300196874,0.1344130789391871,0.0095269751073137
PO37,0.125018938,0.143374346,0.3401176963824408,0.0623587359266721,0.0711053593584883,0.125193282776914,0.1469951482376219,0.1199616831558525,0.1247576596673873,0.0095104344946229
PO38,0.840693373,0.964124834,0.4255503542861788,0.0389812741943062,0.0378699888627172,0.0926248364924162,0.2411568106245302,0.0830395898914191,0.0694501938855706,0.0113269517628614
PO39,0.964691904,1.106328957,0.2751904015492366,0.0679065990908107,0.031090517567934,0.0975080830459794,0.1921067170556296,0.1791414338292468,0.1494374283654939,0.007618819495669
PO4,0.108219761,0.124108697,0.3177479723784742,0.2984056277935437,0.0205079676021192,0.0823666090912138,0.0973740489706558,0.0937074558132051,0.0854377923273772,0.0044525260234107
PO40,1.069185599,1.226164522,0.2781185972645583,0.0443330885004435,0.0235190750443797,0.1096697154774221,0.2942718341073485,0.0908779760331631,0.1516691961206855,0.0075405174519989
PO41,2.791951162,3.201868289,0.3235432476204918,0.0669864713510096,0.0417640791886812,0.1321750613398649,0.1781217475894412,0.1540627603510354,0.0943927552976896,0.0089538772617859
PO5,0.148259219,0.170026789,0.4695581994640238,0.0511947080400083,0.0113921058283983,0.1177738822167068,0.1845186785360057,0.0927426868036039,0.0672327489760734,0.0055869901351796
PO6,0.182585756,0.209393183,0.0196686885341279,0.1571737283980127,0.2875828440853101,0.3046455601857843,0.069663103474921,0.1017128651583018,0.0571088035011186,0.0024444066624233
PO7,0.322630386,0.369999309,0.0487276561215573,0.052043822817427,0.0650807969333066,0.3337773264346735,0.1905179940451339,0.196274226312149,0.1083771357583952,0.0052010415773572
PO8,0.410696667,0.470995572,0.0325478217886817,0.0410221773949284,0.0544881052028347,0.2999276895199179,0.307526507441247,0.1650704841285562,0.0952588878432953,0.0041583266805384
PO9,0.362071869,0.415231632,0.0933711428245666,0.0428175429107254,0.029216306413472,0.434543367041582,0.1975914232474747,0.1017611909525199,0.0917994285295044,0.0088995980801547
PR1,0.39691781,0.455193689,0.3602552990703523,0.1109293815124983,0.0816095783695915,0.0754663740297255,0.1317772018762514,0.1014896172175003,0.1203963286183147,0.0180762193057657
PR2,0.238431527,0.273438287,0.1903053320457635,0.1117724394474165,0.1047096397334482,0.1671616847329344,0.1644787817109921,0.174343913594843,0.0697436055730194,0.0174846031615826
PR25,0.118324278,0.13569677,0.0730083389903797,0.0775398737627815,0.1278196324959249,0.1966165446184092,0.2108584471212528,0.1428800822711072,0.1578964797662244,0.01338060097392
PR26,0.443518539,0.508636385,0.1402601802139174,0.0451014904159543,0.075633098870212,0.0822009003083033,0.3040299387795489,0.1999663460581772,0.1382178260595318,0.0145902192943547
PR3,1.282046622,1.470278019,0.2327432024660006,0.0588070044644994,0.0556542824650392,0.1645730041642377,0.1907325093549186,0.1547378709119724,0.1144371597316027,0.0283149664417291
PR4,0.581743009,0.667155113,0.1244353507722449,0.0786516399879771,0.0584501066137854,0.1917410737129143,0.2392142467179729,0.1855016341791265,0.0985031629654201,0.0235027850505584
PR5,0.306911407,0.351972454,0.1200226015030037,0.0748456127031723,0.0842462654788761,0.1949462389071497,0.2573581540780557,0.1671698150151983,0.091009835401302,0.0104014769132418
PR6,0.122985206,0.141042019,0.2686037764803832,0.0922127074179923,0.0568324623957059,0.1449733115693268,0.1555272350898305,0.1578985354281336,0.0975327529629398,0.0264192186556875
PR7,0.128684699,0.147578318,0.1554133442315492,0.1003637560626499,0.0814171968019733,0.1302366747774948,0.2260698374387839,0.0957145306310559,0.1921429904168362,0.0186416696396565
PR8,0.282015819,0.32342167,0.3018380861011945,0.1096240449108864,0.0452541152746786,0.0632682102723748,0.2550796689581047,0.1721325091408347,0.0492775307548187,0.003525834587107
PR9,0.361537261,0.414618532,0.3218290095943991,0.1172575568930991,0.0988357233252997,0.0784835243112007,0.1840447622096794,0.1281257034295546,0.0657459276107904,0.0056777926259767
RG1,0.204131787,0.234102625,0.2666673595939557,0.0745990062662681,0.0612696952488025,0.0600449293618877,0.0932250050303687,0.1367433623750312,0.2876573970183793,0.0197932451053064
RG10,1.071461604,1.228774693,0.1651976801856854,0.0823968729675023,0.0792825682251705,0.1906996532817678,0.2022410273538983,0.1523934937657009,0.0973231440219289,0.0304655601983455
RG12,0.244585074,0.280495305,0.0319528931446908,0.0121523064490536,0.0123981400056177,0.2445458110573393,0.3349395740210024,0.2073591034867175,0.145131391929596,0.0115207799059823
RG14,0.731637807,0.839057618,0.1384060567604335,0.0473941188105189,0.0385154193789537,0.1402170398361145,0.1979914753535,0.1701846132124259,0.2519009095110142,0.015390367137039
RG17,0.467464288,0.536097874,0.2232606789470544,0.0585620048208942,0.0344452718461336,0.1032549225763344,0.2398659449869855,0.2153719973090732,0.0985349221159273,0.026704257397597
RG18,1.09880814,1.260136275,0.1084688056291224,0.0620288169268815,0.049224449230075,0.1735778527407314,0.2294944660980458,0.1819843561855142,0.1704054965443773,0.0248157566452522
RG19,1.195508637,1.371034438,0.0699741812274749,0.0230100236380789,0.0401280754758868,0.0688098463267232,0.1925115310952378,0.2559201832271622,0.3273531703286896,0.0222929886807463
RG2,0.334863888,0.384028946,0.0690661914749327,0.0691844220206767,0.1918438174286777,0.1832685147511776,0.1444849670155497,0.089929736349726,0.2299394564944689,0.0222828944647903
RG20,1.263278182,1.448753977,0.2524780501259238,0.0795934768408989,0.0329125714908327,0.1538101900463795,0.1648313654710301,0.1312880260625096,0.1416728048757184,0.0434135150867067
RG21,0.191921943,0.220100119,0.0882086480353733,0.1053659061947685,0.0286249386253851,0.123784684069765,0.3551219617486985,0.1223329045781145,0.1719892547936644,0.0045717019542301
RG22,0.266154875,0.305232006,0.0012068245368914,0.0137503456357173,0.0266146999776209,0.2165197162477585,0.4491066440361471,0.174456116095722,0.1155111175047307,0.0028345359654118
RG23,0.23418401,0.268567146,0.0549324063945867,0.0238699205838549,0.02852348249194,0.1262160186973152,0.6191818156908345,0.07628424251812,0.0629716846220087,0.0080204290013395
RG24,0.172952689,0.19834578,0.0357247344924473,0.0140952159407374,0.0145564655491574,0.0674536199789938,0.4477433293223413,0.1804908659171337,0.2331989073981327,0.006736861401056
RG25,0.853771284,0.979122858,0.2282807638226193,0.0658257406183663,0.0663302276528869,0.1555573265166495,0.2113917971822888,0.1368257507721359,0.1025289655281375,0.0332594279069154
RG26,0.409326983,0.46942479,0.0737208562456788,0.023459370044218,0.0287966094876581,0.2916979480456477,0.3317218168264688,0.1449894018253132,0.095392373780513,0.0102216237445022
RG27,0.50947831,0.584280437,0.1203997030003643,0.0673037751054011,0.0445833443625477,0.1352721198497342,0.1936744797806943,0.1911562280263576,0.2193323162655951,0.0282780336093054
RG28,0.394489346,0.452408675,0.1897740242379669,0.0775106954234204,0.0483315448112521,0.1357437049796138,0.215865620206579,0.1810292894714805,0.132958898872878,0.0187862219968089
RG29,0.433554967,0.497209951,0.1890424768789127,0.0460431261336385,0.0804056899758896,0.151077535081141,0.2199257562168376,0.1513575930847087,0.1183542422285635,0.0437935804003081
RG30,0.20329963,0.23314829,0.1574848811375089,0.1003643652036955,0.0786636027332062,0.2026430097541821,0.2172443434543595,0.077557260671667,0.1537723643393984,0.0122701727059821
RG31,0.175414148,0.201168633,0.0618053062852109,0.0381208493377061,0.0393744965296968,0.2251036982263299,0.3761768349681744,0.181345433586139,0.0723183405757872,0.0057550404909553
RG4,0.237379503,0.272231805,0.1217092919667951,0.1098497135663398,0.1176302199614478,0.1481050101189018,0.2573314612264737,0.1190420546510233,0.1092323049327319,0.0170999435762863
RG40,0.859645084,0.985859055,0.1186921386988685,0.1088898312081677,0.0284863297352121,0.1802679694391878,0.2406740666139639,0.1876766074302581,0.108771098439934,0.0265419584344074
RG41,0.529273587,0.606982077,0.0586760377678061,0.0658780110940363,0.0325978867789795,0.2347899045104684,0.2440598327393738,0.1986212285129299,0.1482016733829776,0.0171754252134281
RG42,0.337862815,0.387468179,0.0780778412655091,0.0245796748627595,0.0255564917838296,0.2838916210204248,0.1635973948972995,0.2875180504428123,0.1164058129855177,0.0203731127418472
RG45,0.440389212,0.505047607,0.0827730149653383,0.0890883759424381,0.0215739067214654,0.2752133358380202,0.209415075652341,0.193606278713885,0.1013340676900337,0.026995944476478
RG5,0.325439149,0.373220458,0.0189264900308087,0.0163519573794244,0.0998751861371005,0.336158539616121,0.2774804875481854,0.1645475665909609,0.0815921317970806,0.0050676409003181
RG6,0.236904822,0.27168743,0.0349238706140237,0.0378250627735627,0.250776360805688,0.1999719528069134,0.1669510919156795,0.2377671113262005,0.0644285343882354,0.0073560153696965
RG7,0.792604611,0.908975631,0.1939186193677976,0.065669344759418,0.0425794765678252,0.1688214883271913,0.1960055583120003,0.1557436554738225,0.1536594253316135,0.0236024318603314
RG8,0.543367862,0.623145688,0.1884270821145313,0.1054621115412114,0.0472860209531801,0.1808217546689547,0.2734346644947233,0.0914966655125253,0.0842375064881271,0.0288341942267465
RG9,1.031922289,1.183430176,0.3539779625113796,0.0868561689612369,0.0443954189136575,0.1413115383102209,0.1409994633708657,0.1126647281017252,0.0910323499373419,0.028762369893572
RH1,0.579308944,0.664363676,0.1621774950926168,0.0561813202622479,0.0653252227867551,0.1683374909963199,0.1132154204611988,0.2116018991990775,0.2030728946303897,0.020088256571394
RH10,0.234058011,0.268422647,0.0215307146442801,0.0163095386499516,0.0659915329212113,0.4323546944867543,0.2010936874847897,0.1364642146109411,0.1028380942747485,0.023417522927323
RH11,0.311687554,0.357449839,0.0263523012515298,0.0171967492517961,0.029020346523988,0.3827191652196076,0.2770129567906237,0.1673838444875979,0.0775724591522072,0.0227421773226495
RH12,0.684508131,0.785008316,0.1830327811906041,0.0639503047784439,0.0444624772660082,0.1555928366452803,0.2154911979710132,0.1843608347276915,0.1277829857258079,0.0253265816951506
RH13,0.624114031,0.715747092,0.1702164385807793,0.0738888597918228,0.0466931044692978,0.1537514698726302,0.1879258899427222,0.2043600191571499,0.1224414590799582,0.0407227591056393
RH14,1.043740334,1.196983358,0.1586089243105517,0.0451058962155175,0.0365656851191786,0.144782642483379,0.2572086854778284,0.1473058850029031,0.178901149052238,0.0315211323384034
RH15,0.408111418,0.468030754,0.0868717961215624,0.040209468729161,0.0366954146395113,0.3021263418783442,0.2555870993009638,0.1517598090560966,0.1098321831731307,0.0169178871012297
RH16,0.31625469,0.362687527,0.0716636317809349,0.0588355545843663,0.0753170138429163,0.2577262015466287,0.2705115990939632,0.1066211792832766,0.1421656590775447,0.0171591607903691
RH17,0.340572645,0.39057587,0.2256625352672017,0.0837639766716246,0.0670212400277601,0.1853703301522306,0.1776950191403848,0.1025870342046739,0.1061946890097279,0.0517051755263961
RH18,0.283040077,0.324596311,0.1898361013016646,0.1603061566421048,0.0565550212987404,0.155568588213891,0.1654414330881352,0.1379859598567969,0.0980851492027002,0.0362215903959666
RH19,0.393782548,0.451598105,0.130529673927497,0.1235643028528647,0.0666386575548102,0.1891799122249898,0.1943486061119075,0.1625809042789077,0.1126894650816053,0.0204684779674174
RH2,0.569158036,0.652722401,0.219249316775353,0.1225238992022705,0.0948147782468984,0.1624984690772135,0.1534628285542136,0.1102142432401673,0.0905581992671963,0.046678265636687
RH20,0.674987837,0.774090242,0.1417143419867104,0.052641643064745,0.0929092919873067,0.1426749047506394,0.2600970305449495,0.1524573023580887,0.128280369933374,0.0292251153741859
RH3,0.455633493,0.522530069,0.268113652205288,0.1326326587361799,0.1682803701239025,0.1670751038218717,0.0451249024351767,0.127322785844402,0.0577733119810114,0.0336772148521675
RH4,0.2174599,0.249387585,0.233268294746509,0.1315368911031289,0.1626104435183195,0.1201520995159669,0.090758431997356,0.1544029328713279,0.0757451973940896,0.0315257088533019
RH5,1.110894622,1.273997308,0.2938548406559816,0.113962493641975,0.0952705630903018,0.1421751455791171,0.0988178506338979,0.1402789728515072,0.0724347586162143,0.0432053749310046
RH6,0.380910227,0.436835857,0.1334530776570872,0.0588249039052496,0.0559552433858175,0.2418945124711342,0.166302487517461,0.1744727272353398,0.1427590709742309,0.0263379768536794
RH7,0.829522311,0.951313626,0.2045870541462691,0.0926197661062099,0.0528570670793569,0.2004372334757611,0.1623042935763461,0.1640847074499856,0.0977758737183308,0.0253340044477401
RH8,0.375347636,0.43045656,0.130804263153373,0.1405016992806282,0.1088239296056589,0.231210197759693,0.1732663408196176,0.113852807254341,0.0864615426617893,0.0150792194648987
RH9,0.502275994,0.576020669,0.2026874285308597,0.0471114087976626,0.0684173121812684,0.2958474116074452,0.1086869724768778,0.1626851205742923,0.0962341838268048,0.0183301620047888
RM1,0.157548391,0.180679807,0.0773828060045026,0.1322683505443362,0.2617367920149295,0.1357692605954632,0.0550177810635474,0.0601875390165592,0.2698378800211427,0.007799590739519
RM10,0.117596852,0.134862542,0.0030388214041284,0.3106035846702932,0.2344870255081478,0.190536220602397,0.122573372734296,0.0689708047455732,0.069068107564681,0.0007220627704831
RM11,0.171654926,0.196857478,0.0134404173819087,0.0719408770949813,0.4316457211512505,0.1657507395114769,0.1630804046690202,0.0722963352567057,0.0765457854109277,0.0052997195237287
RM12,0.180820721,0.207369005,0.0046627143696864,0.0323999388185622,0.4558354510934657,0.1563755215708385,0.1936418921668239,0.0900668031841312,0.0625337101405419,0.0044839686559498
RM13,0.132800166,0.152298022,0.0359692026024167,0.0571342418656265,0.2185424179732233,0.2777546363751493,0.2004963339294491,0.0826877867680367,0.1197885811399661,0.007626799346132
RM14,0.674368383,0.77337984,0.0265136098980661,0.0773527212409102,0.4838390538673519,0.3048396727189276,0.0530863828662151,0.0217413399731955,0.0284223418699824,0.004204877565351
RM15,0.13619109,0.156186805,0.0198397050047118,0.0391320857854099,0.0250832005150985,0.5902422584831759,0.1285146082175012,0.1386811906439063,0.0552234298258722,0.0032835215243237
RM16,0.146943984,0.16851845,0.0504542830700331,0.0922030428026856,0.1151901704980681,0.1743788471777449,0.1317383973174843,0.2188117395559578,0.2127453307934394,0.0044781887845865
RM17,0.203296516,0.233144718,0.2124422949265094,0.1630294359524983,0.0772179982312991,0.0484795165892984,0.1030432016659312,0.2751978658223857,0.1183865969572642,0.0022030898548135
RM18,0.120853833,0.138597717,0.0376406120337078,0.2210114523509176,0.0216106784997965,0.1039605898615822,0.3412969630144617,0.1824664025080199,0.088904606853039,0.003108694878475
RM19,0.058894546,0.067541504,0.0598067129083655,0.116361651325425,0.0506983430555032,0.0122540360934594,0.0984662899338127,0.3386413955389312,0.3119559855358449,0.0118155856086579
RM2,0.132770338,0.152263815,0.016792548001809,0.1342737865006595,0.4675117212676853,0.1340263988331053,0.0709768835247211,0.0276855536354461,0.1441731755891751,0.0045599326473983
RM20,0.119104362,0.136591386,0.0951573314411244,0.2262794875796357,0.0968749285168747,0.0253413679921857,0.0354471710961116,0.2207323963967589,0.2907149227603264,0.0094523942169823
RM3,0.388204637,0.445201239,0.0042811924228321,0.0266404239115904,0.0600443593605866,0.5969583459792586,0.1404244579148129,0.0799536236858276,0.0907374808784749,0.0009601158466165
RM4,0.286801281,0.328909738,0.1323721091263532,0.0621137995510851,0.1502987514187818,0.2117562779343589,0.1144821100157949,0.1122255040849787,0.176249795759504,0.040501652109143
RM5,0.094569069,0.108453796,0.0047569459566971,0.0137849959789043,0.4422863164477094,0.2457890808087054,0.1618872241626926,0.0297001833794079,0.0982431016138777,0.0035521516520052
RM6,0.14138648,0.162144988,0.024239487138164,0.130442621854953,0.3015678276613044,0.2212707816294843,0.0408827258563657,0.1222010594863647,0.1533018442797978,0.0060936520935655
RM7,0.222382974,0.25503347,0.0199302448034576,0.094922892145431,0.3494557101453299,0.1262584042689351,0.0413998093075637,0.0386295309276124,0.3169693462356653,0.0124340621660046
RM8,0.108327123,0.124231822,0.003439047292827,0.6434984193390092,0.1097578352521209,0.0521123513699159,0.0446667901058004,0.0683285707858076,0.0766772558404634,0.0015197300140553
RM9,0.074308804,0.085218898,0.0001011158367694,0.6907734502470771,0.0572886571200103,0.0511588932173288,0.0417144197846855,0.0801282075891769,0.0776895681814502,0.0011456880235014
S1,0.158389351,0.181644237,0.0460997070622135,0.0149187150956873,0.0318624218856999,0.0719946777875892,0.0705688661407879,0.1067007174801564,0.5893442394796368,0.0685106550682286
S10,0.254573915,0.291950717,0.2598246169238605,0.1264800225367026,0.2096871829618352,0.1245888614493905,0.1310904650758978,0.0493801866453654,0.0788382506739912,0.0201104137329564
S11,0.298105657,0.341873835,0.1646472960491886,0.4271249989584757,0.1039108402668494,0.0733093562730312,0.1169623117814353,0.0347590135985238,0.0731766064517309,0.0061095766207647
S12,0.266160327,0.305238259,0.0447607754193679,0.0191865713084446,0.2788464613182216,0.3799512611532443,0.1286786080556148,0.0752418797583084,0.0622624855223276,0.0110719574644704
S13,0.142062482,0.162920241,0.050866318695983,0.0779111099406132,0.1738088722102004,0.2939645564597503,0.2528538912347529,0.0786127122899823,0.0645870513739848,0.0073954877947328
S14,0.158302558,0.181544702,0.0032774888211834,0.0026542825192187,0.027580636319852,0.804273461715868,0.0797257644308577,0.0370286189362565,0.0386084548364196,0.0068512924203437
S17,0.247073151,0.283348684,0.0724095340215365,0.1473165422652761,0.1195841199282699,0.2353002463517714,0.3000394399232035,0.044955528766764,0.0663063981718554,0.0140881905713229
S18,0.529705348,0.607477229,0.0976484395810132,0.0356932233249769,0.0644932704323821,0.3033609732394602,0.3663147509458366,0.0536676351418658,0.057193759660843,0.0216279476736217
S2,0.135407378,0.155288027,0.103320034297992,0.0886059948337052,0.168892533354023,0.1319316582627651,0.120482523609308,0.1234625629365811,0.1933153183381271,0.0699893743674981
S20,0.261306023,0.299671241,0.0469348755780842,0.0113967408937554,0.0328771656551092,0.0650511053393887,0.2662448143488332,0.5015917154769044,0.0612255881448914,0.0146779945630333
S21,0.270037618,0.309684817,0.117991846733608,0.0306437311542853,0.0693715647239114,0.2281001907150857,0.2522703659107129,0.2090365397173456,0.0710364939349619,0.021549267110089
S25,0.334130347,0.383187706,0.0461136937755121,0.1722807729507027,0.0508161354255754,0.1440209034602649,0.2977480534126039,0.1546177449633886,0.1234690665298517,0.0109336294821003
S26,0.223373314,0.256169213,0.0603148865334561,0.0957774568866313,0.0784791493527942,0.1786886522719158,0.3222314443256768,0.1373199045383417,0.1150831933153405,0.0121053127758433
S3,0.185021468,0.212186509,0.0916949925768558,0.0322005924066741,0.0305662297611764,0.0987973835095364,0.1192986167531684,0.1033124574944067,0.4841637739855155,0.0399659535126665
S32,1.061414321,1.217252258,0.3300581191523342,0.1123336108622445,0.0806772565933886,0.1683630943898785,0.1409045818245889,0.0772150571360683,0.0624500904382765,0.0279981896032202
S33,0.588933562,0.675401391,0.441587219230452,0.0746067330963947,0.0844522566260872,0.1159574731011212,0.1174023913954828,0.0824283691468288,0.0460623584841535,0.0375031989194794
S35,0.205899767,0.236130182,0.1411355228646974,0.1031156662917577,0.0597756999914462,0.1435186801498277,0.3080464950730744,0.1270478210169556,0.0942044889254806,0.0231556256867601
S36,0.68165772,0.781739404,0.2143532628992853,0.0934954382870586,0.0698842313979712,0.1537334370096034,0.208734864831169,0.1120325094262804,0.1162008596334726,0.0315653965151591
S4,0.200741291,0.230214332,0.1206190510065395,0.1660577009196939,0.0630039983826235,0.09894366837175,0.3165573929700691,0.0881499800203295,0.0934911645087336,0.0531770438202606
S40,0.254032783,0.291330137,0.1873190283484772,0.1357361337422877,0.1404195757140974,0.1057797052509313,0.158403013774511,0.0814956642933676,0.1667998366961009,0.0240470421802265
S41,0.404332342,0.46369683,0.1718148817745854,0.1110234897220327,0.1024670787759788,0.2418216275221173,0.1286506539165302,0.1054468136784513,0.1139088567199713,0.0248665978903328
S42,0.210424239,0.241318941,0.1011047279210938,0.0922320462684544,0.0912779338962145,0.27960577182123,0.1813012473758978,0.1598446182987095,0.0675789388581591,0.0270547155602406
S43,0.369840673,0.424141059,0.1471652858563913,0.1423226481857999,0.0713034740273056,0.1861540231911958,0.2329701472751843,0.1404897180849867,0.0689562311486531,0.0106384722304831
S44,0.27910979,0.320088975,0.159336714099029,0.126280353770068,0.0897579056655856,0.2641346887320679,0.1393481065236079,0.1249944887638339,0.0748499660882041,0.0212977763576032
S45,0.237780657,0.272691857,0.2576251551941528,0.058206822626119,0.0352124864803339,0.2482376483775208,0.1577604574685074,0.0921414512436865,0.1223876617430378,0.0284283168666415
S5,0.108836939,0.12481649,0.0348664017495771,0.3580686192575554,0.3118870497781962,0.1227180021604365,0.0897362020638705,0.0291781516204701,0.0402911729143285,0.0132544004555654
S6,0.251842344,0.288818095,0.2172589868946602,0.2196470390633371,0.129936851771782,0.1336675596397695,0.1377567131026442,0.065355546199051,0.0729216466858359,0.0234556566429196
S60,0.080994751,0.092886483,0.1006835479611418,0.1496654099754722,0.1023955688803766,0.1413094623306752,0.2227079955846917,0.1306902176317858,0.1414247778360127,0.0111230197998437
S61,0.089856867,0.103049745,0.0664615870601201,0.1430762090383947,0.0914528840872593,0.313260884965736,0.2308976039840908,0.0893168914599908,0.0604193680326753,0.0051145713717328
S62,0.230959459,0.264869163,0.1726026456949136,0.0786985298434796,0.0969399238973206,0.2054275564492879,0.2422552693391846,0.1122400764302039,0.0854630826815787,0.0063729156640307
S63,0.334108712,0.383162895,0.1093619201241806,0.2761574831046751,0.0595263714670694,0.1862401451931976,0.1049492751305367,0.0826646397237838,0.1701184481499253,0.0109817171066312
S64,0.096328211,0.110471217,0.1567816837691733,0.1501092801962535,0.1163647507443116,0.1942347461900972,0.1978140775188374,0.0786854180988296,0.0899292659885415,0.0160807774939555
S65,0.065082128,0.074637553,0.1114645791415582,0.1941081897139416,0.1826194430538298,0.144966629465082,0.1701888362227122,0.1078250159131593,0.0793723860410278,0.0094549204486889
S66,0.110375005,0.126580376,0.0448089810812964,0.1289199579978641,0.0879193985956588,0.2195670022264826,0.2509503388340035,0.1522683121350811,0.1042565109285707,0.0113094982010424
S7,0.37802712,0.433529449,0.416879078786768,0.2395707528074698,0.0921074716229093,0.0605318307337417,0.0657794311617416,0.040070392469082,0.0720489645754827,0.0130120778428045
S70,0.217122065,0.249000149,0.3701072316299094,0.1922057535657797,0.0808332974870095,0.1126739010446352,0.0863280669119964,0.0483945262794202,0.098472278485534,0.0109849445957153
S71,0.229536674,0.263237484,0.1249830590216724,0.1208871216128745,0.0670172266881031,0.2279394117565458,0.2476709059483979,0.0722693348912446,0.12311430795762,0.0161186321235413
S72,0.145118612,0.166425076,0.1139989785377049,0.2208722371815923,0.0752444134657552,0.1617097937543677,0.1472876262200167,0.0951794447435566,0.1627491858804661,0.0229583202165401
S73,0.092152579,0.105682515,0.1867052874558422,0.0944076018308873,0.1224525842867436,0.1749223200154142,0.1747149082445381,0.0627840868559117,0.1635451024966244,0.0204681088140381
S74,0.194756194,0.223350497,0.1769986473671761,0.1217495419645955,0.1448668151679611,0.2000370738754153,0.1442708687852078,0.0850601827720071,0.10672048700492,0.0202963830627166
S75,0.196755179,0.225642976,0.1636567768050974,0.121990919108689,0.1057695191271231,0.1655876289625144,0.170339698728257,0.1542442028035386,0.0964840296946938,0.0219272247700864
S8,0.274210417,0.31447027,0.2271337400569437,0.2381520009998553,0.1632406685328466,0.1671162643012368,0.1253052837769624,0.0309765266923849,0.0343854452033204,0.0136900704364497
S80,0.335654769,0.384935946,0.1895925667471208,0.2311524781971617,0.067434639593705,0.1284088482229159,0.1246195340147744,0.1236811937819444,0.1196239600097909,0.0154867794325867
S81,0.289156475,0.331610725,0.0551838528282408,0.1196367893824701,0.0918807384731589,0.1906180829221835,0.2670694263651135,0.1606240517902158,0.1021743549338249,0.0128127033047922
S9,0.216253838,0.248004448,0.1251200323898595,0.1514703913588455,0.0943505745471394,0.1074309227842883,0.3195472801586274,0.0978417798127149,0.0795550849004827,0.024683934048042
SA1,0.476501577,0.546462026,0.20224902268677217,0.08133816650201105,0.07293260880352417,0.16328595547722832,0.20308674887676573,0.142598511639583,0.11929560641625485,0.01521337959786059
SA10,0.374879508,0.429919702,0.20224902268677217,0.08133816650201105,0.07293260880352417,0.16328595547722832,0.20308674887676573,0.142598511639583,0.11929560641625485,0.01521337959786059
SA11,0.512874694,0.588175482,0.20224902268677217,0.08133816650201105,0.07293260880352417,0.16328595547722832,0.20308674887676573,0.142598511639583,0.11929560641625485,0.01521337959786059
SA12,0.442208604,0.507134124,0.20224902268677217,0.08133816650201105,0.07293260880352417,0.16328595547722832,0.20308674887676573,0.142598511639583,0.11929560641625485,0.01521337959786059
SA13,0.353382581,0.405266574,0.20224902268677217,0.08133816650201105,0.07293260880352417,0.16328595547722832,0.20308674887676573,0.142598511639583,0.11929560641625485,0.01521337959786059
SA14,0.218121766,0.250146627,0.20224902268677217,0.08133816650201105,0.07293260880352417,0.16328595547722832,0.20308674887676573,0.142598511639583,0.11929560641625485,0.01521337959786059
SA15,0.415989614,0.477065635,0.20224902268677217,0.08133816650201105,0.07293260880352417,0.16328595547722832,0.20308674887676573,0.142598511639583,0.11929560641625485,0.01521337959786059
SA16,0.539328743,0.618513541,0.20224902268677217,0.08133816650201105,0.07293260880352417,0.16328595547722832,0.20308674887676573,0.142598511639583,0.11929560641625485,0.01521337959786059
SA17,1.014863693,1.163867019,0.20224902268677217,0.08133816650201105,0.07293260880352417,0.16328595547722832,0.20308674887676573,0.142598511639583,0.11929560641625485,0.01521337959786059
SA18,0.410619933,0.470907572,0.20224902268677217,0.08133816650201105,0.07293260880352417,0.16328595547722832,0.20308674887676573,0.142598511639583,0.11929560641625485,0.01521337959786059
SA19,1.558711891,1.787563566,0.20224902268677217,0.08133816650201105,0.07293260880352417,0.16328595547722832,0.20308674887676573,0.142598511639583,0.11929560641625485,0.01521337959786059
SA2,0.668612851,0.766779274,0.20224902268677217,0.08133816650201105,0.07293260880352417,0.16328595547722832,0.20308674887676573,0.142598511639583,0.11929560641625485,0.01521337959786059
SA20,0.628623939,0.720919149,0.20224902268677217,0.08133816650201105,0.07293260880352417,0.16328595547722832,0.20308674887676573,0.142598511639583,0.11929560641625485,0.01521337959786059
SA3,0.595841117,0.683323119,0.20224902268677217,0.08133816650201105,0.07293260880352417,0.16328595547722832,0.20308674887676573,0.142598511639583,0.11929560641625485,0.01521337959786059
SA31,0.748998677,0.858967429,0.20224902268677217,0.08133816650201105,0.07293260880352417,0.16328595547722832,0.20308674887676573,0.142598511639583,0.11929560641625485,0.01521337959786059
SA32,0.626169785,0.718104674,0.20224902268677217,0.08133816650201105,0.07293260880352417,0.16328595547722832,0.20308674887676573,0.142598511639583,0.11929560641625485,0.01521337959786059
SA33,1.679846743,1.926483561,0.20224902268677217,0.08133816650201105,0.07293260880352417,0.16328595547722832,0.20308674887676573,0.142598511639583,0.11929560641625485,0.01521337959786059
SA34,2.29923301,2.636808753,0.20224902268677217,0.08133816650201105,0.07293260880352417,0.16328595547722832,0.20308674887676573,0.142598511639583,0.11929560641625485,0.01521337959786059
SA35,0.736559817,0.844702283,0.20224902268677217,0.08133816650201105,0.07293260880352417,0.16328595547722832,0.20308674887676573,0.142598511639583,0.11929560641625485,0.01521337959786059
SA36,0.787490203,0.90311032,0.20224902268677217,0.08133816650201105,0.07293260880352417,0.16328595547722832,0.20308674887676573,0.142598511639583,0.11929560641625485,0.01521337959786059
SA37,0.760927228,0.872647343,0.20224902268677217,0.08133816650201105,0.07293260880352417,0.16328595547722832,0.20308674887676573,0.142598511639583,0.11929560641625485,0.01521337959786059
SA38,0.708627412,0.812668814,0.20224902268677217,0.08133816650201105,0.07293260880352417,0.16328595547722832,0.20308674887676573,0.142598511639583,0.11929560641625485,0.01521337959786059
SA39,1.455652702,1.669373121,0.20224902268677217,0.08133816650201105,0.07293260880352417,0.16328595547722832,0.20308674887676573,0.142598511639583,0.11929560641625485,0.01521337959786059
SA4,0.232036507,0.266104344,0.20224902268677217,0.08133816650201105,0.07293260880352417,0.16328595547722832,0.20308674887676573,0.142598511639583,0.11929560641625485,0.01521337959786059
SA40,1.472987868,1.689253454,0.20224902268677217,0.08133816650201105,0.07293260880352417,0.16328595547722832,0.20308674887676573,0.142598511639583,0.11929560641625485,0.01521337959786059
SA41,0.812805844,0.93214283,0.20224902268677217,0.08133816650201105,0.07293260880352417,0.16328595547722832,0.20308674887676573,0.142598511639583,0.11929560641625485,0.01521337959786059
SA42,0.482157489,0.552948344,0.20224902268677217,0.08133816650201105,0.07293260880352417,0.16328595547722832,0.20308674887676573,0.142598511639583,0.11929560641625485,0.01521337959786059
SA43,0.793116123,0.909562244,0.20224902268677217,0.08133816650201105,0.07293260880352417,0.16328595547722832,0.20308674887676573,0.142598511639583,0.11929560641625485,0.01521337959786059
SA44,1.094870904,1.255620971,0.20224902268677217,0.08133816650201105,0.07293260880352417,0.16328595547722832,0.20308674887676573,0.142598511639583,0.11929560641625485,0.01521337959786059
SA45,0.780095492,0.89462991,0.20224902268677217,0.08133816650201105,0.07293260880352417,0.16328595547722832,0.20308674887676573,0.142598511639583,0.11929560641625485,0.01521337959786059
SA46,1.697367583,1.946576829,0.20224902268677217,0.08133816650201105,0.07293260880352417,0.16328595547722832,0.20308674887676573,0.142598511639583,0.11929560641625485,0.01521337959786059
SA47,0.966236705,1.108100567,0.20224902268677217,0.08133816650201105,0.07293260880352417,0.16328595547722832,0.20308674887676573,0.142598511639583,0.11929560641625485,0.01521337959786059
SA48,1.62820067,1.867254759,0.20224902268677217,0.08133816650201105,0.07293260880352417,0.16328595547722832,0.20308674887676573,0.142598511639583,0.11929560641625485,0.01521337959786059
SA5,0.186046418,0.213361944,0.20224902268677217,0.08133816650201105,0.07293260880352417,0.16328595547722832,0.20308674887676573,0.142598511639583,0.11929560641625485,0.01521337959786059
SA6,0.407144657,0.466922052,0.20224902268677217,0.08133816650201105,0.07293260880352417,0.16328595547722832,0.20308674887676573,0.142598511639583,0.11929560641625485,0.01521337959786059
SA61,1.375563039,1.577524611,0.20224902268677217,0.08133816650201105,0.07293260880352417,0.16328595547722832,0.20308674887676573,0.142598511639583,0.11929560641625485,0.01521337959786059
SA62,1.415866475,1.623745439,0.20224902268677217,0.08133816650201105,0.07293260880352417,0.16328595547722832,0.20308674887676573,0.142598511639583,0.11929560641625485,0.01521337959786059
SA63,3.63510699,4.168817118,0.20224902268677217,0.08133816650201105,0.07293260880352417,0.16328595547722832,0.20308674887676573,0.142598511639583,0.11929560641625485,0.01521337959786059
SA64,0.747946016,0.857760215,0.20224902268677217,0.08133816650201105,0.07293260880352417,0.16328595547722832,0.20308674887676573,0.142598511639583,0.11929560641625485,0.01521337959786059
SA65,0.550944996,0.631835304,0.20224902268677217,0.08133816650201105,0.07293260880352417,0.16328595547722832,0.20308674887676573,0.142598511639583,0.11929560641625485,0.01521337959786059
SA66,2.355931259,2.701831498,0.20224902268677217,0.08133816650201105,0.07293260880352417,0.16328595547722832,0.20308674887676573,0.142598511639583,0.11929560641625485,0.01521337959786059
SA67,1.727799272,1.981476529,0.20224902268677217,0.08133816650201105,0.07293260880352417,0.16328595547722832,0.20308674887676573,0.142598511639583,0.11929560641625485,0.01521337959786059
SA68,0.54325909,0.623020946,0.20224902268677217,0.08133816650201105,0.07293260880352417,0.16328595547722832,0.20308674887676573,0.142598511639583,0.11929560641625485,0.01521337959786059
SA69,0.344178321,0.394710935,0.20224902268677217,0.08133816650201105,0.07293260880352417,0.16328595547722832,0.20308674887676573,0.142598511639583,0.11929560641625485,0.01521337959786059
SA7,0.279345564,0.320359366,0.20224902268677217,0.08133816650201105,0.07293260880352417,0.16328595547722832,0.20308674887676573,0.142598511639583,0.11929560641625485,0.01521337959786059
SA70,0.310025293,0.355543524,0.20224902268677217,0.08133816650201105,0.07293260880352417,0.16328595547722832,0.20308674887676573,0.142598511639583,0.11929560641625485,0.01521337959786059
SA71,0.203563219,0.233450579,0.20224902268677217,0.08133816650201105,0.07293260880352417,0.16328595547722832,0.20308674887676573,0.142598511639583,0.11929560641625485,0.01521337959786059
SA72,0.200307517,0.229716871,0.20224902268677217,0.08133816650201105,0.07293260880352417,0.16328595547722832,0.20308674887676573,0.142598511639583,0.11929560641625485,0.01521337959786059
SA73,0.345811757,0.396584192,0.20224902268677217,0.08133816650201105,0.07293260880352417,0.16328595547722832,0.20308674887676573,0.142598511639583,0.11929560641625485,0.01521337959786059
SA8,0.790867866,0.906983896,0.20224902268677217,0.08133816650201105,0.07293260880352417,0.16328595547722832,0.20308674887676573,0.142598511639583,0.11929560641625485,0.01521337959786059
SA9,0.357929426,0.41048099,0.20224902268677217,0.08133816650201105,0.07293260880352417,0.16328595547722832,0.20308674887676573,0.142598511639583,0.11929560641625485,0.01521337959786059
SE1,0.044146882,0.050628572,0.1889019326986313,0.0354877516016428,0.1131022358923201,0.1068875978664788,0.1068198045820465,0.1491913443923626,0.2392821590041381,0.0603271739623795
SE10,0.129692964,0.148734618,0.3628269435215654,0.0191697709414614,0.0352307010941568,0.0943562011139183,0.1104937043329631,0.0570704328964798,0.3112221344871721,0.0096301116122826
SE11,0.081484878,0.093448571,0.1591817798168676,0.0577526269721415,0.1428653008041883,0.0630507289215846,0.2024207787466886,0.0516299254173964,0.3040993013117054,0.0189995580094274
SE12,0.101847951,0.116801371,0.1014545836586449,0.1488605929683803,0.1793427016587647,0.274575769968553,0.1609737597466129,0.0806786482536709,0.0314600515529825,0.0226538921923904
SE13,0.071172698,0.081622346,0.4500507368123126,0.0623592188080498,0.0237820486730793,0.0781671100440805,0.07034050687007,0.0564192957421796,0.2027374117071687,0.0561436713430591
SE14,0.080297138,0.092086446,0.4232524659192415,0.1220838536126615,0.0065515588099885,0.0595692483537452,0.1248059605694974,0.0838773335106072,0.1016911290043653,0.078168450219893
SE15,0.04735561,0.054308409,0.2698690172330926,0.0263900041575359,0.0157020538293324,0.116992147733362,0.2480310318664789,0.0736157361915208,0.1698862803067853,0.0795137286818918
SE16,0.044937443,0.051535204,0.0497675902680166,0.023058762249471,0.0838226513615453,0.0997949421654764,0.1357303079636934,0.3166132072549811,0.1920564144999961,0.0991561242368199
SE17,0.034492895,0.039557177,0.1910467655558933,0.0367776852549206,0.0658388701247109,0.1250356094517037,0.2513033529353061,0.0243611770804278,0.2808390392640167,0.0247975003330205
SE18,0.121884944,0.139780216,0.1971900127005602,0.0839922851707638,0.0723015147245377,0.1128481720457022,0.2317917144719908,0.0674317270751168,0.2232420485378878,0.0112025252734403
SE19,0.060944012,0.069891875,0.353160784907582,0.0635128677928617,0.0751770909718219,0.1674243886190053,0.1868413335969971,0.0721863636015127,0.0541021405703047,0.0275950299399141
SE2,0.137513902,0.157703833,0.0384412936292202,0.1378583112579492,0.1117006654016699,0.3363547728079602,0.1381605692799954,0.1451882523362229,0.0884132277068042,0.0038829075801776
SE20,0.064530206,0.074004597,0.3198769387804409,0.2069900841417803,0.0338043551288371,0.0778493293346433,0.1808949459790295,0.079039681215351,0.0902867085035054,0.0112579569164122
SE21,0.124090922,0.142310079,0.3526566050655779,0.0872344643984006,0.0262655446872702,0.2829498583451724,0.1486876584572323,0.0592733092927666,0.0183411968477182,0.0245913629058614
SE22,0.134067288,0.153751184,0.6828582338275256,0.1029495239402633,0.0341810583978244,0.0508491873478869,0.0423206548238963,0.019378104763048,0.0371398702534093,0.0303233666461459
SE23,0.116594801,0.133713369,0.3290056741189176,0.0685156882967865,0.0940927296166066,0.1802081808266233,0.1496047293965808,0.0487197748396402,0.0917630996569864,0.0380901232478582
SE24,0.087932539,0.100842884,0.5111269748995553,0.1423644430375694,0.0187590343456126,0.1041513553469117,0.0817449610285772,0.0370785002176298,0.0906391760081862,0.0141355551159574
SE25,0.078657506,0.090206081,0.4590117846344579,0.0934898796687136,0.1097828777759384,0.068311607711651,0.1005215208281012,0.0809570120982744,0.0514843523721175,0.0364409649107456
SE26,0.096642284,0.110831403,0.282001728511297,0.0617451055631599,0.0672276415746967,0.1519011230264673,0.2337037108130772,0.0735306729595709,0.0903945840876983,0.0394954334640323
SE27,0.098682379,0.113171027,0.436995902115964,0.0891781263088782,0.0641007706395972,0.1387189994198821,0.1436469324659764,0.0554369295513093,0.0597626798890278,0.0121596596093646
SE28,0.095689905,0.109739195,0.0023000628206399,0.0004405800149938,4.382203668646075e-06,0.0042384052723765,0.1803836259806138,0.4959255951160378,0.3113589935713375,0.0053483550203317
SE3,0.12491905,0.143259793,0.3105920613346326,0.0533892031356226,0.1464490632233907,0.2027879029975427,0.1165758273456166,0.0398639162349456,0.1022110427401189,0.0281309829881299
SE4,0.093564429,0.107301655,0.4583380904209326,0.0932145940027743,0.0969714222675688,0.1828360220492024,0.0349761458246081,0.0446364082672278,0.0534788200947265,0.0355484970729592
SE5,0.030855862,0.035386151,0.2767118369488819,0.0742095943943915,0.0537964072231845,0.2739438226821204,0.1380594308222328,0.042428701069402,0.1029204486597509,0.0379297582000358
SE6,0.093062394,0.10672591,0.3014773581567396,0.3038829605472284,0.1506201683748317,0.0552312869931099,0.0459675927168031,0.0466793278860091,0.0704712976603717,0.0256700076649062
SE7,0.415744869,0.476784956,0.31736106769954,0.101173162227891,0.0902927182090138,0.1622673408213839,0.1532129596978197,0.0631515123348728,0.1102074654853737,0.0023337735241047
SE8,0.077588676,0.088980325,0.1085373888478769,0.0764315285415151,0.0309403106876702,0.0910864634686676,0.2663036668444258,0.1658433757631311,0.1832501397950418,0.0776071260516712
SE9,0.137509629,0.157698934,0.0468624794563049,0.1639752542405547,0.3433016055333362,0.2851990768625607,0.0917653351590489,0.0282971230129873,0.031029212322371,0.009569913412836
SG1,0.315007199,0.361256878,0.0215396366661005,0.0187161893400222,0.0146350458878843,0.3747156851199694,0.3304082067842208,0.1116205808787803,0.1192132984743778,0.0091513568486444
SG10,0.370797968,0.425238905,0.2833353140933756,0.0934264681976628,0.0712513577663499,0.1556879389787201,0.1462543197119039,0.1205293089963599,0.0956241871396868,0.0338911051159406
SG11,0.346774997,0.397688857,0.2710656257489027,0.0871852228905774,0.0228993040370739,0.1440968156958607,0.1917115024378444,0.1336110382273787,0.1322080599056045,0.0172224310567574
SG12,1.133387977,1.29979316,0.1526579037477878,0.0556057919270564,0.0493505275213096,0.2075721123111064,0.1922713832434487,0.1642140333225332,0.1645093142946216,0.0138189336321361
SG13,0.66628891,0.76411413,0.1848412134975874,0.0618416220814352,0.0619057663657412,0.1011629844108346,0.2227730168721303,0.1476915467176928,0.2030035133408859,0.0167803367136923
SG14,0.681747187,0.781842006,0.2147012098152514,0.0478511732965088,0.0370083418398895,0.1732286915512713,0.1726481027513788,0.1761689013097993,0.1683944982652963,0.0099990811706043
SG15,0.217487794,0.249419575,0.1459032688080219,0.0786577894208586,0.0705062753261272,0.1758522450663106,0.1579335485603612,0.195861840146769,0.1662376794804289,0.0090473531911223
SG16,0.276954424,0.317617156,0.060049130388599,0.0266122267473583,0.150521793605819,0.2116670272429619,0.1545711143386552,0.1616483471362803,0.2213022833082175,0.0136280772321085
SG17,0.282258033,0.323699446,0.1186113189075053,0.0297866516599486,0.0389580851858648,0.2284042292035916,0.2138076432827786,0.1684180687961882,0.1841755715095636,0.0178384314545589
SG18,0.522153038,0.598816081,0.1519954187586926,0.0554726189918032,0.0447060699806775,0.1407023896154582,0.2253231480548874,0.1784983188073984,0.186797458557668,0.0165045772334144
SG19,0.871917597,0.999933431,0.1796095916174397,0.0421633924347928,0.0445839829614719,0.1076791316172151,0.3031896550101334,0.1962352863364906,0.1108790402835683,0.0156599197388876
SG2,0.243971671,0.279791842,0.0405318541251309,0.0083569007018745,0.0174464987530286,0.58850845256836,0.1462324535408992,0.1489168023233383,0.0443545572621415,0.0056524807252267
SG3,0.59547946,0.682908364,0.0871497354775264,0.1780875192498557,0.0992611512769826,0.1391836269894953,0.2296272926838407,0.1961709207192671,0.0546193607169662,0.0159003928860657
SG4,0.164204997,0.188313742,0.157732645688319,0.0897669260422514,0.0807777089595816,0.1911341573644865,0.2166011537763161,0.13220345177114,0.1231538579372044,0.0086300984607007
SG5,0.68784732,0.788837767,0.1640980377600289,0.0892051889637966,0.0785060428236223,0.1767934535730961,0.1566135328495669,0.1206443573899577,0.2024973757341498,0.0116420109057813
SG6,0.181907785,0.208615672,0.0097065451441845,0.3290028190258338,0.0640405630563965,0.1444148208963274,0.1889353957271285,0.1504990887335806,0.1015478857159977,0.0118528817005505
SG7,0.307565177,0.352722211,0.1684050396489772,0.1162053792666685,0.0993890623115534,0.1226514122816195,0.1836731225518242,0.1970593009776063,0.1031587381709334,0.0094579447908172
SG8,0.504277548,0.578316094,0.1721415018791933,0.0395555786281163,0.037353187246912,0.165546642253007,0.2549018295468516,0.1687963095264605,0.1459397332051007,0.0157652177143583
SG9,0.955359479,1.095626335,0.2535589518306318,0.0701013618786624,0.0616458272776526,0.1049123241263727,0.2536872252627251,0.1272181511600595,0.1169172928835267,0.0119588655803688
SK1,0.206443631,0.236753897,0.2421927022778473,0.0304046070780398,0.0768407036568111,0.0855328955233294,0.3439726350160249,0.0696604143265103,0.1237842282903318,0.0276118138311051
SK10,0.688929495,0.790078828,0.3548595421615934,0.0523039398803525,0.064016699856289,0.1064466853126525,0.156748467233877,0.1270058851322028,0.1361761312774311,0.0024426491456015
SK11,0.466216928,0.534667374,0.3753072763112118,0.0587591064077556,0.0821642558250931,0.1146879444674594,0.1550354557208419,0.1030690916784856,0.1059658644422101,0.0050110051469423
SK12,0.71712137,0.822409863,0.2591462394863711,0.120822517916887,0.0808886227765893,0.1746958865047662,0.1898422964953528,0.1005627651918416,0.0651497460988149,0.0088919255293767
SK13,0.237170308,0.271991895,0.2964017211535921,0.0381938833863311,0.0335447758762911,0.0589574111035925,0.3344265723990219,0.120389092571061,0.0952522371096916,0.0228343064004183
SK14,0.118349421,0.135725604,0.2522610012243689,0.0751484621390687,0.0893170006606149,0.1401191301859206,0.2271344001969197,0.1059686270159067,0.0821811717303705,0.0278702068468297
SK15,0.093698784,0.107455736,0.2055984463602836,0.0710173136356238,0.0379427278399263,0.1266154750461665,0.3164503831755203,0.0988361547634568,0.1190516031940479,0.0244878959849746
SK16,0.137114914,0.157246266,0.1540261716400231,0.1003181444759196,0.1064724042524212,0.1192195929471285,0.2823458023653148,0.1708649702981916,0.0540713798164304,0.0126815342045703
SK17,0.518071565,0.594135362,0.3883456735733547,0.0938599972124872,0.0818724301919049,0.1242474873304017,0.1184759903306086,0.0788715229648362,0.0857702772889419,0.0285566211074645
SK2,0.132905326,0.152418623,0.2058101914522705,0.1227948295237598,0.1514394584206071,0.110784051134999,0.2774422917804941,0.081624886551256,0.0305895426166318,0.0195147485199814
SK22,0.578323229,0.663233237,0.4010922586480452,0.1145571455341929,0.0558296543274381,0.124410978953062,0.1345251136270732,0.082618524664218,0.0745789192298251,0.0123874050161453
SK23,0.670658496,0.769125263,0.2954890980692506,0.1237754911358528,0.0748247472082138,0.1192299196389299,0.1514270317151397,0.1474279338889273,0.0748320174115318,0.0129937609321537
SK3,0.401990502,0.461011159,0.3018740569293808,0.1355928865108456,0.1546652060439598,0.1286657913473102,0.1335975022137636,0.0959034739081919,0.0343537224264997,0.0153473606200482
SK4,0.245743904,0.281824275,0.2473955157183043,0.083722264121094,0.1574234387658394,0.1531396167072451,0.2124670262034879,0.1072326847455927,0.0237067908036224,0.0149126629348139
SK5,0.234526031,0.268959383,0.1836575375997811,0.081120332844068,0.2057806072345931,0.2582917564445768,0.1528481298543555,0.0878229713927438,0.0208669327071131,0.0096117319227683
SK6,0.19714901,0.226094629,0.1431487153521401,0.0898500954077603,0.125515247632947,0.2835065162080672,0.1960407614318021,0.1011671369315828,0.0504250855326244,0.0103464415030759
SK7,0.260258305,0.298469696,0.1126310471769514,0.155023398865202,0.1475228388143356,0.2825883404454973,0.1951679875801897,0.0661796087513554,0.0348440732699936,0.0060427050964747
SK8,0.572567206,0.656632109,0.0618466157880996,0.1847890654250695,0.1955003454377649,0.2713335705274725,0.160368243957576,0.0798335984804951,0.0400939141840169,0.0062346461995052
SK9,0.684859671,0.785411468,0.1365061230718015,0.0826646212774898,0.1042005148976565,0.2022483632761693,0.1909510717082637,0.1672942733755893,0.1138901403596007,0.002244892033429
SL0,0.162060984,0.185854943,0.064295623788592,0.0579791443310446,0.3111691098094092,0.2282469424733609,0.1297484831659973,0.1236415716547447,0.0749555021673627,0.0099636226094882
SL1,0.294083367,0.337260988,0.1459110570544893,0.0894628218901662,0.1309816015563245,0.1318508906216475,0.1424279051117845,0.2129060752532273,0.1252245518382481,0.0212350966741122
SL2,0.297486854,0.341164178,0.0781377511189803,0.0599346371619298,0.1744535130755364,0.3174504748442809,0.121004985054022,0.1433980321083085,0.0898519372084582,0.0157686694284835
SL3,0.152517717,0.174910524,0.1362524876010374,0.0412166308322128,0.0918036743808048,0.2466706554135265,0.1663457306177331,0.1840417190530465,0.1082659006228592,0.0254032014787793
SL4,0.434920819,0.498776338,0.2749701746224841,0.057123402151552,0.0446946840872856,0.195407475373566,0.2173415860257391,0.1109136661110128,0.0641378637312422,0.035411147897118
SL5,0.415718957,0.476755239,0.1607354472639593,0.0699950827563735,0.0314174278598964,0.2417381853665069,0.1823036672037497,0.113785532588605,0.1609871716535046,0.0390374853074043
SL6,0.428118838,0.490975684,0.1217311523087976,0.0993805497911236,0.0512736585531822,0.1842891003727085,0.2964334803890767,0.0953515276740988,0.1241559033510816,0.0273846275599306
SL7,1.280047405,1.467985275,0.1363006282861863,0.0660250249943847,0.0562387735011151,0.244215251088049,0.3098345315310027,0.1172267093458885,0.0542869959488934,0.0158720853044798
SL8,0.196764572,0.225653747,0.1174408448273565,0.1068713020372923,0.0643485489279902,0.260249096832683,0.2113323030725916,0.1819797645208153,0.0466609625607989,0.0111171772204718
SL9,0.540389364,0.619729883,0.0410957498668347,0.1799360991798264,0.0912774327593866,0.23921232126084,0.1812778852474226,0.1485752808813897,0.1029321636298048,0.0156930671744948
SM1,0.201136083,0.230667089,0.1428541774972826,0.1783996871456989,0.1262757099734224,0.0569345968723828,0.2142208134361157,0.0964079407129082,0.173176250022964,0.0117308243392251
SM2,0.268834667,0.308305248,0.0608064409726743,0.1451075788092372,0.1191503666198841,0.1295776202522819,0.2754085568088851,0.156175797146065,0.0990921630051314,0.0146814763858406
SM3,0.327613135,0.375713631,0.0306352286878061,0.1639200853165396,0.4994738488199943,0.0817112518396715,0.0741797199551846,0.051650342997852,0.0778170619944924,0.0206124603884591
SM4,0.193064935,0.221410926,0.030540190024546,0.1108183880745902,0.6657095872288125,0.0800912462246297,0.0324841576155684,0.0293920702795422,0.0489788329030586,0.0019855276492521
SM5,0.147968155,0.169692991,0.0446991451320721,0.2529232677836551,0.3685911391174701,0.0598100376115228,0.0638668683924327,0.0849074176365962,0.1128995923804473,0.0123025319458033
SM6,0.102078902,0.117066231,0.0535513857861554,0.2778093556708672,0.1317537891857046,0.0632310349939628,0.1826148748773587,0.1238437438636133,0.1575092235890645,0.0096865920332732
SM7,0.345421591,0.396136743,0.0153265077591153,0.0746173187296098,0.324086137401239,0.2218447840631692,0.1351135729094423,0.1167452823827114,0.1074587431518672,0.0048076536028455
SN1,0.815785589,0.935560064,0.4010848522629237,0.0987859317189231,0.0419384376410771,0.0373963655249163,0.1658647299567817,0.0572159102105857,0.1952987430114763,0.0024150296733159
SN10,0.264496196,0.303329798,0.2063282867507541,0.0514992538837939,0.0219211407628007,0.1745886005609396,0.2182379420528929,0.1605135575453367,0.1582690285702578,0.0086421898732239
SN11,0.532090948,0.610213085,0.1747509569305398,0.030062958679133,0.0476776873517874,0.1601991164415492,0.1742424419378744,0.2082935190334886,0.1955682711685636,0.0092050484570638
PL95,0.0,0.0,0.0102416117006022,0.3383818468597648,0.3372454832234012,0.2332114520600325,0.0519596596883663,0.0106203995793901,0.0179607590096549,0.0003787878787878
PR11,0.0,0.0,0.2504583915435204,0.0784560520243339,0.0664365533373672,0.0330199495528548,0.1948513741981473,0.347125586858017,0.0225197241199107,0.0071323683658485
RH77,0.0,0.0,0.0011098779134295,0.0110987791342952,0.0776914539400665,0.3773584905660377,0.1442841287458379,0.1997780244173141,0.1775804661487236,0.0110987791342952
S49,0.0,0.0,0.2068332705519307,0.1944370886400679,0.2752002016725461,0.0030634498185991,0.0049178363257297,0.0297514569921197,0.2622265273639886,0.0235701686350178
S95,0.0,0.0,0.1572396509520143,0.1129612047798102,0.0157089975866438,0.0581782681555719,0.3971123369946239,0.09971272393498,0.1270002842760479,0.0320865333203075
S96,0.0,0.0,0.1066962608247332,0.0338052086883321,0.0569367133590243,0.0402687359274826,0.6403698104633988,0.0471933611215487,0.0544981081293637,0.020231801486116
S97,0.0,0.0,0.4039202697820065,0.2479270869494372,0.0014427516158818,0.0214020210035116,0.061654791086614,0.0773905250405593,0.1704786304501326,0.0157839240718568
S98,0.0,0.0,0.1378438781011518,0.070330369731565,0.014156547884964,0.0848984316135572,0.4681554174386048,0.0831003655952635,0.0993077938365347,0.0422071957983586
S99,0.0,0.0,0.1385041551246537,0.0706371191135734,0.0138504155124653,0.0844875346260387,0.4709141274238225,0.0831024930747922,0.0969529085872576,0.0415512465373961
SA80,0.0,0.0,0.20224902268677217,0.08133816650201105,0.07293260880352417,0.16328595547722832,0.20308674887676573,0.142598511639583,0.11929560641625485,0.01521337959786059
SA99,0.0,0.0,0.20224902268677217,0.08133816650201105,0.07293260880352417,0.16328595547722832,0.20308674887676573,0.142598511639583,0.11929560641625485,0.01521337959786059
SE1P,0.0,0.0,0.2160877981439026,0.0680978033242218,0.1477487242086236,0.0682542048761132,0.1021933829688739,0.2497602449078564,0.0910743100255709,0.0567835315448373
SL95,0.0,0.0,0.0444444444444444,0.0067340067340067,0.0067340067340067,0.283262749309261,0.1529134087273622,0.2675570768594024,0.2328521091311788,0.0055021980603375
SN12,0.559076258,0.641160406,0.1348343375944772,0.0576265694766011,0.0456707606981205,0.1729803589072876,0.2273558947864404,0.2034686812103665,0.1479154161526104,0.0101479811740959
SN13,0.965407956,1.10715014,0.2161448470588554,0.0302994498333892,0.0399988227903708,0.2315786019754588,0.220129805864627,0.1123536130427255,0.1344088674976511,0.0150859919369218
SN14,0.599505829,0.687525889,0.2491098914814878,0.0280291674488765,0.0499767865098815,0.1687732850532727,0.1963899924038723,0.205530261312349,0.092088193679387,0.0101024221108729
SN15,1.309775736,1.50207835,0.1983239291589648,0.0298963080407562,0.0574074958328999,0.1805007520862239,0.151929482543714,0.2222477131984286,0.154245383243537,0.0054489358954752
SN16,1.408987739,1.61585676,0.2908650357776949,0.0360960954885944,0.0381013436445687,0.0948893408700908,0.1763560104706342,0.1951625735514052,0.154319194767889,0.0142104054291225
SN2,0.48483245,0.556016047,0.1387021993299717,0.0941349483882895,0.075408439314455,0.1841747894638827,0.2702370190550566,0.1648574474017605,0.0718890861393177,0.000596070907266
SN25,0.264338733,0.303149216,0.0426272311497855,0.019572841825003,0.0220514741028824,0.0981722212395265,0.198806114085207,0.2148999933985002,0.4018406834461693,0.0020294407529259
SN26,0.314140231,0.360262621,0.2032997222414596,0.0454977975525055,0.0741588957413202,0.246601624616037,0.2580975441639371,0.1208763810041672,0.0500860770558577,0.0013819576247153
SN3,0.699062659,0.801699754,0.027664555306882,0.0195563735980247,0.0561749453644183,0.2875218105241365,0.4222317536027445,0.0928696982661869,0.0933741694308645,0.0006066939067422
SN4,1.126621861,1.292033636,0.0959578722336829,0.0222891466879093,0.0790356073642132,0.1789733297978374,0.2760376767740254,0.153764523687723,0.1880429778994167,0.0058988655551918
SN5,0.384051648,0.440438504,0.065372799470258,0.0064815899609459,0.0287198585073918,0.0610107801777707,0.3370647269581532,0.4439852695069043,0.0551415843051719,0.0022233911134038
SN6,0.683930221,0.784345556,0.1680614764808901,0.0390887887011189,0.0442911327237065,0.1728545054185314,0.3376920336387303,0.1190612737678581,0.1138353820015535,0.0051154072676109
SN7,0.667082854,0.765024641,0.3022805397062294,0.0179638214974945,0.0363787484131167,0.1309373765507598,0.1992948451647278,0.1397582348513503,0.162111986409449,0.0112744474068722
SN8,1.447612456,1.660152398,0.3173795743598421,0.0783574855390742,0.0500514387218735,0.1108118329830067,0.1547449800863346,0.1493741062641268,0.109208243777253,0.0300723382684887
SN9,0.254578741,0.291956253,0.2742398396762062,0.0568480752228578,0.0305072751297797,0.1441005795649555,0.1635107959201933,0.1830556577705461,0.1286622681469859,0.0190755085684752
SO14,0.133644673,0.153266521,0.2577291516701993,0.0794299499120751,0.0163250863181575,0.1474587103508069,0.1016851393197086,0.1065977144802726,0.2641209156064303,0.0266533323423494
SO15,0.191870458,0.220041075,0.2300030679697899,0.2350407046954292,0.0906312722374255,0.1031892147317824,0.0810142468989149,0.1113095933056723,0.136624433143881,0.0121874670171045
SO16,0.220356674,0.252709666,0.0724227717332472,0.1609882002269218,0.0981040263022562,0.2773264491040393,0.1979566685168144,0.1056875902880821,0.0793935579044469,0.0081207359241917
SO17,0.155334814,0.17814123,0.2632452490974219,0.2506927927178691,0.0630403843971249,0.0822302586529931,0.0818168287761597,0.1484957013059504,0.1006489316437482,0.0098298534087324
SO18,0.202881264,0.232668499,0.044279459630559,0.1789000385103419,0.121941862014858,0.2413578677420588,0.1446678127330223,0.1420108214349827,0.1195226479337356,0.0073194900004413
SO19,0.141632014,0.162426571,0.0576116346563558,0.1545155806277242,0.1432217695447321,0.2914286665237085,0.1560640522011254,0.1128383180620809,0.0786127145568936,0.005707263827379
SO20,0.402786135,0.461923608,0.2487084889513605,0.0563929992085415,0.0527798176336433,0.2178825950567245,0.1244236595830187,0.1126841978322938,0.156609997149769,0.0305182445846484
SO21,1.493616841,1.712911194,0.1864979305273114,0.079821903254585,0.0491543478208134,0.2271433476994471,0.1567137359120574,0.1657648361726817,0.1086559016198719,0.0262479969932317
SO22,0.360651142,0.413602311,0.0791523705108784,0.1042817872990488,0.0436273490729921,0.3287918077021864,0.189069382293317,0.1353360522771961,0.107771245460482,0.0119700053838987
SO23,0.552994172,0.634185342,0.1890148829969848,0.0539116473169409,0.0246989413460889,0.3195376829649178,0.1316940453881296,0.1718150328866671,0.0998817966834126,0.0094459704168582
SO24,0.602818264,0.691324658,0.2561815519803414,0.0712810743963777,0.0352032360060847,0.1609508207616583,0.2454700220184076,0.1291994759158198,0.0831271286180417,0.0185866903032686
SO30,0.38422303,0.440635048,0.0249020915596781,0.0385065930045543,0.0353344032383077,0.1655748576538032,0.2653570289025919,0.3484951414149392,0.1083856430145373,0.0134442412115879
SO31,0.492075759,0.564322826,0.0429366839129876,0.0627659577563801,0.053054252127388,0.1311661956835968,0.2201890187340075,0.287608165265289,0.1889561013222727,0.0133236251980779
SO32,0.793262311,0.909729895,0.1718442394912815,0.0806921094462466,0.0383590806735211,0.1335652141031707,0.2205810840061471,0.2253433751232846,0.1117990860570194,0.0178158110993286
SO40,0.287009916,0.329149006,0.0489006999408467,0.1153628403755316,0.0676981813514409,0.167956826500835,0.3258819066929052,0.1862254342195718,0.0721934292834184,0.0157806816354501
SO41,0.327972948,0.376126272,0.151967644138308,0.0801488085863112,0.0607863331311352,0.1549474882434532,0.2694220161886073,0.1489356817577331,0.1219768689432763,0.0118151590111753
SO42,0.383245057,0.439513488,0.2343867127997122,0.1368122645508029,0.048498021278103,0.1366633812601908,0.2082073366742647,0.0979427362122092,0.1000526666962143,0.0374368805285024
SO43,0.387507825,0.44440212,0.3050336129346007,0.1260388487609528,0.0476097404228977,0.1317005362018273,0.2123523171209012,0.1175298376162977,0.0445284575971354,0.0152066493453869
SO45,0.511342995,0.586418897,0.0359135952894891,0.0456590588557036,0.0284625402842271,0.2538677262758231,0.3205180469252027,0.2209569619492083,0.0733179262282264,0.0213041441921192
SO50,0.527765805,0.605252921,0.0536789843414966,0.1244859655323927,0.0765473450511869,0.1087893275931278,0.3722308383544808,0.1173954666649775,0.1394319724066107,0.0074401000557266
SO51,0.347563488,0.398593115,0.1502120861115957,0.0638050943815857,0.0572264787512577,0.1213976021371629,0.3272578101010732,0.1449976748327403,0.1139317586722354,0.0211714950123487
SO52,0.281590688,0.322934121,0.0161542609064902,0.0424335500073699,0.0450832548561122,0.1966800516955462,0.5096495008871752,0.092661159084713,0.0890445057727478,0.0082937167898452
SO53,0.503682782,0.577634003,0.0077021118687724,0.0436345856725003,0.0545219545850407,0.2206911140436475,0.3826133943788175,0.1989550354522549,0.0857548743327238,0.0061269296662427
SP1,0.904131604,1.036877131,0.2918668686939605,0.102224709833927,0.0657282240367973,0.1150460109015809,0.151593817972333,0.1506346903866489,0.111161829516085,0.0117438486586672
SP10,0.384864446,0.441370637,0.0782739433420323,0.0596407889021234,0.0642719399159235,0.1025399632209357,0.2992691964553858,0.2311873847820927,0.15778976370629,0.0070270196752162
SP11,0.413990929,0.474773501,0.1897705761689611,0.0614140296059519,0.0429702551874512,0.1394064335668314,0.1946647982880574,0.1502937394358884,0.1961165679382254,0.0253635998086329
SP2,0.542377295,0.622009685,0.2502103821586885,0.1344641498308539,0.0682581428048269,0.1499358548235394,0.134043612380814,0.1469194723632687,0.1067225068313884,0.00944587880662
SP3,0.789064755,0.904916049,0.3592764265963023,0.0480090782866074,0.037161224744867,0.1520454791045119,0.1573795817780064,0.1398611030107751,0.0895591715260679,0.0167079349528617
SP4,0.719522422,0.825163441,0.0954770606068693,0.0615103457057708,0.0580110158882152,0.262641214182624,0.1807987781907557,0.1514914677855234,0.1730254235822596,0.0170446940579817
SP5,0.575061309,0.659492399,0.2663259497222903,0.0658417268570419,0.0437425476443605,0.151692224865786,0.1932902565723013,0.1497058117401997,0.1093669791936351,0.0200345034043848
SP6,1.421333782,1.630015462,0.2449027919109948,0.1011140201366305,0.034290193931098,0.1360801649250539,0.2124343019679825,0.1532304763652246,0.0945188555339467,0.0234291952290689
SP7,0.950478427,1.090028643,0.3229114901295717,0.0412468416901948,0.0392753013281748,0.1063423719652716,0.196417283644223,0.1546432689773054,0.1149910704336943,0.024172371831564
SP8,1.200307522,1.376537901,0.2196147873312925,0.047546693949498,0.010033219472144,0.0823727345397319,0.1655008833914596,0.2309054902989991,0.1942143862969132,0.0498118047199614
SP9,1.250964605,1.434632508,0.0300825770828048,0.081682533319759,0.034086167939267,0.2276927685884728,0.2356115525751212,0.0520460654014124,0.3005595095611908,0.0382388255319718
SR1,0.094420752,0.108283703,0.3047993459971179,0.0236618036209862,0.0216077028086303,0.0970975287127543,0.2345609852337407,0.1528940417454175,0.1491461781482684,0.0162324137330844
SR2,0.056759354,0.06509282,0.3063457483015426,0.1128761995203402,0.1165277063841148,0.1822531115636462,0.0913589214267894,0.0793995027272041,0.10569054229905,0.0055482677773123
SR3,0.072444228,0.083080564,0.0818139086736678,0.0393258760521989,0.1075671607187245,0.384500312482354,0.2137073398162954,0.1111400611335336,0.0604881274705821,0.0014572136526433
SR4,0.141421392,0.162185025,0.2857069756952877,0.0974803488563071,0.1176094772380143,0.3039642777788866,0.066607411114721,0.062782832539257,0.0622849238057812,0.0035637529717447
SR5,0.269284701,0.308821357,0.2657045421742669,0.1060062180992413,0.0904021010330719,0.326897121918721,0.0965215020558584,0.0578873296832009,0.05402295451354,0.0025582305220992
SR6,0.237598112,0.27248251,0.2102216121230873,0.1647367372309421,0.1723020636151293,0.2214580242247706,0.0820892009089107,0.0971440448347078,0.0471781359337575,0.0048701811286944
SR7,0.120060468,0.137687868,0.0573007235357558,0.2175137391948263,0.1861362350497442,0.2092529043776771,0.1223824120519748,0.0681718070806454,0.1283421612199445,0.0109000174894316
SR8,0.086648181,0.099369955,0.0514594300810176,0.1311082023984342,0.109521302054141,0.246601579859465,0.2610080426034803,0.1339383596636916,0.060588590301262,0.005774493038508
SS0,0.295388485,0.338757724,0.0467848148544164,0.5764351953548861,0.1140049845186449,0.0956512763240448,0.0563934534785776,0.0543959493431437,0.053327056395384,0.0030072697309024
SS1,0.236648067,0.271392978,0.0516194612695086,0.5260093427962024,0.0812995646759354,0.0626919789809748,0.1271411730846678,0.0902023322979895,0.056789092524204,0.0042470543705172
SS11,0.219154255,0.251330707,0.0160352849705595,0.0664932198905461,0.0535820676151548,0.3083075727342192,0.2437094765273225,0.1963611400362406,0.1079388496711726,0.0075723885547843
SS12,0.106196197,0.121788031,0.0058922251317179,0.042454283461354,0.0471046687943374,0.184474920541073,0.2448513939051753,0.3396420755630434,0.1282894724851522,0.0072909601181465
SS13,0.188289409,0.215934252,0.0040201477424259,0.0285875771007243,0.0516212846885482,0.0958391857657525,0.4591918832903325,0.2961320695263013,0.059552782576386,0.005055069309529
SS14,0.316460288,0.362923311,0.0002105345496508,0.00062329216868,0.0002904222320205,0.6899272912952944,0.0911513903348167,0.044274058132025,0.1721712898671116,0.0013517214204007
SS15,0.245522642,0.281570527,0.0035957572093362,0.0175001978116696,0.0145607792241043,0.2891769983336866,0.3175386079311405,0.2362303388640444,0.1145344425420036,0.0068628780840146
SS16,0.471494713,0.540720049,0.00332947843831,0.0203999883341835,0.0228756625189691,0.3819314554789775,0.2609497958212761,0.2352779738817612,0.0708165405311439,0.0044191049953783
SS17,0.161295886,0.184977513,0.0376090721225267,0.0761821531827636,0.0657947464062667,0.3484649518148774,0.3600680046407893,0.0652291140831052,0.0447726704233716,0.0018792873262991
SS2,0.263884508,0.302628302,0.0244919225834488,0.367647598751866,0.1727594803426198,0.1303074677113463,0.17728307372751,0.0710134361553868,0.0537365812107931,0.0027604395170289
SS3,0.21187376,0.242981282,0.0894354946133932,0.1447941959816506,0.0668308130432135,0.1420900172006477,0.2573997916002747,0.2237519951827318,0.0677795106676047,0.0079181817104836
SS4,0.201759272,0.231381775,0.1070860002105513,0.078971230157511,0.1044469565520746,0.2341206493696072,0.1530529578403544,0.1877897539970454,0.1290644055176489,0.0054680463552069
SS5,0.318701823,0.365493951,0.026275892644127,0.0514632064560292,0.0489768123618449,0.3462334348209184,0.2856491082090852,0.1746851506690799,0.0647730390216085,0.0019433558173067
SS6,0.252213653,0.289243919,0.0276233823340702,0.0502191883204752,0.0634443241608407,0.3693209117208963,0.2659844007721548,0.1396049792130191,0.0808810829318755,0.0029217305466681
SS7,0.258528648,0.296486088,0.030006470532675,0.0687666612861175,0.0981268273272977,0.3689015112109058,0.2890121398762813,0.0869956333057198,0.0563187860105825,0.0018719704504201
SS8,0.218113318,0.250136938,0.0002658698608349,0.0050505132267989,0.1105731221692424,0.1979632829438914,0.4473100518050876,0.1487633306340307,0.0884810166336497,0.0015928127264639
SS9,0.299927861,0.343963576,0.0118411357393119,0.3531653527816614,0.1571753882186934,0.2402769537258546,0.1349943255174676,0.0569593359973771,0.0426656340342298,0.0029218739854038
ST1,0.203245302,0.233085985,0.3258780980677326,0.1104958391430102,0.1046896397408996,0.0549782462236152,0.142954070466724,0.121703430495497,0.1256853779618072,0.013615297900714
ST10,0.734316897,0.842130055,0.2526239383819711,0.0708663197503103,0.0731484149685661,0.1354463109636948,0.2299355972128329,0.1097817474237845,0.0779884648939945,0.0502092064048453
ST11,0.723953594,0.830245201,0.1548614355159895,0.0551261487166983,0.0922138645592336,0.2315094775606774,0.2959835966148466,0.0521322797544336,0.0818536655176458,0.0363195317604749
ST12,0.517829324,0.593857556,0.1806886765771797,0.0919758085565566,0.0592101981746486,0.3460341919672859,0.1628532863080472,0.020570362146518,0.1066948461859089,0.0319726300838547
ST13,0.619455667,0.710404782,0.3506192790651405,0.125778082429231,0.0617076585289569,0.1085471111338959,0.1335260846777485,0.0936760485982289,0.1021072759757377,0.0240384595910601
ST14,0.894330535,1.025637059,0.1574776161434315,0.0769491859013564,0.0735818078735736,0.1067296064732536,0.1699234829816326,0.1988649400067987,0.1829925325950636,0.0334808280248896
ST15,1.106867028,1.269378377,0.1229540906415122,0.0489250760610247,0.0344708764664159,0.1525156007876217,0.3145168883630889,0.1403523113173041,0.1541912247807629,0.0320739315822694
ST16,0.300632154,0.344771274,0.1568737489557384,0.0787107372736167,0.0739054629132145,0.09478717675788,0.0890586365658936,0.2929681621984897,0.1767412739469075,0.0369548013882592
ST17,0.381801321,0.437857782,0.0655145610384218,0.054877001965524,0.0617954255678721,0.2961804116362077,0.2346211851822863,0.1552329344360307,0.1139381549189338,0.0178403252547232
ST18,0.453986991,0.520641825,0.1774899557371412,0.0359494684207574,0.0288946567570609,0.1207688653001607,0.2966818000060239,0.1226000551352579,0.1439227509265522,0.0736924477170454
ST19,1.02417649,1.17454713,0.124268518955719,0.0289112157923171,0.0239143523754055,0.2053761146039836,0.3246752141889391,0.1775718408051045,0.0949123623666363,0.0203703809118946
ST2,0.410004031,0.470201242,0.0797644457435155,0.0600247010006171,0.1752307479671171,0.4076335472757738,0.1478652093787117,0.0696109689553478,0.0571380763896834,0.0027323032892333
ST20,0.692780916,0.794495719,0.1950031867760517,0.0376380296116667,0.0080787840508539,0.1371984220331341,0.2395485322977859,0.1912211041916821,0.1202413109172385,0.0710706301215868
ST21,1.906438786,2.18634408,0.2651320324468932,0.0539847233315029,0.0232115633042036,0.1695366318929201,0.1966880483869236,0.1046565208396353,0.1138571068256438,0.0729333729722772
ST3,0.2611108,0.299447355,0.1591076531345164,0.0449899760600898,0.1354386688802916,0.2198722983588813,0.24025351140527,0.1285727015870183,0.0646010175754562,0.007164172998476
ST4,0.141959638,0.162802297,0.3704158831128889,0.1595247997990095,0.138151329652655,0.0855229833681331,0.1180995527885983,0.0558047654579457,0.0628340583397227,0.0096466274810466
ST5,0.212049898,0.243183281,0.1581807063184505,0.0870349426710771,0.1701867554710413,0.2349279640451639,0.1589304190243917,0.1075601448626241,0.0755752018130736,0.0076038657941776
ST6,0.163593682,0.187612674,0.2273862290286761,0.1152512529852592,0.1528593589463708,0.1606223303166371,0.1425896513439792,0.0695107812955386,0.1249453736636213,0.0068350224199175
ST7,0.444706367,0.509998611,0.2106450004390265,0.0539450578187832,0.0702658530832684,0.2275734755212038,0.2457341762680932,0.1155099090200954,0.0685598338916655,0.0077666939578637
ST8,0.5166896,0.592550495,0.1395170503387896,0.060200442529932,0.0787889292404604,0.2505443363640209,0.2708074059315381,0.1232121557825086,0.0710645656770436,0.0058651141357065
ST9,0.364208798,0.417682306,0.2193859385811116,0.0800036702085659,0.0887496702711252,0.2432119096978993,0.233334562923306,0.0706602827682577,0.0405381429654172,0.0241158225843168
SW10,0.113653829,0.1303406,0.6653936785694562,0.0379638969134332,0.0247563256080522,0.0377386148638087,0.1035711805531618,0.0485183536648151,0.0650414516527587,0.0170164981745138
SW11,0.158281064,0.181520051,0.5646683682823465,0.0446549426985812,0.0329784898800298,0.0633090880032636,0.1238319425818527,0.0523964903014858,0.1034882640051543,0.0146724142472858
SW12,0.154953086,0.177703457,0.569338867463309,0.0970842262430252,0.0616532299772761,0.0755042356201705,0.0510495924232011,0.0522856332297954,0.0885834709244892,0.0045007441187332
SW13,0.304761299,0.349506665,0.2068266662024907,0.3716539347788268,0.0844608980545105,0.1015243294297217,0.0588729723114865,0.0987819390327218,0.0657564457078188,0.0121228144824228
SW14,0.456766054,0.523828914,0.2414998171679613,0.3292762678901956,0.1364798775468457,0.099278537841897,0.0440879547541968,0.0483526935235864,0.0868290888119503,0.0141957624633665
SW15,0.130311175,0.149443596,0.230820802998854,0.1023080947183268,0.086526583920975,0.2264177775818287,0.1908474203625395,0.0375338806954286,0.1149590573409988,0.0105863823810484
SW16,0.133132761,0.152679449,0.3309872485359821,0.2421546673652876,0.1642600816552692,0.0591110602992602,0.0568237379041603,0.0755854544030274,0.04947023068062,0.0216075191563928
SW17,0.140258552,0.160851456,0.50850352468003,0.2603071889394248,0.0290887599244635,0.0351828566412214,0.0400038587332769,0.0523392536335476,0.0668651446524571,0.0077094127955784
SW18,0.093891655,0.107676924,0.3721412948513332,0.2225231142521542,0.0473588514270823,0.0388587976101911,0.1142317891578372,0.0635793979183816,0.1324650380170741,0.008841716765946
SW19,0.308988468,0.354354471,0.264660062189143,0.2123536171880402,0.0610799536312745,0.106396396534114,0.160228825625078,0.1018433386722242,0.0794357783017512,0.0140020278583745
SW1A,0.194860317,0.223469909,0.4704196724275377,0.0094105441156317,0.026884951611975,0.0989659858644569,0.0903379339415927,0.1094508835306321,0.1458613777251819,0.0486686507829917
SW1E,0.45922952,0.526654068,0.4262299204786576,0.0104409325500371,0.0651188857144927,0.0931254924738868,0.0776813852047502,0.0624246178542549,0.2061179593430297,0.0588608063808907
SW1H,0.3593089,0.412063,0.3965911979977265,0.0100029042066285,0.0754990631767312,0.0932431549160997,0.071139163248547,0.0576937390128495,0.2335454272058098,0.0622853502356075
SW1P,0.26538235,0.304346058,0.2083840758367512,0.055344889197968,0.059586422522183,0.1461926138332278,0.2118126343798219,0.135198756530211,0.1723326702783572,0.0111479374214797
SW1V,0.352541667,0.404302195,0.5446988715234538,0.0110486414504119,0.0555695453386922,0.132997920172073,0.1095561484433103,0.0664100818238518,0.0702647487923365,0.0094540424558703
SW1W,0.247300703,0.283609645,0.5371175506894718,0.0311389790509573,0.0449036276223784,0.1083060484228233,0.0996132525955783,0.0536410244783879,0.0898779068609088,0.0354016102794941
SW1X,0.178973028,0.205250031,0.7008322064131777,0.0267943230532325,0.0583471811049435,0.0653803723975717,0.0647289215889693,0.0247684606728528,0.0488286694073992,0.010319865361853
SW1Y,0.21369479,0.245069678,0.559352179981373,0.0072018130266504,0.0221074522742977,0.0968878522067658,0.0867242639098981,0.0720321037369464,0.0970166333989892,0.0586777014650791
SW2,0.131179322,0.150439204,0.5188811297953644,0.042342731873899,0.0865039325902105,0.1611779235057948,0.0819046677597943,0.031335834431126,0.0645310991123136,0.0133226809314971
SW20,0.239428644,0.274581803,0.1773584803759779,0.3215180624017313,0.1868726809040716,0.0592248039926862,0.1214280664608164,0.0649198394617212,0.055338397096365,0.0133396693066301
SW3,0.150095162,0.172132288,0.5617391697463711,0.0849911022809952,0.1349304333521249,0.0894891139438092,0.0475992034573341,0.0185051688494987,0.0512568087446982,0.0114889996251684
SW4,0.168513084,0.193254347,0.494626739741746,0.0403006204993124,0.0711697507874777,0.1198968174370655,0.0700485109247569,0.0386930417467064,0.140128046519618,0.0251364723433168
SW5,0.125410564,0.143823471,0.8947784009551485,0.0163455579784342,0.0120005167958998,0.0081664995547005,0.0081869430576346,0.039042104071116,0.0122612799577624,0.0092186976293036
SW6,0.189143623,0.216913883,0.4491683002895817,0.0965333197249639,0.13132647595588,0.1140077330307008,0.0776454557984727,0.0784456839335947,0.0496244870018046,0.0032485442650013
SW7,0.180764062,0.207304027,0.7707450675147209,0.0288167926283323,0.0362025046925327,0.0474277550768421,0.0231621341494278,0.0531818617807526,0.0352321401583578,0.0052317439990333
SW8,0.182068535,0.208800024,0.3336386121292996,0.0143458577964217,0.1117986320803215,0.1604216460938007,0.1726700809166041,0.0794119881856735,0.1116386604669949,0.0160745223308838
SW9,0.052000541,0.059635314,0.2707850960851926,0.0242710811443289,0.0397017735788459,0.1045230524334408,0.2911090441169792,0.0629374658342771,0.1936547476272975,0.0130177391796377
SY1,0.326690024,0.374654988,0.2778412927494526,0.0449722449006326,0.0603494444476972,0.1651645315893055,0.1311653946081348,0.1097546454242383,0.1790432332080239,0.0317092130725147
SY10,0.702205085,0.805303555,0.2696896500729409,0.0684491677168069,0.0465303874330968,0.1333993493693884,0.1263101379262409,0.1275311397886604,0.1960208240039906,0.0320693436888748
SY11,0.690395083,0.791759595,0.2302669529718564,0.0618935382149629,0.0508732480313306,0.1524257003814813,0.1645796218319563,0.1797264190206724,0.1347033138841767,0.0255312056635631
SY12,1.858492986,2.131358828,0.3814587781860129,0.0384740518722705,0.0312581531873315,0.1027669355744647,0.1212765007144624,0.1523272286960926,0.1570098725138053,0.0154284792555596
SY13,1.296947497,1.487366656,0.2947416632825687,0.1068793049019079,0.0491414237273798,0.1123589196704446,0.108611712804197,0.1630551075504487,0.1388783837918686,0.0263334842711845
SY14,1.886908407,2.16394623,0.3951992016807201,0.0648926090796065,0.0385440263592837,0.092108266699866,0.1433262302912387,0.1409318849442978,0.1038550513911663,0.0211427295538206
SY15,1.608857581,1.845071698,0.4763634052192403,0.02659593648152,0.0148540323139865,0.0970730185146661,0.0972662552296419,0.1170378845664887,0.1265878464276633,0.0442216212467928
SY16,0.685308859,0.785926607,0.20224902268677217,0.08133816650201105,0.07293260880352417,0.16328595547722832,0.20308674887676573,0.142598511639583,0.11929560641625485,0.01521337959786059
SY17,1.015478374,1.164571948,0.20224902268677217,0.08133816650201105,0.07293260880352417,0.16328595547722832,0.20308674887676573,0.142598511639583,0.11929560641625485,0.01521337959786059
SY18,1.338963756,1.535551785,0.20224902268677217,0.08133816650201105,0.07293260880352417,0.16328595547722832,0.20308674887676573,0.142598511639583,0.11929560641625485,0.01521337959786059
SY19,2.338482675,2.681821094,0.20224902268677217,0.08133816650201105,0.07293260880352417,0.16328595547722832,0.20308674887676573,0.142598511639583,0.11929560641625485,0.01521337959786059
SY2,0.456179352,0.523156072,0.1388895467008984,0.0915004667304299,0.0468635811366621,0.2328628061132259,0.2801471871255939,0.1193550719962366,0.0806843714060331,0.0096969687909198
SY20,1.262475579,1.447833535,0.20224902268677217,0.08133816650201105,0.07293260880352417,0.16328595547722832,0.20308674887676573,0.142598511639583,0.11929560641625485,0.01521337959786059
SY21,0.999392282,1.146124079,0.4163461538461538,0.0378205128205128,0.0129273504273504,0.1043803418803419,0.0864316239316239,0.1661324786324786,0.1182692307692307,0.0576923076923076
SY22,1.029903472,1.181114953,0.2149940066365536,0.0543321358788073,0.0514930783961174,0.1319377080013838,0.1383265968902727,0.1384775516866689,0.2430956757639102,0.0273432467462858
SY23,0.880844841,1.010171382,0.20224902268677217,0.08133816650201105,0.07293260880352417,0.16328595547722832,0.20308674887676573,0.142598511639583,0.11929560641625485,0.01521337959786059
SY24,0.217648084,0.249603398,0.20224902268677217,0.08133816650201105,0.07293260880352417,0.16328595547722832,0.20308674887676573,0.142598511639583,0.11929560641625485,0.01521337959786059
SY25,1.500217797,1.720481309,0.20224902268677217,0.08133816650201105,0.07293260880352417,0.16328595547722832,0.20308674887676573,0.142598511639583,0.11929560641625485,0.01521337959786059
SY3,0.556952476,0.638724809,0.1708676880070665,0.0773012593891789,0.1005424330589769,0.1601848551543687,0.2052058833608643,0.1797316369795182,0.0864654845670969,0.0197007594829292
SY4,0.671789929,0.770422813,0.2963306230178646,0.0347615876507566,0.0351611767847028,0.1413564951579794,0.1604095012718486,0.1600818358245594,0.1448446642889731,0.0270541160033151
SY5,0.800852757,0.918434778,0.312304886563876,0.0370177270288471,0.0302430055594619,0.1422487359812651,0.1424576633529972,0.1515140374385266,0.1301022304579258,0.0541117136171
SY6,0.816321693,0.936174879,0.2725223339091788,0.0952872531886318,0.0273734845436346,0.1228968507290973,0.1451438534386721,0.1421237368806998,0.1616664881012786,0.0329859992088067
SY7,0.755438019,0.866352202,0.4293606958249579,0.0334540780975413,0.0275938610445009,0.0699560821060993,0.0935066299898037,0.1580966715983956,0.1479499993049755,0.0400819820337255
SY8,1.136233149,1.303056063,0.3273691926862895,0.0386034653701121,0.0264372808548105,0.0961084453524646,0.1509509226487893,0.2060559335193686,0.1299555156416767,0.0245192439264883
SY9,0.994887653,1.140958076,0.4136174310546986,0.0326870134104907,0.0457314383143482,0.0858336388196418,0.1052452340364935,0.1159152243665234,0.1572501154941209,0.0437199045036826
TA1,0.679542937,0.779314127,0.2072244107938683,0.0930614811194713,0.075493261044675,0.0850422800897088,0.1901576779357012,0.1947779514588994,0.1279490442119274,0.0262938933457483
TA10,0.558193875,0.640148471,0.2385004889542767,0.0455369390223677,0.0357851034107513,0.098171588345341,0.2393370188544377,0.1445464225179311,0.1384717101562547,0.0596507287386395
TA11,0.4501727,0.516267517,0.2170635020037821,0.0387541663501855,0.0279006647204636,0.0865828970648324,0.3303600373163393,0.1616233250127328,0.0957283987112857,0.0419870088203782
TA12,1.49183254,1.71086492,0.2178369317763718,0.0435279660854552,0.0497412675463833,0.0658045251146896,0.2767105240050706,0.1837416929749348,0.1051645015613421,0.0574725909357524
TA13,0.597709173,0.685465445,0.2590137681012731,0.0258312570435885,0.0655909398222343,0.1045267944334348,0.1901909123529035,0.1829550185720987,0.122745467652108,0.0491458420223588
TA14,1.463253275,1.678089618,0.321996523136201,0.1034203928037225,0.0878004491599324,0.0949289773651826,0.1691570707915635,0.093577903684664,0.0810811924573735,0.0480374906013601
TA15,1.314706965,1.507733586,0.2731744510587781,0.1985671646761348,0.0696053074704406,0.2057835810722387,0.1297024724815332,0.0636191061717393,0.0350835216496954,0.0244643954194398
TA16,0.631055358,0.723707551,0.3527793658785797,0.0319998785649586,0.0252938762904307,0.153857285647314,0.2804983059284618,0.0691118390090467,0.0444157852618176,0.0420436634193905
TA17,0.700369577,0.803198555,0.5099985360854927,0.0387058995754647,0.0173327477675303,0.0673107890499194,0.1655687307861221,0.0684819206558337,0.0693309910701214,0.0632703850095154
TA18,0.668630875,0.766799944,0.2885915072679607,0.0294379596683725,0.0497092344299902,0.1445691465052449,0.1737892320513575,0.1547488215902056,0.118921511141702,0.0402325873451661
TA19,0.902664068,1.03519413,0.2743435827455051,0.0377563962324988,0.0314940187278092,0.1432552023680307,0.181887008689893,0.1190592923020927,0.1599766496040384,0.0522278493301318
TA2,0.471458727,0.54067878,0.1406268306938948,0.0834399598882757,0.0586245723018435,0.186862693539879,0.1460570398340595,0.1643746730610627,0.1841782891119699,0.0358359415690145
TA20,0.642278183,0.736578123,0.2282938088201651,0.0542986230990081,0.0448505673577043,0.0995106243609438,0.2201906224409925,0.153018109487038,0.1487475945468142,0.0510900498873335
TA21,1.070228219,1.227360222,0.2207496105458588,0.0509307370526991,0.0708021866737754,0.1449297800872129,0.1725784729848691,0.1506820667070968,0.1465663896635726,0.042760756284915
TA22,0.946925667,1.085954263,0.3638356249899353,0.0781928032680537,0.0587926363729848,0.1122764153908436,0.1464920311050742,0.1430726180722401,0.056331357026071,0.0410065137747971
TA23,0.528964289,0.606627368,0.2960553351980895,0.0886389416961311,0.0484209719322692,0.1685224488531287,0.1502333188139044,0.0996838171985825,0.1163618909574951,0.0320832753503994
TA24,0.634179267,0.727290116,0.2929709829767691,0.1411389779197977,0.0533719459487458,0.1142980031174578,0.1490514452099841,0.1291528451868279,0.0861130675760679,0.0339027320643493
TA3,0.996997967,1.143378228,0.3098390747367471,0.03908162185727,0.0314723157640072,0.1307648633855979,0.1790473279790248,0.1410797912360407,0.1029962728923305,0.0657187321489815
TA4,0.77833076,0.892606078,0.3268986718791957,0.0605087192828707,0.0468408306475117,0.1172473865717617,0.1386253340812775,0.1284276329659054,0.1294025096146252,0.0520489149568519
TA5,0.890366212,1.021090691,0.2998292343683315,0.0496050692779409,0.0225954756358225,0.146933344048227,0.1475649946961075,0.1269824290745858,0.1677666620417005,0.0387227908572839
TA6,0.546897277,0.627193295,0.1981503799358965,0.0530397360387618,0.0515414639844998,0.1522946696392358,0.1221114616793891,0.1987868334350141,0.201685047869845,0.0223904074173575
TA7,1.567533783,1.797680697,0.2374666099188153,0.0446289791943771,0.0266861444486121,0.1356054565218618,0.2345577464664139,0.1608742937180919,0.1300143378196276,0.0301664319122
TA8,0.708137164,0.812106587,0.2114237951313615,0.0960769515836261,0.0342287435234799,0.0920119626066459,0.2900859857976016,0.1845953472398694,0.078158041308301,0.0134191728091143
TA9,0.611403755,0.70117068,0.2173486207798,0.0661933476247841,0.0327077968907209,0.1722275663023383,0.1903889972957968,0.1200863866549923,0.1684643011494644,0.0325829833021031
TD1,0.468255925,0.537005739,0.20224902268677217,0.08133816650201105,0.07293260880352417,0.16328595547722832,0.20308674887676573,0.142598511639583,0.11929560641625485,0.01521337959786059
TD10,1.253232297,1.437233146,0.20224902268677217,0.08133816650201105,0.07293260880352417,0.16328595547722832,0.20308674887676573,0.142598511639583,0.11929560641625485,0.01521337959786059
TD11,1.581389363,1.813570567,0.20224902268677217,0.08133816650201105,0.07293260880352417,0.16328595547722832,0.20308674887676573,0.142598511639583,0.11929560641625485,0.01521337959786059
TD12,1.666194739,1.910827155,0.5530070513865427,0.0371087890295663,0.0323809289051256,0.1470895450116229,0.0540658928203143,0.0772291321318783,0.0948132506794744,0.0043054100354751
TD13,0.64000059,0.733966131,0.20224902268677217,0.08133816650201105,0.07293260880352417,0.16328595547722832,0.20308674887676573,0.142598511639583,0.11929560641625485,0.01521337959786059
TD14,0.627322389,0.719426504,0.20224902268677217,0.08133816650201105,0.07293260880352417,0.16328595547722832,0.20308674887676573,0.142598511639583,0.11929560641625485,0.01521337959786059
TD15,0.746658571,0.856283746,0.3770390237714393,0.0390931626736796,0.0862611616493037,0.134227088667881,0.1574302452067116,0.1122012991969711,0.087981126947212,0.0057668918868015
TD2,0.467989829,0.536700574,0.20224902268677217,0.08133816650201105,0.07293260880352417,0.16328595547722832,0.20308674887676573,0.142598511639583,0.11929560641625485,0.01521337959786059
TD3,2.56027251,2.93617434,0.20224902268677217,0.08133816650201105,0.07293260880352417,0.16328595547722832,0.20308674887676573,0.142598511639583,0.11929560641625485,0.01521337959786059
TD4,0.291420838,0.334207543,0.20224902268677217,0.08133816650201105,0.07293260880352417,0.16328595547722832,0.20308674887676573,0.142598511639583,0.11929560641625485,0.01521337959786059
TD5,0.893742768,1.024962996,0.2222222222222222,0.2222222222222222,0.2222222222222222,0.2222222222222222,0.2222222222222222,0.2222222222222222,0.2222222222222222,0.2222222222222222
TD6,0.628083523,0.720299389,0.20224902268677217,0.08133816650201105,0.07293260880352417,0.16328595547722832,0.20308674887676573,0.142598511639583,0.11929560641625485,0.01521337959786059
TD7,0.39732068,0.455655709,0.20224902268677217,0.08133816650201105,0.07293260880352417,0.16328595547722832,0.20308674887676573,0.142598511639583,0.11929560641625485,0.01521337959786059
TD8,0.295001425,0.338313836,0.20224902268677217,0.08133816650201105,0.07293260880352417,0.16328595547722832,0.20308674887676573,0.142598511639583,0.11929560641625485,0.01521337959786059
TD9,0.494141029,0.56669132,0.5393258426966292,0.0337078651685393,0.0112359550561797,0.0898876404494382,0.0786516853932584,0.1348314606741573,0.0786516853932584,0.0337078651685393
TF1,0.499964961,0.573370328,0.0659208973728741,0.0439239216273315,0.0779078868509226,0.1954420908461145,0.2060820057249684,0.2161141567029202,0.1830651604927871,0.0115438803820812
TF10,0.881396653,1.010804212,0.174321764794824,0.0307389629565066,0.0278149214964199,0.1561908629638364,0.3170239261221817,0.1423557264028785,0.1249210988301081,0.0266327364332447
TF11,1.179624563,1.352818248,0.2310303749854014,0.0216193277243101,0.048475575286627,0.156616317917605,0.2522999091495372,0.1408850255762441,0.1242831438765521,0.0247903254837227
TF12,0.91693904,1.051564968,0.2557351078788093,0.0264365771471521,0.0551923522687202,0.191398832588465,0.3048257713711967,0.0665995181143394,0.0852890694488557,0.0145227711824614
TF13,1.05754614,1.212816146,0.326213444032116,0.0252314426079775,0.0498112529122349,0.137664984207241,0.1695694344832545,0.1207632009060744,0.1369257547686898,0.0338204860824116
TF2,0.497989351,0.571104657,0.080120380816313,0.0312915497134911,0.0393371067706775,0.2397163367564351,0.2133671759153506,0.2446123003524844,0.1348830902852364,0.0166720593900116
TF3,0.269268603,0.308802895,0.0292422977216384,0.0063362856770558,0.0251838184682693,0.0510454426923572,0.5178553755617551,0.270178573997359,0.0899630843817141,0.0101951214998507
TF4,0.281501773,0.322832151,0.0797078749006888,0.0072434745752394,0.052688142932199,0.1728358107967995,0.2108514918339761,0.2680283666243764,0.1887020450919834,0.0199427932447371
TF5,0.225633265,0.258760971,0.0852772890420222,0.0176807254760983,0.0333952900971484,0.0979011784011674,0.197907784115817,0.3955378861367109,0.157876166045178,0.0144236806858576
TF6,0.534522074,0.613001152,0.2575856259298706,0.0320527821933374,0.052315008871381,0.142702875604721,0.167916251465969,0.1461113731651333,0.172851860071237,0.0284642226983503
TF7,0.160248679,0.183776554,0.0623459705605211,0.0049193011932353,0.0539981669997952,0.1647084811409381,0.4667877049865292,0.1306845962484127,0.0992321400088214,0.0173236388617467
TF8,0.50988958,0.58475209,0.4463170989880143,0.012215719564007,0.0585482279634291,0.1108639483105126,0.1199521479269536,0.1076610704519911,0.0877391110978808,0.056702675697211
TF9,1.121447931,1.286100064,0.2046150956178092,0.0535026532229238,0.0688235226798665,0.1547086522032026,0.2217588738230264,0.1391909235791763,0.1393794798925333,0.0180207989814616
TN1,0.293701562,0.336823126,0.5529199791630006,0.0251971929179168,0.0095052728136003,0.0454711842266233,0.128918558243138,0.0953935919298289,0.1328642387630986,0.0097299819427932
TN10,0.067436147,0.077337191,0.0466809094187155,0.0384683927010621,0.0941821689253636,0.4289690612018478,0.2524706516174981,0.0790328033244745,0.0519989105645927,0.0081971022464454
TN11,0.252008739,0.28900892,0.2581351193563199,0.0793286369658363,0.1186204937025443,0.2217801805535735,0.1172956578594093,0.1017421566224073,0.0730049242971868,0.030092830642722
TN12,1.289936696,1.479326522,0.249519874335147,0.065014206056695,0.0587142647326201,0.189927577603291,0.2095629872969866,0.1403872435315415,0.0637272214009827,0.0231466250427358
TN13,0.545459741,0.625544698,0.2634432432070187,0.0675794042435653,0.0803002338158582,0.1578132674813866,0.1681062900740059,0.1537261450263557,0.0911962480782858,0.0178351680735236
TN14,0.803215823,0.921144792,0.2324637815197947,0.1308614606697508,0.1192848195775977,0.208744703650634,0.138894628376203,0.0832053536635399,0.074499191282001,0.0120460612604786
TN15,0.656961578,0.753417349,0.2170427191795105,0.0748058757081177,0.0893654778458638,0.2341996719887311,0.1374400908507238,0.1409530350415147,0.0861453452717344,0.0200477841138037
TN16,0.596756463,0.684372858,0.1336962324614262,0.0762374344165219,0.0644939955152606,0.1793493210681235,0.3402547715131617,0.1076016960361518,0.083289069720153,0.015077479269201
TN17,1.392867255,1.597369451,0.3726623300892453,0.1095347439751933,0.0210086876079616,0.0926110460679846,0.208899722770351,0.1038204101219149,0.0366028954156775,0.0548601639516714
TN18,0.657699243,0.754263319,0.3501906595262349,0.1379788481380374,0.0166122150447446,0.1058519534323846,0.2056564914072836,0.0808616011470807,0.0733715328941302,0.0294766984101036
TN19,0.862343951,0.988954172,0.4254914683035622,0.0338145892841191,0.059395937943881,0.1175743658167062,0.199021781975511,0.0683504651496816,0.0622373307321068,0.0341140607944317
TN2,0.357409092,0.409884261,0.1467206657310778,0.0505282353830835,0.0182419696848466,0.1094431561504993,0.3757427413952581,0.2254839707810933,0.0674572941721565,0.0063819667019845
TN20,0.390708307,0.448072501,0.3202596427228904,0.1019584973706299,0.0860895339880684,0.1339818459990383,0.1131493249482204,0.1160583774380196,0.0852370759015351,0.0432657016315976
TN21,0.868260365,0.99573924,0.2135385698895131,0.0903225189793078,0.0587880105766209,0.1305670762430332,0.194344990025779,0.1883313092407197,0.0980101042868205,0.0260974207582054
TN22,0.672217812,0.770913519,0.1747644660311683,0.0581334808035981,0.0383940787231971,0.0873372550725993,0.2780876868555808,0.2488643147854155,0.0820152560121838,0.0324034617162568
TN23,0.3896673,0.446878651,0.2283776284727528,0.070697817445368,0.0372286458492588,0.1153228056161757,0.2204186368338864,0.1502486660349533,0.1549896924525448,0.0227161072950599
TN24,0.3101333,0.355667389,0.1911177567854704,0.078216699338784,0.0512839633963431,0.1245817157637056,0.2660125399566774,0.1499741057610513,0.1186575862253705,0.0201556327725973
TN25,0.522170662,0.598836293,0.2378973761638335,0.0657438423602671,0.0571783701169262,0.1560092866806681,0.1840558735272069,0.1063060938054667,0.1544005936347268,0.0384085637109044
TN26,0.371130542,0.425620307,0.2758468484421563,0.0695386835191454,0.0414552379778956,0.2016307164755934,0.1359045320339008,0.1497216047042319,0.0932349871830923,0.0326673896639839
TN27,0.950798818,1.090396074,0.3079175306311941,0.0634692744115683,0.0437768001178898,0.1453284004393507,0.1756248256636702,0.1346070108974418,0.0953681609686472,0.0339079968702376
TN28,0.624029218,0.715649827,0.0965714305508443,0.060585354285374,0.0327133344216662,0.255535779593321,0.2211880044354743,0.2752623578818025,0.0511702927276942,0.0069734461038232
TN29,0.630214823,0.722743608,0.1741831370664459,0.0735324020392785,0.0706681025895498,0.1752969020371754,0.290984410756755,0.1200544840935845,0.0828952990271877,0.0123852623900229
TN3,0.262288262,0.300797693,0.334491457463768,0.0929608947421363,0.0409668021426692,0.1628073497046083,0.1636350002971661,0.1084921916194858,0.0625428540449304,0.0341034499852354
TN30,0.935254536,1.072569564,0.2227957054915827,0.0632370794827004,0.0448620458495566,0.1908118884759858,0.2469717274636164,0.146889687005411,0.0573848561616152,0.0270470100695317
TN31,0.585062603,0.670962092,0.3095582145825539,0.0774784172005603,0.1144023877111285,0.0926035257118304,0.1711173023362883,0.1139929652837775,0.1001321914081211,0.0207149957657397
TN32,1.150848269,1.319816989,0.3922796436839116,0.0357059363440742,0.0628290151092815,0.180238273455795,0.1142290813620006,0.1021147532586934,0.0885433552941449,0.0240599414920985
TN33,0.925936406,1.061883337,0.2966878058912769,0.0687876179805358,0.0890116949556724,0.1331614562964285,0.1933090251498713,0.135372296185824,0.0686283809928639,0.015041722547527
TN34,0.189215961,0.216996842,0.5132950494063998,0.0535259309153275,0.0560260826152733,0.0788416095713469,0.159313560746738,0.0820708484934475,0.0466715336254893,0.0102553846259775
TN35,0.2125366,0.243741441,0.3216966119137834,0.0919443717889596,0.113301213197123,0.1532117859417185,0.1683780721387641,0.0789368105782532,0.0592230270183585,0.0133081074230394
TN36,0.335369231,0.384608485,0.2656079559550198,0.0880281323208262,0.1056452408400906,0.1439574949270711,0.1733709931134346,0.1373563282222701,0.0719292511818185,0.0141046034394689
TN37,0.243541789,0.279298844,0.368181161041556,0.0273059530901244,0.0542181138334791,0.0580916375678982,0.2074501252905694,0.1803517907135807,0.0972824867573664,0.0071187317054256
TN38,0.216736609,0.2485581,0.1902296219090814,0.0416474441702792,0.0759667524373648,0.1054474679545601,0.2555373124694005,0.1939933402305332,0.1328672344658817,0.0043108263628989
TN39,0.369327794,0.423552878,0.1517558015135385,0.1017775659192177,0.1208490536334519,0.1893519381539156,0.2388240544744055,0.1193274597450824,0.0736475642549882,0.0044665623054
TN4,0.319807243,0.36676167,0.3015245776134295,0.1176955188281189,0.0429259053631028,0.1597380675979404,0.1843594263451155,0.1224663112638989,0.0653532061184766,0.0059369868699171
TN40,0.324965307,0.372677046,0.279109346559436,0.0986031240184344,0.0527821088744268,0.1058786454908142,0.2241480661377076,0.1344428454225298,0.0972014397012127,0.0078344237954382
TN5,0.448070803,0.513857017,0.3193739293635494,0.069922244160148,0.0488482999859965,0.1308679314336404,0.1556687779788399,0.1370970570205075,0.0883539346180292,0.0498678254392886
TN6,0.350205496,0.401623025,0.1349307907008673,0.1160449592633278,0.0438068252213626,0.1269225280713972,0.3014846508490573,0.1644613506717933,0.0802091221731419,0.0321397730490523
TN7,0.298573224,0.34241005,0.2733944709363632,0.1880930258440641,0.0666142614211472,0.1701743121035563,0.1424731272371417,0.0549905904168577,0.0540120101490793,0.0502482018917901
TN8,0.404783065,0.464213729,0.2296775030314826,0.1001186861927387,0.0530495963661096,0.1833865068449238,0.1604837463083298,0.1399051031171028,0.1193829290737311,0.0139959290655812
TN9,0.227920445,0.261383958,0.1957713209272154,0.0846426018599394,0.2291389053290961,0.1092867202673512,0.1051827403567972,0.1141068802045727,0.1496444704628501,0.0122263605921777
TQ1,0.284766788,0.32657654,0.3948242067709441,0.0993596460998123,0.0581668271657467,0.0630310513066344,0.1112308141165635,0.1152017768986909,0.1493626692016946,0.0088230084399133
TQ10,0.746514823,0.856118894,0.3775592705964244,0.0385218681311094,0.0281739880432988,0.1470445678172746,0.1910589516873279,0.1374043731405646,0.0769134320020842,0.0033235485819158
TQ11,0.537833284,0.616798518,0.3596176305460919,0.0237928818361719,0.0904899553319675,0.1693756056070558,0.1531662015287056,0.1079366248479915,0.0861150674786847,0.0095060328233309
TQ12,0.572427731,0.656472157,0.2858120761459928,0.0722436205983062,0.046843225110336,0.121060715487246,0.1268186386316623,0.2360083686448636,0.1032197820067565,0.0079935733748363
TQ13,0.765850859,0.878293866,0.3579443543687527,0.0791384590521313,0.0462407943565621,0.0917553509427212,0.1425591510531404,0.1564219337503083,0.1134091971429283,0.0125307593334554
TQ14,0.387092474,0.443925787,0.3382438787968304,0.0628720911733553,0.0480777891525814,0.1066867486857037,0.1761165785933386,0.1611147826750409,0.0909410543893685,0.0159470765337809
TQ2,0.656013591,0.752330178,0.2782081377755499,0.0549982905120747,0.0955999617450803,0.1453813467346539,0.1660443651842005,0.1216533469049747,0.1289745631536728,0.009139987989793
TQ3,0.486568016,0.55800643,0.1838209470024072,0.1308478562221401,0.1743815871955834,0.1771564850076472,0.1276152695445003,0.1308505191241013,0.0699451144111977,0.0053822214924227
TQ4,0.429565595,0.492634855,0.246545786009571,0.1080316467968989,0.1007412717030294,0.1104484237551394,0.2076208592129483,0.1254429085816075,0.0957489860940885,0.0054201178467167
TQ5,0.579910264,0.665053282,0.2944769959888841,0.0363473717551759,0.0627849143982437,0.2353747944090943,0.2412918280303636,0.0624922085869826,0.0579259346198014,0.0093059522114541
TQ6,0.364125428,0.417586696,0.3988792214126929,0.0657657974024611,0.0642430060225398,0.1061180170846968,0.1822496466943479,0.0953069136770423,0.0721806549961939,0.0152567427100248
TQ7,0.694439812,0.796398176,0.3029266737852337,0.040044808644731,0.0464495339676901,0.114345383266109,0.2217427014296275,0.1526830364904951,0.1103873821044394,0.0114204803116739
TQ8,0.630077207,0.722585787,0.3003443246667857,0.0627304139047319,0.0855090374029833,0.1472472947698837,0.2001868858849929,0.1001723100658605,0.0966069584151853,0.0072027748895763
TQ9,1.18210954,1.355668072,0.327517246554531,0.0348184298111514,0.092093288047209,0.139546323884917,0.1587047507510021,0.1495655475638956,0.0902823193691233,0.0074720940181704
TR1,1.002348706,1.149514569,0.276684870718573,0.0273391922635733,0.0709631895622333,0.1496505263169253,0.1781005983830635,0.1409014494958585,0.1519086102809001,0.0044515629788728
TR10,0.38720853,0.444058883,0.2574062817559794,0.0300331352683961,0.0483012194908222,0.1268713677933274,0.1567439722828,0.1752014198762079,0.1950567322624731,0.0103858712699935
TR11,0.589466305,0.676012352,0.2596205141989022,0.1083911325100982,0.0770899799219655,0.1132455360545421,0.1698860084490751,0.1496539068629161,0.1110100188397645,0.011102903162736
TR12,0.392059212,0.449621746,0.3300040588711274,0.0503275637725653,0.0553054620108839,0.1234036113061275,0.2152609616159511,0.1096482268328909,0.1021246491147159,0.0139254664757376
TR13,0.639523367,0.733418843,0.3163185479902636,0.0206932922580739,0.0357172264496139,0.1471166397812888,0.2474774554861782,0.1156931449181531,0.1060207361103453,0.0109629570060829
TR14,0.719838389,0.825525798,0.3808529709200619,0.0385071699875071,0.0342935349711182,0.0700987863918213,0.2095628387881397,0.1091957166929696,0.1418749077870602,0.0156140744613216
TR15,0.563826419,0.64660799,0.428189709223705,0.0460421024863492,0.0292783024212878,0.0514368369518419,0.1548439138261488,0.1314416824501221,0.1462195782732436,0.0125478743673013
TR16,0.571978608,0.655957092,0.3695095930621254,0.0216443920377726,0.0318518098954381,0.0604144334168602,0.2511806540305288,0.1315398297496181,0.1163789938225044,0.017480293985152
TR17,0.364852273,0.418420257,0.3881609130022643,0.0275605698451926,0.0726555400334428,0.1569971503425597,0.1897062897913178,0.0704028508937882,0.083617574071345,0.0108991120200895
TR18,0.33717857,0.386683472,0.4203845240055326,0.044137403493917,0.131533450440009,0.1215671470821187,0.1469415943484935,0.0764026009668754,0.0543173729612526,0.0047159067018009
TR19,0.423330688,0.485484532,0.5534619617518152,0.0330549038574502,0.0385710725399712,0.0645259571678051,0.1330037769311764,0.0914939485994248,0.071637799575149,0.0142505795772078
TR2,1.003784569,1.151161247,0.363159022754302,0.0456030792632417,0.0388067779034772,0.1102709915564219,0.1607153608937525,0.1439904415241202,0.1239857399213518,0.0134685861833326
TR20,0.47590384,0.545776529,0.4098898579663956,0.0220677862164124,0.063029417067399,0.0911744020493782,0.1843870187874763,0.1219755201733257,0.0738318435639294,0.0336441541756831
TR21,0.193951285,0.222427411,0.4039835801761995,0.0277414105046868,0.0566192982934657,0.1500263662729908,0.1527766413004937,0.087725818036349,0.1002611624798843,0.0208657229359299
TR22,0.190805025,0.218819214,0.396694214876033,0.024793388429752,0.024793388429752,0.1570247933884297,0.1570247933884297,0.0991735537190082,0.1157024793388429,0.024793388429752
TR23,0.179148749,0.205451552,0.396694214876033,0.024793388429752,0.024793388429752,0.1570247933884297,0.1570247933884297,0.0991735537190082,0.1157024793388429,0.024793388429752
TR24,0.227876506,0.261333568,0.396694214876033,0.024793388429752,0.024793388429752,0.1570247933884297,0.1570247933884297,0.0991735537190082,0.1157024793388429,0.024793388429752
TR25,0.191509981,0.219627672,0.396694214876033,0.024793388429752,0.024793388429752,0.1570247933884297,0.1570247933884297,0.0991735537190082,0.1157024793388429,0.024793388429752
TR26,0.675671685,0.774874494,0.3502989894075183,0.0406150324373082,0.066124920033725,0.1039623172028892,0.1753701050364521,0.0908918375130966,0.1577434878041756,0.0149933105648346
TR27,0.918072971,1.052865384,0.2955321559792859,0.018734428981656,0.0481028592015357,0.077198325847326,0.2014463214611712,0.224840229789415,0.119780746527031,0.0143649322125789
TR3,0.52399978,0.600933964,0.2889053159699925,0.0238545865070792,0.0474557153918118,0.1173407854287837,0.2888587348539422,0.147673319026229,0.0743908621474103,0.011520680674751
TR4,0.741936927,0.850868866,0.3395340148834098,0.0200283262714482,0.0365509225924488,0.0762553121012574,0.235488635246078,0.1667612420212637,0.113922424799745,0.0114591220843487
TR5,0.172653892,0.198003113,0.3553714807348038,0.022016209218378,0.0418069139081644,0.083019641966212,0.2208053256714479,0.1297534047500323,0.1371069336593882,0.0101200900915731
TR6,0.219231246,0.251419002,0.1924509779625643,0.0602542271126857,0.1291118999023079,0.0855122841355209,0.2548252194833793,0.1368809022335139,0.13235473658461,0.0086097525854176
TR7,0.643192106,0.737626229,0.2020496099249693,0.1738309608330334,0.0445368839295935,0.105525475663386,0.1501484500392892,0.1474564617325693,0.1660687312803765,0.0103834265967823
TR8,1.070378371,1.227532419,0.2179694845496065,0.0713842563795481,0.0560813707012201,0.1099701117529199,0.1860416727183075,0.1488715271552908,0.201547553023644,0.0081340237194627
TR9,1.600448962,1.835428517,0.2370641745664219,0.0905088194905281,0.0207614754511954,0.082738926279833,0.1325384398813646,0.2105306325202865,0.2189272923015655,0.0069302395088047
TS1,0.429153756,0.49216255,0.3821076476827202,0.1377800612796995,0.0144434607854323,0.0185569793508623,0.1780997220549471,0.1110211492277926,0.1524558993641125,0.0055350802544332
TS10,0.249512602,0.286146298,0.106988753491396,0.1456898475909485,0.1295944647798343,0.2872791848055679,0.1191271415547322,0.1081907160277118,0.1003380118052738,0.0027918799445353
TS11,0.42151492,0.483402172,0.1163151524873797,0.0167419197468668,0.016889332393466,0.3034702656418829,0.3761736644883561,0.0554133316702388,0.1145515648786173,0.0004447686931921
TS12,0.344011095,0.394519156,0.2465155200327636,0.0668841317622467,0.0337443398667174,0.1691709665321147,0.2533038964868094,0.1065154734872329,0.1223569055148971,0.0015087663172178
TS13,0.197629359,0.226645503,0.3660719579407931,0.0887018486721518,0.0616490464160901,0.1804020866020268,0.1604007167812844,0.053593146463259,0.0705320592664869,0.0186491378579077
TS14,0.378193542,0.433720305,0.1807897622662969,0.0254891895217175,0.0362974125256629,0.2265185528102521,0.3985474111396606,0.0555708033661795,0.0755998060978845,0.0011870622723459
TS15,0.516123758,0.591901576,0.1566281090315238,0.033667136622912,0.0229669148826732,0.1046030723099683,0.4025010674446085,0.2062190802189118,0.0604050003059723,0.0130096191834295
TS16,0.444636653,0.509918661,0.086167922671277,0.0849646060055167,0.0245471972700251,0.2087689296156651,0.3895978243355124,0.0912474947193359,0.1119837279753734,0.0027222974072942
TS17,0.440887556,0.505619118,0.0592157406813302,0.089488887574673,0.0479934485588234,0.1015761908720736,0.2068060744811901,0.2771510949324242,0.2072990253667053,0.01046953753278
TS18,0.226858988,0.260166656,0.2193602325921989,0.1126061402886692,0.0566696444166266,0.1718057069091861,0.2156309007778737,0.069232536022977,0.1439795032616986,0.0107153357307695
TS19,0.159383245,0.182784056,0.1175092989463064,0.0828477341715302,0.0397697887454924,0.3895659542716523,0.2095590922401181,0.0752876611974168,0.0808477517160065,0.0046127187114769
TS2,1.229484076,1.409998187,0.2593013643018134,0.0647322379354243,0.0770007622630516,0.0324912559509804,0.0961852776086961,0.286463123764427,0.1696247288294347,0.0142012493461721
TS20,0.25785383,0.295712193,0.1060068731305792,0.1902171807551936,0.1562416231215475,0.1448732455806499,0.2093051804633527,0.1216660738320028,0.0672997496014506,0.0043900735152235
TS21,0.338760393,0.388497541,0.1438709327540683,0.0845424940167592,0.0709161214757635,0.1457136872074502,0.2949934441792327,0.136874083585532,0.1086704999256234,0.0144187368555704
TS22,0.187682027,0.215237695,0.0710526339477566,0.0251371833965217,0.0660115769059721,0.1498329675991861,0.3196226913651835,0.1722419517411956,0.1846160157069583,0.0114849793372256
TS23,0.396926626,0.455203799,0.0365238319295028,0.206315379906197,0.0838694629094694,0.3472288050760491,0.1847427067952861,0.0915987620205019,0.0477498788951974,0.001971172467796
TS24,0.152773087,0.175203388,0.2005813716026726,0.0800918462013003,0.0617922686704117,0.2002042573589738,0.1445453567083711,0.1835170232987363,0.1254127919446031,0.0038550842149309
TS25,0.220889332,0.25332053,0.0615037696406927,0.0697531025177178,0.0781115084466327,0.3926911184852319,0.2173991728233744,0.0986428353695339,0.0797177242157279,0.0021807685010884
TS26,0.21762284,0.249574448,0.2773061043407294,0.1101375289546144,0.0903969816409665,0.0457480852161991,0.1612734100606385,0.1558163148821514,0.1553912679581285,0.003930306946572
TS27,0.116847305,0.134002946,0.1003867725477427,0.1529289280959031,0.1771164557478584,0.116778843419261,0.1603334708160242,0.1085728279379031,0.1700183667509216,0.0138643346843858
TS28,0.082556921,0.094678012,0.1586298187645544,0.1010824319647237,0.2306242339433047,0.1265002302861695,0.1108569888916047,0.0757285717261324,0.1799650155927487,0.0166127088307616
TS29,0.124832531,0.14316057,0.1491499829029275,0.1264909711930771,0.2016178326047602,0.258306385540985,0.1003951589472375,0.0768399144878126,0.0796841566837685,0.0075155976394313
TS3,0.027494663,0.031531457,0.0806090233900433,0.0441339699629018,0.1297920561493924,0.489330606008193,0.1378185364873241,0.073768379654473,0.0435549631670746,0.0009924651805975
TS4,0.05979951,0.068579335,0.0583104073140536,0.1750457050881982,0.1626837672734272,0.2645693619037165,0.0832984735410296,0.1483057127243175,0.1012611738942819,0.0065253982609751
TS5,0.197776384,0.226814115,0.0522955600798692,0.1267740489383448,0.3131523333112963,0.2087939812302839,0.163748684848867,0.0356908831340466,0.098735496880098,0.0008090115771938
TS6,0.028559895,0.032753088,0.0347253596227705,0.0744575333430988,0.1268861072340203,0.2794527421770983,0.3035007151115516,0.1275700260442094,0.0527438557376276,0.0006636607296232
TS7,0.072738395,0.08341792,0.01843831193067,0.0145613015837994,0.0382862350538335,0.2987590171325013,0.4089851052323343,0.1435354988257496,0.0756121051925606,0.0018224250485509
TS8,0.137883907,0.158128163,0.0219128916011199,0.0014014776365368,0.0096433825496424,0.0567942759293097,0.4018488587397295,0.4506808619141393,0.0505778038631212,0.0071404477664009
TS9,0.755046092,0.865902732,0.2352290584484599,0.0315920096359909,0.0240612552800987,0.1896482885474451,0.2451187530491775,0.1606409872902097,0.0912911678207242,0.0224184799278936
TW1,0.254566884,0.291942654,0.1633639719075219,0.3274836912960837,0.1782913235956496,0.0391084313824185,0.1166450012667638,0.0914200084552904,0.0698842160616499,0.0138033560346219
TW10,0.358062235,0.410633299,0.3264836614429772,0.0777856613037938,0.1416536135410759,0.1723698464484971,0.1333706479025049,0.0763663045262016,0.0501564182554265,0.0218138465795229
TW11,0.386178694,0.442877845,0.2371134039616954,0.3297247648112543,0.0537474125628996,0.0458552150595169,0.1562151978539559,0.0913042979047367,0.070325351019999,0.0157143568259419
TW12,0.373882452,0.428776256,0.0913235304480279,0.3239368292768245,0.0551848420880706,0.1022307515726925,0.2283405656406177,0.1235703664299615,0.0599177841802024,0.0154953303636025
TW13,0.258819013,0.296819086,0.0232304303008147,0.0372720037566418,0.2927858828805589,0.2328812416371614,0.2291237743992313,0.0946876337670288,0.0825312481480649,0.0074877851104979
TW14,0.175307077,0.201045842,0.0309096851533071,0.0522814593142818,0.2764068714740516,0.279412175485452,0.1838178184698884,0.090917438773324,0.0824523875242802,0.0038021638054146
TW15,0.302938258,0.347415963,0.0385753667299198,0.0991331001244524,0.1842224750144458,0.3352771197064048,0.1514016779732669,0.0740518387718971,0.1027742168143227,0.0145642048652902
TW16,0.437642933,0.501898117,0.0485951132131141,0.0832689736855068,0.149041656060404,0.3335762521515147,0.1850471450356585,0.1005695584003557,0.0871671410092614,0.0127341604441844
TW17,0.483376183,0.554345969,0.0680255411284265,0.0869388004351949,0.1003824400354635,0.3454815602728582,0.2199570737523529,0.1041639610280859,0.0655941894317194,0.0094564339158983
TW18,0.466780809,0.535314044,0.1642501632001199,0.1027349781955706,0.1211180534116263,0.2067041258783238,0.180964868240169,0.1619330476453515,0.053936590079346,0.0083581733494926
TW19,0.251741714,0.28870269,0.058784174882049,0.0884655613669064,0.104615992411592,0.3174553530192908,0.1855357823330166,0.1303541529678765,0.085396099994759,0.0293928830245095
TW2,0.233074644,0.267294902,0.1042327961095243,0.2276742004499895,0.3975273364511029,0.0648623661379294,0.1027642055930458,0.0368716235230658,0.0585961184859928,0.0074713532493492
TW20,0.639384488,0.733259573,0.175987057957387,0.1236827339782848,0.0879446523596848,0.195818182518778,0.122358748423602,0.1861548557913404,0.0882369941178991,0.0198167748530235
TW3,0.122599078,0.1405992,0.115055183537265,0.1965272740429863,0.1173662879856991,0.0321426500679636,0.0599687774935348,0.1180930629089647,0.3587437820415253,0.0021029819220609
TW4,0.116824487,0.133976778,0.033247630267308,0.1777964740248643,0.1802738215215884,0.1622781065197669,0.1357250159557061,0.0827802699579877,0.2231119230581018,0.0047867586946763
TW5,0.115134278,0.132038411,0.0207368891596256,0.1117839591055145,0.2984647432992429,0.1078759883111104,0.2086595526678059,0.0696193386417194,0.1818584688145034,0.0010010600004776
TW6,0.953458417,1.093446158,0.0390732069281372,0.1802020809784801,0.2086120051729804,0.1833598586371774,0.2713033473483225,0.0594883392903271,0.0564991387634307,0.0014620228811442
TW7,0.18752616,0.215058942,0.0839725089695759,0.2328967838685037,0.2207267033001358,0.0933773298910956,0.1270024763001657,0.1317196032172047,0.1059669910188916,0.0043376034344267
TW8,0.11518799,0.132100009,0.1187865889081171,0.1928834583952384,0.1145761907539587,0.078912237245786,0.1624345979342041,0.091476445345692,0.2357554421184356,0.0051750392985679
TW9,0.497989707,0.571105065,0.423467109963091,0.1262419456561208,0.0956337988423728,0.0631087107327913,0.0751435863055504,0.1010286915104928,0.0827015916983461,0.0326745652912342
UB1,0.134921336,0.154730625,0.0865574149428372,0.3841713471678308,0.2995170678443715,0.0421019992878663,0.0811944131167305,0.0346947677761549,0.0631299166088867,0.0086330732553218
UB10,0.22219304,0.254815649,0.0280990354025461,0.1187032829034376,0.2794856753416589,0.214947242577836,0.1735347576248253,0.1095911861218577,0.0724232272210551,0.003215592806783
UB11,4.982600357,5.714150841,0.0382192095719495,0.1877521443547126,0.378878589320663,0.1204852538007696,0.0735584696815717,0.1004372208321729,0.0965701159507928,0.0040989964873675
UB2,0.146621924,0.168149105,0.0909181712048722,0.2715047323253299,0.2287432635959484,0.0962776276408436,0.1185018754066146,0.1014209174248009,0.0888736294017677,0.0037597829998225
UB3,0.216519585,0.248309212,0.0066289867113345,0.2243327944180951,0.2992633152216905,0.0876335856081827,0.2154099020461771,0.0614065372105449,0.1041274617017949,0.0011974170821801
UB4,0.146063811,0.167509049,0.0025500423899484,0.0885964540159818,0.3959848417198414,0.1911505974839702,0.1323347293099702,0.1453112975101074,0.038654308095508,0.0054177294746723
UB5,0.176285585,0.202168015,0.001089890925448,0.0375748922872196,0.3128482425103432,0.2532767772541771,0.2183980490420803,0.1086761185599521,0.0665988458353303,0.0015371835854491
UB6,0.148122897,0.169870452,0.0005679068935451,0.1262274765119457,0.5996750706498153,0.0737247237607672,0.0962513644779916,0.0567266121429946,0.0458219135769602,0.0010049319859799
UB7,0.160088511,0.18359287,0.0457600190157946,0.1684496453666374,0.1251707049172191,0.1980869917064676,0.1343900379907557,0.1666888715898423,0.1585830791321128,0.0028706502811703
UB8,0.164634946,0.188806818,0.0844537071439579,0.1361419499157103,0.1302934348486026,0.17250330783839,0.1861597054349652,0.1200397537437139,0.1637350108963942,0.0066731301782655
UB9,0.451893245,0.518240673,0.0594022089633351,0.1116380390781431,0.1049677490740066,0.2703206453006745,0.1417926110350718,0.1618451711571195,0.1401150811206053,0.0099184942710437
W10,0.140014701,0.160571803,0.4897117122295841,0.0693298505219047,0.0417257494055453,0.0594354512739562,0.1633463607276744,0.0638601331177103,0.0941890990000769,0.0184016437235479
W11,0.217045762,0.248912642,0.645468992676444,0.0297124003038016,0.0292219025427559,0.100481206982635,0.1229802805881171,0.0363769455707414,0.0241618998077375,0.0115963715277673
W12,0.128671088,0.147562709,0.5231391485768531,0.1490545915874136,0.0608960332507836,0.0656502146158117,0.0298654524403435,0.0559595926246414,0.1072411332646428,0.0081938336395101
W13,0.170519229,0.195555036,0.3898394058753949,0.2619702031114647,0.0588617401232589,0.0367792703417531,0.1130482984887152,0.0460014255500579,0.0919018248752474,0.0015978316341075
W14,0.190554985,0.218532463,0.583656494158797,0.1328724819838272,0.1036720100333289,0.0513653740011257,0.0528456700175041,0.0339284488970212,0.0305367243799822,0.0111227965284134
W1A,1.227162017,1.4073352,0.615857762400048,0.0523035537378884,0.0819270366952812,0.0325086805887223,0.0622462835228109,0.0483201703627049,0.0792980241170421,0.027538488575502
W1B,0.211376563,0.242411086,0.6081362612288849,0.0426199935218431,0.0203582264524787,0.0371166978165398,0.0687999689905287,0.0928035980658453,0.1063613391839984,0.0238039147398808
W1C,0.796393455,0.913320757,0.5416036331880032,0.0542096202416517,0.0684696808744815,0.0510751733973897,0.0783928459939162,0.0764854282127164,0.1100112979255227,0.0197523201663182
W1D,0.243500529,0.279251526,0.6659891716839812,0.0389672135776,0.0051268610981173,0.0159042418934331,0.0624178342005899,0.0907257362679701,0.0921425278634191,0.0287264134148889
W1F,0.179318818,0.205646591,0.518047859433639,0.0384801516480959,0.0014443764733893,0.0404581527255845,0.1431927982837816,0.1237728948392708,0.1129239939605386,0.0216797726356999
W1G,0.393617604,0.451408944,0.5822116814247374,0.0769456168874168,0.0878576702916679,0.0837249120117568,0.0714545080207688,0.0255436315665639,0.0642601770346052,0.0080018027624829
W1H,0.344206201,0.394742907,0.4763508580852397,0.067368464158467,0.1536179785863215,0.0855099559802911,0.0723411964476196,0.0543555726983608,0.0796072735796936,0.0108487004640064
W1J,0.397525482,0.455890579,0.5688633245817482,0.0213024312672101,0.1167362853300988,0.0640961896213188,0.0872987881551828,0.0511489252678855,0.057506791061338,0.0330472647152176
W1K,0.398947292,0.457521142,0.5392821309395337,0.0764658098418243,0.1461723180491706,0.0641326881572844,0.0478535100447475,0.0451300849397412,0.061488581619339,0.019474876408359
W1S,0.497671015,0.570739583,0.6157873855686643,0.0224013991005555,0.0474605896549749,0.0301521847459572,0.0609688294272856,0.094703867252422,0.0961852108520848,0.0323405333980552
W1T,0.46941921,0.538339819,0.5939609102661161,0.0225861521816985,0.0658881765003747,0.0146171664886324,0.1097155814971251,0.0958380089013985,0.0781348326385524,0.0192591715261022
W1U,0.310590374,0.356191571,0.5078114553520191,0.065159594648905,0.073587819788072,0.0611178874730092,0.1202381730455232,0.0613009691939171,0.0996521003637123,0.0111320001348419
W1W,0.198382903,0.227509683,0.5345484693505956,0.0890250606269288,0.041286211296715,0.0406312971709486,0.1404629745754158,0.041795464253297,0.10302180186396,0.0092287208621389
W2,0.250226164,0.286964625,0.4639994697225221,0.0179741060829795,0.0698420415144196,0.1746745942024893,0.098191638865938,0.0340048245503808,0.1339966006342477,0.0073167244270227
W3,0.10276794,0.117856434,0.1384190921873296,0.2090941177701924,0.1109055808295614,0.2523407048693111,0.0762249614368776,0.0672052819750856,0.1449806132902165,0.0008296476414255
W4,0.223571615,0.256396629,0.3822048776915658,0.2100828586859058,0.055834723081815,0.0552055942955549,0.1036680468342057,0.1569640385441165,0.0328630551353425,0.0031768057314934
W5,0.119150512,0.136644312,0.3194038631439553,0.3386285171529957,0.1110567967755981,0.0608841739426421,0.0823869312072048,0.0380358517647581,0.0476342256034267,0.001969640409419
W6,0.206225753,0.236504029,0.5373882949089597,0.0694772511141904,0.0555628930461863,0.0838885872852069,0.0752038486480777,0.1115091679928148,0.0559501032913726,0.0110198537131911
W7,0.18408902,0.211117159,0.174676148144998,0.3961746586066297,0.178900940721862,0.0390357588675039,0.091614038132189,0.0372156162081369,0.081478421146126,0.0009044181725542
W8,0.20354914,0.233434433,0.7075327299825345,0.0393300256434552,0.0799598968340253,0.0503009860671438,0.0319901245254298,0.0479824003319731,0.0305822614434424,0.0123215751719956
W9,0.155979493,0.178880562,0.5841026512167355,0.0700278528842556,0.0189389938985909,0.0559096424413261,0.1228364205109634,0.1057720672606133,0.0385605139697335,0.0038518578177814
WA1,0.192032252,0.220226623,0.2139783310218014,0.058437693354033,0.0855871109300448,0.0718552786815597,0.2329847012463566,0.0782667577777627,0.2303603777540663,0.0285297492343752
WA10,0.100686658,0.115469576,0.1850082607426787,0.1256359331451969,0.1687064785957728,0.1009023566344071,0.1142744161871222,0.2043412220941911,0.0927736750291821,0.0083576575714488
WA11,0.202900106,0.232690107,0.1089345856186861,0.0404749894003195,0.1491930736537403,0.2336275802691715,0.3109075217570619,0.1098523313695673,0.0373877996552584,0.0096221182761946
WA12,0.190260835,0.218195125,0.1771315830072413,0.0990895976213266,0.0820612020929101,0.1576296843163591,0.128585126373549,0.202050983854838,0.1436539436822378,0.0097978790515378
WA13,0.326140972,0.374025323,0.1904642688475094,0.0851347771185601,0.0456118661357128,0.1903326699494235,0.2017698356450582,0.1083276647297884,0.1498760773778295,0.0284828401961176
WA14,0.204172591,0.234149419,0.2614225013031991,0.1209634389924595,0.0978784185744719,0.0750051174102172,0.0947217668300662,0.1623565645515515,0.1718291375777288,0.0158230547603055
WA15,0.196265395,0.225081281,0.1993619553184455,0.1560751752779943,0.1659074710683601,0.170433237530677,0.0954695059065574,0.0794201897061751,0.1258986460581553,0.007433819133635
WA16,0.479104001,0.54944654,0.1800086253257239,0.0593199259781451,0.0543178863607935,0.2597453985022976,0.2501560543440702,0.0885943825580465,0.1012898355823904,0.0065678913485325
WA2,0.141298981,0.162044642,0.1150466230784932,0.0727450808524932,0.107970853652183,0.2388254551187223,0.2308626088840536,0.1082007868949367,0.1100360854071788,0.0163125061119389
WA3,0.328638671,0.376889737,0.1016399961386386,0.0405541965732,0.0636826186939751,0.1998438554148708,0.2565751160212914,0.2725714270462146,0.0526466024291144,0.0124861876826948
WA4,0.439760691,0.504326806,0.1597742576984801,0.091253684344242,0.1441456509665956,0.101899015289839,0.1866213196718144,0.1353266314920147,0.1498497785948488,0.0311296619421651
WA5,0.341771817,0.391951104,0.0757316332894629,0.0615746362614535,0.0675737196409879,0.1243475114845902,0.1975587762497835,0.2963515922439103,0.1510060621953054,0.0258560686345061
WA6,0.815661126,0.935417327,0.1830997604210092,0.053830827162543,0.0689337191908676,0.1922351087367445,0.2535687426378712,0.1237623209694835,0.1121521453973287,0.0124173754841521
WA7,0.370650646,0.425069953,0.119250026481128,0.0440117237432054,0.0596593852400306,0.1085355222444626,0.3777695663719696,0.1640095422758542,0.1215892436953183,0.0051749899480309
WA8,0.273935496,0.314154985,0.0887965860221077,0.0602680406927162,0.1950585070929605,0.1916734796531361,0.2009211003123329,0.1398133557953671,0.1172590842016209,0.0062098462297582
WA9,0.575285926,0.659749994,0.0888400418415124,0.111785447452749,0.1084383883475354,0.1712389604003574,0.2331920051150096,0.1148616062173719,0.1647487351004145,0.0068948155250494
WC1A,0.077750799,0.089166251,0.4748104794157852,0.0299469838655034,0.1328104801617562,0.0433770069764161,0.0868813596195521,0.1232980342438905,0.0888456022950612,0.0200300534220349
WC1B,0.08766038,0.100530766,0.4542785891268752,0.0398523310596803,0.2405439955819713,0.0368619649779249,0.0608986557081883,0.0558096640035187,0.0902553350846466,0.0214994644571944
WC1E,0.092834904,0.10646502,0.5172428148788304,0.0091386014799628,0.1069736855183196,0.016897551941106,0.1439966058735988,0.1116591932051794,0.0809747104093846,0.0131168366936183
WC1H,0.117982413,0.135304712,0.3914613614625185,0.1497362970827094,0.1093224190583532,0.10632340571742,0.0434414464542251,0.0755529076524043,0.1125379467122154,0.011624215860154
WC1N,0.077967709,0.089415007,0.4335968838775264,0.0415805360896092,0.0765934880804839,0.1388329445098595,0.1200513706509984,0.0740552528599005,0.0815960223737757,0.033693501557846
WC1R,0.078816048,0.090387901,0.413775134634941,0.0666621384428948,0.1146635617278891,0.091531670719733,0.0705423913617886,0.0402127572028809,0.1926060951909813,0.010006250718891
WC1V,0.084681256,0.097114245,0.4481623236767705,0.0504896645654854,0.0827526026876262,0.0777987922841852,0.0733765234219523,0.085440790414254,0.170926081490521,0.0110532214592049
WC1X,0.117614346,0.134882604,0.5051189830186517,0.0561210398081475,0.0727118813675647,0.0912780776658348,0.0719203885103173,0.0765142264385411,0.1036108250224839,0.0227245781684588
WC2A,0.091614605,0.105065555,0.4375963266788114,0.0722449831357093,0.0656042773501311,0.0664830216963555,0.063020008640332,0.072843107037835,0.2118104890175352,0.0103977864432901
WC2B,0.031202215,0.035783356,0.488349632088758,0.068604589483569,0.0149198472301783,0.0201338263500778,0.0947159115926742,0.116074593602129,0.1877319672077169,0.0094696324448964
WC2E,0.072862184,0.083559885,0.4934766518006317,0.0812657922476547,0.0036121823823546,0.0042292797181029,0.0775673817971704,0.1226007441768241,0.2048944507648889,0.0123535171123722
WC2H,0.046776081,0.053643794,0.4968222076143502,0.0295551979091119,0.0215904480768384,0.0275504240124937,0.0759049593570025,0.2121381529084244,0.1202142382829266,0.0162243718388518
WC2N,0.134936168,0.154747635,0.5555458010557005,0.013428332485331,0.0109169862633741,0.036540148295397,0.0841447791076959,0.1646432841902386,0.0992716945298076,0.035508974072455
WC2R,0.0825547,0.094675466,0.4654510223890534,0.0997884559049239,0.0120771287946616,0.0053160288672548,0.0746794285357626,0.0959195842775253,0.2357321511306007,0.0110362001002172
WD17,0.646249687,0.741132727,0.2116886527366598,0.0744018588562127,0.0725790517635239,0.0806677114005088,0.2084983844659691,0.1652006799669764,0.1800551001414367,0.0069085606687124
WD18,0.205002907,0.235101643,0.0711087494122379,0.1200867464422926,0.0640553849811347,0.0917127229294514,0.3601073218823443,0.170125594042564,0.1178937691433614,0.0049097111666134
WD19,0.331653397,0.380347088,0.0567853664063814,0.0646985252864037,0.0917540461206523,0.4575370849932604,0.1661430360885238,0.112033845709203,0.0452050938016476,0.0058430015939274
WD23,0.378823838,0.434443141,0.0975871759363892,0.1326122638558567,0.0804285558162187,0.1995062853351022,0.2607895891762645,0.121682684845591,0.092849244338027,0.0145442006965503
WD24,0.287398779,0.329594962,0.1598509729330657,0.2159559735290624,0.2115219769999295,0.0467864278766849,0.1393800740844607,0.1675574714357925,0.0537266386228767,0.0052204645181272
WD25,0.227477095,0.260875515,0.02894960702283,0.0319608680192819,0.1459597394367782,0.3019671747032091,0.2165188118202949,0.1538327675464119,0.1098501712773573,0.0109608601738363
WD3,0.33802802,0.38765764,0.0908433449649198,0.0915224026884763,0.154592397231137,0.2042838230856704,0.1427496531825864,0.1340583959143027,0.1591329969727847,0.0228169859601223
WD4,0.325991371,0.373853758,0.0936512745919431,0.1274144165567432,0.1225686670025087,0.2038509306329736,0.2023519349143686,0.1299075425002231,0.1086514323408496,0.0116038014603898
WD5,0.37374089,0.42861391,0.0668732760004996,0.0865059589067097,0.0677703138189833,0.2438786325813113,0.1970577905202341,0.2463073052691847,0.0805026380026738,0.0111040849004032
WD6,0.170633927,0.195686575,0.0241156132489452,0.0434218011209183,0.0532021957398161,0.4004518322705517,0.2488119267068632,0.1262067472551945,0.0966557176282521,0.0071341660294586
WD7,0.596034423,0.683544806,0.0663607300978387,0.1618697446677904,0.0906230294889294,0.1662104319130818,0.217355317861468,0.1851151088580173,0.0814532812012023,0.0310123559116717
WF1,0.369313102,0.42353603,0.1538155423190223,0.1360669547996965,0.0594969465270229,0.2169775241610931,0.1829774086238856,0.0689761622439888,0.1508456070122286,0.0308438543130618
WF10,0.365511702,0.419176504,0.1480522382618376,0.2212247591037311,0.0858630590567871,0.1687142522745888,0.1446669752396017,0.0790066686656952,0.1341009454104534,0.0183711019873048
WF11,0.186757691,0.214177646,0.0706919810584774,0.0726099978792222,0.1117771840702752,0.2661437660128951,0.261011108538222,0.0977331796565775,0.1077166299707451,0.0123161528135853
WF12,0.733063204,0.840692293,0.2367639572554307,0.0894456460397115,0.1614262755332973,0.2161144055109254,0.1303010049263753,0.0700430778111809,0.0619906881521014,0.033914944770977
WF13,0.277772253,0.31855506,0.2893661431804807,0.1203876972526249,0.0689535723003124,0.0910482310625695,0.1722216246378442,0.1099984168826691,0.1171152840339023,0.0309090306495966
WF14,0.168021277,0.192690333,0.2215755599484142,0.0844750507282101,0.0638700790111528,0.1636530780449577,0.2560993632505874,0.0836223559734351,0.1130288404606835,0.013675672582559
WF15,0.161282172,0.184961786,0.2104243087933081,0.0408777126073642,0.0882381029210936,0.1495666837508868,0.2873226158340438,0.1084153608317329,0.091985458366729,0.0231697568948412
WF16,0.109491705,0.12556739,0.2554209357054429,0.0350600473855076,0.0892498421706693,0.1349253035183959,0.2150395529428257,0.0924797298475798,0.1244789708816455,0.0533456175479328
WF17,0.183290678,0.210201603,0.2482116823089648,0.0443797434472381,0.1313561528753804,0.1612081004923421,0.230140306313968,0.0865509868636916,0.0688464265485195,0.0293066011498951
WF2,0.534750582,0.61326321,0.0727840030789852,0.1718834922143805,0.0999507780152921,0.2221476286813756,0.2452477422256133,0.1019191457493529,0.0692100411505871,0.016857168884413
WF3,0.268714696,0.308167663,0.1158399766405652,0.1017236487139191,0.0999024139821061,0.1670933138212485,0.1570158258447599,0.2016657692229717,0.1365716034630962,0.020187448311333
WF4,0.172894719,0.198279299,0.1493954604678427,0.1047677866003973,0.0653465599156192,0.1917762577213571,0.242158235153954,0.1096538604060095,0.1013167955889586,0.0355850441458614
WF5,0.235460739,0.270031325,0.1547435511787293,0.0582086234520495,0.0600639335756446,0.1933763932111521,0.3056560249079675,0.1367723347183783,0.0788657516042475,0.0123133873518308
WF6,0.139876748,0.160413596,0.1560481814534034,0.1100078924005933,0.0470899141214906,0.1285911524517586,0.2382550208897465,0.1798335021141485,0.1248756528021221,0.0152986837667365
WF7,0.306603429,0.351619258,0.1052868014576813,0.1789603741887811,0.0381565979996962,0.1841710978951688,0.2360366188426166,0.0863409263036677,0.1384868600575855,0.0325607232548025
WF8,0.320656639,0.367735774,0.0769341173200899,0.0983344923218907,0.1142594841904079,0.1933137870381651,0.2522011382902867,0.1260500366428976,0.1046528505171246,0.0342540936791372
WF9,0.343939113,0.394436605,0.0387567447341114,0.2438418793010866,0.0736654570303903,0.2044506156922914,0.17293246670957,0.1250432266011694,0.0993649836772386,0.0419446262541419
WN1,0.217467502,0.249396303,0.3319603680921361,0.1852945387066491,0.1211216300742676,0.0539594635651182,0.115197078952399,0.133780536331398,0.0476284479868522,0.0110579362911796
WN2,0.275992458,0.316513953,0.2031122923474511,0.0574026575893587,0.0758712302431894,0.1709444500412181,0.2425240242286785,0.1415642675546412,0.0964750438507031,0.0121060341447595
WN3,0.165110484,0.189352174,0.120915194936537,0.0524695137561814,0.0693266384158188,0.0704104738402035,0.3700894879274251,0.183004746499727,0.1238673138900505,0.0099166307340563
WN4,0.329508906,0.377887741,0.1755160456721703,0.0678351035912953,0.0972225623169346,0.1859712829938662,0.2927522689657676,0.1287697516220076,0.045182204146775,0.0067507806911831
WN5,0.220703345,0.253107235,0.1595199939357604,0.0807872075338942,0.1304636514382198,0.3281128609029221,0.1596772405805194,0.0582983268141662,0.075568066244619,0.0075726525498986
WN6,0.23360645,0.267904788,0.1521545694449052,0.1258792360998832,0.1558247126830015,0.1561288668575476,0.188578605733778,0.1496549912146045,0.0611229297592598,0.0106560882070199
WN7,0.30471727,0.349456172,0.1780069300661255,0.1617317595828794,0.1848296041151179,0.1373082142661253,0.1460939177870619,0.1196481140917825,0.0594270357691965,0.0129544243217107
WN8,0.211602143,0.242669786,0.0762756010068907,0.0163929874834737,0.0507851034411934,0.1018468750319266,0.5820153939502888,0.108379892640312,0.0483679886293169,0.0159361578165974
WR1,0.282386955,0.323847297,0.4147801789945395,0.0173094821333734,0.0066994032527083,0.052532485071469,0.0767148191060988,0.2043623451388532,0.2044673622029097,0.0231339241000478
WR10,0.685596872,0.786256906,0.1977062010185424,0.0491953381769111,0.0228248598936532,0.2373105876991315,0.2690915014422391,0.1310183751780019,0.0855826648820764,0.0072704717094439
WR11,0.493107151,0.565505647,0.171929478952317,0.1027448519898077,0.0463591934818955,0.1332669723983936,0.1773507362011163,0.236990131153404,0.1222043921005092,0.0091542437225563
WR12,0.825312187,0.946485367,0.2013754103510202,0.1268960901011975,0.0554551985130458,0.1504903411696277,0.1160542010128534,0.2332354433648833,0.1044626965526686,0.0120306189347032
WR13,0.491490549,0.563651695,0.3536283394158532,0.0799333161176505,0.0350709268706445,0.1116396280118088,0.1775642210114765,0.1085377392136037,0.1026074972492765,0.031018332109686
WR14,0.430733646,0.493974401,0.3300041057018924,0.0500014181608065,0.0287698329697686,0.1467206324974082,0.2117257161064833,0.1078458178124893,0.1010526981389483,0.023879778612203
WR15,2.075267486,2.379960382,0.3002784114810931,0.022057517915463,0.0478558290596054,0.0935568908993645,0.2173831775614904,0.1890321221432223,0.1085023539284683,0.0213336970112925
WR2,0.54993207,0.630673659,0.1509554638778122,0.0600231070870289,0.1061105871732969,0.1731398942463141,0.2089216115730235,0.2129117596136905,0.0779780393603037,0.0099595370685298
WR3,0.33253585,0.381359103,0.1622646186851514,0.0788954100412429,0.141659630062123,0.0954373688339303,0.1995230572446725,0.2272702826526982,0.0899013964836152,0.0050482359965663
WR4,0.393346576,0.451098122,0.0816645024488564,0.0133415462651138,0.0520338165110662,0.135145552539563,0.1283349472485259,0.4514703483800371,0.1188759508322045,0.0191333357746328
WR5,0.410914906,0.471245853,0.1488259675615311,0.0511454559268863,0.034052229865103,0.1571495340483463,0.149922860782296,0.349343743483783,0.0951573364545905,0.0144028718774635
WR6,0.731412484,0.838799213,0.3439031232069052,0.0500678901777745,0.0174055289796048,0.1026439526240367,0.1518538481691929,0.1983978120873986,0.1098349045563563,0.0258929401987307
WR7,0.746249601,0.855814731,0.2294468060467075,0.0268824547889629,0.0295421618977563,0.1462807567670541,0.2590915442254513,0.1900046270169955,0.111779994524658,0.0069716547324142
WR8,0.925620814,1.06152141,0.2854182506812878,0.0327096177457381,0.022449427052873,0.1178963206940233,0.1881085118097726,0.2426953175451689,0.0885247925805883,0.0221977618905479
WR9,0.738355141,0.846761198,0.1154212359483273,0.0190976338529313,0.0326932817898154,0.0974974513603559,0.3596256579420329,0.1969402042173356,0.1661716253457045,0.0125529095434968
WS1,0.172584535,0.197923573,0.2615514726941289,0.0602007305058372,0.0718858492001537,0.2348079477160785,0.1122408256208339,0.0991379191772192,0.1438350957805171,0.0163401593052312
WS10,0.095458658,0.109473996,0.0774687157653951,0.151308018336131,0.1630861509558991,0.2644885706015871,0.1698291314378843,0.061851174532829,0.1062275855613677,0.0057406528089064
WS11,0.28143265,0.32275288,0.058259881183498,0.0815596346229297,0.1008641001555665,0.2026665764844263,0.2405508785590329,0.1658620959118226,0.1357330587566708,0.0145037743260528
WS12,0.181979009,0.208697353,0.0574987708654528,0.0734243410846155,0.0627216806867864,0.1568058369126249,0.3065004147456399,0.2227021547828566,0.1085139731875795,0.0118328277344441
WS13,0.721150644,0.827030719,0.0853397114559529,0.0382908017248486,0.0271014951289797,0.200785679047889,0.3019014348932283,0.1250508752559745,0.1929029465087492,0.0286270559843774
WS14,0.869440497,0.997092641,0.0845123191612775,0.0453458080547263,0.0329170384809908,0.1616678402511896,0.3200429264497637,0.2148842940652117,0.1158282944109839,0.0248014791258562
WS15,0.532002984,0.610112206,0.1545085640578111,0.0425119959488599,0.0531753397610681,0.1724522131097955,0.2715272211797296,0.1445031381286396,0.1254292888454765,0.0358922389686193
WS2,0.182436912,0.209222486,0.1628290249182047,0.0655258086183759,0.1168323894635706,0.3172344029448389,0.1318248799249982,0.0562572355689789,0.1408608577910213,0.0086354007700112
WS3,0.342337003,0.392599272,0.0627220636153556,0.0547494559832198,0.171625846933513,0.3858814619254574,0.1205494166188003,0.1114531805630398,0.0852547553092165,0.0077638190513972
WS4,0.198900597,0.228103386,0.1105065339278848,0.043997042956102,0.1206644287488908,0.3463886265515208,0.1633772056303731,0.1327179438099483,0.0765423123381608,0.005805906037119
WS5,0.147647491,0.169325247,0.030756447085852,0.0167347381115398,0.182059132252532,0.3649305419857622,0.1969513340189064,0.1146449716566486,0.0888455724819757,0.005077262406783
WS6,0.168127209,0.192811818,0.0317712019473789,0.0554790516952275,0.0592384622968386,0.3868951065064405,0.2821405042393547,0.1106864939182813,0.0688047825978343,0.0049843967986438
WS7,0.455607493,0.522500252,0.0637319861741806,0.0557736684976467,0.0502558448131559,0.1877342639490274,0.4178932061679056,0.1221804533674898,0.0845925400019289,0.0178380370286647
WS8,0.511303089,0.586373132,0.0472884233196534,0.0581306814864694,0.1037798999976797,0.3332922807938276,0.1683410206980649,0.1611889757333258,0.119012615368743,0.0089661026022359
WS9,0.356954237,0.409362624,0.03494629816688,0.0411353359630557,0.1357578873983216,0.3692903930459433,0.1860436365253019,0.1223339828890897,0.1043307908112784,0.0061616752001291
WV1,0.391705604,0.449216222,0.1462486920968759,0.1918257073435264,0.0284732304631233,0.101510216701596,0.1157558906584528,0.1139047895615415,0.2827264369438415,0.0195550362310423
WV10,0.164938084,0.189154462,0.0517670963447384,0.1537378230402891,0.2368845936482219,0.1781435615617711,0.1486032346995999,0.123732521097691,0.0958710317815135,0.0112601378261747
WV11,0.161862468,0.185627281,0.0408568072768387,0.0783459290013458,0.1327891785593694,0.4765961826091274,0.1285988760130351,0.0836982989529952,0.0534606418927031,0.005654085694585
WV12,0.289957481,0.332529335,0.0129084405885971,0.0270079451971344,0.0611581777941549,0.4569396159371626,0.3183652913786378,0.075334732896214,0.0457131410775387,0.0025726551305602
WV13,0.15225894,0.174613754,0.0861389442708789,0.2065860017020777,0.1495805722615694,0.0984225013092555,0.1727125255799057,0.1248345247739638,0.1500407218224712,0.0116842082798776
WV14,0.1228358,0.140870678,0.0267672624354579,0.1609379466372552,0.109421743602449,0.2998193720831792,0.158366696001375,0.1233186558231135,0.1099949278188865,0.0113733955982832
WV15,0.728853224,0.8358642,0.2633026028346908,0.0172819630694966,0.0872897842263988,0.1606776755121495,0.2480198458087792,0.103489750669117,0.1039195897848405,0.0160187880945271
WV16,0.763889374,0.876044394,0.2673516772435231,0.046953589300829,0.02502513876096,0.1423546053784953,0.1759120123090924,0.1554177762713128,0.1660499788996541,0.020935221836133
WV2,0.472119166,0.541436185,0.1893808768675283,0.2327309917401422,0.125968117148354,0.0922916097464658,0.1148964872174829,0.0842011169057907,0.1416737031890687,0.018857097185167
WV3,0.330562199,0.379095679,0.1408518538447472,0.1986728287887147,0.1037998173656864,0.1852427365736908,0.1895679812399635,0.0912046669946651,0.0777414764726065,0.0129186387199256
WV4,0.272447757,0.312448815,0.0365607939226121,0.1216909003790123,0.2448965819587998,0.3101130909248805,0.1529151081406995,0.063374381968759,0.0582324462239431,0.0122166964812935
WV5,0.417988778,0.479358318,0.0801314573031755,0.0208597322010226,0.0536627754092875,0.376196197368349,0.2577419925975588,0.1236089016423941,0.0780334993175497,0.0097654441606624
WV6,0.405223419,0.464718736,0.1090984773828873,0.1112783674737982,0.0842143488923563,0.1551101409640752,0.3385601936894741,0.1634832785530846,0.0282184718250676,0.0100367212192563
WV7,0.238659956,0.273700255,0.1166353772380848,0.0305008225011033,0.1198243331996176,0.4398141179154939,0.1460192335020931,0.0694810214731486,0.0594679726530689,0.0182571215173897
WV8,0.394739919,0.452696038,0.0468145007284461,0.0820590570235251,0.0859009471854137,0.2975919313822167,0.3517828092242614,0.0768834155897568,0.0497230439879084,0.0092442948784715
WV9,0.137665208,0.157877355,0.0421697148030585,0.0560684298877788,0.0561830876814887,0.1217951606006254,0.4017658070635744,0.2418075554875577,0.0663287654476133,0.0138814790283028
YO1,0.744126523,0.85337994,0.2633364571272326,0.0361388436209088,0.0477267668621884,0.1190897560977937,0.1020550114708348,0.1980267377304951,0.2157843603548103,0.017842066735736
YO10,0.501940253,0.575635635,0.169082275862632,0.089985083853733,0.1076468145416715,0.1876620608246104,0.0992465056284286,0.1528753286019657,0.1799308287482003,0.0135711019387583
YO11,0.205166189,0.235288899,0.4853149027475327,0.0187976521056088,0.0316380431805424,0.1493148469272695,0.1243002954787797,0.0882601339290053,0.0720257050985419,0.0303484205327194
YO12,0.283344475,0.324945401,0.3344310135216333,0.0697182594360818,0.1363634688700807,0.1444074716624882,0.1127360979965318,0.0954034267601629,0.0891122467489984,0.0178280150040225
YO13,0.422047215,0.484012619,0.3152921253438435,0.048473705216741,0.0562554080435039,0.1275452241357666,0.2275650897364529,0.1491274837352955,0.0528966039672902,0.0228443598211061
YO14,0.410117272,0.47033111,0.2853239620553898,0.0517757632522506,0.0936926640992765,0.1085412327513645,0.227302579450699,0.1030322030284315,0.0975371529771207,0.032794442385467
YO15,0.519642594,0.595937052,0.3468026696214529,0.2002374443613419,0.1190378589654575,0.0731552243356015,0.0912859345123909,0.1016439385892922,0.0537688337599685,0.0140680958544944
YO16,0.296235595,0.339729208,0.1040145809807768,0.0930178583110465,0.1333537325452642,0.1893100941406386,0.2177113110308517,0.1368565669592107,0.1213876638089339,0.004348192223277
YO17,0.52726071,0.604673667,0.28856880310456,0.0522019149999794,0.0684518484443659,0.135164590509315,0.1235801383922248,0.2071528044880763,0.1023856278059882,0.0224942722554901
YO18,1.27244134,1.459262479,0.2906418201210133,0.0261998975198881,0.0692633859261906,0.1137853366753508,0.2319890426355029,0.1525650241173441,0.092141192455856,0.0234143005488538
SN38,0.0,0.0,0.1336828514467278,0.0154118867882092,0.0249176045315877,0.0280654265508576,0.3125819712854937,0.3486696419037053,0.1339272999285691,0.0027433175648493
SN99,0.0,0.0,0.2114826726604733,0.0092502184079346,0.0002312554601983,0.0,0.6829585692685481,0.0220755369393682,0.0716891926614934,0.0023125546019836
SO97,0.0,0.0,0.0623052959501557,0.1671858774662512,0.0415368639667705,0.2699896157840083,0.0010384215991692,0.0010384215991692,0.446521287642783,0.0103842159916926
SR9,0.0,0.0,0.5746967219972554,0.1703440327726948,0.1003381948848023,0.0059082850414119,0.0627146675134291,0.0683324071868963,0.0160048716167929,0.001660818986717
SS99,0.0,0.0,0.0268689527149163,0.2869209372015673,0.3814304369618469,0.1221829526343964,0.0719717122247166,0.0498787702235779,0.0572962191553977,0.0034500188835807
ST55,0.0,0.0,0.1699154136220202,0.04146619643809,0.1601747738053695,0.1638394718175299,0.24677186469371,0.1429134086697351,0.0736459566774307,0.0012729142761143
SW95,0.0,0.0,0.02729938207188,0.0,0.0153683171138596,0.2644553869715476,0.4229518626365798,0.1200015545361509,0.1479889627933287,0.0019345338766533
SY99,0.0,0.0,0.503003003003003,0.0082582582582582,0.0075075075075075,0.0075075075075075,0.0375375375375375,0.0683183183183183,0.3003003003003003,0.0675675675675675
WA55,0.0,0.0,0.1864108475248506,0.0116506779703031,0.0116506779703031,0.0011650677970303,0.3496464345633537,0.1046066208402946,0.285745052367474,0.0491246209663901
WA88,0.0,0.0,0.0016556291390728,0.0,0.0,0.7615894039735099,0.0033112582781456,0.2317880794701986,0.0016556291390728,0.0
WD99,0.0,0.0,0.0,0.0,0.0,0.0624024960998439,0.717628705148206,0.1872074882995319,0.0327613104524181,0.0
WF90,0.0,0.0,0.1226456416995181,0.3677421549740803,0.1732518530803873,0.0713777222101731,0.036336110296025,0.0183968462549277,0.1752080595707402,0.035041611914148
WR99,0.0,0.0,0.343372332103498,0.064970458328024,0.0328139752928827,0.0129907802056198,0.1102152139511303,0.273613326902481,0.1526760843668346,0.0093478288495291
YO19,1.150512319,1.319431714,0.1710104335056094,0.0343262520469324,0.0317965530028865,0.1163085498758919,0.2824949710211177,0.2385825868229524,0.107516208157162,0.0179644455674473
YO21,0.678060089,0.777613566,0.4481615006041315,0.0413406247234256,0.0620526482298715,0.1164987995542379,0.119497075121129,0.0682728423451791,0.0977534462339089,0.0464230631881162
YO22,0.411031382,0.47137943,0.4034776741133779,0.0335741818930055,0.0808204710959382,0.1297078192439203,0.1761014119627671,0.0644419865650057,0.0727823771013102,0.0390940780246747
YO23,0.407668959,0.467523332,0.2650374138822768,0.0573537223775063,0.0654841529045286,0.0703853247269073,0.2470103091471904,0.1612286305944595,0.1238464145257873,0.0096540318413434
YO24,0.484033603,0.555099912,0.1327932514041646,0.0340358395816446,0.1300663032546163,0.2438613169187849,0.173875298382341,0.1490369912495087,0.1280538870850042,0.0082771121239353
YO25,0.659101867,0.755871878,0.2643336733819493,0.0337635960352055,0.0586211749725018,0.1054139029817828,0.1845344631466932,0.1939035048549288,0.1400932759122223,0.019336408714716
YO26,0.694474347,0.796437781,0.1658180211134791,0.0633132468426206,0.0946113254301702,0.212163690988266,0.1065202418030732,0.1841296648998948,0.1600981380614822,0.0133456708610135
YO30,0.492786541,0.565137965,0.1494035029561142,0.0222256244722483,0.1363216398949768,0.1491529429985537,0.0968382792954015,0.2844222252071093,0.1463532680758194,0.0152825170997764
YO31,0.331332809,0.379979431,0.1713609800420819,0.0925103895586949,0.1462052596842663,0.1946744685109373,0.084753795539569,0.1480492792749025,0.155024394042945,0.0074214333466029
YO32,0.444911281,0.510233611,0.049929014330602,0.0533678245058967,0.0491308149842368,0.1793041823994224,0.338786771696885,0.2298126318522166,0.0939737004166303,0.0056950598141099
YO41,0.724226474,0.830558146,0.16549671176025,0.0198784150897228,0.0262323361332953,0.0713058462473334,0.2748585276352739,0.3057016223984854,0.1181928536670685,0.0183336870685703
YO42,0.845967082,0.970172834,0.1906468207070438,0.0334968228359722,0.0386315986469356,0.1131823282362561,0.2131231117617713,0.2508930273742228,0.1380525512854976,0.0219737391523002
YO43,1.07389391,1.231564112,0.1457299037742602,0.0248021225407696,0.0465257013439584,0.1074899211996978,0.236721065614486,0.2320588784550732,0.1889533346790642,0.0177190723926903
YO51,0.70622623,0.809915088,0.18766309589142,0.0408578508768725,0.0689191669389523,0.0714298614054378,0.1632188121073025,0.3020541977645195,0.1311029813404035,0.0347540336750916
YO60,1.831654845,2.100580284,0.3748686228660532,0.0260697670770531,0.0359392658696209,0.1442404301005402,0.1380501021007812,0.1682811849610648,0.0776913145361763,0.03485931248871
YO61,1.933739917,2.21765359,0.2362801752270034,0.0525991469858244,0.040449379486412,0.1016135616367277,0.1914177834449815,0.20472550401735,0.1331280926719177,0.0397863565297828
YO62,1.256223308,1.4406633,0.3870677554276125,0.0403804238645108,0.0455179333787557,0.0878376117092873,0.1436466137488731,0.182954773286779,0.0843070551030413,0.0282878334811398
YO7,0.540742713,0.620135111,0.264078897157587,0.0733633489646852,0.0439386528994912,0.1365212264085259,0.1747502588673823,0.1654817968124276,0.1098681734505945,0.031997645439306
YO8,0.261033543,0.299358755,0.1496699432793129,0.0838832204931385,0.0499997542479304,0.104743548963703,0.1985988596669591,0.2278726022808853,0.1667951230006995,0.0184369480673709
ZE1,0.454123908,0.520798845,0.20224902268677217,0.08133816650201105,0.07293260880352417,0.16328595547722832,0.20308674887676573,0.142598511639583,0.11929560641625485,0.01521337959786059
ZE2,0.677350217,0.776799469,0.20224902268677217,0.08133816650201105,0.07293260880352417,0.16328595547722832,0.20308674887676573,0.142598511639583,0.11929560641625485,0.01521337959786059
ZE3,0.458550434,0.525875278,0.20224902268677217,0.08133816650201105,0.07293260880352417,0.16328595547722832,0.20308674887676573,0.142598511639583,0.11929560641625485,0.01521337959786059
YO90,0.0,0.0,0.1915184678522571,0.0013679890560875,0.0,0.0136798905608755,0.0136798905608755,0.3419972640218878,0.4240766073871409,0.0136798905608755
