dateTime,stationReference,parameter,qualifier,unitName,value,latitude,longitude,easting,northing
2021-10-10 23:00:00+00:00,45166,rainfall,Tipping Bucket Raingauge,mm,0.0,50.859966,-3.239613,312850.5227581495,107449.70850007482
2021-10-10 23:00:00+00:00,E5720,rainfall,Tipping Bucket Raingauge,mm,0.0,53.306737,-0.547985,496850.5727793167,379848.7471391963
2021-10-10 23:45:00+00:00,568363,rainfall,Tipping Bucket Raingauge,mm,0.0,53.571911,-3.017001,332750.5318892782,408848.63729112846
2021-10-10 23:45:00+00:00,569709,rainfall,Tipping Bucket Raingauge,mm,0.0,53.604601,-2.556847,363250.52291491226,412148.6815340337
2021-10-10 23:45:00+00:00,585022,rainfall,Tipping Bucket Raingauge,mm,0.0,54.440718,-2.825629,346550.5268537946,505348.374632193
2021-10-10 23:45:00+00:00,531187,level,1,mASD,4.271,51.535097,-1.885111,408065.55141885264,181805.4329376268
2021-10-10 23:45:00+00:00,5322TH,level,Stage,mASD,0.424,51.691657,-0.027263,536452.5147058518,201053.41539361863
2021-10-10 23:45:00+00:00,E10510,rainfall,Tipping Bucket Raingauge,mm,0.0,51.053802,-0.642384,495250.57784919086,129149.59293272554
2021-10-10 23:45:00+00:00,598147,rainfall,Tipping Bucket Raingauge,mm,0.0,54.504409,-2.241634,384450.544994228,512148.2900931311
2021-10-10 23:45:00+00:00,592848,rainfall,Tipping Bucket Raingauge,mm,0.0,54.532336,-3.062374,331350.5086593843,515748.2702096777
2021-10-10 23:45:00+00:00,E10018,level,Stage,mASD,0.314,50.996436,-0.510104,504650.5104598497,122949.68466149372
2021-10-10 23:45:00+00:00,Coldw1,rainfall,Tipping Bucket Raingauge,mm,0.0,53.823309,-2.154144,389950.51194747136,436348.5835739099
2021-10-10 23:45:00+00:00,605382,rainfall,Tipping Bucket Raingauge,mm,0.0,54.680261,-2.999541,335650.52277422574,532148.2028548325
2021-10-10 23:45:00+00:00,46101,rainfall,Tipping Bucket Raingauge,mm,0.0,50.393238,-3.731066,277050.5439716786,56249.9393141553
2021-10-10 23:45:00+00:00,463589,rainfall,Tipping Bucket Raingauge,mm,0.0,51.758734,-2.612081,357850.5059701278,206849.36688523792
2021-10-10 23:45:00+00:00,45113,rainfall,Tipping Bucket Raingauge,mm,0.0,50.775637,-3.719618,278850.54702025343,98749.76961905154
2021-10-10 23:45:00+00:00,47176,rainfall,Tipping Bucket Raingauge,mm,0.0,50.584943,-4.054524,254650.54224980136,78149.83301029459
2021-10-10 23:45:00+00:00,50108,rainfall,Tipping Bucket Raingauge,mm,0.0,50.925011,-3.713738,279650.54298646154,115349.65368597924
2021-10-10 23:45:00+00:00,49106,rainfall,Tipping Bucket Raingauge,mm,0.0,50.639798,-4.675005,210950.5661735308,85649.79449350193
2021-10-10 23:45:00+00:00,E560,level,Stage,mASD,0.735,51.201686,0.330336,562900.5339060798,147299.5156887864
2021-10-10 23:45:00+00:00,E2859,rainfall,Tipping Bucket Raingauge,mm,0.08,52.890503,-0.622875,492750.57251589664,333448.9360007131
2021-10-10 23:45:00+00:00,E73339,level,Tidal Level,mAOD,1.439,53.33167,-3.82522,278549.2473671189,383193.35633552616
2021-10-10 23:45:00+00:00,Mitch1,rainfall,Tipping Bucket Raingauge,mm,0.0,53.742978,-2.323663,378750.5499896112,427448.62074432406
2021-10-10 23:45:00+00:00,E73239,level,Tidal Level,mAOD,-0.504,52.71933,-4.04503,261969.81587158376,315481.9541972638
2021-10-10 23:45:00+00:00,E861,level,Stage,mASD,0.264,51.097082,0.330342,563269.5202436806,135668.5710872484
2021-10-10 23:45:00+00:00,E6760,rainfall,Tipping Bucket Raingauge,mm,0.0,51.028745,0.275298,559650.513897002,127949.5990181935
2021-10-10 23:45:00+00:00,E1965,rainfall,Tipping Bucket Raingauge,mm,0.0,52.5771,-0.125035,527150.5673295221,299349.0279543241
2021-10-10 23:45:00+00:00,E1928,rainfall,Tipping Bucket Raingauge,mm,0.0,53.135319,-0.008131,533350.5372826208,361648.8042502787
2021-10-10 23:45:00+00:00,E1691,rainfall,Tipping Bucket Raingauge,mm,0.0,51.100206,0.007416,540650.5306454179,135349.6678073068
2021-10-10 23:45:00+00:00,E21493,level,Stage,mASD,2.13,52.049192,-0.852318,478800.54043640144,239599.2789878996
2021-10-10 23:45:00+00:00,E24806,level,Stage,mASD,0.15,51.991569,-0.939719,472900.5572371381,233099.2872477622
2021-10-10 23:45:00+00:00,E24775,rainfall,Tipping Bucket Raingauge,mm,0.0,52.40222,1.542157,641050.5814332715,284149.06295980304
2021-10-10 23:45:00+00:00,E24767,rainfall,Tipping Bucket Raingauge,mm,0.0,52.323479,1.278981,623550.5251150398,274549.0894360537
2021-10-10 23:45:00+00:00,E22735,rainfall,Tipping Bucket Raingauge,mm,0.0,51.998223,0.579089,577150.5511931465,236449.20708200088
2021-10-10 23:45:00+00:00,E22876,rainfall,Tipping Bucket Raingauge,mm,0.0,51.736858,0.480165,571350.5818338093,207149.3444475404
2021-10-10 23:45:00+00:00,2010,level,Stage,mASD,0.353,52.153735,-1.697245,420810.544347693,250649.22128108056
2021-10-10 23:45:00+00:00,2102SO,rainfall,Water,mm,0.0,51.105481,0.116212,548250.5655844092,136149.58937573488
2021-10-10 23:45:00+00:00,1745TH,level,Stage,mASD,0.082,51.632965,-1.505814,434300.5274842203,192799.43860458487
2021-10-10 23:45:00+00:00,2421TH,level,Stage,mASD,0.147,51.38187,-0.966582,472015.54486003466,165264.4557502344
2021-10-10 23:45:00+00:00,2420_w1TH,level,Stage,mASD,0.194,51.381826,-0.966655,472010.5336154844,165259.49091578418
2021-10-10 23:45:00+00:00,243543TP,rainfall,Tipping Bucket Raingauge,mm,0.0,51.866534,0.247617,554850.5747380288,221049.2749559127
2021-10-10 23:45:00+00:00,2473TH,level,Stage,mASD,0.242,51.403467,-0.933245,474300.5777743312,167699.48109135838
2021-10-10 23:45:00+00:00,246847TP,rainfall,Tipping Bucket Raingauge,mm,0.0,51.569374,-0.257694,520850.5714596359,187049.41243828
2021-10-10 23:45:00+00:00,243679TP,rainfall,Tipping Bucket Raingauge,mm,0.0,51.805204,0.20975,552450.5363275857,214149.3715505665
2021-10-10 23:45:00+00:00,2230TH,level,Stage,mASD,0.121,51.437409,-1.576981,429500.5613090835,171019.4728486247
2021-10-10 23:45:00+00:00,2275,level,Stage,mASD,0.341,51.697286,-2.218553,384991.5409578572,199860.33761640172
2021-10-10 23:45:00+00:00,055223,rainfall,Tipping Bucket Raingauge,mm,0.0,54.364209,-1.297407,445750.5396569156,496748.3811524997
2021-10-10 23:45:00+00:00,053532,rainfall,Tipping Bucket Raingauge,mm,0.0,54.318976,-1.637925,423650.511997405,491548.3334487481
2021-10-10 23:45:00+00:00,008632,rainfall,Tipping Bucket Raingauge,mm,0.0,55.047076,-1.446712,435450.5577557354,572648.136710569
2021-10-10 23:45:00+00:00,1236TH,level,Stage,mASD,0.052,51.865237,-1.618104,426393.5679168671,218586.3523749911
2021-10-10 23:45:00+00:00,1113,rainfall,Tipping Bucket Raingauge,mm,0.0,51.799795,-2.148586,389850.5412014959,211249.34134754149
2021-10-10 23:45:00+00:00,1090_w2TH,level,Stage,mASD,0.051,51.713499,-1.420988,440100.5195708826,201799.40750278768
2021-10-10 23:45:00+00:00,0730TH,level,Stage,mASD,0.397,51.616448,-1.666745,423170.51074820384,190899.42196182377
2021-10-10 23:45:00+00:00,0657TH,level,Stage,mASD,0.043,51.761248,-1.835566,411445.5450446247,206964.3404956369
2021-10-10 23:45:00+00:00,3580,rainfall,Tipping Bucket Raingauge,mm,0.0,53.047163,-1.641206,424150.5192466431,350048.8788984215
2021-10-10 23:45:00+00:00,4084,level,Stage,mASD,0.477,52.531656,-1.958157,402935.56290596,292644.0408740891
2021-10-10 23:45:00+00:00,4080TH,level,Stage,mASD,0.231,51.431619,-0.25215,521600.56756520056,171739.5336531155
2021-10-10 23:45:00+00:00,4143,level,Stage,mASD,0.303,53.1201,-2.012802,399240.5420821461,358102.8576769232
2021-10-10 23:45:00+00:00,4103,rainfall,Tipping Bucket Raingauge,mm,0.0,53.114911,-2.223306,385150.5644878764,357548.86773766106
2021-10-10 23:45:00+00:00,266474TP,rainfall,Tipping Bucket Raingauge,mm,0.0,51.412945,-1.726028,419150.53531994665,168249.47602037634
2021-10-10 23:45:00+00:00,276036TP,rainfall,Tipping Bucket Raingauge,mm,0.0,51.54306,-0.500973,504050.5611270448,183749.4347272628
2021-10-10 23:45:00+00:00,3078TH,level,Stage,mASD,0.774,51.306994,-0.537112,502068.5665925976,157446.48352209874
2021-10-10 23:45:00+00:00,3085TH,level,Stage,mASD,2.196,51.302063,-0.543308,501647.5701225933,156889.54288707196
2021-10-10 23:45:00+00:00,2866TH,level,Stage,mASD,20.126,51.477931,-0.504592,503947.57556146046,176501.41352347628
2021-10-10 23:55:00+00:00,38_BRENT_RES,level,Stage,mASD,-1.078,51.570831,-0.245027,521724.53194554127,187232.43040387143
2023-10-20 12:00:00+00:00,E1839,level,Stage,mASD,1.723,53.208433,-0.108817,526400.5768244575,369598.73167288606
2023-10-20 16:30:00+00:00,E73139,level,Tidal Level,mAOD,-0.378,52.01322,-4.983750000000001,195337.51222826936,239181.3906917261
2023-10-20 20:30:00+00:00,E71939,level,Tidal Level,mAOD,0.318,50.714331,-1.874873,408930.528896092,90529.72733540092
2023-10-20 20:30:00+00:00,E71139,level,Tidal Level,mAOD,2.58,53.63018,-0.18742,519959.54638221057,416376.64615874586
2023-10-20 23:00:00+00:00,E5721,rainfall,Tipping Bucket Raingauge,mm,0.6,53.175194,-0.524002,498750.5614584074,365248.7579433864
2023-10-20 23:00:00+00:00,E5733,rainfall,Tipping Bucket Raingauge,mm,0.0,51.895742,0.451114,568750.5172794302,224749.2365487626
2023-10-20 23:00:00+00:00,E5723,rainfall,Tipping Bucket Raingauge,mm,0.1,53.093909,-0.172837,522450.5406607319,356748.87554335035
2023-10-20 23:00:00+00:00,E5728,rainfall,Tipping Bucket Raingauge,mm,0.2,52.651369,0.565622,573650.5435473606,309049.0305564408
2023-10-20 23:00:00+00:00,E5724,rainfall,Tipping Bucket Raingauge,mm,0.1,53.088074,0.270439,552150.5224427906,356948.7713527823
2023-10-20 23:00:00+00:00,E5729,rainfall,Tipping Bucket Raingauge,mm,0.0,52.949162,1.122162,609850.5700757673,343648.92243900703
2023-10-20 23:00:00+00:00,E5726,rainfall,Tipping Bucket Raingauge,mm,0.2,52.611622,-0.461792,504250.5591411496,302648.9703122589
2023-10-20 23:00:00+00:00,E5734,rainfall,Tipping Bucket Raingauge,mm,0.0,51.554554,0.826576,596050.5399193971,187749.39300842927
2023-10-20 23:00:00+00:00,E5727,rainfall,Tipping Bucket Raingauge,mm,0.1,52.872934,0.138821,544050.5603204138,332748.91550559626
2023-10-20 23:00:00+00:00,E5731,rainfall,Tipping Bucket Raingauge,mm,0.0,52.226854,-0.464875,504950.5612143215,259849.1272733883
2023-10-20 23:00:00+00:00,52150,rainfall,Tipping Bucket Raingauge,mm,0.0,51.128821,-3.323971,307450.5273596504,137449.6504472773
2023-10-20 23:00:00+00:00,E5732,rainfall,Tipping Bucket Raingauge,mm,0.0,52.124227,0.957474,602550.5396570814,251449.1841493402
2023-10-20 23:00:00+00:00,E5722,rainfall,Tipping Bucket Raingauge,mm,0.2,53.031102,-0.503575,500450.573983954,349248.8256053852
2023-10-20 23:30:00+00:00,E70439,level,Tidal Level,mAOD,1.399,57.89525,-5.15789,212929.8343619753,893907.5772846623
2023-10-20 23:45:00+00:00,2098,level,Stage,mASD,3.716,51.998663,-2.155508,389420.5337241324,233369.25515915692
2023-10-20 23:45:00+00:00,4161,level,Stage,mASD,2.866,52.574167,-1.035067,465490.5664379919,297809.0812620331
2023-10-20 23:45:00+00:00,E4530,rainfall,Tipping Bucket Raingauge,mm,0.0,51.156945,1.009589,610550.5401486367,144049.5371639894
2023-10-20 23:45:00+00:00,4187,level,Stage,mASD,0.666,53.052096,-1.067469,462605.53596395184,350943.8742510271
2023-10-20 23:45:00+00:00,E11120,rainfall,Tipping Bucket Raingauge,mm,0.0,50.78281,-0.694221,492150.5798444656,98949.72453987684
2023-10-20 23:45:00+00:00,3775,rainfall,Tipping Bucket Raingauge,mm,0.0,53.07731,-1.190151,454350.5534602077,353648.85621846933
2023-10-20 23:45:00+00:00,3870TH,level,Stage,mASD,0.347,51.527366,-0.344873,514914.5492223777,182237.48781536464
2023-10-20 23:45:00+00:00,3892TH,level,Stage,mASD,0.382,51.48248,-0.312323,517287.51977542863,177297.4734274995
2023-10-20 23:45:00+00:00,E11080,rainfall,Tipping Bucket Raingauge,mm,0.0,50.828064,-0.805132,484250.5403663392,103849.71802896244
2023-10-20 23:45:00+00:00,E1300,rainfall,Tipping Bucket Raingauge,mm,0.0,51.141861,-0.009362,539350.5704333455,139949.59974281362
2023-10-20 23:45:00+00:00,3057,rainfall,Tipping Bucket Raingauge,mm,0.0,52.730505,-1.571247,429050.5691182987,314848.9151771554
2023-10-20 23:45:00+00:00,E14811,level,Stage,mASD,0.121,50.695451,-1.305261,449165.544951555,88652.83525161368
2023-10-20 23:45:00+00:00,3380,rainfall,Tipping Bucket Raingauge,mm,0.2,53.405172,-1.738982,417450.5313330493,389848.7061329812
2023-10-20 23:45:00+00:00,2131,level,Stage,mASD,1.273,52.211373,-2.215962,385340.5526350381,257039.16472900988
2023-10-20 23:45:00+00:00,4117,level,Stage,mASD,3.34,53.087267,-1.506572,433145.5101324433,354563.8641245571
2023-10-20 23:45:00+00:00,E7295,rainfall,Tipping Bucket Raingauge,mm,0.0,50.814838,0.358583,566250.5150548765,104349.74858570496
2023-10-20 23:45:00+00:00,1819,rainfall,Tipping Bucket Raingauge,mm,0.2,52.178577,-2.411624,371950.54373494623,253449.2075477318
2023-10-20 23:45:00+00:00,E1110,level,Stage,mASD,1.667,51.194078,0.065165,544400.5224510579,145899.57948281258
2023-10-20 23:45:00+00:00,4690TH,level,Stage,mASD,0.293,51.773132,-0.117522,529980.5603905815,209949.29251710715
2023-10-20 23:45:00+00:00,5303TH,level,Stage,mASD,0.174,51.753614,0.01247,539008.5756925254,208018.2995478372
2023-10-20 23:45:00+00:00,551440,rainfall,Tipping Bucket Raingauge,mm,0.2,53.276556,-2.854006,343150.53456053126,375848.70825693326
2023-10-20 23:45:00+00:00,2650,level,Stage,mASD,0.609,51.91358,-2.100884,393157.5641009465,223899.25163445
2023-10-20 23:45:00+00:00,1761TH,level,Stage,mASD,0.155,51.565511,-1.460667,437480.556113772,185319.46711393973
2023-10-20 23:45:00+00:00,E651,level,Stage,mASD,0.602,51.150722,0.174763,552200.5489415941,141299.5448895222
2023-10-20 23:45:00+00:00,1771,rainfall,Tipping Bucket Raingauge,mm,0.2,52.911156,-2.637129,357250.5330995359,335048.92499655264
2023-10-20 23:45:00+00:00,1792,rainfall,Tipping Bucket Raingauge,mm,0.2,52.307409,-2.728158,350450.5596622341,267949.13799701154
2023-10-20 23:45:00+00:00,2619,level,Stage,mASD,3.016,51.887632,-2.251427,382792.5464857715,221038.3072708542
2023-10-20 23:45:00+00:00,4148,level,Stage,mASD,2.169,52.854343,-1.601779,426912.5662316291,328612.8725923165
2023-10-20 23:45:00+00:00,035103,rainfall,Tipping Bucket Raingauge,mm,0.0,54.541989,-0.815179,476750.5577058451,516948.344022677
2023-10-20 23:45:00+00:00,585512,rainfall,Tipping Bucket Raingauge,mm,0.0,54.37577,-2.72272,353150.55684382585,498048.31379518856
2023-10-20 23:45:00+00:00,3779,rainfall,Tipping Bucket Raingauge,mm,0.2,53.591168,-0.7392,483550.5250589029,411248.61643621017
2023-10-20 23:45:00+00:00,2139,level,Stage,mASD,0.42,51.885938,-2.052672,396471.5754114496,220821.28234279368
2023-10-20 23:45:00+00:00,2894TH,level,Stage,mASD,1.174,51.440219,-0.535292,501899.5312034933,172264.4600560111
2023-10-20 23:45:00+00:00,588006,rainfall,Tipping Bucket Raingauge,mm,0.0,54.378286,-3.103039,328450.5448909094,498648.3202841874
2023-10-20 23:45:00+00:00,E1594,level,Stage,mASD,2.063,53.202079,-0.553771,496700.5331403271,368198.79387935874
2023-10-20 23:45:00+00:00,000076TP,rainfall,Tipping Bucket Raingauge,mm,0.0,51.701508,-0.747539,486650.5319677696,201049.40543426108
2023-10-20 23:45:00+00:00,E1141,level,Stage,mASD,1.188,51.172777,0.173655,552050.5694591759,143749.6183710216
2023-10-20 23:45:00+00:00,5420TH,level,Stage,mASD,0.171,51.713888,0.259177,556172.5272338532,204099.37967878056
2023-10-20 23:45:00+00:00,4088,level,Stage,mASD,2.035,53.707031,-0.725316,484238.5217289776,424154.6309600905
2023-10-20 23:45:00+00:00,2018,level,Stage,mASD,2.275,52.678113,-2.791698,346570.5729203533,309229.04237885674
2023-10-20 23:45:00+00:00,055027_TG_328,level,Stage,mASD,0.243,51.928793,-2.524006,364065.5560870394,225716.3199724654
2023-10-20 23:45:00+00:00,E6270,rainfall,Tipping Bucket Raingauge,mm,0.2,51.032353,0.577858,580850.5213939834,129049.60188221348
2023-10-20 23:45:00+00:00,4142,level,Stage,mASD,2.599,52.976338,-1.86056,409460.5297329449,342118.89864016447
2023-10-20 23:45:00+00:00,E6520,level,Stage,mASD,0.625,50.923434,0.72054,591300.5658519188,117299.73179354426
2023-10-20 23:45:00+00:00,2611,level,Stage,mASD,1.326,52.417555,-1.126182,459526.55399248784,280310.1163625529
2023-10-20 23:45:00+00:00,4259,level,Stage,mASD,0.693,53.023273,-1.680181,421549.522258878,347378.8745458817
2023-10-20 23:45:00+00:00,085322,rainfall,Tipping Bucket Raingauge,mm,0.2,53.571934,-1.588459,427350.5720536417,408448.6635876963
2023-10-20 23:45:00+00:00,2644,level,Stage,mASD,1.143,51.888033,-2.253216,382669.5752994255,221083.3350627892
2023-10-20 23:45:00+00:00,265415TP,rainfall,Tipping Bucket Raingauge,mm,0.0,51.465368,-1.197403,455850.5597357439,174349.4489727495
2023-10-20 23:45:00+00:00,4192TH,level,Stage,mASD,1.252,51.428571,-0.187677,526090.5450513868,171509.4687394811
2023-10-20 23:45:00+00:00,4319TH,level,Stage,mASD,0.074,51.400276,0.019377,540570.5305939814,168739.44007132814
2023-10-20 23:45:00+00:00,4101,level,Stage,mASD,0.927,52.523665,-2.039788,397397.5243558363,291755.0944232895
2023-10-20 23:45:00+00:00,240662TP,rainfall,Tipping Bucket Raingauge,mm,0.0,51.937159,-0.384591,511150.5317016968,227749.31792840653
2023-10-20 23:45:00+00:00,4091,level,Stage,mASD,2.141,53.377166,-1.053244,463080.5505819959,387118.71845302486
2023-10-20 23:45:00+00:00,605936,rainfall,Tipping Bucket Raingauge,mm,0.0,54.716254,-2.87779,343550.54442205693,536048.2596717465
2023-10-20 23:45:00+00:00,0925SE,rainfall,Tipping Bucket Raingauge,mm,0.0,51.207877,1.383789,636450.5846841321,150849.50646441808
2023-10-20 23:45:00+00:00,4202,level,Stage,mASD,2.329,52.675277,-0.888192,475270.5647556281,309199.02753916814
2023-10-20 23:45:00+00:00,588886,rainfall,Tipping Bucket Raingauge,mm,0.0,54.136092,-3.238939,319150.5474427846,471848.4339071197
2023-10-20 23:45:00+00:00,5470TH,level,Stage,mASD,0.599,51.640481,0.081584,544137.5151515785,195571.40665495832
2023-10-20 23:45:00+00:00,263541TP,rainfall,Tipping Bucket Raingauge,mm,0.0,51.741752,-1.120101,460850.5220598054,205149.31827761664
2023-10-20 23:45:00+00:00,256345TP,rainfall,Tipping Bucket Raingauge,mm,0.0,52.168732,-1.235988,452350.5138830488,252549.16512295644
2023-10-20 23:45:00+00:00,E14440,rainfall,Tipping Bucket Raingauge,mm,0.1,50.744376,-1.57404,430150.56984781584,93949.75054869227
2023-10-20 23:45:00+00:00,031555,rainfall,Tipping Bucket Raingauge,mm,0.2,54.469846,-1.099639,458450.5145809165,508648.3594205792
2023-10-20 23:45:00+00:00,1635TH,level,Stage,mASD,1.555,51.753242,-1.290099,449100.51861789793,206299.39514530828
2023-10-20 23:45:00+00:00,E6621,level,Stage,mASD,1.371,51.01189,0.398508,568350.5382656738,126349.60176184672
2023-10-20 23:45:00+00:00,055816_TG_319,level,Stage,mASD,2.995,52.026391,-2.629867,356880.54030959005,236629.29818184208
2023-10-20 23:45:00+00:00,2170,level,Stage,mASD,1.964,52.754258,-2.534083,364050.5694934475,317538.9721142728
2023-10-20 23:45:00+00:00,4369TH,level,Stage,mASD,0.122,51.435695,-0.027404,537210.5643431947,172589.4349292287
2023-10-20 23:45:00+00:00,E11191,rainfall,Tipping Bucket Raingauge,mm,0.0,50.923464,-0.81265,483550.5326366888,114449.6483833708
2023-10-20 23:45:00+00:00,4878,level,Stage,mASD,2.12,52.515925,-1.880351,408216.526666741,290900.0717545612
2023-10-20 23:45:00+00:00,E911,rainfall,Tipping Bucket Raingauge,mm,0.0,51.372501,0.217586,554450.526025119,166049.48061172615
2023-10-20 23:45:00+00:00,2662,level,Stage,mASD,0.239,51.840929,-2.202237,386163.5685954146,215833.2840019189
2023-10-20 23:45:00+00:00,E14741,level,Stage,mASD,0.261,50.61912,-1.353938,445801.52379881,80133.78169744999
2023-10-20 23:45:00+00:00,2012,level,Stage,mASD,2.577,52.706629,-2.60558,359180.5176050615,312279.0246027303
2023-10-20 23:45:00+00:00,E7420,rainfall,Tipping Bucket Raingauge,mm,0.0,50.788104,0.060701,545350.5694764567,100749.76635809956
2023-10-20 23:45:00+00:00,038476,rainfall,Tipping Bucket Raingauge,mm,0.0,54.107252,-0.128568,522450.5598463731,469548.4627558789
2023-10-20 23:45:00+00:00,4045TH,level,Stage,mASD,1.039,51.374843,-0.208335,524800.5326353172,165499.45118956108
2023-10-20 23:45:00+00:00,4378TH,level,Stage,mASD,0.481,51.383249,0.072664,544330.5194525754,166949.5330083459
2023-10-20 23:45:00+00:00,E74339,level,Tidal Level,mAOD,1.126,58.20781,-6.3889700000000005,142280.25611817348,932736.0820509064
2023-10-20 23:45:00+00:00,E21136,level,Stage,mASD,0.137,52.323618,-0.101287,529500.5138466223,271199.1021372561
2023-10-20 23:45:00+00:00,4085,level,Stage,mASD,2.847,52.92726,-1.475443,435360.5100708392,336778.86183721764
2023-10-20 23:45:00+00:00,017651,rainfall,Tipping Bucket Raingauge,mm,0.0,55.000299,-1.68497,420250.5259103207,567348.1972116365
2023-10-20 23:45:00+00:00,570231,rainfall,Tipping Bucket Raingauge,mm,0.2,53.596101,-2.789423,347850.53983931505,411348.6276274294
2023-10-20 23:45:00+00:00,E70339,level,Tidal Level,mAOD,1.459,58.45661,-5.05008,222145.2661805004,956076.3661521184
2023-10-20 23:45:00+00:00,2453TH,level,Stage,mASD,0.653,51.237321,-0.859739,479700.5683270839,149299.60864121458
2023-10-20 23:45:00+00:00,026958,rainfall,Tipping Bucket Raingauge,mm,0.2,54.683225,-2.252002,383850.5567314313,532048.3014355131
2023-10-20 23:45:00+00:00,E2040,rainfall,Tipping Bucket Raingauge,mm,0.0,51.138337,0.459382,572150.5516763447,140549.62331141008
2023-10-20 23:45:00+00:00,E1742,level,Stage,mASD,0.809,53.546656,-0.159656,522035.5521757498,407132.6342024861
2023-10-20 23:45:00+00:00,0144TH,level,Stage,mASD,1.445,51.650724,-1.973061,401960.52159829927,194659.38991725
2023-10-20 23:45:00+00:00,2625,level,Stage,mASD,4.303,52.36409,-2.706474,351990.5379625615,274239.1338942161
2023-10-20 23:45:00+00:00,2881TH,level,Stage,mASD,0.667,51.549497,-0.482704,505302.5592117092,184491.3990504041
2023-10-20 23:45:00+00:00,288092TP,rainfall,Tipping Bucket Raingauge,mm,0.0,51.4214,-0.109429,531550.5448569715,170849.48969460017
2023-10-20 23:45:00+00:00,559586,rainfall,Tipping Bucket Raingauge,mm,0.2,53.534889,-2.012778,399250.5725633952,404248.6338601547
2023-10-20 23:45:00+00:00,2227,level,Stage,mASD,2.297,52.309779,-2.59384,359610.5474791526,268129.116263863
2023-10-20 23:45:00+00:00,0390TH,level,Stage,mASD,2.661,51.64017,-1.826539,412100.5083240197,193499.44816855577
2023-10-20 23:45:00+00:00,E72439,level,Tidal Level,mAOD,1.029,51.211131,-4.112362,252549.50952604468,147890.55978556312
2023-10-20 23:45:00+00:00,3210TH,level,Stage,mASD,0.477,51.144764,-0.19953,526040.5434863342,139929.6397678148
2023-10-20 23:45:00+00:00,151816001,level,Stage,mASD,0.379,50.968109,-1.497147,435406.57442678313,118863.65644457602
2023-10-20 23:45:00+00:00,4314TH,level,Stage,mASD,0.937,51.385199,0.047688,542586.5803897391,167117.53127682785
2023-10-20 23:45:00+00:00,2406TH,level,Stage,mASD,0.255,51.296962,-1.056426,465884.5429069192,155737.55033370393
2023-10-20 23:45:00+00:00,4060,level,Stage,mASD,1.334,53.024857,-1.028024,465290.5603166402,347948.88228438294
2023-10-20 23:45:00+00:00,1090_w1TH,level,Stage,mASD,3.796,51.713499,-1.420988,440100.5195708826,201799.40750278768
2023-10-20 23:45:00+00:00,E6780,rainfall,Tipping Bucket Raingauge,mm,0.0,50.885427,0.672112,588050.5157979423,112949.69044927378
2023-10-20 23:45:00+00:00,E3281,rainfall,Tipping Bucket Raingauge,mm,0.0,51.324099,0.908555,602750.5525076287,162349.47684609127
2023-10-20 23:45:00+00:00,000900,rainfall,Tipping Bucket Raingauge,mm,0.2,55.591879,-1.854785,409250.5700793856,633148.0326076475
2023-10-20 23:45:00+00:00,4159,level,Stage,mASD,0.94,52.970005,-2.073464,395163.5090412224,341407.8680392879
2023-10-20 23:45:00+00:00,2935TH,level,Stage,mASD,-1.406,51.410875,-0.515797,503320.5320454618,169028.47003177548
2023-10-20 23:45:00+00:00,3999,rainfall,Tipping Bucket Raingauge,mm,0.2,52.564065,-1.199634,454350.53861272096,296548.9872616617
2023-10-20 23:45:00+00:00,E72039,level,Tidal Level,mAOD,0.78,50.608501,-2.447945,368399.55368215,78849.81005285293
2023-10-20 23:45:00+00:00,E2043,level,Stage,mASD,0.313,52.845991,-0.100848,528000.5411710197,329298.87576201884
2023-10-20 23:45:00+00:00,E2608,level,Stage,mASD,0.205,52.671948,-0.303639,514800.53417523217,309598.9322829054
2023-10-20 23:45:00+00:00,2671,level,Stage,mASD,0.459,51.883138,-2.061691,395850.560603998,220510.3450567172
2023-10-20 23:45:00+00:00,E19035,level,Stage,mASD,0.895,52.197227,0.087527,542772.5535711283,257497.18358657716
2023-10-20 23:45:00+00:00,4868TH,level,Stage,mASD,0.792,51.875292,-0.062702,533460.5471007257,221409.343357026
2023-10-20 23:45:00+00:00,276956TP,rainfall,Tipping Bucket Raingauge,mm,0.0,51.828295,-0.446536,507150.5640982858,215549.37345901548
2023-10-20 23:45:00+00:00,2904TH,level,Downstream Stage,mASD,3.24,51.382892,-0.458071,507400.5213246351,165999.46968396867
2023-10-20 23:45:00+00:00,2627,level,Stage,mASD,1.583,52.352672,-1.567041,429586.5470647887,272822.1431945304
2023-10-20 23:45:00+00:00,016140,rainfall,Tipping Bucket Raingauge,mm,0.2,54.960162,-2.160033,389850.570717536,562848.1214587782
2023-10-20 23:45:00+00:00,578009,rainfall,Tipping Bucket Raingauge,mm,0.0,53.927308,-2.719516,352850.5625627881,448148.5722305561
2023-10-20 23:45:00+00:00,014555,rainfall,Tipping Bucket Raingauge,mm,0.0,54.97002,-2.500603,368050.5656547765,564048.1425105275
2023-10-20 23:45:00+00:00,4069,level,Stage,mASD,1.932,52.631289,-1.697508,420570.573142718,303768.9964363451
2023-10-20 23:45:00+00:00,594202,rainfall,Tipping Bucket Raingauge,mm,0.0,54.58826,-3.316076,315050.5109584602,522248.2445070847
2023-10-20 23:45:00+00:00,2128,level,Stage,mASD,2.415,52.03494,-2.116566,392100.5647119698,237399.2031583693
2023-10-20 23:45:00+00:00,E74039,level,Tidal Level,mAOD,0.17,55.74981,-4.9063300000000005,217690.9591953205,654541.4488276554
2023-10-20 23:45:00+00:00,025394,rainfall,Tipping Bucket Raingauge,mm,0.2,54.894495,-1.489343,432850.5259017422,555648.1622666782
2023-10-20 23:45:00+00:00,3688,rainfall,Tipping Bucket Raingauge,mm,0.0,52.6315,-1.077247,462550.51668493566,304149.06074357737
2023-10-20 23:45:00+00:00,3100TH,level,Stage,mASD,3.401,51.3919,-0.421389,509931.5387188782,167055.5213536504
2023-10-20 23:45:00+00:00,1603,rainfall,Tipping Bucket Raingauge,mm,0.0,52.224678,-2.731196,350150.5163208636,258749.14714803905
2023-10-20 23:45:00+00:00,596791,rainfall,Tipping Bucket Raingauge,mm,0.0,54.843273,-3.064299,331750.5653402356,550348.1738520402
2023-10-20 23:45:00+00:00,3686,rainfall,Tipping Bucket Raingauge,mm,0.2,52.544833,-1.031877,465750.5139667415,294549.07935162674
2023-10-20 23:45:00+00:00,3880TH,level,Stage,mASD,0.941,51.508638,-0.342569,515121.5368040343,180158.4300567085
2023-10-20 23:45:00+00:00,2020TH,level,Stage,mASD,0.143,51.573061,-1.233747,453200.53788524406,186299.4676245388
2023-10-20 23:45:00+00:00,2213,level,Stage,mASD,1.788,52.40689,-1.522294,432594.51420785935,278872.10580885754
2023-10-20 23:45:00+00:00,5425TH,level,Stage,mASD,0.341,51.739256,0.219552,553349.5210532277,206836.3366276649
2023-10-20 23:45:00+00:00,2104,level,Stage,mASD,2.262,52.180399,-1.87505,408640.5582015555,253579.22779493252
2023-10-20 23:45:00+00:00,4190,level,Stage,mASD,0.975,53.019889,-1.425573,438630.5427373429,347108.83311604895
2023-10-20 23:45:00+00:00,082509,rainfall,Tipping Bucket Raingauge,mm,0.2,53.367029,-1.59795,426850.517144818,385648.76366741984
2023-10-20 23:45:00+00:00,4182TH,level,Stage,mASD,1.037,51.394765,-0.097302,532470.577287053,167909.4666465356
2023-10-20 23:45:00+00:00,2038,level,Stage,mASD,1.866,52.794313,-3.110292,325230.5049990871,322438.9060529106
2023-10-20 23:45:00+00:00,E581,level,Stage,mASD,0.159,51.291026,0.511282,575200.5539326506,157649.52497637543
2023-10-20 23:45:00+00:00,E1406,level,Stage,mASD,1.523,53.228743,-0.528903,498300.5344758026,371198.7263063422
2023-10-20 23:45:00+00:00,606299,rainfall,Tipping Bucket Raingauge,mm,0.0,54.899013,-2.953493,338950.5538771942,556448.1527678382
2023-10-20 23:45:00+00:00,2655TH,level,Stage,mASD,0.222,51.528985,-0.716959,489100.5142749133,181899.39357655044
2023-10-20 23:45:00+00:00,5280TH,level,Stage,mASD,2.903,51.770008,0.006126,538520.5683602118,209829.3433836567
2023-10-20 23:45:00+00:00,247540TP,rainfall,Tipping Bucket Raingauge,mm,0.0,51.479469,-0.451216,507650.53861928126,176749.49208449345
2023-10-20 23:45:00+00:00,4146,level,Stage,mASD,1.349,53.0832,-1.32769,445130.5528130113,354208.8412062147
2023-10-20 23:45:00+00:00,E42135,rainfall,Tipping Bucket Raingauge,mm,0.0,53.232468,-0.366215,509150.52500757866,371848.7945221916
2023-10-20 23:45:00+00:00,4018,level,Stage,mASD,2.069,52.855534,-1.648727,423750.5532006807,328728.8911630882
2023-10-20 23:45:00+00:00,E21326,rainfall,Tipping Bucket Raingauge,mm,0.02,52.428551,-0.353448,512050.5277128826,282449.0590218235
2023-10-20 23:45:00+00:00,083534,rainfall,Tipping Bucket Raingauge,mm,0.2,53.250698,-1.498624,433550.5588565037,372748.7717781087
2023-10-20 23:45:00+00:00,582191,rainfall,Tipping Bucket Raingauge,mm,0.0,54.144383,-2.433946,371750.5515019423,472148.4510051773
2023-10-20 23:45:00+00:00,E13404,level,Stage,mASD,0.582,50.941207,-1.495758,435524.54643489263,115872.67733734596
2023-10-20 23:45:00+00:00,256230TP,rainfall,Tipping Bucket Raingauge,mm,0.0,51.749085,-1.272057,450350.5357673762,205849.325059405
2023-10-20 23:45:00+00:00,4188TH,level,Stage,mASD,0.207,51.422024,-0.174344,527035.5344268336,170804.4344960561
2023-10-20 23:45:00+00:00,3574,rainfall,Tipping Bucket Raingauge,mm,0.0,52.897659,-1.359998,443150.53216056793,333548.9027821194
2023-10-20 23:45:00+00:00,E2613,level,Stage,mASD,1.057,52.666216,-0.280199,516400.57809805,308998.9614294619
2023-10-20 23:45:00+00:00,2844TH,level,Stage,mASD,0.689,51.744674,-0.49654,503896.5757657525,206177.35277007744
2023-10-20 23:45:00+00:00,4037,level,Stage,mASD,2.815,53.335557,-1.683843,421150.5583133578,382118.7415722057
2023-10-20 23:45:00+00:00,E4803,level,Stage,mASD,2.745,53.077892,-0.274288,515700.52529175096,354798.8236167644
2023-10-20 23:45:00+00:00,3680,rainfall,Tipping Bucket Raingauge,mm,0.0,52.73152,-0.995167,467950.5306324368,315348.99013147183
2023-10-20 23:45:00+00:00,3350TH,level,Stage,mASD,0.177,51.355767,-0.255182,521590.5697824617,163299.52482164575
2023-10-20 23:45:00+00:00,1993TH,level,Stage,mASD,1.49,51.641035,-1.163757,457964.54238241,193912.3849244133
2023-10-20 23:45:00+00:00,268103TP,rainfall,Tipping Bucket Raingauge,mm,0.0,51.53833,-1.56235,430450.5083979596,182249.4360904928
2023-10-20 23:45:00+00:00,E8654,level,Stage,mASD,5.539,50.91492,0.038854,543421.516145942,114807.73901004362
2023-10-20 23:45:00+00:00,4050,level,Stage,mASD,0.934,53.503749,-1.027736,464585.5183466423,401223.714377749
2023-10-20 23:45:00+00:00,E14821,level,Stage,mASD,0.189,50.649055,-1.249848,453131.5394685117,83531.8248480305
2023-10-20 23:45:00+00:00,259110TP,rainfall,Tipping Bucket Raingauge,mm,0.0,51.886777,-1.156503,458150.5447162287,221249.29056355348
2023-10-20 23:45:00+00:00,253861TP,rainfall,Tipping Bucket Raingauge,mm,0.0,51.794582,-1.562775,430250.53562039614,210749.35991463903
2023-10-20 23:45:00+00:00,4165TH,level,Stage,mASD,1.213,51.377064,-0.160112,528150.5141654125,165829.53973795762
2023-10-20 23:45:00+00:00,061431,rainfall,Tipping Bucket Raingauge,mm,0.2,54.163943,-2.152346,390150.5336354797,474248.4742366265
2023-10-20 23:45:00+00:00,2889TH,level,Stage,mASD,0.222,51.533611,-0.47115,506140.56061220914,182741.4192449766
2023-10-20 23:45:00+00:00,E2410,rainfall,Tipping Bucket Raingauge,mm,0.0,51.204793,0.588909,580950.5133437929,148249.57400754775
2023-10-20 23:45:00+00:00,2258,level,Stage,mASD,0.803,51.824551,-2.297854,379568.5378763347,214034.30962078183
2023-10-20 23:45:00+00:00,4099,level,Stage,mASD,4.377,53.392687,-0.776833,481438.546535789,389124.7671612035
2023-10-20 23:45:00+00:00,3572,rainfall,Tipping Bucket Raingauge,mm,0.0,53.311933,-1.898644,406850.5198141635,379448.79420501634
2023-10-20 23:45:00+00:00,583948,rainfall,Tipping Bucket Raingauge,mm,0.0,54.064769,-2.863989,343550.5678601151,463548.4573984654
2023-10-20 23:45:00+00:00,3823TH,level,Stage,mASD,0.092,51.610531,-0.313052,516908.5259024486,191536.42511102703
2023-10-20 23:45:00+00:00,3269TH,level,Stage,mASD,1.386,51.233732,-0.288379,519595.5759179422,149674.5385896963
2023-10-20 23:45:00+00:00,E1662,level,Stage,mASD,2.741,52.90501,-0.255888,517400.5242718639,335598.8707407689
2023-10-20 23:45:00+00:00,E70639,level,Tidal Level,mAOD,0.646,58.44097,-3.08631,336679.76131066267,950808.5841087218
2023-10-20 23:45:00+00:00,E8020,rainfall,Water,mm,0.0,50.91155,0.289494,561050.54245488,114949.74165333188
2023-10-20 23:45:00+00:00,4015,level,Stage,mASD,2.215,53.397737,-0.964956,468920.5714030418,389488.690092819
2023-10-20 23:45:00+00:00,2898TH,level,Stage,mASD,1.4,51.437123,-0.512241,503508.5766918758,171952.440956152
2023-10-20 23:45:00+00:00,055040,level,Stage,mASD,1.064,52.191185,-2.501355,365824.5702742657,254890.2155316519
2023-10-20 23:45:00+00:00,E9140,level,Stage,mASD,0.794,50.882836,-0.306828,519204.5662217811,110625.75976951484
2023-10-20 23:45:00+00:00,4095,level,Stage,mASD,2.24,52.643962,-1.73394,418099.56786654366,305169.00022389134
2023-10-20 23:45:00+00:00,1082,rainfall,Tipping Bucket Raingauge,mm,0.0,52.186855,-1.418519,439850.52089154377,254449.2201702461
2023-10-20 23:45:00+00:00,055002_TG_301,level,Stage,mASD,3.23,52.045084,-2.752202,348508.5446123943,238788.2526189084
2023-10-20 23:45:00+00:00,3660TH,level,Stage,mASD,0.728,51.488753,-0.412558,510312.5728447272,177839.42101729763
2023-10-20 23:45:00+00:00,3829TH,level,Downstream Stage,mASD,-0.044,51.591209,-0.244516,521705.5358649734,189499.4425245687
2023-10-20 23:45:00+00:00,600140,rainfall,Tipping Bucket Raingauge,mm,0.0,54.500172,-2.930285,339850.53861074965,512048.3306675812
2023-10-20 23:45:00+00:00,3087TH,level,Stage,mASD,0.824,51.294424,-0.57291,499600.51994217496,155999.5153328277
2023-10-20 23:45:00+00:00,E70539,level,Tidal Level,mAOD,1.15,53.31394,-4.62044,225529.1822290893,382870.14028766286
2023-10-20 23:45:00+00:00,2841TH,level,Stage,mASD,0.222,51.757619,-0.475391,505326.5501204167,207647.29353707048
2023-10-20 23:45:00+00:00,5313TH,level,Stage,mASD,1.139,51.735268,0.019953,539581.5399142304,205992.4062209012
2023-10-20 23:45:00+00:00,1285SO,level,Stage,mASD,0.084,51.085655,1.177662,622643.5238944343,136618.5948715431
2023-10-20 23:45:00+00:00,3603,rainfall,Tipping Bucket Raingauge,mm,0.0,53.079174,-0.867665,475950.5267053116,354148.8722860962
2023-10-20 23:45:00+00:00,2002TH,level,Stage,mASD,-0.012,51.529995,-1.135937,460035.5359026751,181585.42373696412
2023-10-20 23:45:00+00:00,052287,rainfall,Tipping Bucket Raingauge,mm,0.2,54.409101,-1.735735,417250.5119830531,501548.3339170739
2023-10-20 23:45:00+00:00,2088,level,Stage,mASD,1.254,52.395138,-1.173153,456360.5572413993,277779.0913984248
2023-10-20 23:45:00+00:00,2084,level,Stage,mASD,2.438,52.461315,-2.207471,386000.5248194466,284839.0982834614
2023-10-20 23:45:00+00:00,4173,level,Stage,mASD,1.73,52.62825,-1.47564,435589.5465540352,303517.00759057974
2023-10-20 23:45:00+00:00,E427,level,Stage,mASD,0.161,51.295161,0.507204,574900.5387817442,158099.57250307137
2023-10-20 23:45:00+00:00,E70839,level,Tidal Level,mAOD,-0.611,55.98983,-3.18169,326379.5016377686,678059.6481077998
2023-10-20 23:45:00+00:00,E72939,level,Tidal Level,mAOD,1.603,51.57,-3.97544,263188.2784913335,187530.7164322138
2023-10-20 23:45:00+00:00,055018_TG_327,level,Stage,mASD,2.481,52.081299,-2.563805,361460.5538823241,242699.24973977148
2023-10-20 23:45:00+00:00,3422SO,level,Stage,mASD,0.086,51.22819,-1.338347,446297.5179800571,147874.56430359455
2023-10-20 23:45:00+00:00,E14530,level,Stage,mASD,0.068,50.824241,-1.576864,429900.5347072912,102829.77960173586
2023-10-20 23:45:00+00:00,0911TH,level,Stage,mASD,0.839,51.719421,-1.588977,428490.5595847419,202379.38584239548
2023-10-20 23:45:00+00:00,E1660,level,Stage,mASD,1.024,52.271031,-0.922807,473600.5244312275,264199.176711687
2023-10-20 23:45:00+00:00,4171,level,Stage,mASD,1.97,52.731408,-1.705184,420005.5092367,314903.9486628647
2023-10-20 23:45:00+00:00,5308TH,level,Stage,mASD,0.892,51.713361,-0.060582,534085.5741153624,203405.3193418224
2023-10-20 23:45:00+00:00,E4090,rainfall,Tipping Bucket Raingauge,mm,0.0,51.297928,1.053239,612950.5217335285,159849.5236887454
2023-10-20 23:45:00+00:00,4427,level,Stage,mASD,2.251,52.921584,-1.283492,448270.52458468766,336258.9166554721
2023-10-20 23:45:00+00:00,E8510,rainfall,Tipping Bucket Raingauge,mm,0.0,50.90639,-0.072052,535650.5653665798,113649.74190235072
2023-10-20 23:45:00+00:00,1930,rainfall,Tipping Bucket Raingauge,mm,0.0,52.080849,-2.563945,361450.5712261939,242649.2724024931
2023-10-20 23:45:00+00:00,586493,rainfall,Tipping Bucket Raingauge,mm,0.0,54.246782,-2.923038,339950.532118091,483848.43216634623
2023-10-20 23:45:00+00:00,4066,level,Stage,mASD,1.623,52.484208,-1.731944,418300.5728851612,287399.0232040056
2023-10-20 23:45:00+00:00,E6280,rainfall,Tipping Bucket Raingauge,mm,0.0,50.931554,0.580819,581450.5474415978,117849.69850071346
2023-10-20 23:45:00+00:00,006077,rainfall,Tipping Bucket Raingauge,mm,0.2,55.207377,-2.040032,397550.5508665214,590348.1445742395
2023-10-20 23:45:00+00:00,E7780,rainfall,Tipping Bucket Raingauge,mm,0.0,50.80213,0.081187,546750.5461747579,102349.74413887702
2023-10-20 23:45:00+00:00,E2734,level,Stage,mASD,1.486,52.616269,-0.582013,496100.57701359777,302999.0007012231
2023-10-20 23:45:00+00:00,2040,level,Stage,mASD,0.65,52.781029,-2.474812,368070.5531171955,320488.91677123646
2023-10-20 23:45:00+00:00,E12810,level,Stage,mASD,0.106,51.01114,-1.07498,464990.5301138467,123935.70862967466
2023-10-20 23:45:00+00:00,4158,level,Stage,mASD,2.489,52.648317,-1.215391,453180.5228174675,305909.02237087
2023-10-20 23:45:00+00:00,E60701,level,Stage,mASD,0.26,52.053714,-0.855119,478600.5406788165,240099.19375788904
2023-10-20 23:45:00+00:00,5339TH,level,Stage,mASD,0.227,51.671889,-0.019618,537040.518901234,198869.42613683196
2023-10-20 23:45:00+00:00,2803TH,level,Stage,mASD,0.251,51.597129,-0.381769,512183.5425117171,189938.43125575065
2023-10-20 23:45:00+00:00,270669TP,rainfall,Tipping Bucket Raingauge,mm,0.0,51.292403,-1.035495,467350.5255066031,155249.50680641935
2023-10-20 23:45:00+00:00,E10440,level,Stage,mASD,0.261,50.992202,-0.674476,493124.5561879303,122258.6342857649
2023-10-20 23:45:00+00:00,E14430,rainfall,Tipping Bucket Raingauge,mm,0.0,50.760875,-1.670302,423350.5176289142,95749.81460308352
2023-10-20 23:45:00+00:00,4380TH,level,Stage,mASD,0.568,51.39528,0.078815,544720.5776265911,168299.47932266878
2023-10-20 23:45:00+00:00,3061TH,level,Stage,mASD,1.315,51.121978,-0.510356,504350.5097948728,136909.6380984508
2023-10-20 23:45:00+00:00,015347,rainfall,Tipping Bucket Raingauge,mm,0.4,54.804602,-2.221644,385850.55137635954,545548.1992487153
2023-10-20 23:45:00+00:00,4177,level,Stage,mASD,1.99,52.662979,-2.143695,390378.5096704837,307260.98954095395
2023-10-20 23:45:00+00:00,289102TP,rainfall,Tipping Bucket Raingauge,mm,0.0,51.476541,-0.017866,537750.5555259607,177149.44232403234
2023-10-20 23:45:00+00:00,4761,level,Stage,mASD,0.399,52.635449,-1.104604,460693.5369959583,304564.98374822526
2023-10-20 23:45:00+00:00,E25051,rainfall,Tipping Bucket Raingauge,mm,0.0,53.235003,0.102885,540450.5511693129,372948.7624956535
2023-10-20 23:45:00+00:00,3232TH,level,Stage,mASD,1.119,51.161389,-0.135668,530460.5441257451,141889.56598606007
2023-10-20 23:45:00+00:00,2615,level,Stage,mASD,3.353,52.164097,-1.857348,409854.51324314735,251768.1959609856
2023-10-20 23:45:00+00:00,E4482,level,Stage,mASD,0.75,52.755941,-0.534509,499000.5637176871,318598.9534742305
2023-10-20 23:45:00+00:00,3806TH,level,Stage,mASD,0.326,51.614894,-0.189437,525455.5332530364,192226.40633762497
2023-10-20 23:45:00+00:00,2002,level,Stage,mASD,2.75,52.092165,-1.942876,404010.5602144052,243759.27050094103
2023-10-20 23:45:00+00:00,083280,rainfall,Tipping Bucket Raingauge,mm,0.4,53.194682,-1.434915,437850.56681938766,366548.80330592656
2023-10-20 23:45:00+00:00,1984TH,level,Stage,mASD,1.237,51.663282,-1.075268,464056.5328307307,196460.3813511326
2023-10-20 23:45:00+00:00,4044,level,Stage,mASD,0.714,53.2366,-1.145421,457135.573115014,371403.7852783116
2023-10-20 23:45:00+00:00,E2365,rainfall,Tipping Bucket Raingauge,mm,0.0,52.632078,-0.313309,514250.51774108,305149.00879999966
2023-10-20 23:45:00+00:00,055807_TG_320,level,Stage,mASD,2.833,52.051748,-2.720173,350712.51343842864,239507.1917695988
2023-10-20 23:45:00+00:00,3099,rainfall,Tipping Bucket Raingauge,mm,0.0,52.807639,-1.889433,407550.5490971611,323348.95275786216
2023-10-20 23:45:00+00:00,238605TP,rainfall,Tipping Bucket Raingauge,mm,0.0,51.722932,0.136235,547650.5436595291,204849.31528130727
2023-10-20 23:45:00+00:00,2915,level,Stage,mASD,3.147,52.062065,-2.124922,391532.5488388463,240417.1895216682
2023-10-20 23:45:00+00:00,3635TH,level,Stage,mASD,1.041,51.541775,-0.418198,509793.5752145001,183727.3840877126
2023-10-20 23:45:00+00:00,2255,level,Stage,mASD,0.255,52.08804,-2.446839,369480.55496743263,243393.23232424428
2023-10-20 23:45:00+00:00,5459TH,level,Stage,mASD,1.696,51.65178,0.119024,546691.5554920123,196902.3625198648
2023-10-20 23:45:00+00:00,E12450,level,Stage,mASD,0.57,51.061255,-1.307865,448600.5283630571,129329.63876829602
2023-10-20 23:45:00+00:00,3803TH,level,Stage,mASD,7.255,51.627195,-0.287063,518664.5629246552,193431.44013651533
2023-10-20 23:45:00+00:00,2621,level,Stage,mASD,0.817,52.29694,-1.777373,415279.5664644173,266558.11395567685
2023-10-20 23:45:00+00:00,301666,rainfall,Tipping Bucket Raingauge,mm,0.0,51.131926,0.967934,607750.5491379777,141149.553582654
2023-10-20 23:45:00+00:00,4710,level,Stage,mASD,1.51,53.137597,-1.198884,453690.5494558101,360348.8528609965
2023-10-20 23:45:00+00:00,2814TH,level,Stage,mASD,1.411,51.719476,-0.289861,518230.573340808,203689.33729123577
2023-10-20 23:45:00+00:00,240201TP,rainfall,Tipping Bucket Raingauge,mm,0.0,51.884151,-0.454782,506450.5748358585,221749.25333671048
2023-10-20 23:45:00+00:00,3346,rainfall,Tipping Bucket Raingauge,mm,0.2,52.95331,-2.040883,397350.54689070553,339548.8930103114
2023-10-20 23:45:00+00:00,E1890,level,Stage,mASD,0.155,51.1015,0.392574,567610.5728751414,136299.61230747474
2023-10-20 23:45:00+00:00,E1672,level,Stage,mASD,2.408,53.23087,-0.555797,496500.5549504222,371398.7471434329
2023-10-20 23:45:00+00:00,1087,rainfall,Tipping Bucket Raingauge,mm,0.0,52.067173,-1.611177,426750.5750723532,241049.17946596871
2023-10-20 23:45:00+00:00,0710TH,level,Stage,mASD,2.346,51.569689,-1.735909,418400.5312632276,185679.4239912888
2023-10-20 23:45:00+00:00,2129,level,Stage,mASD,0.59,52.417908,-1.54648,430941.5104645773,280087.0831366543
2023-10-20 23:45:00+00:00,1080TH,level,Stage,mASD,0.894,51.793689,-1.564378,430140.5763333141,210649.377840346
2023-10-20 23:45:00+00:00,577271,rainfall,Tipping Bucket Raingauge,mm,0.0,53.783353,-2.991754,334750.5476185513,432348.5643876399
2023-10-20 23:45:00+00:00,035488,rainfall,Tipping Bucket Raingauge,mm,0.2,54.438313,-0.976984,466450.5236956536,505248.3533301161
2023-10-20 23:45:00+00:00,E8770,rainfall,Tipping Bucket Raingauge,mm,0.0,50.893868,0.081008,546450.5496848662,112549.67469329468
2023-10-20 23:45:00+00:00,4050TH,level,Stage,mASD,0.488,51.391152,-0.216322,524200.5379937919,167299.50092167227
2023-10-20 23:45:00+00:00,300001TP,rainfall,Tipping Bucket Raingauge,mm,0.0,51.13979,-0.960059,472850.5658400396,138349.6198539489
2023-10-20 23:45:00+00:00,E13600,rainfall,Tipping Bucket Raingauge,mm,0.0,50.880106,-1.558591,431150.517483649,109049.68844974387
2023-10-20 23:45:00+00:00,E71639,level,Tidal Level,mAOD,0.364,51.114372,1.322641,632650.5288414675,140259.54233473807
2023-10-20 23:45:00+00:00,2293TH,level,Stage,mASD,1.544,51.385195,-1.002649,469500.5532979632,165599.48286076298
2023-10-20 23:45:00+00:00,2666,level,Stage,mASD,0.392,51.85211,-2.233328,384025.5249394757,217083.27797353145
2023-10-20 23:45:00+00:00,261923TP,rainfall,Tipping Bucket Raingauge,mm,0.0,51.825767,-0.852925,479150.5663922645,214749.3790443764
2023-10-20 23:45:00+00:00,552376,rainfall,Tipping Bucket Raingauge,mm,0.1,52.965913,-2.459268,369250.52810673503,341048.9170428898
2023-10-20 23:45:00+00:00,4082,level,Stage,mASD,2.54,52.571268,-1.201273,454230.5727440585,297348.9756450498
2023-10-20 23:45:00+00:00,2976TH,level,Stage,mASD,0.422,51.344527,-0.604091,497320.54830946506,161529.473115312
2023-10-20 23:45:00+00:00,E25041,rainfall,Tipping Bucket Raingauge,mm,0.0,52.786909,-0.264322,517150.5382230143,322448.94684058515
2023-10-20 23:45:00+00:00,E22231,rainfall,Tipping Bucket Raingauge,mm,0.0,51.999613,-0.629985,494150.5732017694,234349.2817319244
2023-10-20 23:45:00+00:00,E2510,rainfall,Tipping Bucket Raingauge,mm,0.2,52.535424,-0.981957,469150.5154965281,293549.06908628653
2023-10-20 23:45:00+00:00,2805TH,level,Stage,mASD,0.166,51.58453,-0.439448,508218.5387628826,188450.45739062547
2023-10-20 23:45:00+00:00,E24187,rainfall,2,mm,0.0,52.218546,1.268312,623350.5600296005,262849.11957567313
2023-10-20 23:45:00+00:00,E37271,rainfall,Tipping Bucket Raingauge,mm,0.0,52.049494,0.452229,568250.5201125069,241849.2150295316
2023-10-20 23:45:00+00:00,E23518,rainfall,Tipping Bucket Raingauge,mm,0.0,52.603459,1.16988,614750.5177575652,305348.97647668613
2023-10-20 23:45:00+00:00,1771TH,level,Stage,mASD,-0.001,51.571482,-1.449342,438260.5456310383,185989.38846833448
2023-10-20 23:45:00+00:00,E1980,rainfall,Tipping Bucket Raingauge,mm,0.0,52.24053,-1.091234,462150.5121770567,260649.12386104657
2023-10-20 23:45:00+00:00,E7105,rainfall,Tipping Bucket Raingauge,mm,0.0,53.359329,-0.017234,532050.5763066079,386548.7220645017
2023-10-20 23:45:00+00:00,E23633,rainfall,Tipping Bucket Raingauge,mm,0.0,51.996269,-0.242627,520750.5150670692,234549.29141537755
2023-10-20 23:45:00+00:00,E25033,rainfall,Tipping Bucket Raingauge,mm,0.1,53.449299,0.032134,535050.5755278933,396648.68528875423
2023-10-20 23:45:00+00:00,E22205,rainfall,Tipping Bucket Raingauge,mm,0.0,52.121748,-0.215784,522250.5210122024,248549.2153892536
2023-10-20 23:45:00+00:00,E7055,rainfall,Tipping Bucket Raingauge,mm,0.0,52.327013,-1.00142,468150.5641718151,270349.07797622256
2023-10-20 23:45:00+00:00,46839,level,Stage,mASD,1.789,52.683384,-1.230147,452140.5477643747,309798.97667013155
2023-10-20 23:45:00+00:00,E24763,rainfall,Tipping Bucket Raingauge,mm,0.0,51.949875,-0.766824,484850.5111254293,228649.29280915475
2023-10-20 23:45:00+00:00,E24930,rainfall,Tipping Bucket Raingauge,mm,0.0,51.820817,1.005761,607250.5258165165,217849.25589070344
2023-10-20 23:45:00+00:00,E7075,rainfall,Tipping Bucket Raingauge,mm,0.2,52.490034,-0.666347,490650.5701116317,288849.0973577371
2023-10-20 23:45:00+00:00,E24854,rainfall,Tipping Bucket Raingauge,mm,0.0,51.623807,0.826545,595750.5268160593,195449.37884841824
2023-10-20 23:45:00+00:00,E7130,rainfall,Tipping Bucket Raingauge,mm,0.2,53.534467,-0.499466,499550.5649657253,405248.6657006288
2023-10-20 23:45:00+00:00,5263TH,level,Stage,mASD,30.566,51.809124,-0.023037,536390.5280284989,214124.34909579752
2023-10-20 23:45:00+00:00,E24703,rainfall,Tipping Bucket Raingauge,mm,0.01,52.023252,-1.13062,459750.5707222807,236449.2864711429
2023-10-20 23:45:00+00:00,E7135,rainfall,Tipping Bucket Raingauge,mm,0.2,53.572235,-0.236854,516850.5764900536,409848.6563551826
2023-10-20 23:45:00+00:00,E37241,rainfall,Tipping Bucket Raingauge,mm,0.0,51.94816,0.481622,570650.5359198729,230649.2342329984
2023-10-20 23:45:00+00:00,E24863,rainfall,Tipping Bucket Raingauge,mm,0.0,51.857943,0.698866,585950.5627702367,221149.29509331725
2023-10-20 23:45:00+00:00,E7160,rainfall,Tipping Bucket Raingauge,mm,0.0,52.649303,-0.762024,483850.5431036618,306448.9785455492
2023-10-20 23:45:00+00:00,241790TP,rainfall,Tipping Bucket Raingauge,mm,0.0,51.871184,-0.064476,533350.5788920519,220949.25074137823
2023-10-20 23:45:00+00:00,E7070,rainfall,Tipping Bucket Raingauge,mm,0.0,52.207563,-0.73336,486650.54634119984,257349.11605137188
2023-10-20 23:45:00+00:00,E24894,rainfall,Tipping Bucket Raingauge,mm,0.0,51.890899,1.212487,621150.5300770364,226249.2481081401
2023-10-20 23:45:00+00:00,E23717,rainfall,Tipping Bucket Raingauge,mm,0.0,52.132732,-0.418436,508350.56291100703,249449.1584674328
2023-10-20 23:45:00+00:00,E23440,rainfall,Tipping Bucket Raingauge,mm,0.0,52.825263,1.408721,629750.5422682043,330748.949297756
2023-10-20 23:45:00+00:00,E23487,rainfall,Tipping Bucket Raingauge,mm,0.0,52.153042,1.061731,609550.5147505092,254949.20293408705
2023-10-20 23:45:00+00:00,E46061,rainfall,Tipping Bucket Raingauge,mm,0.0,53.546796,-0.159424,522050.52007188025,407148.6047954232
2023-10-20 23:45:00+00:00,E10120,rainfall,Tipping Bucket Raingauge,mm,0.0,51.120939,-0.616127,496950.52509259095,136649.59577277617
2023-10-20 23:45:00+00:00,1489TH,level,Stage,mASD,7.625,51.819783,-1.242178,452331.5268385117,213733.33515768973
2023-10-20 23:45:00+00:00,5151TH,level,Stage,mASD,1.348,51.812151,0.158674,548906.5549852704,214816.3744677579
2023-10-20 23:45:00+00:00,1606,rainfall,Tipping Bucket Raingauge,mm,0.0,51.952233,-2.735485,349550.5278240346,228449.26218219817
2023-10-20 23:45:00+00:00,2607TH,level,Downstream Stage,mASD,3.367,51.509305,-0.69032,490987.5363959628,179743.5041429267
2023-10-20 23:45:00+00:00,E1533,level,Stage,mASD,0.918,52.526819,-0.428685,506697.5466495279,293265.00122794684
2023-10-20 23:45:00+00:00,0503SO,level,Stage,mASD,0.348,51.132785,0.453941,571790.5550180782,139919.59433226645
2023-10-20 23:45:00+00:00,2321SO,rainfall,Tipping Bucket Raingauge,mm,0.0,50.83729,-0.377415,514350.56849942816,105449.77559833646
2023-10-20 23:45:00+00:00,3996,rainfall,Tipping Bucket Raingauge,mm,0.0,52.897989,-0.911045,473350.5138886292,333948.9478365924
2023-10-20 23:45:00+00:00,2653,level,Stage,mASD,0.173,51.88594,-2.093645,393651.5311281985,220824.3480692647
2023-10-20 23:45:00+00:00,E7270,rainfall,Tipping Bucket Raingauge,mm,0.0,50.890762,0.554388,579750.5216290118,113249.68317894082
2023-10-20 23:45:00+00:00,1602,rainfall,Tipping Bucket Raingauge,mm,0.0,52.05292,-2.737138,349550.5119622125,239649.21857599
2023-10-20 23:45:00+00:00,E6380,level,Stage,mAOD,0.041,50.989632,0.75505,593450.5615022253,124749.62324370568
2023-10-20 23:45:00+00:00,0655TH,level,Stage,mASD,0.086,51.761338,-1.835711,411435.5150542049,206974.32791674923
2023-10-20 23:45:00+00:00,5480TH,level,Stage,mASD,0.363,51.576239,0.040575,541499.5382958788,188347.46872822064
2023-10-20 23:45:00+00:00,E24732,rainfall,Tipping Bucket Raingauge,mm,0.0,52.516458,0.988183,602850.5679143312,295149.0733322269
2023-10-20 23:45:00+00:00,E24756,rainfall,Tipping Bucket Raingauge,mm,0.0,52.494069,1.157581,614450.5379111721,293149.061285356
2023-10-20 23:45:00+00:00,E72639,level,Tidal Level,mAOD,3.317,51.49999,-2.728468,349530.5190724098,178146.47227521733
2023-10-20 23:45:00+00:00,E24746,rainfall,Tipping Bucket Raingauge,mm,0.0,52.089557,-0.0565,533250.5250282139,245249.2164236844
2023-10-20 23:45:00+00:00,E24712,rainfall,Tipping Bucket Raingauge,mm,0.0,52.016759,-0.488107,503850.5451089265,236449.23041094377
2023-10-20 23:45:00+00:00,E7155,rainfall,Tipping Bucket Raingauge,mm,0.0,52.645246,-0.420704,506950.5514475199,306449.0030433408
2023-10-20 23:45:00+00:00,E7065,rainfall,Tipping Bucket Raingauge,mm,0.0,52.56456,-0.5077,501250.5704283061,297349.0684940244
2023-10-20 23:45:00+00:00,E24317,level,Stage,mASD,0.077,52.21309,-0.281653,517500.5752725776,258599.18780325845
2023-10-20 23:45:00+00:00,4821,level,Stage,mASD,0.111,53.134236,-1.430342,438209.5714506136,359826.8122561904
2023-10-20 23:45:00+00:00,E2416,rainfall,Tipping Bucket Raingauge,mm,0.0,52.808243,-0.129942,526150.5340751009,325048.9485793345
2023-10-20 23:45:00+00:00,2898,level,Stage,mASD,0.419,52.369692,-2.062663,395830.57475984376,274629.07879789226
2023-10-20 23:45:00+00:00,E22322,rainfall,Tipping Bucket Raingauge,mm,0.0,52.227467,0.741731,587350.5373774669,262349.1641645896
2023-10-20 23:45:00+00:00,4205,level,Stage,mASD,0.407,52.765357,-1.214327,453110.5213166939,318928.9558754366
2023-10-20 23:45:00+00:00,290200TP,rainfall,Tipping Bucket Raingauge,mm,0.0,51.280521,0.134285,548950.550457462,155649.5662606308
2023-10-20 23:45:00+00:00,2549,level,Stage,mASD,0.339,51.767788,-2.179956,387678.5206462177,207694.34431359533
2023-10-20 23:45:00+00:00,E21838,level,Stage,mASD,2.007,52.453082,0.545246,573050.5537358357,286949.02955899824
2023-10-20 23:45:00+00:00,2880TH,level,Downstream Stage,mASD,0.664,51.559236,-0.484082,505184.572807621,185572.48136591964
2023-10-20 23:45:00+00:00,281186TP,rainfall,Tipping Bucket Raingauge,mm,0.0,51.119894,-0.851916,480450.5355701937,136249.5590866293
2023-10-20 23:45:00+00:00,1760,rainfall,Tipping Bucket Raingauge,mm,0.0,52.140634,-1.974376,401850.5651112796,249149.1749688034
2023-10-20 23:45:00+00:00,3850TH,level,Stage,mASD,0.281,51.551558,-0.267837,520194.5620143668,185051.4632229444
2023-10-20 23:45:00+00:00,SE730,level,Stage,mASD,0.136,51.272544,0.525902,576290.5415500988,155629.51106366373
2023-10-20 23:45:00+00:00,4815,level,Stage,mASD,1.025,53.007835,-2.185525,387648.5224527395,345629.8607743095
2023-10-20 23:45:00+00:00,E13580,rainfall,Tipping Bucket Raingauge,mm,0.1,51.103128,-1.562184,430750.5668094711,133849.61561819637
2023-10-20 23:45:00+00:00,E10500,rainfall,Tipping Bucket Raingauge,mm,0.0,51.000801,-0.904738,476950.5262065122,122949.6132994349
2023-10-20 23:45:00+00:00,5378TH,level,Stage,mASD,1.117,51.603395,-0.012274,537755.5600039721,191266.42297589843
2023-10-20 23:45:00+00:00,2024,level,Stage,mASD,0.608,52.555203,-2.376056,374600.5423797157,295329.03689804306
2023-10-20 23:45:00+00:00,E7071,level,Stage,mASD,0.335,50.899199,0.375972,567173.5651343871,113768.66625481151
2023-10-20 23:45:00+00:00,4389TH,level,Stage,mASD,0.087,51.45563,0.00613,539480.5675515041,174869.50746769112
2023-10-20 23:45:00+00:00,080282,rainfall,Tipping Bucket Raingauge,mm,0.2,53.679365,-1.478411,434550.5503856495,420448.6678760536
2023-10-20 23:45:00+00:00,E4403,level,Stage,mASD,3.008,53.070452,-0.196967,520900.51706394367,354098.7875559187
2023-10-20 23:45:00+00:00,E19031,level,Stage,mASD,2.09,52.175048,0.01962,538200.5241390804,254899.1387398113
2023-10-20 23:45:00+00:00,550148,rainfall,Tipping Bucket Raingauge,mm,0.1,53.409248,-3.113909,326050.5275852814,390848.72978617065
2023-10-20 23:45:00+00:00,E22088,level,Stage,mASD,2.065,52.073044,-0.805148,481991.539647683,242304.2684308857
2023-10-20 23:45:00+00:00,E5660,rainfall,Tipping Bucket Raingauge,mm,0.0,51.083056,0.871982,601250.5316975367,135449.6673719676
2023-10-20 23:45:00+00:00,2052,level,1,mASD,1.128,52.879618,-2.55338,362855.5360601536,331493.8878907562
2023-10-20 23:45:00+00:00,4155,level,Stage,mASD,2.353,52.896019,-0.962231,469910.5356086015,333678.84993117384
2023-10-20 23:45:00+00:00,E11350,level,Stage,mASD,1.188,50.791953,-1.170468,458565.5414068,99481.8006630342
2023-10-20 23:45:00+00:00,264845TP,rainfall,Tipping Bucket Raingauge,mm,0.0,51.532367,-1.135676,460050.5258013017,181849.4379292598
2023-10-20 23:45:00+00:00,4730TH,level,Stage,mASD,0.075,51.876889,-0.28128,518410.5683422231,221209.25066304705
2023-10-20 23:45:00+00:00,1770,rainfall,Tipping Bucket Raingauge,mm,0.0,52.288216,-1.222206,453150.5332959841,265849.1356185697
2023-10-20 23:45:00+00:00,3075TH,level,Stage,mASD,0.828,51.287835,-0.505999,504280.5786332764,155359.594211571
2023-10-20 23:45:00+00:00,3056TH,level,Stage,mASD,0.935,51.192355,-0.598504,498032.56410717376,144614.605284072
2023-10-20 23:45:00+00:00,558016,rainfall,Tipping Bucket Raingauge,mm,0.0,53.24456,-1.997705,400250.530560473,371948.76580502
2023-10-20 23:45:00+00:00,4006,level,Stage,mASD,2.708,52.805262,-2.011076,399350.52318006696,323078.8906439714
2023-10-20 23:45:00+00:00,4193,level,Stage,mASD,6.598,52.760041,-0.853952,477435.5349227188,318663.92022329
2023-10-20 23:45:00+00:00,3101SE,level,Stage,mASD,0.817,51.088829,-1.2729,451020.5450814527,132419.6463561762
2023-10-20 23:45:00+00:00,E714,level,Stage,mASD,0.324,51.108316,0.172486,552180.5574900012,136579.60473471542
2023-10-20 23:45:00+00:00,586056,rainfall,Tipping Bucket Raingauge,mm,0.0,54.264682,-2.808288,347450.548453584,485748.3615047221
2023-10-20 23:45:00+00:00,3588,rainfall,Tipping Bucket Raingauge,mm,0.0,52.958861,-1.577925,428450.55828800646,340248.8728813858
2023-10-20 23:45:00+00:00,592158,rainfall,Tipping Bucket Raingauge,mm,0.0,54.498215,-3.557159,299250.5379705528,512548.2638599117
2023-10-20 23:45:00+00:00,3115TH,level,Stage,mASD,0.631,51.430935,-0.496618,504608.57204675,171286.45694062745
2023-10-20 23:45:00+00:00,5544TH,level,Stage,mAOD,-0.747,51.528524,0.165429,550307.5668212711,183290.41757282
2023-10-20 23:45:00+00:00,2634,level,Stage,mASD,2.867,52.311774,-2.625404,357460.53549765225,268369.14776896354
2023-10-20 23:45:00+00:00,E21034,level,Stage,mASD,0.206,52.145596,-0.405558,509200.5342013992,250899.15594479165
2023-10-20 23:45:00+00:00,E11723,level,Stage,mASD,0.121,50.99496,-1.033579,467918.5111565655,122173.68544453106
2023-10-20 23:45:00+00:00,4180,level,Stage,mASD,1.671,52.910637,-1.862124,409369.517716783,334809.8607620056
2023-10-20 23:45:00+00:00,4196,level,Stage,mASD,2.04,52.78322,-1.279553,448689.56868831394,320869.9679903023
2023-10-20 23:45:00+00:00,602253,rainfall,Tipping Bucket Raingauge,mm,0.0,54.779014,-2.608625,360950.5616609976,542848.239577131
2023-10-20 23:45:00+00:00,055031_TG_329,level,Stage,mASD,0.183,52.069153,-2.743532,349130.5603374891,241459.20338597384
2023-10-20 23:45:00+00:00,1774,rainfall,Tipping Bucket Raingauge,mm,0.2,52.338976,-2.542273,363150.5625156346,271349.1324589982
2023-10-20 23:45:00+00:00,2833,level,Stage,mASD,3.816,52.747481,-2.972523,334449.54529082804,317094.95227590384
2023-10-20 23:45:00+00:00,036704,rainfall,Tipping Bucket Raingauge,mm,0.0,54.434842,-0.550006,494150.57130366674,505348.3035731888
2023-10-20 23:45:00+00:00,2265,level,Stage,mASD,2.392,52.664358,-2.905911,338829.5659288999,307790.00752305234
2023-10-20 23:45:00+00:00,1483TH,level,Stage,mASD,2.116,51.861059,-1.119228,460750.5331692143,218419.28308756772
2023-10-20 23:45:00+00:00,034459,rainfall,Tipping Bucket Raingauge,mm,0.2,54.518191,-0.964175,467150.5284446109,514148.26203607
2023-10-20 23:45:00+00:00,5190TH,level,Stage,mASD,1.481,51.764828,0.015113,539156.5352077202,209270.39491588963
2023-10-20 23:45:00+00:00,E2647,level,Stage,mASD,0.393,52.654318,-0.461033,504200.5637831763,307399.0402689979
2023-10-20 23:45:00+00:00,4843,level,Stage,mASD,1.79,52.981564,-2.19971,386688.56186607433,342709.9088219871
2023-10-20 23:45:00+00:00,5112TH,level,Stage,mASD,0.932,51.965459,0.146003,547530.5717723347,231839.26931444136
2023-10-20 23:45:00+00:00,2486TH,level,Stage,mASD,0.707,51.40345,-0.836924,481000.54419319786,167799.47303416108
2023-10-20 23:45:00+00:00,4079,level,Stage,mASD,1.18,52.858989,-2.187087,387500.5092851389,329071.9635301733
2023-10-20 23:45:00+00:00,1201TH,level,Stage,mASD,0.062,51.774692,-1.356854,444471.5097510069,208642.34904415367
2023-10-20 23:45:00+00:00,E72239,level,Tidal Level,mAOD,0.283,50.103007,-5.542779,146759.54461641065,28558.985942108277
2023-10-20 23:45:00+00:00,E4823,level,Stage,mASD,0.7,52.529248,-0.758769,484300.5156750048,293098.9889116934
2023-10-20 23:45:00+00:00,E8040,rainfall,Tipping Bucket Raingauge,mm,0.0,50.930862,0.267671,559450.526119252,117049.62858399114
2023-10-20 23:45:00+00:00,1995TH,level,Stage,mASD,0.075,51.619653,-1.073786,464220.5290126006,191609.4378218158
2023-10-20 23:45:00+00:00,043533,rainfall,Tipping Bucket Raingauge,mm,0.0,53.999217,-0.43093,502950.5356257621,457048.5189219465
2023-10-20 23:45:00+00:00,E15500,rainfall,Tipping Bucket Raingauge,mm,0.0,51.435174,0.135731,548550.5441279024,172849.43950747076
2023-10-20 23:45:00+00:00,3179,rainfall,Tipping Bucket Raingauge,mm,0.2,52.69041,-0.920654,473050.5437278152,310848.9603585409
2023-10-20 23:45:00+00:00,277407TP,rainfall,Tipping Bucket Raingauge,mm,0.0,51.686586,-0.341445,514750.567706994,199949.41517592827
2023-10-20 23:45:00+00:00,E14940,rainfall,Tipping Bucket Raingauge,mm,0.0,50.681247,-1.198111,456750.52392399166,87149.8240680119
2023-10-20 23:45:00+00:00,570788,rainfall,Tipping Bucket Raingauge,mm,0.1,53.653543,-2.654324,356850.56112232234,417648.61104846606
2023-10-20 23:45:00+00:00,1040,rainfall,Tipping Bucket Raingauge,mm,0.0,52.309441,-1.774803,415450.5140805691,267949.1623067541
2023-10-20 23:45:00+00:00,4391TH,level,Stage,mASD,0.215,51.442857,0.029817,541165.527684534,173494.49169156162
2023-10-20 23:45:00+00:00,2700,level,Stage,mASD,11.113,51.991326,-2.162837,388915.5340729138,232554.29389119812
2023-10-20 23:45:00+00:00,E15260,level,Stage,mASD,0.234,51.450401,0.173287,551110.5318911246,174619.41985209894
2023-10-20 23:45:00+00:00,E7061,level,Stage,mASD,0.454,50.90222,0.393649,568405.5607982058,114144.72209436409
2023-10-20 23:45:00+00:00,4164,level,Stage,mASD,1.005,53.308371,-0.942655,470550.5609259625,379568.7895543934
2023-10-20 23:45:00+00:00,2034,level,Stage,mASD,0.927,52.385318,-2.337878,377100.55457222974,276419.1423094719
2023-10-20 23:45:00+00:00,E3474,rainfall,Tipping Bucket Raingauge,mm,0.0,51.322006,1.228535,625050.5408357137,163049.55278146063
2023-10-20 23:45:00+00:00,E4330,level,Stage,mASD,0.169,51.145063,0.846976,599232.5760249859,142275.57190313638
2023-10-20 23:45:00+00:00,3235TH,level,Stage,mASD,2.629,51.186743,-0.163694,528430.553654379,144659.58351476636
2023-10-20 23:45:00+00:00,4019,level,Stage,mASD,2.428,52.780647,-1.647106,423900.5532096429,320398.916502026
2023-10-20 23:45:00+00:00,4183,level,Stage,mASD,2.616,53.070627,-2.041308,397329.5570168127,352599.870499478
2023-10-20 23:45:00+00:00,E2420,rainfall,Tipping Bucket Raingauge,mm,0.1,51.130083,0.749109,592450.5226643523,140349.58963812434
2023-10-20 23:45:00+00:00,E21335,rainfall,Tipping Bucket Raingauge,mm,0.2,52.132397,-0.953181,471750.5542753539,248749.18092157884
2023-10-20 23:45:00+00:00,4383TH,level,Stage,mASD,0.92,51.411956,0.051097,542740.5114863444,170099.51239396594
2023-10-20 23:45:00+00:00,5442TH,level,Stage,mASD,1.225,51.661693,0.209122,552890.5254901075,198189.36861548177
2023-10-20 23:45:00+00:00,E8266,level,Stage,mASD,0.178,51.038451,-0.100268,533288.5311255595,128282.68294115431
2023-10-20 23:45:00+00:00,E10368,level,Stage,mASD,0.203,51.037463,-0.89988,477230.5576103104,127031.61794989306
2023-10-20 23:45:00+00:00,2830TH,level,Downstream Stage,mASD,-0.303,51.670654,-0.380235,512108.53123954736,198117.42579251053
2023-10-20 23:45:00+00:00,E8480,rainfall,Tipping Bucket Raingauge,mm,0.0,50.991504,0.152348,551150.5270586624,123549.66812959786
2023-10-20 23:45:00+00:00,2223,level,Stage,mASD,0.276,51.896062,-2.069746,395297.5074674241,221948.30645970488
2023-10-20 23:45:00+00:00,4123,level,Stage,mASD,2.074,52.567357,-1.52579,432239.5693316871,296719.98963413906
2023-10-20 23:45:00+00:00,4040,level,Downstream Stage,mASD,0.737,53.017569,-2.162134,389220.51302537904,346708.9121145442
2023-10-20 23:45:00+00:00,E5670,rainfall,Tipping Bucket Raingauge,mm,0.0,50.943595,0.945951,607050.5299203717,120149.6235310144
2023-10-20 23:45:00+00:00,E21609,level,Stage,mASD,0.47,52.133733,-0.460042,505500.5567731153,249499.246805984
2023-10-20 23:45:00+00:00,2094,level,Stage,mASD,1.773,52.274092,-1.88959,407630.5318489681,263999.12738408084
2023-10-20 23:45:00+00:00,3642,rainfall,Tipping Bucket Raingauge,mm,0.0,52.762972,-1.234524,451750.5704201764,318648.9707377668
2023-10-20 23:45:00+00:00,2901TH,level,Downstream Stage,mASD,3.263,51.414528,-0.499731,504429.5249953653,169457.45376599513
2023-10-20 23:45:00+00:00,2091,level,Stage,mASD,2.05,52.284932,-1.562658,429930.5695601465,265289.1247502245
2023-10-20 23:45:00+00:00,E1976,rainfall,Tipping Bucket Raingauge,mm,0.0,52.615107,-0.675844,489750.5189128633,302748.96556244564
2023-10-20 23:45:00+00:00,2937TH,level,Stage,mASD,1.62,51.386331,-0.501357,504380.5558752531,166319.45627693657
2023-10-20 23:45:00+00:00,013045,rainfall,Tipping Bucket Raingauge,mm,0.1,54.742208,-2.378185,375750.5347067746,538648.243126161
2023-10-20 23:45:00+00:00,E73039,level,Tidal Level,mAOD,1.196,51.70739,-5.05153,189261.3216527364,205370.58055651
2023-10-20 23:45:00+00:00,4126,level,Stage,mASD,2.977,52.92478,-1.166968,456100.5680685297,336698.93378444994
2023-10-20 23:45:00+00:00,290578TP,rainfall,Tipping Bucket Raingauge,mm,0.0,51.367354,0.204407,553550.5165086456,165449.4933666549
2023-10-20 23:45:00+00:00,E8221,level,Stage,mASD,0.477,50.975187,0.034071,542900.5233036574,121499.6456150148
2023-10-20 23:45:00+00:00,E22283,rainfall,Tipping Bucket Raingauge,mm,0.0,52.402761,0.279187,555150.5294933266,280749.0587394588
2023-10-20 23:45:00+00:00,239579TP,rainfall,Tipping Bucket Raingauge,mm,0.0,51.527809,0.085279,544750.5733834124,183049.40481086168
2023-10-20 23:45:00+00:00,5546TH,level,Stage,mASD,1.038,51.599864,0.249585,555900.5454502305,191399.449157333
2023-10-20 23:45:00+00:00,E642,level,Stage,mASD,0.777,51.250834,0.447181,570880.5646277824,153029.5914173903
2023-10-20 23:45:00+00:00,2261,level,Stage,mASD,0.535,51.868901,-2.196147,386591.52992682107,218943.27121559187
2023-10-20 23:45:00+00:00,E4412,level,Stage,mASD,0.936,51.133674,0.880127,601600.5600738539,141099.64192874092
2023-10-20 23:45:00+00:00,074924,rainfall,Tipping Bucket Raingauge,mm,0.2,53.829697,-1.976406,401650.5472757591,437048.51295435295
2023-10-20 23:45:00+00:00,5518TH,level,Stage,mASD,0.343,51.597866,0.154258,549305.5730409658,190978.3736183573
2023-10-20 23:45:00+00:00,E24889,rainfall,Tipping Bucket Raingauge,mm,0.0,52.35513,1.431153,633750.5473343893,278549.0972255016
2023-10-20 23:45:00+00:00,1414TH,level,Stage,mASD,2.031,52.08027,-1.319158,446754.5419905987,242653.21150528511
2023-10-20 23:45:00+00:00,E670,level,Stage,mASD,1.29,51.254622,0.485076,573510.5727343141,153539.5844272771
2023-10-20 23:45:00+00:00,035024NE,rainfall,Tipping Bucket Raingauge,mm,0.2,54.505434,-0.84558,474850.56682398845,512848.3098570376
2023-10-20 23:45:00+00:00,E42961,rainfall,Tipping Bucket Raingauge,mm,0.0,52.945882,0.745281,584550.5507428678,342248.8825297411
2023-10-20 23:45:00+00:00,2008,level,Stage,mASD,5.369,52.313207,-2.591539,359770.5389353991,268509.1298224474
2023-10-20 23:45:00+00:00,1465TH,level,Stage,mASD,1.982,51.840425,-1.30005,448320.5643177955,215989.2814584832
2023-10-20 23:45:00+00:00,4535,level,Stage,mASD,0.802,52.897211,-1.882427,408006.5638523274,333313.8869037095
2023-10-20 23:45:00+00:00,063518,rainfall,Tipping Bucket Raingauge,mm,0.2,53.876425,-1.532241,430850.573878177,442348.5520526163
2023-10-20 23:45:00+00:00,2228,level,Stage,mASD,1.023,52.298087,-2.55805,362040.5678647029,266809.1895582507
2023-10-20 23:45:00+00:00,2107,level,Stage,mASD,1.589,52.344778,-3.043943,328980.53931551235,272369.16745564336
2023-10-20 23:45:00+00:00,2669,level,Stage,mASD,0.443,52.67455,-2.379329,374448.52080925513,308606.0184790458
2023-10-20 23:45:00+00:00,2613TH,level,Stage,mASD,1.994,51.436318,-0.747222,487177.5563476059,171557.4969709581
2023-10-20 23:45:00+00:00,E8210,level,Stage,mASD,0.197,51.002867,-0.027718,538480.576739491,124459.62834423572
2023-10-20 23:45:00+00:00,1801TH,level,Stage,mASD,0.432,51.648617,-1.210808,454699.5673493436,194719.4274938077
2023-10-20 23:45:00+00:00,2548,level,Stage,mASD,0.286,52.300223,-2.751592,348844.53240354813,267166.17559140903
2023-10-20 23:45:00+00:00,2409TH,level,Stage,mASD,0.278,51.3188,-1.019874,468400.5516266281,158199.52146105343
2023-10-20 23:45:00+00:00,E2270,level,Stage,mASD,0.919,51.148275,0.682267,587700.5709268214,142199.57226006957
2023-10-20 23:45:00+00:00,43201,rainfall,Tipping Bucket Raingauge,mm,0.0,51.085428,-2.353299,375350.5146389961,131849.63144006298
2023-10-20 23:45:00+00:00,4790TH,level,Stage,mASD,0.493,51.803418,-0.141267,528256.5124991162,213275.32671755692
2023-10-20 23:45:00+00:00,1813,rainfall,Tipping Bucket Raingauge,mm,0.0,51.749956,-2.336734,376850.5714956355,205749.40752209348
2023-10-20 23:45:00+00:00,261602TP,rainfall,Tipping Bucket Raingauge,mm,0.0,51.772802,-0.689041,490550.5515472002,209049.28834006464
2023-10-20 23:45:00+00:00,3695TH,level,Stage,mASD,0.182,51.463986,-0.340257,515394.5419397708,175196.4993991949
2023-10-20 23:45:00+00:00,E71439,level,Tidal Level,mAOD,0.341,51.947978,1.292108,626340.5818186913,232840.2125975201
2023-10-20 23:45:00+00:00,E12551,level,Stage,mASD,0.183,51.087739,-1.189248,456880.5524711002,132359.5932358521
2023-10-20 23:45:00+00:00,2883TH,level,Stage,mASD,0.924,51.518153,-0.498245,504296.5755435605,180983.44170949905
2023-10-20 23:45:00+00:00,062046,rainfall,Tipping Bucket Raingauge,mm,0.0,54.071438,-1.913617,405750.5536584293,463948.486501036
2023-10-20 23:45:00+00:00,4326TH,level,Stage,mASD,0.532,51.422952,-0.007672,538620.5356126114,171209.5219784107
2023-10-20 23:45:00+00:00,48155,rainfall,Tipping Bucket Raingauge,mm,0.0,50.593242,-4.743017,205950.55697209435,80649.85806115005
2023-10-20 23:45:00+00:00,49162,rainfall,Tipping Bucket Raingauge,mm,0.2,50.438007,-4.948114,190750.56478839464,63949.90302176075
2023-10-20 23:45:00+00:00,4055,level,Stage,mASD,1.341,52.998306,-1.525391,431950.5546387993,344658.90622716886
2023-10-20 23:45:00+00:00,2087,level,Stage,mASD,3.613,52.00171,-2.163093,388900.55039722886,233709.3036241563
2023-10-20 23:45:00+00:00,2702TH,level,Stage,mASD,0.186,51.438166,-0.537257,501767.52050287375,172033.42301670878
2023-10-20 23:45:00+00:00,E13840,level,Stage,mASD,0.274,51.213634,-1.369723,444120.5355261107,146236.54388194816
2023-10-20 23:45:00+00:00,4086,level,Stage,mASD,2.405,52.573856,-1.13453,458750.5199198729,297689.0024636463
2023-10-20 23:45:00+00:00,E14080,rainfall,Tipping Bucket Raingauge,mm,0.0,51.252655,-1.256994,451950.55007760326,150649.57788891997
2023-10-20 23:45:00+00:00,E40684,level,Stage,mASD,2.409,53.460884,-0.474196,501400.5402140824,397098.6512112356
2023-10-20 23:45:00+00:00,E13961,level,Stage,mASD,0.122,51.152158,-1.460093,437858.5308011153,139349.60609900652
2023-10-20 23:45:00+00:00,3040TH,level,Stage,mASD,0.551,51.181979,-0.750222,487450.557957039,143269.6072002417
2023-10-20 23:45:00+00:00,560557,rainfall,Tipping Bucket Raingauge,mm,0.6,53.431001,-2.352893,376650.536982501,392748.6648086083
2023-10-20 23:45:00+00:00,4118,level,Stage,mASD,1.503,53.233981,-1.032134,464700.5746709894,371208.7483322873
2023-10-20 23:45:00+00:00,E8350,level,Stage,mASD,0.086,51.006255,-0.079888,534810.5702369798,124739.70627473644
2023-10-20 23:45:00+00:00,490001TP,rainfall,Tipping Bucket Raingauge,mm,0.0,51.903913,0.021245,539150.5361918733,224749.2854044907
2023-10-20 23:45:00+00:00,1119,rainfall,Tipping Bucket Raingauge,mm,0.2,52.031946,-2.435056,370250.50892411056,237149.18881916412
2023-10-20 23:45:00+00:00,3290TH,level,Stage,mASD,1.688,51.381714,-0.377493,513010.5767548675,165989.46302542053
2023-10-20 23:45:00+00:00,239258TP,rainfall,Tipping Bucket Raingauge,mm,0.0,51.664377,0.040933,541250.578837622,198149.3528675828
2023-10-20 23:45:00+00:00,2180TH,level,Stage,mASD,1.443,51.468325,-1.08539,463627.5087842355,174769.49355703354
2023-10-20 23:45:00+00:00,E9660,rainfall,Tipping Bucket Raingauge,mm,0.0,50.929364,-0.469557,507650.52481447696,115549.6819592308
2023-10-20 23:45:00+00:00,1503TH,level,Stage,mASD,0.005,51.670388,-1.268257,450700.5744816405,197099.38550866023
2023-10-20 23:45:00+00:00,4125,level,Stage,mASD,1.663,52.874007,-1.799498,413592.52104955167,330744.94077703624
2023-10-20 23:45:00+00:00,562656,rainfall,Tipping Bucket Raingauge,mm,0.2,53.539768,-2.35078,376850.5150978111,404848.6880267696
2023-10-20 23:45:00+00:00,4189TH,level,Stage,mASD,0.148,51.421965,-0.173411,527100.5651247039,170799.4900835774
2023-10-20 23:45:00+00:00,E6140,level,Stage,mASD,0.247,50.950221,0.630976,584900.5299260027,120049.64111889985
2023-10-20 23:45:00+00:00,294323,rainfall,Water,mm,0.0,51.206865,0.129446,548850.5424164728,147449.57589470284
2023-10-20 23:45:00+00:00,E15720,rainfall,Water,mm,0.0,51.291987,0.195058,553150.543920822,157049.49696392243
2023-10-20 23:45:00+00:00,2169,level,Stage,mASD,3.671,52.381603,-2.724237,350800.51396169513,276199.08533581736
2023-10-20 23:45:00+00:00,2036,level,Stage,mASD,1.478,52.064842,-1.966688,402380.5474866225,240719.18852566445
2023-10-20 23:45:00+00:00,1790TH,level,Downstream Stage,mASD,0.304,51.666656,-1.305189,448150.5110881678,196659.3865702873
2023-10-20 23:45:00+00:00,079621,rainfall,Tipping Bucket Raingauge,mm,0.1,53.698015,-1.667505,422050.5106010374,422448.6563967102
2023-10-20 23:45:00+00:00,3014,rainfall,Tipping Bucket Raingauge,mm,0.2,52.886657,-2.182004,387850.5577731019,332148.941064612
2023-10-20 23:45:00+00:00,E14722,level,Stage,mASD,0.836,50.664649,-1.176646,458287.5364191642,85320.78616761837
2023-10-20 23:45:00+00:00,4208,level,Stage,mASD,0.655,52.969773,-1.07353,462317.5273965998,341780.89402617124
2023-10-20 23:45:00+00:00,E12801,level,Stage,mASD,0.29,51.090021,-1.181212,457440.5546289491,132619.59214513534
2023-10-20 23:45:00+00:00,1100TH,level,Stage,mASD,0.84,51.757544,-1.366384,443830.5413445564,206729.39382004563
2023-10-20 23:45:00+00:00,0184TH,level,Stage,mASD,2.257,51.61322,-1.87404,408818.5190054804,190495.37424675503
2023-10-20 23:45:00+00:00,E160,rainfall,Tipping Bucket Raingauge,mm,0.0,51.384733,0.626364,582850.5225750196,168349.46530702795
2023-10-20 23:45:00+00:00,2804TH,level,Stage,mASD,0.471,51.589297,-0.381167,512244.5232801771,189068.370991159
2023-10-20 23:45:00+00:00,0311TH,level,Stage,mASD,1.482,51.553565,-1.803214,413740.5245500445,183871.47076409005
2023-10-20 23:45:00+00:00,558844,rainfall,Tipping Bucket Raingauge,mm,0.3,53.49079,-1.883147,407850.5412139952,399348.66043220565
2023-10-20 23:45:00+00:00,4186TH,level,Stage,mASD,0.904,51.416099,-0.143444,529200.5565778625,170199.5395694427
2023-10-20 23:45:00+00:00,032822,rainfall,Tipping Bucket Raingauge,mm,0.0,54.633845,-1.480219,433650.5264502477,526648.2612260538
2023-10-20 23:45:00+00:00,E1013,level,Stage,mASD,0.971,53.496174,-0.11262,525300.5213238109,401598.7123381509
2023-10-20 23:45:00+00:00,E12430,level,Stage,mASD,0.416,50.987637,-1.34415,446130.5665492629,121119.61812746478
2023-10-20 23:45:00+00:00,1812,rainfall,Tipping Bucket Raingauge,mm,0.0,51.89986,-2.41343,371650.5716943877,222449.28640535005
2023-10-20 23:45:00+00:00,034091,rainfall,Tipping Bucket Raingauge,mm,0.0,54.596104,-1.039588,462150.5639543863,522748.3297707759
2023-10-20 23:45:00+00:00,E4080,rainfall,Tipping Bucket Raingauge,mm,0.0,51.258867,1.033447,611750.5552823804,155449.54637890166
2023-10-20 23:45:00+00:00,3101TH,level,Stage,mASD,0.159,51.399708,-0.4156,510315.5316324818,167932.49982827596
2023-10-20 23:45:00+00:00,026090,rainfall,Tipping Bucket Raingauge,mm,0.2,54.760776,-1.340287,442550.53587620496,540848.2040155629
2023-10-20 23:45:00+00:00,0569TH,level,Stage,mASD,4.024,51.663588,-1.749677,417410.5615528283,196119.3857228124
2023-10-20 23:45:00+00:00,4912TH,level,Stage,mASD,0.236,51.946826,-0.016987,536390.5204026129,229449.24607909968
2023-10-20 23:45:00+00:00,2886TH,level,Stage,mASD,0.195,51.598796,-0.376829,512521.5748743768,190131.4007118982
2023-10-20 23:45:00+00:00,E7170,rainfall,Tipping Bucket Raingauge,mm,0.0,53.077492,-0.622888,492350.5228984937,354248.8162287624
2023-10-20 23:45:00+00:00,3275,rainfall,Tipping Bucket Raingauge,mm,0.0,52.635078,-1.944539,403850.5551776288,304149.0310704987
2023-10-20 23:45:00+00:00,E15520,rainfall,Water,mm,0.0,51.395266,0.296316,559850.5500421298,168749.5112221436
2023-10-20 23:45:00+00:00,2606,level,Stage,mASD,4.863,51.969234,-2.193572,386798.543203073,230102.2775396321
2023-10-20 23:45:00+00:00,4168,level,Stage,mASD,1.688,52.893044,-1.72631,418510.5565500133,332878.8993522896
2023-10-20 23:45:00+00:00,2017,level,Stage,mASD,2.366,51.909034,-2.32673,377620.57457297016,223439.3107603993
2023-10-20 23:45:00+00:00,E71739,level,Tidal Level,mAOD,0.661,50.781775,0.057004,545109.5786407868,100038.79675520452
2023-10-20 23:45:00+00:00,1740,rainfall,Tipping Bucket Raingauge,mm,0.0,52.392235,-1.324715,446050.5378555799,277349.1161104215
2023-10-20 23:45:00+00:00,E10380,level,Stage,mASD,2.89,50.983264,-0.669759,493473.5225847449,121270.68466409403
2023-10-20 23:45:00+00:00,E12442,level,Stage,mASD,0.436,50.990287,-1.335564,446730.5577511203,121419.7053108968
2023-10-20 23:45:00+00:00,2001,level,Stage,mASD,3.8,52.383563,-2.322438,378150.5498896633,276219.1278521917
2023-10-20 23:45:00+00:00,4863,level,Stage,mASD,0.914,52.948907,-2.036414,397650.5451986859,339058.92238670064
2023-10-20 23:45:00+00:00,2264TH,level,Stage,mASD,0.079,51.422436,-1.350461,445260.5248793753,169469.45065505875
2023-10-20 23:45:00+00:00,4180_w1TH,level,Stage,mASD,0.444,51.419659,-0.18127,526560.5289833448,170529.46580368464
2023-10-20 23:45:00+00:00,2705SO,rainfall,Water,mm,0.0,50.759531,-0.787028,485650.5646821798,96249.74640323328
2023-10-20 23:45:00+00:00,274918TP,rainfall,Tipping Bucket Raingauge,mm,0.0,51.440044,-0.766213,485850.55617716577,171949.46880466165
2023-10-20 23:45:00+00:00,3346TH,level,Stage,mASD,0.032,51.386523,-0.291294,518996.51690142887,166660.49970048512
2023-10-20 23:45:00+00:00,43202,rainfall,Tipping Bucket Raingauge,mm,0.0,50.896473,-2.390258,372650.52562318,110849.7184062075
2023-10-20 23:45:00+00:00,2896TH,level,Stage,mASD,0.338,51.43615,-0.514892,503326.5118641002,171840.49851590904
2023-10-20 23:45:00+00:00,4173TH,level,Downstream Stage,mASD,-1.226,51.398338,-0.183625,526455.5477708073,168154.45570600586
2023-10-20 23:45:00+00:00,1773,rainfall,Tipping Bucket Raingauge,mm,0.0,52.222319,-2.17488,388150.5718735585,258249.11307674792
2023-10-20 23:45:00+00:00,0744SE,rainfall,Tipping Bucket Raingauge,mm,0.0,51.266892,0.857627,599450.524855691,155849.57853532708
2023-10-20 23:45:00+00:00,2216,level,Stage,mASD,0.847,52.396604,-1.591684,427880.5159915603,277699.0595728544
2023-10-20 23:45:00+00:00,E9510,level,Stage,mASD,-3.367,50.803264,-0.452563,509138.5105808928,101552.73670351582
2023-10-20 23:45:00+00:00,1238TH,level,Stage,mASD,2.173,51.861678,-1.594363,428030.53189729777,218199.3412638707
2023-10-20 23:45:00+00:00,2165,level,Stage,mASD,2.613,51.864982,-2.252201,382730.5440013256,218519.27899453617
2023-10-20 23:45:00+00:00,1413,rainfall,Tipping Bucket Raingauge,mm,0.2,52.325619,-2.226643,384650.5367422399,269749.09258796304
2023-10-20 23:45:00+00:00,5291TH,level,Stage,mASD,0.007,51.76432,0.014322,539103.5152396171,209212.39452959388
2023-10-20 23:45:00+00:00,E12160,rainfall,Tipping Bucket Raingauge,mm,0.0,50.942234,-1.227791,454350.5506446991,116149.66799227164
2023-10-20 23:45:00+00:00,52120,level,Stage,mASD,2.017,51.031669,-2.798991,344068.5156244027,126115.6797700229
2023-10-20 23:45:00+00:00,531115,level,Stage,mASD,8.122,51.470324,-2.566101,360775.51009709854,174747.47451568404
2023-10-20 23:45:00+00:00,53147,level,Stage,mASD,1.003,51.543699,-2.464859,367859.5513208569,182858.42255660324
2023-10-20 23:45:00+00:00,52118,level,Stage,mAOD,6.452,51.054966,-2.936065,334489.5109739402,128819.61337945067
2023-10-20 23:45:00+00:00,52121,level,Stage,mASD,0.184,50.947873,-2.503101,364753.57020403526,116613.67823846248
2023-10-20 23:45:00+00:00,1408TH,level,Stage,mASD,1.317,52.167771,-1.212815,453936.5353778138,252459.21609039936
2023-10-20 23:45:00+00:00,52127,level,Stage,mAOD,4.495,51.054966,-2.936065,334489.5109739402,128819.61337945067
2023-10-20 23:45:00+00:00,E21602,rainfall,Tipping Bucket Raingauge,mm,0.0,51.733425,0.429285,567850.5590799771,206649.37730569235
2023-10-20 23:45:00+00:00,52119,level,Stage,mASD,0.691,50.976043,-2.793549,344383.5106646192,119925.6709199429
2023-10-20 23:45:00+00:00,E12520,level,Stage,mASD,0.176,50.983422,-1.382474,443444.5514077458,120627.6702450425
2023-10-20 23:45:00+00:00,51124,rainfall,Tipping Bucket Raingauge,mm,0.0,51.207152,-3.536655,292750.5427030303,146449.5486968922
2023-10-20 23:45:00+00:00,50137,level,Stage,mASD,0.331,51.074943,-4.050919,256418.51870723392,132625.58603167025
2023-10-20 23:45:00+00:00,49102,rainfall,Tipping Bucket Raingauge,mm,0.0,50.382424,-4.56061,218050.54372222023,56749.92914673073
2023-10-20 23:45:00+00:00,48148,rainfall,Tipping Bucket Raingauge,mm,0.1,50.171774,-5.437334,154650.50419204272,35850.01447594444
2023-10-20 23:45:00+00:00,3570,rainfall,Tipping Bucket Raingauge,mm,0.2,53.029694,-1.914215,405850.5738842747,348048.8503820925
2023-10-20 23:45:00+00:00,E8241,level,Stage,mASD,0.112,51.041711,-0.097823,533450.5793305717,128649.60173533074
2023-10-20 23:45:00+00:00,49149,rainfall,Tipping Bucket Raingauge,mm,0.6,50.679797,-4.695684,209650.53966449504,90149.76146967572
2023-10-20 23:45:00+00:00,564160,rainfall,Tipping Bucket Raingauge,mm,0.3,53.381621,-2.570469,362150.5260441472,387348.69446564536
2023-10-20 23:45:00+00:00,2427TH,level,Stage,mASD,1.118,51.29741,-0.739058,488010.5709287717,156119.52780384815
2023-10-20 23:45:00+00:00,E9350,rainfall,Tipping Bucket Raingauge,mm,0.0,50.999283,-0.143741,530350.5299917816,123849.69439713446
2023-10-20 23:45:00+00:00,53133,level,Stage,mASD,0.556,51.451028,-2.55481,361543.51083087287,172595.47160187975
2023-10-20 23:45:00+00:00,0701TH,level,Stage,mASD,0.22,51.68931,-1.678796,422300.5302369228,198999.33695709647
2023-10-20 23:45:00+00:00,E901,rainfall,Tipping Bucket Raingauge,mm,0.0,51.15203,0.176969,552350.5166994318,141449.54953402106
2023-10-20 23:45:00+00:00,0319TH,level,Stage,mASD,1.472,51.571821,-1.816698,412800.55382146273,185899.43532090515
2023-10-20 23:45:00+00:00,4176,level,Stage,mASD,0.901,52.682553,-2.025244,398390.5657559538,309428.9594141916
2023-10-20 23:45:00+00:00,3610,rainfall,Tipping Bucket Raingauge,mm,0.0,52.655516,-1.302927,447250.5397015986,306648.95955746865
2023-10-20 23:45:00+00:00,2626,level,Stage,mASD,0.633,52.248746,-1.994455,400475.53837540746,261174.1635994
2023-10-20 23:45:00+00:00,046222,rainfall,Tipping Bucket Raingauge,mm,0.2,53.719928,-0.676248,487450.5757539546,425648.60838292696
2023-10-20 23:45:00+00:00,2200TH,level,Stage,mASD,6.757,51.461325,-0.967884,471800.5199981301,174099.45894959476
2023-10-20 23:45:00+00:00,E1435,level,Stage,mASD,0.35,53.689056,-0.441274,503030.5150060057,422528.6302197158
2023-10-20 23:45:00+00:00,4012,level,Stage,mASD,2.373,52.75692,-1.805399,413230.5362238259,317718.92858917144
2023-10-20 23:45:00+00:00,4067,level,Stage,mASD,2.399,52.880685,-1.346428,444080.55328392657,331668.9136307223
2023-10-20 23:45:00+00:00,48180,rainfall,Tipping Bucket Raingauge,mm,0.0,50.382625,-4.896844,194150.5513581924,57649.86018665036
2023-10-20 23:45:00+00:00,E13560,rainfall,Tipping Bucket Raingauge,mm,0.0,50.993139,-1.491976,435750.512619064,121649.62372110347
2023-10-20 23:45:00+00:00,600986,rainfall,Tipping Bucket Raingauge,mm,0.0,54.497275,-2.692439,355250.5243526425,511548.3334672982
2023-10-20 23:45:00+00:00,1290_w1TH,level,Stage,mASD,0.367,51.786053,-1.351198,444850.5121413622,209909.37773743804
2023-10-20 23:45:00+00:00,2809TH,level,Stage,mASD,0.523,51.706896,-0.217824,523240.5781301038,202409.39507306635
2023-10-20 23:45:00+00:00,4188,level,Stage,mASD,0.43,52.995269,-1.986021,401035.5436339652,344215.8994871628
2023-10-20 23:45:00+00:00,3201,rainfall,Tipping Bucket Raingauge,mm,0.0,52.579333,-1.532878,431750.51957743714,298049.02026945964
2023-10-20 23:45:00+00:00,4815TH,level,Stage,mASD,0.265,51.919973,-0.123165,529170.5175109302,226269.31745791683
2023-10-20 23:45:00+00:00,271491TP,rainfall,Tipping Bucket Raingauge,mm,0.0,51.330311,-0.763419,486250.52278909687,159749.47657524387
2023-10-20 23:45:00+00:00,E14910,rainfall,Tipping Bucket Raingauge,mm,0.0,50.722216,-1.142162,460650.5444736999,91749.81075685377
2023-10-20 23:45:00+00:00,3774,rainfall,Tipping Bucket Raingauge,mm,0.2,53.579885,-0.869434,474950.5478406943,409848.6254668404
2023-10-20 23:45:00+00:00,4024,level,Stage,mASD,3.318,52.706226,-1.091508,461480.55397903547,312448.9604706029
2023-10-20 23:45:00+00:00,1339,rainfall,Tipping Bucket Raingauge,mm,0.0,52.718219,-2.570654,361550.5288736631,313548.99582533527
2023-10-20 23:45:00+00:00,E7260,rainfall,Tipping Bucket Raingauge,mm,0.0,50.8635,0.56711,580750.5734260642,110249.6819407446
2023-10-20 23:45:00+00:00,E71539,level,Tidal Level,mAOD,-0.592,51.445627,0.7434149999999999,590740.5186972861,175418.42999483238
2023-10-20 23:45:00+00:00,077066,rainfall,Tipping Bucket Raingauge,mm,0.2,53.70469,-2.135531,391150.55258052784,423148.61322828
2023-10-20 23:45:00+00:00,2432TH,level,Stage,mASD,1.396,51.306404,-0.772253,485679.53851862496,157080.50402942774
2023-10-20 23:45:00+00:00,3307,rainfall,Tipping Bucket Raingauge,mm,0.2,53.196879,-1.901908,406650.559300773,366648.7581681803
2023-10-20 23:45:00+00:00,560631,rainfall,Tipping Bucket Raingauge,mm,0.2,53.718989,-2.194675,387250.5557302328,424748.57674035314
2023-10-20 23:45:00+00:00,084532,rainfall,Tipping Bucket Raingauge,mm,0.2,53.366844,-1.351488,443250.5400083471,385748.778416718
2023-10-20 23:45:00+00:00,E8190,level,Stage,mASD,0.249,50.989456,0.127659,549424.5656733876,123271.64882657364
2023-10-20 23:45:00+00:00,2602TH,level,Downstream Stage,mASD,3.121,51.532713,-0.699466,490306.579525576,182335.40551805467
2023-10-20 23:45:00+00:00,E15230,level,Stage,mASD,0.059,51.266809,0.065457,544193.5492413299,153987.5431049633
2023-10-20 23:45:00+00:00,576635,rainfall,Tipping Bucket Raingauge,mm,0.0,53.774607,-2.703245,353750.5310511097,431148.56710265495
2023-10-20 23:45:00+00:00,021028,rainfall,Tipping Bucket Raingauge,mm,0.0,54.938987,-1.393566,438950.5246990358,560648.1418081337
2023-10-20 23:45:00+00:00,4372TH,level,Stage,mASD,0.532,51.382923,0.075811,544550.5203351369,166919.4781930925
2023-10-20 23:45:00+00:00,077800,rainfall,Tipping Bucket Raingauge,mm,0.0,53.636457,-2.005248,399750.5356688771,415548.6231529244
2023-10-20 23:45:00+00:00,1332,rainfall,Tipping Bucket Raingauge,mm,0.4,52.589321,-2.78744,346750.5251799825,299349.0744783155
2023-10-20 23:45:00+00:00,E14250,level,Stage,mASD,0.079,50.727478,-1.599044,428396.557994378,92060.81715348957
2023-10-20 23:45:00+00:00,4703,level,Stage,mASD,1.635,52.807006,-2.123061,391801.5086259742,323279.9625996124
2023-10-20 23:45:00+00:00,3369TH,level,Stage,mASD,1.201,51.375687,-0.264339,520900.573129169,165499.55841575566
2023-10-20 23:45:00+00:00,E11820,rainfall,Tipping Bucket Raingauge,mm,0.0,50.828711,-1.195588,456750.5276571992,103549.77789816089
2023-10-20 23:45:00+00:00,4145,level,Stage,mASD,1.369,52.522794,-1.29766,447750.51821306295,291889.07003001275
2023-10-20 23:45:00+00:00,1201,rainfall,Tipping Bucket Raingauge,mm,0.2,52.343809,-1.955178,403150.52815626847,271749.10886057804
2023-10-20 23:45:00+00:00,3012TH,level,Stage,mASD,0.081,51.150372,-0.96697,472350.5649865773,139519.59221428933
2023-10-20 23:45:00+00:00,265038TP,rainfall,Tipping Bucket Raingauge,mm,0.0,51.543602,-1.343114,445650.5382502858,182949.43586332296
2023-10-20 23:45:00+00:00,576578,rainfall,Tipping Bucket Raingauge,mm,0.1,53.811772,-2.647675,357450.5312854186,435248.61882942537
2023-10-20 23:45:00+00:00,E11470,rainfall,Tipping Bucket Raingauge,mm,0.0,50.852298,-0.990615,471150.5279709479,106349.76937488688
2023-10-20 23:45:00+00:00,45215,level,Stage,mASD,0.191,50.796646,-3.183491,316687.5663102936,100343.78634385728
2023-10-20 23:45:00+00:00,E4832,level,Stage,mASD,0.365,52.229209,-1.080484,462900.5140389397,259399.1795774619
2023-10-20 23:45:00+00:00,1679TH,level,Stage,mASD,0.66,51.684602,-1.282696,449686.532809992,198670.33609736493
2023-10-20 23:45:00+00:00,3185,rainfall,Tipping Bucket Raingauge,mm,0.4,52.407451,-1.784594,414750.56759696855,278849.05367838265
2023-10-20 23:45:00+00:00,4192,level,Stage,mASD,2.253,52.762225,-0.889833,475010.5251031983,318868.90895722207
2023-10-20 23:45:00+00:00,E871,rainfall,Tipping Bucket Raingauge,mm,0.0,51.274484,0.217164,554750.538911978,155149.58584435488
2023-10-20 23:45:00+00:00,47101,rainfall,Tipping Bucket Raingauge,mm,0.1,50.804076,-4.356504,234050.56016317,103149.70333432296
2023-10-20 23:45:00+00:00,E24908,rainfall,Tipping Bucket Raingauge,mm,0.0,51.584133,0.637851,582850.5620639715,190549.43919805367
2023-10-20 23:45:00+00:00,E14420,rainfall,Tipping Bucket Raingauge,mm,0.0,50.824355,-1.559116,431150.5577809432,102849.759265013
2023-10-20 23:45:00+00:00,3773,rainfall,Tipping Bucket Raingauge,mm,0.0,53.032232,-1.050823,463750.54746264144,348748.8102416373
2023-10-20 23:45:00+00:00,E7180,rainfall,Tipping Bucket Raingauge,mm,0.0,50.903167,0.47968,574450.5245095115,114449.73895264942
2023-10-20 23:45:00+00:00,300874,rainfall,Tipping Bucket Raingauge,mm,0.0,51.373888,1.173263,620950.5203205188,168649.5158206215
2023-10-20 23:45:00+00:00,040752,rainfall,Tipping Bucket Raingauge,mm,0.0,53.983799,-0.227143,516350.5136188555,455648.49161204335
2023-10-20 23:45:00+00:00,4895,level,Stage,mASD,1.822,53.079153,-2.052945,396550.5497588116,353548.8732271173
2023-10-20 23:45:00+00:00,3576,rainfall,Tipping Bucket Raingauge,mm,0.2,53.093957,-1.658736,422950.5617961677,355248.78338646307
2023-10-20 23:45:00+00:00,1086,rainfall,Tipping Bucket Raingauge,mm,0.0,52.174506,-1.736002,418150.5101452906,252949.21145313905
2023-10-20 23:45:00+00:00,571894,rainfall,Tipping Bucket Raingauge,mm,0.1,54.103514,-2.27294,382250.5463288954,467548.5084577344
2023-10-20 23:45:00+00:00,E2223,level,Stage,mASD,0.524,52.244802,-0.905866,474800.5275335658,261299.1524836409
2023-10-20 23:45:00+00:00,4610,level,Stage,mASD,0.84,52.944125,-1.27239,448991.5384991929,338773.9100439829
2023-10-20 23:45:00+00:00,1747,rainfall,Tipping Bucket Raingauge,mm,0.2,52.806646,-2.49764,366550.5110179171,323348.964170477
2023-10-20 23:45:00+00:00,2153,level,Stage,mASD,3.16,51.797035,-2.348106,376090.5259949001,210989.28421359631
2023-10-20 23:45:00+00:00,1331,rainfall,Tipping Bucket Raingauge,mm,0.2,52.596394,-2.471631,368150.5719332976,299949.0432748289
2023-10-20 23:45:00+00:00,035302,rainfall,Tipping Bucket Raingauge,mm,0.2,54.517093,-0.752561,480850.5742066988,514248.3210670301
2023-10-20 23:45:00+00:00,E1946,level,Stage,mASD,1.452,52.231962,-0.97793,469900.5272282773,259799.17909475532
2023-10-20 23:45:00+00:00,3822TH,level,Stage,mASD,0.758,51.617793,-0.26653,520110.5411319244,192419.38337545903
2023-10-20 23:45:00+00:00,586898,rainfall,Tipping Bucket Raingauge,mm,0.0,54.420708,-2.977801,336650.562673268,503248.3310113888
2023-10-20 23:45:00+00:00,E7842,level,Stage,mASD,0.193,50.912658,0.290758,561135.5688201808,115075.6947107408
2023-10-20 23:45:00+00:00,5380TH,level,Downstream Stage,mASD,-0.204,51.574894,-0.043637,535668.5459515826,188038.40985015692
2023-10-20 23:45:00+00:00,E15510,rainfall,Tipping Bucket Raingauge,mm,0.0,51.307175,0.102521,546650.5138882602,158549.47433130204
2023-10-20 23:45:00+00:00,4087TH,level,Stage,mASD,0.123,51.465498,-0.253664,521405.5107298463,175504.50919340938
2023-10-20 23:45:00+00:00,074385,rainfall,Tipping Bucket Raingauge,mm,0.0,53.947438,-2.020525,398750.5295691031,450148.5255523811
2023-10-20 23:45:00+00:00,2872,level,Stage,mASD,-2.18,52.217941,-2.213213,385530.5392581576,257769.1668046562
2023-10-20 23:45:00+00:00,4898,level,Stage,mASD,2.876,52.861553,-1.678994,421709.5113811515,329388.932760541
2023-10-20 23:45:00+00:00,E1299,level,Stage,mASD,1.441,52.784469,-0.626388,492739.5685753448,321649.8914102733
2023-10-20 23:45:00+00:00,E71039,level,Tidal Level,mAOD,0.118,54.489967,-0.614597,489840.518085002,511397.2895445376
2023-10-20 23:45:00+00:00,E4520,rainfall,Tipping Bucket Raingauge,mm,0.0,51.225958,0.726173,590450.5445595428,150949.58493265355
2023-10-20 23:45:00+00:00,510001,rainfall,Tipping Bucket Raingauge,mm,0.0,51.838464,0.162023,549050.5641727439,217749.33342022452
2023-10-20 23:45:00+00:00,4039,level,Stage,mASD,0.761,52.460104,-1.897221,407080.5323612457,284689.0448634871
2023-10-20 23:45:00+00:00,4048,level,Stage,mASD,2.773,53.072731,-1.441438,437520.53407350153,352978.8110708455
2023-10-20 23:45:00+00:00,4043,level,Stage,mASD,4.151,53.211297,-1.610938,426080.526224528,368318.8311842923
2023-10-20 23:45:00+00:00,E6381,level,Stage,mAOD,0.863,50.989632,0.75505,593450.5615022253,124749.62324370568
2023-10-20 23:45:00+00:00,1713,rainfall,Tipping Bucket Raingauge,mm,0.2,52.84224,-2.872181,341350.5704632804,327548.90689055447
2023-10-20 23:45:00+00:00,3270TH,level,Stage,mASD,0.524,51.238425,-0.311198,517990.5426359287,150159.5423900832
2023-10-20 23:45:00+00:00,2590TH,level,Stage,mASD,0.208,51.571155,-0.708557,489600.55291263305,186599.42031965923
2023-10-20 23:45:00+00:00,3626TH,level,Stage,mASD,0.07,51.561936,-0.379325,512439.5582845131,186028.43673215748
2023-10-20 23:45:00+00:00,2270,level,Stage,mASD,0.194,51.819013,-2.28698,380315.5510760552,213415.3503844654
2023-10-20 23:45:00+00:00,2891TH,level,Stage,mASD,0.871,51.509078,-0.47713,505782.5694370957,180004.49998364455
2023-10-20 23:45:00+00:00,013878,rainfall,Tipping Bucket Raingauge,mm,0.2,54.871077,-2.52275,366550.52448170993,553048.2101771078
2023-10-20 23:45:00+00:00,2180,level,Stage,mASD,3.291,52.534933,-2.415835,371890.5433911739,293089.09649998386
2023-10-20 23:45:00+00:00,48171,rainfall,Tipping Bucket Raingauge,mm,0.1,50.035296,-5.208282,170350.5085082899,19950.089904412125
2023-10-20 23:45:00+00:00,2481TH,level,Stage,mASD,0.483,51.426522,-0.898188,476700.5563260027,170299.49963464373
2023-10-20 23:45:00+00:00,2620TH,level,Stage,mASD,0.286,51.433827,-0.773574,485350.52109902544,171249.489477554
2023-10-20 23:45:00+00:00,E1681,rainfall,Tipping Bucket Raingauge,mm,0.0,51.067661,0.215829,555350.5338046924,132149.58698923138
2023-10-20 23:45:00+00:00,E5170,rainfall,Tipping Bucket Raingauge,mm,0.6,51.117863,1.194265,623650.5529333841,140249.584748056
2023-10-20 23:45:00+00:00,3229TH,level,Stage,mASD,0.224,51.160212,-0.163604,528510.5217312761,141709.54119940838
2023-10-20 23:45:00+00:00,3069TH,level,Stage,mASD,2.317,51.206896,-0.57032,499970.5196025492,146269.53160278554
2023-10-20 23:45:00+00:00,598691,rainfall,Tipping Bucket Raingauge,mm,0.0,54.569482,-2.432265,372150.5446887014,519448.2921771711
2023-10-20 23:45:00+00:00,3347,rainfall,Tipping Bucket Raingauge,mm,0.4,52.905076,-2.37685,374750.5645232909,334248.9523504069
2023-10-20 23:45:00+00:00,4150TH,level,Stage,mASD,0.327,51.373583,-0.138986,529630.568846999,165479.55250516208
2023-10-20 23:45:00+00:00,E3240,rainfall,Tipping Bucket Raingauge,mm,0.0,51.389586,0.842268,597850.5216209416,169449.51784047447
2023-10-20 23:45:00+00:00,47164,rainfall,Tipping Bucket Raingauge,mm,0.0,50.501188,-4.060758,253950.5095163468,68849.82613627278
2023-10-20 23:45:00+00:00,241961TP,rainfall,Tipping Bucket Raingauge,mm,0.0,51.97304,-0.025147,535750.574254535,232349.23668780108
2023-10-20 23:45:00+00:00,603315,rainfall,Tipping Bucket Raingauge,mm,0.1,55.026371,-2.560748,364250.54823027446,570348.1245785861
2023-10-20 23:45:00+00:00,5327TH,level,Stage,mASD,0.153,51.691132,0.015788,539429.5358021832,201076.3193992417
2023-10-20 23:45:00+00:00,1796TH,level,Stage,mASD,0.786,51.621195,-1.323534,446928.5618291137,191591.4190219686
2023-10-20 23:45:00+00:00,5080TH,level,Stage,mASD,0.339,51.814817,0.020302,539360.5219508045,214839.3758615672
2023-10-20 23:45:00+00:00,1121,rainfall,Tipping Bucket Raingauge,mm,0.2,52.718322,-2.717219,351650.56822056504,313649.0227031672
2023-10-20 23:45:00+00:00,E60201,level,Stage,mASD,0.44,52.335121,0.531859,572600.5202748307,273799.0979298846
2023-10-20 23:45:00+00:00,2219TH,level,Downstream Stage,mASD,-0.123,51.427238,-1.724504,419250.5553142172,169839.46591388405
2023-10-20 23:45:00+00:00,2852TH,level,Stage,mASD,0.399,51.702625,-0.614039,495873.5583517569,201340.3234509275
2023-10-20 23:45:00+00:00,3178,rainfall,Tipping Bucket Raingauge,mm,0.0,52.999107,-1.06794,462650.55699921306,345048.8890892003
2023-10-20 23:45:00+00:00,058461,rainfall,Tipping Bucket Raingauge,mm,0.0,53.979278,-1.646973,423250.5735547842,453748.5475123922
2023-10-20 23:45:00+00:00,E11461,rainfall,Tipping Bucket Raingauge,mm,0.0,50.902688,-1.10472,463050.50910937786,111849.7199847639
2023-10-20 23:45:00+00:00,2646,level,Stage,mASD,5.65,52.28899,-2.418688,371538.5075478416,265733.1927359159
2023-10-20 23:45:00+00:00,2442TH,level,Downstream Stage,mASD,0.093,51.263973,-0.950093,473350.5740982591,152169.52772195972
2023-10-20 23:45:00+00:00,44215,rainfall,Tipping Bucket Raingauge,mm,0.0,50.743404,-2.638425,355050.57048309187,93949.75415287523
2023-10-20 23:45:00+00:00,3611,rainfall,Tipping Bucket Raingauge,mm,0.0,53.485476,-0.775492,481350.5344795895,399448.696440868
2023-10-20 23:45:00+00:00,054507,rainfall,Tipping Bucket Raingauge,mm,0.0,54.382707,-1.394093,439450.5260093144,498748.3481517199
2023-10-20 23:45:00+00:00,2134,level,Stage,mASD,3.974,52.636354,-2.524962,364570.5298474426,304419.0278618374
2023-10-20 23:45:00+00:00,5171TH,level,Stage,mASD,1.395,51.795404,0.134177,547272.5562276518,212904.30062234783
2023-10-20 23:45:00+00:00,E9340,rainfall,Tipping Bucket Raingauge,mm,0.0,50.986805,-0.268198,521650.5217601824,122249.65406876898
2023-10-20 23:45:00+00:00,2205,level,Stage,mASD,0.809,51.724364,-2.200326,386259.5676395113,202868.34710853847
2023-10-20 23:45:00+00:00,561613,rainfall,Tipping Bucket Raingauge,mm,0.0,53.663285,-2.180798,388150.5454763622,418548.6468733464
2023-10-20 23:45:00+00:00,1437TH,level,Stage,mASD,0.349,52.028582,-1.326852,446280.5287314869,236899.2853136546
2023-10-20 23:45:00+00:00,3280TH,level,Stage,mASD,1.704,51.294985,-0.336089,516110.5280909837,156409.48360402428
2023-10-20 23:45:00+00:00,2267,level,Stage,mASD,2.932,52.394519,-2.253581,382841.5134748288,277419.1208355293
2023-10-20 23:45:00+00:00,E1290,rainfall,Tipping Bucket Raingauge,mm,0.0,51.236919,-0.046806,536450.5641353439,150449.54018030022
2023-10-20 23:45:00+00:00,4152,level,Stage,mASD,0.775,53.008317,-2.228776,384746.5478010584,345691.87211668224
2023-10-20 23:45:00+00:00,920359,rainfall,Tipping Bucket Raingauge,mm,0.2,55.553328,-1.997587,400250.5638776482,628848.0507884981
2023-10-20 23:45:00+00:00,3820TH,level,Stage,mASD,0.218,51.577539,-0.217549,523610.56412501103,188024.45563309127
2023-10-20 23:45:00+00:00,2262,level,Stage,mASD,0.411,51.868695,-2.195623,386627.5471958698,218920.2620230994
2023-10-20 23:45:00+00:00,2513,level,Stage,mASD,0.932,51.753386,-2.322244,377852.5625501766,206126.37440035288
2023-10-20 23:45:00+00:00,025878,rainfall,Tipping Bucket Raingauge,mm,0.0,54.823818,-1.36572,440850.516296382,547848.1899706967
2023-10-20 23:45:00+00:00,3247TH,level,Stage,mASD,0.813,51.204792,-0.1677,528100.5790512749,146659.62293426794
2023-10-20 23:45:00+00:00,3079TH,level,Stage,mASD,0.18,51.220824,-0.569459,500000.5201944656,147819.5469606548
2023-10-20 23:45:00+00:00,E4976,level,Stage,mASD,2.43,53.125717,-0.052667,530400.5134413734,360498.82450044574
2023-10-20 23:45:00+00:00,000181TP,rainfall,Tipping Bucket Raingauge,mm,0.0,51.730021,0.040992,541050.5377068998,205449.3470664725
2023-10-20 23:45:00+00:00,4195,level,Stage,mASD,1.064,52.553447,-1.171951,456240.5681758952,295389.0758491785
2023-10-20 23:45:00+00:00,E4321,level,Stage,mASD,0.235,51.157688,0.815185,596955.538206392,143593.62679593082
2023-10-20 23:45:00+00:00,E12781,level,Stage,mASD,0.201,51.086429,-1.181847,457400.5200280378,132219.64472969985
2023-10-20 23:45:00+00:00,1029TH,level,Downstream Stage,mASD,0.096,51.874767,-1.740083,417990.5267016563,219609.33927260456
2023-10-20 23:45:00+00:00,2819TH,level,Stage,mASD,0.249,51.704664,-0.336052,515077.53235055896,201968.3425939105
2023-10-20 23:45:00+00:00,417417TP,rainfall,Tipping Bucket Raingauge,mm,0.0,51.466604,-0.571144,499350.56366446574,175149.48253174464
2023-10-20 23:45:00+00:00,E14880,rainfall,Tipping Bucket Raingauge,mm,0.0,50.671665,-1.399223,442550.53779508045,85949.80307879597
2023-10-20 23:45:00+00:00,261021TP,rainfall,Tipping Bucket Raingauge,mm,0.0,51.653876,-1.288038,449350.5248687404,195249.4432069148
2023-10-20 23:45:00+00:00,3423SO,level,Stage,mASD,0.145,51.229107,-1.338319,446298.5552369503,147976.56131079997
2023-10-20 23:45:00+00:00,3404,rainfall,Tipping Bucket Raingauge,mm,0.2,53.287863,-1.579192,428150.5492934237,376848.7063649163
2023-10-20 23:45:00+00:00,E12821,rainfall,Tipping Bucket Raingauge,mm,0.0,51.085476,-1.13689,460550.5334198449,132149.60278408468
2023-10-20 23:45:00+00:00,2649,level,Stage,mASD,1.875,52.387107,-1.128914,459381.5373609595,276921.1287761007
2023-10-20 23:45:00+00:00,3323,rainfall,Tipping Bucket Raingauge,mm,0.4,53.025808,-1.723384,418650.5505425261,347648.8419994796
2023-10-20 23:45:00+00:00,E12020,level,Stage,mASD,0.221,50.931347,-1.257371,452284.5142201175,114917.66436768456
2023-10-20 23:45:00+00:00,3602,rainfall,Tipping Bucket Raingauge,mm,0.0,52.813347,-0.803365,480750.534494471,324648.9416479233
2023-10-20 23:45:00+00:00,2048,level,Stage,mASD,1.106,52.197687,-1.602579,427260.52447777626,255569.17640260383
2023-10-20 23:45:00+00:00,604742,rainfall,Tipping Bucket Raingauge,mm,0.0,54.670137,-2.788412,349250.5216146183,530848.3100651798
2023-10-20 23:45:00+00:00,1112,rainfall,Tipping Bucket Raingauge,mm,0.0,51.684691,-2.162673,388850.537690292,198449.4230644068
2023-10-20 23:45:00+00:00,3601,rainfall,Tipping Bucket Raingauge,mm,0.2,53.231399,-0.806723,479750.5617586882,371148.7952502304
2023-10-20 23:45:00+00:00,2618,level,Stage,mASD,3.027,51.887415,-2.252167,382741.5329363514,221014.3480090172
2023-10-20 23:45:00+00:00,4129,level,Stage,mASD,1.355,52.376154,-1.814434,412729.5485007827,275362.1607247636
2023-10-20 23:45:00+00:00,4149,level,Stage,mASD,1.721,52.520949,-1.440825,438038.52003614913,291599.0115974764
2023-10-20 23:45:00+00:00,3766,rainfall,Tipping Bucket Raingauge,mm,0.0,53.005795,-1.251101,450350.5369827954,345648.90860277234
2023-10-20 23:45:00+00:00,E4485,level,Stage,mASD,2.48,52.922105,-0.319165,513100.5531417341,337398.8900315537
2023-10-20 23:45:00+00:00,48102,rainfall,Tipping Bucket Raingauge,mm,0.2,50.223298,-5.305022,164350.5426112097,41149.98751028355
2023-10-20 23:45:00+00:00,000180TP,rainfall,Tipping Bucket Raingauge,mm,0.0,51.618838,0.173236,550550.5347969393,193349.37981553192
2023-10-20 23:45:00+00:00,4009,level,Stage,mASD,3.896,52.952707,-1.07772,462060.5280909106,339878.8422572621
2023-10-20 23:45:00+00:00,2870TH,level,Stage,mASD,0.266,51.56631,-0.483905,505180.5360874339,186359.4280963351
2023-10-20 23:45:00+00:00,249744TP,rainfall,Tipping Bucket Raingauge,mm,0.0,51.568666,-1.811661,413150.5481112821,185549.42879959432
2023-10-20 23:45:00+00:00,EdgeH1,rainfall,Tipping Bucket Raingauge,mm,0.0,53.560463,-2.873303,342250.5209896521,407448.6813055544
2023-10-20 23:45:00+00:00,E40411,level,Stage,mASD,3.62,53.213749,-0.345212,510600.5144560931,369798.79534127534
2023-10-20 23:45:00+00:00,2029,level,Stage,mASD,5.238,52.198971,-2.389281,373490.5122470309,255709.1728263194
2023-10-20 23:45:00+00:00,055R0521E_TG_326,rainfall,Tipping Bucket Raingauge,mm,0.0,52.221039,-2.984386,332850.5151095298,258549.1280084705
2023-10-20 23:45:00+00:00,E15250,level,Stage,mASD,0.131,51.423959,0.230865,555200.5256605771,171799.44502914458
2023-10-20 23:45:00+00:00,276651TP,rainfall,Tipping Bucket Raingauge,mm,0.0,51.755019,-0.285332,518450.5153838599,207649.39932180967
2023-10-20 23:45:00+00:00,291477TP,rainfall,Tipping Bucket Raingauge,mm,0.0,51.458979,0.11237,546850.5487235972,175449.44730181273
2023-10-20 23:45:00+00:00,2020,level,Stage,mASD,0.722,52.76777,-2.839715,343440.56042183045,319238.9552288178
2023-10-20 23:45:00+00:00,E13851,level,Stage,mASD,0.542,51.177844,-1.39845,442146.5619656411,142239.55014097915
2023-10-20 23:45:00+00:00,2210TH,level,Stage,mASD,0.143,51.416287,-1.732479,418700.5338865244,168619.50003049895
2023-10-20 23:45:00+00:00,3680TH,level,Stage,mASD,0.483,51.448604,-0.339937,515455.537819477,173486.44201911322
2023-10-20 23:45:00+00:00,242534TP,rainfall,Tipping Bucket Raingauge,mm,0.0,51.807828,-0.03963,535250.5724945617,213949.32731634963
2023-10-20 23:45:00+00:00,054371,rainfall,Tipping Bucket Raingauge,mm,0.2,54.419203,-1.515299,431550.5414939954,502748.3790116138
2023-10-20 23:45:00+00:00,238944TP,rainfall,Tipping Bucket Raingauge,mm,0.0,51.677024,0.235326,554650.5191051177,199949.33179729333
2023-10-20 23:45:00+00:00,585122,rainfall,Tipping Bucket Raingauge,mm,0.0,54.406987,-2.892739,342150.5406581067,501648.33258102176
2023-10-20 23:45:00+00:00,2832,level,Stage,mASD,1.569,52.779686,-3.037866,330090.5422444701,320738.91403591505
2023-10-20 23:45:00+00:00,E4402,level,Stage,mASD,0.296,51.121217,0.85627,599985.5251540153,139649.57621055772
2023-10-20 23:45:00+00:00,1210TH,level,Stage,mASD,1.961,51.95095,-1.679842,422100.5085513441,228099.22149144183
2023-10-20 23:45:00+00:00,5039TH,level,Stage,mASD,0.243,51.884165,0.09127,544030.5728405315,222689.26625382024
2023-10-20 23:45:00+00:00,078922,rainfall,Tipping Bucket Raingauge,mm,0.0,53.60567,-1.766463,415550.52376544144,412148.6420849848
2023-10-20 23:45:00+00:00,3804TH,level,Stage,mASD,0.304,51.623491,-0.185411,525710.5225959916,193189.35867908463
2023-10-20 23:45:00+00:00,2190TH,level,Downstream Stage,mASD,-0.018,51.484688,-1.087539,463455.56890625175,176587.41061148854
2023-10-20 23:45:00+00:00,43204,rainfall,Tipping Bucket Raingauge,mm,0.0,50.864669,-2.139905,390250.52119824325,107249.6891498154
2023-10-20 23:45:00+00:00,4382TH,level,Stage,mASD,1.181,51.405031,0.056251,543120.5202146609,169339.50342610443
2023-10-20 23:45:00+00:00,3219TH,level,Stage,mASD,0.579,51.102235,-0.173972,527945.5701296717,135244.5868757857
2023-10-20 23:45:00+00:00,240816TP,rainfall,Tipping Bucket Raingauge,mm,0.0,51.873475,-0.269208,519250.5483231735,220849.25476562203
2023-10-20 23:45:00+00:00,1045,rainfall,Tipping Bucket Raingauge,mm,0.2,52.362576,-1.508732,433550.5677808941,273949.1318818656
2023-10-20 23:45:00+00:00,3349,rainfall,Tipping Bucket Raingauge,mm,0.2,52.901997,-1.860947,409450.5289826304,333848.8718439319
2023-10-20 23:45:00+00:00,E8030,rainfall,Tipping Bucket Raingauge,mm,0.0,50.99015,0.128061,549450.5492664194,123349.62974653768
2023-10-20 23:45:00+00:00,2090,level,Stage,mASD,1.663,52.38548,-1.26252,450290.5429251427,276639.0727986437
2023-10-20 23:45:00+00:00,086575,rainfall,Tipping Bucket Raingauge,mm,0.0,53.591095,-1.271011,448350.526676748,410748.6629839913
2023-10-20 23:45:00+00:00,2188,level,Stage,mASD,0.967,51.926224,-2.197575,386510.5318119564,225319.231821633
2023-10-20 23:45:00+00:00,E24751,rainfall,Tipping Bucket Raingauge,mm,0.0,52.46533,0.054229,539650.5433849477,287249.08498559217
2023-10-20 23:45:00+00:00,3652,rainfall,Tipping Bucket Raingauge,mm,0.0,52.836792,-1.251041,450550.56603062514,326848.8906793411
2023-10-20 23:45:00+00:00,E13281,level,Stage,mASD,0.095,50.919652,-1.447963,438900.5304589185,113499.68511482916
2023-10-20 23:45:00+00:00,2419TH,level,Stage,mASD,0.9,51.237339,-0.736289,488318.5506764965,149442.57225953732
2023-10-20 23:45:00+00:00,2063,level,Stage,mASD,1.064,52.473154,-2.197148,386705.51441079663,286154.0409675728
2023-10-20 23:45:00+00:00,240470TP,rainfall,Tipping Bucket Raingauge,mm,0.0,51.775264,-0.196143,524550.5746463512,210049.28940685943
2023-10-20 23:45:00+00:00,1990TH,level,Stage,mASD,2.218,51.675126,-1.132094,460110.541576313,197729.4173120265
2023-10-20 23:45:00+00:00,2002SO,level,Stage,mASD,0.963,50.82568,0.175071,553288.5349078076,105158.68091053035
2023-10-20 23:45:00+00:00,2102,level,Stage,mASD,2.933,51.850206,-2.336612,376910.5128392337,216899.3612976439
2023-10-20 23:45:00+00:00,257039TP,rainfall,Tipping Bucket Raingauge,mm,0.0,52.072227,-1.333928,445750.5758787784,241749.2408806896
2023-10-20 23:45:00+00:00,E1880,level,Stage,mASD,1.901,51.227207,0.414329,568674.5439020708,150326.61280507332
2023-10-20 23:45:00+00:00,E802,rainfall,Tipping Bucket Raingauge,mm,0.0,51.194952,0.237676,556450.5574063413,146349.567220079
2023-10-20 23:45:00+00:00,596026,rainfall,Tipping Bucket Raingauge,mm,0.0,54.849851,-3.310562,315950.5079873425,551348.1512574705
2023-10-20 23:45:00+00:00,595273,rainfall,Tipping Bucket Raingauge,mm,0.0,54.760082,-3.214413,321950.56933475094,541248.2649343192
2023-10-20 23:45:00+00:00,44115,level,Stage,mASD,0.465,50.739791,-2.891657,337178.506514332,93732.7953494181
2023-10-20 23:45:00+00:00,50139,level,Stage,mASD,0.174,51.053143,-3.969407,262063.549331512,130045.61565690915
2023-10-20 23:45:00+00:00,52211,level,Stage,mASD,0.444,51.112337,-2.451073,368520.5389486944,134879.5617885363
2023-10-20 23:45:00+00:00,340767,rainfall,Tipping Bucket Raingauge,mm,0.0,50.968137,-1.918056,405850.540112649,118749.70929071568
2023-10-20 23:45:00+00:00,E24289,rainfall,Tipping Bucket Raingauge,mm,0.0,52.172202,0.251294,554050.5325405116,255049.12709416635
2023-10-20 23:45:00+00:00,44100,rainfall,Tipping Bucket Raingauge,mm,0.0,50.778033,-2.848812,340250.53755714546,97949.73860330564
2023-10-20 23:45:00+00:00,E4413,level,Stage,mASD,1.728,53.081293,-0.140778,524633.531561963,355400.821094217
2023-10-20 23:45:00+00:00,47161,rainfall,Tipping Bucket Raingauge,mm,0.0,50.516447,-4.209541,243450.5314548832,70849.90991942518
2023-10-20 23:45:00+00:00,E21968,level,Stage,mASD,1.494,52.320879,-0.002271,536256.5145087125,271076.12235264364
2023-10-20 23:45:00+00:00,44132,rainfall,Tipping Bucket Raingauge,mm,0.0,50.658982,-2.415165,370750.5374786056,84449.75879021284
2023-10-20 23:45:00+00:00,E71239,level,Tidal Level,mAOD,1.034,52.934316,1.301623,621979.5648766293,342537.91700264934
2023-10-20 23:45:00+00:00,2401TH,level,Stage,mASD,1.017,51.278294,-1.045224,466692.54355305055,153671.5920983079
2023-10-20 23:45:00+00:00,48105,rainfall,Tipping Bucket Raingauge,mm,0.1,50.303659,-5.098505,179450.50303171985,49449.93843289729
2023-10-20 23:45:00+00:00,573674,rainfall,Tipping Bucket Raingauge,mm,0.0,53.971437,-2.529714,365350.5227418832,452948.55660677445
2023-10-20 23:45:00+00:00,47106,rainfall,Tipping Bucket Raingauge,mm,0.0,50.562235,-4.481386,224350.549349788,76549.7848620264
2023-10-20 23:45:00+00:00,E1780,level,Stage,mASD,2.287,53.176218,-0.5711,495600.5229767854,365298.7901135324
2023-10-20 23:45:00+00:00,45230,rainfall,Tipping Bucket Raingauge,mm,0.0,50.753667,-3.256649,311450.54494632134,95649.74027502052
2023-10-20 23:45:00+00:00,E10170,level,Stage,mASD,2.256,53.007414,-0.020733,532900.5390302582,347398.8107558763
2023-10-20 23:45:00+00:00,46103,rainfall,Tipping Bucket Raingauge,mm,0.0,50.47913,-3.760983,275150.5233979301,65849.90410525311
2023-10-20 23:45:00+00:00,531184,rainfall,Tipping Bucket Raingauge,mm,0.0,51.236826,-2.216949,384950.5323753368,148649.58266433992
2023-10-20 23:45:00+00:00,46169,rainfall,Tipping Bucket Raingauge,mm,0.0,50.516559,-3.841369,269550.56554962933,70149.87008891518
2023-10-20 23:45:00+00:00,E21870,rainfall,Tipping Bucket Raingauge,mm,0.0,52.684352,0.927128,597950.5174351657,313649.0102177868
2023-10-20 23:45:00+00:00,50109,rainfall,Tipping Bucket Raingauge,mm,0.0,50.985116,-3.661811,283450.51041353424,121949.63197674548
2023-10-20 23:45:00+00:00,077336,rainfall,Tipping Bucket Raingauge,mm,0.0,53.77754,-2.084173,394550.5574731737,431248.5739033032
2023-10-20 23:45:00+00:00,E4405,level,Stage,mASD,0.076,53.00001,-0.427906,505600.55470699247,345898.9101196845
2023-10-20 23:45:00+00:00,2423TH,level,Stage,mASD,0.984,51.291321,-0.774462,485553.5577866384,155400.5925061993
2023-10-20 23:45:00+00:00,2966TH,level,Stage,mASD,1.033,51.349005,-0.602519,497420.5467004776,162029.53972669423
2023-10-20 23:45:00+00:00,2451TH,level,Stage,mASD,0.377,51.232867,-0.864146,479400.5706196677,148799.5289476548
2023-10-20 23:45:00+00:00,E2527,rainfall,Tipping Bucket Raingauge,mm,0.2,52.191056,-1.087854,462450.5264102293,255149.19151838528
2023-10-20 23:45:00+00:00,E27601,rainfall,Tipping Bucket Raingauge,mm,0.0,51.530977,0.519422,574850.545042725,184349.3941680938
2023-10-20 23:45:00+00:00,E21179,rainfall,Tipping Bucket Raingauge,mm,0.0,51.636308,0.385069,565150.5244350396,195749.41845194835
2023-10-20 23:45:00+00:00,E19017,rainfall,Tipping Bucket Raingauge,mm,0.0,52.058925,0.296651,557550.5349978226,242549.2574607272
2023-10-20 23:45:00+00:00,44213,rainfall,Tipping Bucket Raingauge,mm,0.0,50.825864,-2.686403,351750.53159350605,103149.73249548866
2023-10-20 23:45:00+00:00,43206,rainfall,Tipping Bucket Raingauge,mm,0.0,50.755798,-1.814938,413150.5221009873,95149.7844947545
2023-10-20 23:45:00+00:00,2251TH,level,Stage,mASD,0.81,51.508084,-1.530219,432700.5677245405,178899.40083319932
2023-10-20 23:45:00+00:00,E1606,rainfall,Tipping Bucket Raingauge,mm,0.0,52.930882,-0.4014,507550.5221026924,338248.93491234176
2023-10-20 23:45:00+00:00,3073TH,level,Downstream Stage,mASD,0.907,51.264494,-0.544883,501620.5654123393,152709.51627360092
2023-10-20 23:45:00+00:00,E21836,level,Stage,mASD,0.445,52.830878,1.126258,610698.5188884701,330507.9630923931
2023-10-20 23:45:00+00:00,E2273,level,Stage,mASD,1.52,52.43909,-0.734823,486100.5428437757,283099.0618488485
2023-10-20 23:45:00+00:00,3029TH,level,Stage,mASD,0.886,51.14197,-0.824708,482315.5548053742,138734.5642663604
2023-10-20 23:45:00+00:00,E1782,level,Stage,mASD,0.726,52.470494,-0.909111,474200.5620454189,286399.04075711215
2023-10-20 23:45:00+00:00,3089TH,level,Stage,mASD,1.477,51.346115,-0.465049,507000.5334484321,161899.4860347961
2023-10-20 23:45:00+00:00,E24935,rainfall,Tipping Bucket Raingauge,mm,0.0,51.702642,0.87633,598850.5804277982,204349.3658696517
2023-10-20 23:45:00+00:00,E8520,rainfall,Tipping Bucket Raingauge,mm,0.0,51.039914,-0.097897,533450.5512137604,128449.65028547532
2023-10-20 23:45:00+00:00,49151,rainfall,Tipping Bucket Raingauge,mm,0.0,50.480775,-4.463019,225350.5299441843,67449.83011175759
2023-10-20 23:45:00+00:00,3057TH,level,Stage,mASD,4.41,51.19848,-0.584392,499005.54843234137,145314.61780021992
2023-10-20 23:45:00+00:00,49147,rainfall,Tipping Bucket Raingauge,mm,0.3,50.391624,-5.071876,181750.5028733752,59149.92555901186
2023-10-20 23:45:00+00:00,46167,rainfall,Tipping Bucket Raingauge,mm,0.0,50.592206,-3.717163,278550.50612804305,78349.83863978069
2023-10-20 23:45:00+00:00,48100,rainfall,Tipping Bucket Raingauge,mm,0.0,50.127328,-5.568494,145050.51084063583,31349.953764953272
2023-10-20 23:45:00+00:00,47144,rainfall,Tipping Bucket Raingauge,mm,0.6,50.677206,-4.612016,215550.5662663218,89649.74912917113
2023-10-20 23:45:00+00:00,49104,rainfall,Tipping Bucket Raingauge,mm,0.203,50.509966,-4.568918,217950.52257233072,70949.83561959064
2023-10-20 23:45:00+00:00,52203,rainfall,Tipping Bucket Raingauge,mm,0.0,51.408672,-2.666341,353750.56425841985,167949.52975350662
2023-10-20 23:45:00+00:00,3625TH,level,Stage,mASD,0.95,51.547719,-0.420185,509641.51198182633,184385.4268156675
2023-10-20 23:45:00+00:00,50112,rainfall,Tipping Bucket Raingauge,mm,0.3,51.219415,-3.751859,277750.5075302658,148149.57830912794
2023-10-20 23:45:00+00:00,45168,rainfall,Tipping Bucket Raingauge,mm,0.1,50.973456,-3.383642,302950.56951303175,120249.70789270672
2023-10-20 23:45:00+00:00,531175,rainfall,Tipping Bucket Raingauge,mm,0.0,51.546033,-2.267448,381550.5687961553,183049.4434145112
2023-10-20 23:45:00+00:00,E24451,level,Stage,mASD,0.679,52.219934,-0.521475,501100.52940546937,258999.1124773348
2023-10-20 23:45:00+00:00,45102,rainfall,Tipping Bucket Raingauge,mm,0.0,51.129849,-3.534087,292750.558155067,137849.56935980046
2023-10-20 23:45:00+00:00,45268,rainfall,Tipping Bucket Raingauge,mm,0.0,50.701123,-3.117886,321150.5429456064,89649.83755221944
2023-10-20 23:45:00+00:00,50106,rainfall,Tipping Bucket Raingauge,mm,0.1,50.737466,-3.91805,264750.5144871208,94849.73824389954
2023-10-20 23:45:00+00:00,53110,rainfall,Tipping Bucket Raingauge,mm,0.0,51.341928,-2.266258,381550.5162719182,160349.55067010384
2023-10-20 23:45:00+00:00,47160,rainfall,Tipping Bucket Raingauge,mm,0.0,50.877791,-4.488167,225050.5371827249,111649.6900724598
2023-10-20 23:45:00+00:00,46100,rainfall,Tipping Bucket Raingauge,mm,0.0,50.390977,-3.70144,279150.51560576144,55949.92984488723
2023-10-20 23:45:00+00:00,50199,rainfall,Tipping Bucket Raingauge,mm,0.0,50.873373,-3.798545,273550.5429574073,109749.70290185326
2023-10-20 23:45:00+00:00,E23420,rainfall,Tipping Bucket Raingauge,mm,0.0,52.77483,1.151185,612650.5662560619,324348.9926377539
2023-10-20 23:45:00+00:00,45185,rainfall,Tipping Bucket Raingauge,mm,0.1,51.046267,-3.459994,297750.5285864896,128449.6505227398
2023-10-20 23:45:00+00:00,43104,rainfall,Tipping Bucket Raingauge,mm,0.0,51.220377,-1.669896,423150.5720534456,146849.5409529765
2023-10-20 23:45:00+00:00,45158,rainfall,Tipping Bucket Raingauge,mm,0.0,51.06991,-3.643436,284950.56973577774,131349.64307283063
2023-10-20 23:45:00+00:00,531101,rainfall,Tipping Bucket Raingauge,mm,0.0,51.633863,-2.371995,374350.5320154702,192849.4085079163
2023-10-20 23:45:00+00:00,52103,rainfall,Tipping Bucket Raingauge,mm,0.0,50.902608,-2.632068,355650.5691054649,111649.75022056822
2023-10-20 23:45:00+00:00,44101,rainfall,Tipping Bucket Raingauge,mm,0.0,50.800366,-2.738533,348050.52534374513,100349.72335003244
2023-10-20 23:45:00+00:00,46108,rainfall,Tipping Bucket Raingauge,mm,0.2,50.641897,-3.877381,267350.55581002496,84149.85785662595
2023-10-20 23:45:00+00:00,52101,rainfall,Tipping Bucket Raingauge,mm,0.0,50.971757,-3.122948,321250.5509341339,119749.64139012551
2023-10-20 23:45:00+00:00,45236,rainfall,Tipping Bucket Raingauge,mm,0.0,50.776987,-3.176428,317150.5415019126,98149.79312996798
2023-10-20 23:45:00+00:00,49171,rainfall,Tipping Bucket Raingauge,mm,0.0,50.419841,-4.409173,228950.5564645594,60549.93860864381
2023-10-20 23:45:00+00:00,46168,rainfall,Tipping Bucket Raingauge,mm,0.0,50.680022,-3.738768,277250.5286675893,88149.7563553143
2023-10-20 23:45:00+00:00,45183,rainfall,Tipping Bucket Raingauge,mm,0.5,51.114443,-3.795033,274450.5344359292,136549.61889053026
2023-10-20 23:45:00+00:00,52228,rainfall,Tipping Bucket Raingauge,mm,0.0,51.440951,-2.8222,342950.5283982548,171649.47030677265
2023-10-20 23:45:00+00:00,531179,rainfall,Tipping Bucket Raingauge,mm,0.0,51.460233,-2.609517,357750.5334055472,173649.42257847154
2023-10-20 23:45:00+00:00,E2896,level,Stage,mASD,1.718,52.833221,-0.460655,503800.5755764595,327298.883587065
2023-10-20 23:45:00+00:00,E23740,level,Stage,mASD,0.913,52.694217,0.419367,563598.5300245974,313472.0058082213
2023-10-20 23:45:00+00:00,52222,rainfall,Tipping Bucket Raingauge,mm,0.0,51.133861,-2.392257,372650.5235371082,137249.62067979618
2023-10-20 23:45:00+00:00,E1716,rainfall,Tipping Bucket Raingauge,mm,0.0,52.434206,-0.92251,473350.5765434032,282349.0820211599
2023-10-20 23:45:00+00:00,2254TH,level,Stage,mASD,1.115,51.497183,-1.511619,433999.5276240761,177695.48161790706
2023-10-20 23:45:00+00:00,52129,rainfall,Tipping Bucket Raingauge,mm,0.0,50.875913,-2.981351,331050.5659861561,108949.69940885558
2023-10-20 23:45:00+00:00,53104,rainfall,Tipping Bucket Raingauge,mm,0.0,51.538159,-2.480793,366750.5118837291,182249.428021028
2023-10-20 23:45:00+00:00,53113,rainfall,Tipping Bucket Raingauge,mm,0.0,51.290973,-1.963375,402650.5154666727,154649.59776715955
2023-10-20 23:45:00+00:00,E1039,rainfall,Tipping Bucket Raingauge,mm,0.0,53.102452,0.317508,555250.5552128335,358648.85199689434
2023-10-20 23:45:00+00:00,45204,rainfall,Tipping Bucket Raingauge,mm,0.0,50.816541,-3.085152,323650.5094194557,102449.73658330024
2023-10-20 23:45:00+00:00,53100,rainfall,Tipping Bucket Raingauge,mm,0.0,51.633453,-2.15382,389450.5589941956,192749.42756881143
2023-10-20 23:45:00+00:00,50110,rainfall,Tipping Bucket Raingauge,mm,0.2,51.016891,-3.822629,272250.5046599527,125749.66368925452
2023-10-20 23:45:00+00:00,46160,rainfall,Tipping Bucket Raingauge,mm,0.0,50.473478,-3.89184,265850.5256836821,65449.88191598188
2023-10-20 23:45:00+00:00,291241TP,rainfall,Tipping Bucket Raingauge,mm,0.0,51.367559,0.09523,545950.5640408434,165249.47460985827
2023-10-20 23:45:00+00:00,1674TH,level,Stage,mASD,0.547,51.740477,-1.259957,451195.5594493133,204900.35176206456
2023-10-20 23:45:00+00:00,E22268,rainfall,Tipping Bucket Raingauge,mm,0.0,52.041145,0.142627,547050.5358278825,240249.27586062893
2023-10-20 23:45:00+00:00,E46161,rainfall,Tipping Bucket Raingauge,mm,0.0,51.511603,0.583211,579350.5293949441,182349.48742497864
2023-10-20 23:45:00+00:00,571479,rainfall,Tipping Bucket Raingauge,mm,0.0,54.217501,-2.3335,378350.5135210461,480248.3982275193
2023-10-20 23:45:00+00:00,E21018,rainfall,Tipping Bucket Raingauge,mm,0.0,51.587908,0.506691,573750.5769763195,190649.42294477316
2023-10-20 23:45:00+00:00,E24830,level,Stage,mASD,1.878,52.217851,1.492103,638636.5518154738,263485.1945013181
2023-10-20 23:45:00+00:00,592464,rainfall,Tipping Bucket Raingauge,mm,0.0,54.511299,-3.197753,322550.51466331014,513548.3458574876
2023-10-20 23:45:00+00:00,E24255,level,Stage,mASD,1.059,52.335738,0.008586,536950.5529850781,272749.14673339005
2023-10-20 23:45:00+00:00,E21288,rainfall,Tipping Bucket Raingauge,mm,0.0,52.447056,1.60611,645150.5375853098,289349.03453513933
2023-10-20 23:45:00+00:00,597519,rainfall,Tipping Bucket Raingauge,mm,0.0,54.362171,-2.342366,377850.5338255164,496348.3873326232
2023-10-20 23:45:00+00:00,E23205,rainfall,Tipping Bucket Raingauge,mm,0.0,52.470804,1.73914,654050.5557711436,292449.01446057635
2023-10-20 23:45:00+00:00,E24847,rainfall,Tipping Bucket Raingauge,mm,0.0,51.889291,0.584473,577950.5761637129,224349.31990436392
2023-10-20 23:45:00+00:00,E44091,rainfall,Tipping Bucket Raingauge,mm,0.2,51.964319,0.607714,579250.5801690969,232749.2670795648
2023-10-20 23:45:00+00:00,589359,rainfall,Tipping Bucket Raingauge,mm,0.0,54.342135,-3.21744,320950.54875326046,494748.4283508266
2023-10-20 23:45:00+00:00,601304,rainfall,Tipping Bucket Raingauge,mm,0.0,54.536396,-2.762648,350750.56352201896,515948.35894917225
2023-10-20 23:45:00+00:00,E21589,rainfall,Tipping Bucket Raingauge,mm,0.0,52.080162,1.29614,625950.5564589633,247549.2242655436
2023-10-20 23:45:00+00:00,E27621,rainfall,Tipping Bucket Raingauge,mm,0.0,51.542522,0.567655,578150.5444504764,185749.4364918689
2023-10-20 23:45:00+00:00,E48676,rainfall,Tipping Bucket Raingauge,mm,0.0,52.307124,1.153055,615050.5200910111,272349.07623329555
2023-10-20 23:45:00+00:00,720763,level,Tidal Level,m,0.86,53.926518,-3.00474,334120.555073996,448288.5448856641
2023-10-20 23:45:00+00:00,E23470,rainfall,Tipping Bucket Raingauge,mm,0.0,52.191671,1.4844,638250.5708399188,260549.1923498989
2023-10-20 23:45:00+00:00,E24506,rainfall,Tipping Bucket Raingauge,mm,0.03,52.898685,0.4791,566850.5644516735,336348.8652266459
2023-10-20 23:45:00+00:00,E22377,level,Stage,mASD,1.83,52.06301,-0.710466,488500.5559469116,241299.2485726352
2023-10-20 23:45:00+00:00,E37081,rainfall,Tipping Bucket Raingauge,mm,0.0,52.84066,1.075753,607250.5498255811,331448.8828022109
2023-10-20 23:45:00+00:00,E37051,rainfall,Tipping Bucket Raingauge,mm,0.0,51.732496,0.516133,573850.5136865844,206749.36192636497
2023-10-20 23:45:00+00:00,555207,rainfall,Tipping Bucket Raingauge,mm,0.4,53.114913,-2.221812,385250.5644206839,357548.7791769965
2023-10-20 23:45:00+00:00,2802TH,level,Stage,mASD,0.235,51.602909,-0.384264,511996.5297189121,190577.3939372013
2023-10-20 23:45:00+00:00,E24865,rainfall,Tipping Bucket Raingauge,mm,0.0,51.733867,0.736365,589050.526335775,207449.35027257516
2023-10-20 23:45:00+00:00,E2476,rainfall,Tipping Bucket Raingauge,mm,0.0,52.252632,-1.146653,458350.5446016768,261949.20827935703
2023-10-20 23:45:00+00:00,E2382,rainfall,Tipping Bucket Raingauge,mm,0.4,52.332215,-0.788506,482650.5439147451,271149.14714713173
2023-10-20 23:45:00+00:00,604040,rainfall,Tipping Bucket Raingauge,mm,0.4,54.876682,-2.663085,357550.5413995136,553748.1780479007
2023-10-20 23:45:00+00:00,E42981,rainfall,Tipping Bucket Raingauge,mm,0.0,52.554012,1.032047,605650.554631189,299449.0718293222
2023-10-20 23:45:00+00:00,E22683,rainfall,Tipping Bucket Raingauge,mm,0.0,51.971772,0.940138,602050.5212903179,234449.25640847333
2023-10-20 23:45:00+00:00,47158,rainfall,Tipping Bucket Raingauge,mm,0.0,50.771514,-4.228634,242950.51892063188,99249.71100877917
2023-10-20 23:45:00+00:00,5355TH,level,Stage,mASD,1.008,51.643461,-0.095003,531910.5410696778,195569.39933897724
2023-10-20 23:45:00+00:00,E42991,rainfall,Tipping Bucket Raingauge,mm,0.0,52.558433,1.367321,628350.5523159899,300949.0571010577
2023-10-20 23:45:00+00:00,573342,rainfall,Tipping Bucket Raingauge,mm,0.0,53.986218,-2.429249,371950.5606238119,454548.500822658
2023-10-20 23:45:00+00:00,E2463,rainfall,Tipping Bucket Raingauge,mm,0.0,52.665732,-0.158215,524650.5320802176,309149.00889999594
2023-10-20 23:45:00+00:00,E37151,rainfall,Tipping Bucket Raingauge,mm,0.0,51.904776,0.848521,596050.5661537343,226749.28605375177
2023-10-20 23:45:00+00:00,720535,level,Stage,m,7.016,53.866048,-2.811986,346700.5558251323,441398.4973314206
2023-10-20 23:45:00+00:00,E24901,rainfall,Tipping Bucket Raingauge,mm,0.0,51.793116,0.963307,604450.5581931276,214649.37308602527
2023-10-20 23:45:00+00:00,2813TH,level,Downstream Stage,mASD,0.005,51.838108,-0.461149,506120.55030711583,216619.3474561483
2023-10-20 23:45:00+00:00,E603,level,Stage,mASD,0.374,51.222555,0.334684,563130.5280661506,149629.60771719538
2023-10-20 23:45:00+00:00,E44101,rainfall,Tipping Bucket Raingauge,mm,0.0,51.793436,0.648601,582750.5438782019,213849.3530517496
2023-10-20 23:45:00+00:00,E2544,rainfall,Tipping Bucket Raingauge,mm,0.4,52.495753,-0.470258,503950.5508662358,289749.09276889265
2023-10-20 23:45:00+00:00,E1179,rainfall,Tipping Bucket Raingauge,mm,0.2,52.456899,-1.052938,464450.5344776149,284749.08497130644
2023-10-20 23:45:00+00:00,E24874,rainfall,Tipping Bucket Raingauge,mm,0.0,51.906849,1.087118,612450.5628069441,227649.2477127791
2023-10-20 23:45:00+00:00,E21234,rainfall,Tipping Bucket Raingauge,mm,0.0,52.633846,1.556421,640750.5698308191,309948.99138622783
2023-10-20 23:45:00+00:00,E37291,rainfall,Tipping Bucket Raingauge,mm,0.0,52.013331,0.746104,588550.5292414458,238549.18449567893
2023-10-20 23:45:00+00:00,E44081,rainfall,Tipping Bucket Raingauge,mm,0.0,52.060314,0.493671,571050.5199973412,243149.1675367088
2023-10-20 23:45:00+00:00,1712,rainfall,Tipping Bucket Raingauge,mm,0.0,52.639137,-2.325793,378050.5656137108,304649.01756541827
2023-10-20 23:45:00+00:00,2125,level,Stage,mASD,0.9,52.714919,-2.749968,349434.53279891977,313293.0273226269
2023-10-20 23:45:00+00:00,2884,level,Stage,mASD,0.451,52.695461,-2.324363,378175.56007759727,310913.9669978103
2023-10-20 23:45:00+00:00,E24952,rainfall,Tipping Bucket Raingauge,mm,0.07,51.743647,0.324082,560550.5148131446,207549.3842668348
2023-10-20 23:45:00+00:00,2046,level,Stage,mASD,0.66,52.639315,-2.326238,378020.54202198336,304668.95418992883
2023-10-20 23:45:00+00:00,2514,level,Stage,mASD,1.079,51.699985,-2.360238,375200.54104881966,200199.3699627443
2023-10-20 23:45:00+00:00,2206,level,Stage,mASD,0.384,51.746918,-2.217953,385049.5137993004,205380.31681521528
2023-10-20 23:45:00+00:00,47168,rainfall,Tipping Bucket Raingauge,mm,0.0,50.660116,-4.359193,233350.527545628,87149.81288265376
2023-10-20 23:45:00+00:00,2027,level,Stage,mASD,0.514,51.740019,-2.24687,383050.51693021087,204619.36963793545
2023-10-20 23:45:00+00:00,2032,level,Stage,mASD,4.363,52.049661,-2.200744,386330.5638427053,239049.19959796665
2023-10-20 23:45:00+00:00,2226,level,Stage,mASD,0.312,51.747599,-2.214291,385302.5570598443,205455.30860695863
2023-10-20 23:45:00+00:00,E14261,level,Stage,mASD,0.173,50.745533,-1.683293,422441.53989455645,94039.75409252549
2023-10-20 23:45:00+00:00,4252,level,Downstream Stage,mASD,0.194,52.777609,-1.21547,453018.5439091093,320291.00221383496
2023-10-20 23:45:00+00:00,2124,level,Stage,mASD,0.271,51.764493,-2.556805,361670.557235194,207459.30491807475
2023-10-20 23:45:00+00:00,2636,level,Stage,mASD,1.292,52.509532,-2.429445,370950.5495806961,290269.0191712575
2023-10-20 23:45:00+00:00,0323SO,rainfall,Tipping Bucket Raingauge,mm,0.0,51.246536,0.022379,541250.5564152934,151649.5987964638
2023-10-20 23:45:00+00:00,2617,level,Stage,mASD,0.143,51.723887,-2.130978,391049.5704199059,202804.4054250015
2023-10-20 23:45:00+00:00,E22218,rainfall,Tipping Bucket Raingauge,mm,0.0,52.295794,-0.512351,501550.54845940304,267449.13912462885
2023-10-20 23:45:00+00:00,2268,level,Stage,mASD,0.498,51.85196,-2.18652,387249.5450111381,217057.2932047399
2023-10-20 23:45:00+00:00,48169,rainfall,Tipping Bucket Raingauge,mm,0.2,50.191057,-5.514391,149250.52464424208,38250.014854165776
2023-10-20 23:45:00+00:00,47155,rainfall,Tipping Bucket Raingauge,mm,0.0,50.416367,-4.126049,249050.5560416608,59549.846695272354
2023-10-20 23:45:00+00:00,47112,rainfall,Tipping Bucket Raingauge,mm,0.0,50.440912,-4.010253,257350.50656552284,62049.86947043057
2023-10-20 23:45:00+00:00,592448,rainfall,Tipping Bucket Raingauge,mm,0.0,54.498872,-3.181948,323550.5156397742,512148.3417773922
2023-10-20 23:45:00+00:00,577794,rainfall,Tipping Bucket Raingauge,mm,0.0,53.986056,-2.662577,356650.5595769688,454648.45154074143
2023-10-20 23:45:00+00:00,5364TH,level,Downstream Stage,mASD,1.107,51.616543,-0.126609,529800.5370083781,192519.4168246934
2023-10-20 23:45:00+00:00,E42971,rainfall,Tipping Bucket Raingauge,mm,0.0,52.181011,0.952464,601950.5320705576,257749.17454439343
2023-10-20 23:45:00+00:00,E23392,rainfall,Tipping Bucket Raingauge,mm,0.0,52.835301,0.858574,592650.5629700469,330248.9037609859
2023-10-20 23:45:00+00:00,E44121,rainfall,Tipping Bucket Raingauge,mm,0.0,51.931385,0.712001,586550.5710304528,229349.24736579604
2023-10-20 23:45:00+00:00,E12470,level,Stage,mASD,0.458,51.0582,-1.308338,448570.5702319918,128989.59169714442
2023-10-20 23:45:00+00:00,E2578,rainfall,Tipping Bucket Raingauge,mm,0.0,52.890974,-0.512865,500150.5562744777,333648.85815812915
2023-10-20 23:45:00+00:00,586820,rainfall,Tipping Bucket Raingauge,mm,0.0,54.444792,-3.103284,328550.54839121643,506048.3457716543
2023-10-20 23:45:00+00:00,E41311,rainfall,Tipping Bucket Raingauge,mm,0.0,51.520749,0.616886,581650.5579413862,183449.4759932668
2023-10-20 23:45:00+00:00,48170,rainfall,Tipping Bucket Raingauge,mm,0.0,50.131262,-5.251088,167750.51337271338,30750.02502798349
2023-10-20 23:45:00+00:00,43200,rainfall,Tipping Bucket Raingauge,mm,0.0,51.044768,-2.4129,371150.55471755913,127349.66083935456
2023-10-20 23:45:00+00:00,E22400,rainfall,Tipping Bucket Raingauge,mm,0.0,52.177103,0.456319,568050.562530956,256049.22334775707
2023-10-20 23:45:00+00:00,45100,rainfall,Tipping Bucket Raingauge,mm,0.0,51.161592,-3.769689,276350.5569026586,141749.5408051194
2023-10-20 23:45:00+00:00,48103,rainfall,Tipping Bucket Raingauge,mm,0.0,50.1602,-5.114418,177650.537367793,33549.99120576394
2023-10-20 23:45:00+00:00,49172,rainfall,Tipping Bucket Raingauge,mm,0.0,50.589351,-4.830395,199750.5350082724,80449.86375599165
2023-10-20 23:45:00+00:00,48182,rainfall,Tipping Bucket Raingauge,mm,0.0,50.249425,-5.040268,183350.55321008177,43249.95267630767
2023-10-20 23:45:00+00:00,50101,rainfall,Tipping Bucket Raingauge,mm,0.0,50.975364,-4.291091,239250.53570798648,122049.7181636502
2023-10-20 23:45:00+00:00,44200,rainfall,Tipping Bucket Raingauge,mm,0.0,50.837132,-2.59994,357850.56519724545,104349.74366442495
2023-10-20 23:45:00+00:00,45115,rainfall,Tipping Bucket Raingauge,mm,0.0,50.601997,-3.530985,291750.5719582052,79149.79105737784
2023-10-20 23:45:00+00:00,47163,rainfall,Tipping Bucket Raingauge,mm,0.0,50.366737,-4.230702,241450.5358702748,54249.97172294677
2023-10-20 23:45:00+00:00,53111,rainfall,Tipping Bucket Raingauge,mm,0.0,51.315105,-2.495674,365550.5472084314,157449.52897756285
2023-10-20 23:45:00+00:00,45184,rainfall,Tipping Bucket Raingauge,mm,0.4,50.728619,-3.475599,295950.5629842237,93149.82389957784
2023-10-20 23:45:00+00:00,E24819,level,Stage,mASD,2.288,52.318638,1.425054,633527.5553690548,274472.1441309422
2023-10-20 23:45:00+00:00,51126,rainfall,Tipping Bucket Raingauge,mm,0.0,51.124753,-3.200962,316050.5213825572,136849.5585790169
2023-10-20 23:45:00+00:00,E22176,level,Stage,mASD,1.302,52.212963,0.746693,587750.5149967098,260749.1773792224
2023-10-20 23:45:00+00:00,E1645,rainfall,Tipping Bucket Raingauge,mm,0.2,53.664551,-0.343494,509550.5594281498,419948.5924336683
2023-10-20 23:45:00+00:00,4116,level,Stage,mASD,1.677,53.226502,-1.008036,466320.5617839245,370398.7825616552
2023-10-20 23:45:00+00:00,E23646,rainfall,Tipping Bucket Raingauge,mm,0.0,52.571992,0.124144,544050.5436988462,299248.9877694905
2023-10-20 23:45:00+00:00,E24947,rainfall,Tipping Bucket Raingauge,mm,0.01,52.165978,0.556609,574950.5272001068,255049.1499353861
2023-10-20 23:45:00+00:00,010312,rainfall,Tipping Bucket Raingauge,mm,0.0,55.143004,-2.375693,376150.5309219968,583248.136702843
2023-10-20 23:45:00+00:00,051729,rainfall,Tipping Bucket Raingauge,mm,0.4,54.413883,-1.988402,400850.5657147666,502048.3897569096
2023-10-20 23:45:00+00:00,008850,rainfall,Tipping Bucket Raingauge,mm,0.2,55.255608,-2.540374,365750.5298726619,595848.0894549722
2023-10-20 23:45:00+00:00,E24913,rainfall,Tipping Bucket Raingauge,mm,0.0,51.815014,0.765948,590750.5362628822,216549.26064990548
2023-10-20 23:45:00+00:00,E23726,level,Stage,mASD,0.927,52.031808,-1.132641,459600.5459425543,237399.25904336487
2023-10-20 23:45:00+00:00,E22006,level,Stage,mASD,1.679,52.612011,1.01713,604369.563684358,305855.97106916027
2023-10-20 23:45:00+00:00,E21324,level,Stage,mASD,0.57,52.314257,-0.444982,506100.5487329913,269599.1403647014
2023-10-20 23:45:00+00:00,068762,rainfall,Tipping Bucket Raingauge,mm,0.2,54.368186,-0.974109,466750.5743023666,497448.3457623519
2023-10-20 23:45:00+00:00,E24805,level,Stage,mASD,1.312,52.192643,-0.064443,532400.5326688138,256699.20420707
2023-10-20 23:45:00+00:00,E21747,level,Stage,mASD,2.368,52.354128,0.03732,538850.5233947248,274849.11656921875
2023-10-20 23:45:00+00:00,003066,rainfall,Tipping Bucket Raingauge,mm,0.6,55.350136,-2.171067,389250.5263133976,606248.0499648493
2023-10-20 23:45:00+00:00,E71839,level,Tidal Level,mAOD,0.278,50.80228,-1.11117,462731.265440234,100678.7196415466
2023-10-20 23:45:00+00:00,E7045,rainfall,Tipping Bucket Raingauge,mm,0.0,52.185547,-0.867095,477550.5679383019,254749.19493169035
2023-10-20 23:45:00+00:00,E22078,level,Stage,mASD,1.29,52.681119,0.893649,595702.5347349175,313198.0269910158
2023-10-20 23:45:00+00:00,0630TH,level,Stage,mASD,0.095,51.799654,-1.885239,408010.5502854018,211229.38053816275
2023-10-20 23:45:00+00:00,E21852,level,Stage,mASD,2.311,52.028438,0.858403,596189.5189281633,240526.1967352061
2023-10-20 23:45:00+00:00,E46612,rainfall,Tipping Bucket Raingauge,mm,0.0,53.346199,0.015208,534250.5643024945,385148.6967458697
2023-10-20 23:45:00+00:00,47156,rainfall,Tipping Bucket Raingauge,mm,0.1,50.700026,-4.056719,254850.50773827432,90949.78480576447
2023-10-20 23:45:00+00:00,E24632,rainfall,Tipping Bucket Raingauge,mm,0.0,52.342401,-0.067451,531750.5419073638,273349.11232086044
2023-10-20 23:45:00+00:00,2420_w2TH,level,Stage,mASD,0.417,51.381826,-0.966655,472010.5336154844,165259.49091578418
2023-10-20 23:45:00+00:00,E60901,level,Stage,mASD,0.513,52.011485,-0.9309,473473.5265638257,235323.23912607817
2023-10-20 23:45:00+00:00,E2655,level,Stage,mASD,1.257,52.408276,-0.556349,498300.5740153243,279899.0978506037
2023-10-20 23:45:00+00:00,48199,rainfall,Tipping Bucket Raingauge,mm,0.0,50.356962,-4.730773,205850.52433607724,54349.88602630192
2023-10-20 23:45:00+00:00,E22137,level,Stage,mASD,0.736,52.118971,-0.054461,533302.5328823031,248524.15966410577
2023-10-20 23:45:00+00:00,E27675,level,Stage,mASD,0.82,51.644879,0.396505,565910.5506113245,196728.38942365904
2023-10-20 23:45:00+00:00,E21163,level,Stage,mASD,0.46,52.330674,-0.120798,528150.5195216314,271949.14875353314
2023-10-20 23:45:00+00:00,2150TH,level,Downstream Stage,mASD,0.084,51.435635,-1.201665,455590.51954455394,171039.5105247586
2023-10-20 23:45:00+00:00,613905,rainfall,Tipping Bucket Raingauge,mm,0.1,55.089491,-2.693238,355850.5343608079,577448.1369408062
2023-10-20 23:45:00+00:00,E21325,level,Stage,mASD,0.241,52.147499,-0.708027,488500.54688936775,250699.1882352719
2023-10-20 23:45:00+00:00,E21637,rainfall,Tipping Bucket Raingauge,mm,0.0,52.269301,0.00265,536750.5521505482,265349.1607941742
2023-10-20 23:45:00+00:00,E46059,level,Stage,mASD,1.418,52.192763,0.889367,597585.5426611012,258882.11336244977
2023-10-20 23:45:00+00:00,E2316,rainfall,Tipping Bucket Raingauge,mm,0.0,52.810264,-0.528974,499250.5433304798,324648.9836997516
2023-10-20 23:45:00+00:00,E24814,level,Stage,mASD,1.167,52.371419,1.099743,611110.5236546893,279341.093796306
2023-10-20 23:45:00+00:00,082672,rainfall,Tipping Bucket Raingauge,mm,0.2,53.324572,-1.539797,430750.5131086648,380948.75175428623
2023-10-20 23:45:00+00:00,E22244,rainfall,Tipping Bucket Raingauge,mm,0.0,52.202674,-0.045714,533650.5445095948,257849.12969692043
2023-10-20 23:45:00+00:00,051250,rainfall,Tipping Bucket Raingauge,mm,0.2,54.379686,-2.105419,393250.5110431565,498248.3366395959
2023-10-20 23:45:00+00:00,E24737,rainfall,Tipping Bucket Raingauge,mm,0.0,52.32454,0.894501,597350.559858248,273549.1258534293
2023-10-20 23:45:00+00:00,E60501,level,Stage,mASD,0.722,52.212835,0.120872,545000.5293427736,259299.11182484747
2023-10-20 23:45:00+00:00,4189,level,Stage,mASD,1.612,52.986363,-0.977571,468735.51483237714,343713.842155612
2023-10-20 23:45:00+00:00,1387,rainfall,Tipping Bucket Raingauge,mm,0.2,52.424304,-3.172736,320350.53934789065,281349.0576771239
2023-10-20 23:45:00+00:00,E24790,rainfall,Tipping Bucket Raingauge,mm,0.0,52.409069,1.30592,624950.5431541819,284149.0583720554
2023-10-20 23:45:00+00:00,E27594,rainfall,Tipping Bucket Raingauge,mm,6.2,52.735167,-0.4219,506650.51198573207,316448.9684675184
2023-10-20 23:45:00+00:00,E13480,level,Stage,mASD,0.583,50.997377,-1.496618,435421.5143785252,122118.68174799575
2023-10-20 23:45:00+00:00,E1908,rainfall,Tipping Bucket Raingauge,mm,0.0,53.316679,-0.344986,510350.52566759614,381248.75564471737
2023-10-20 23:45:00+00:00,E73939,level,Tidal Level,mAOD,0.381,55.20678,-6.65683,103846.64531156684,600177.8953046729
2023-10-20 23:45:00+00:00,022994,rainfall,Tipping Bucket Raingauge,mm,0.6,54.624106,-1.870637,408450.53701732936,525448.2220800262
2023-10-20 23:45:00+00:00,E1613,rainfall,Tipping Bucket Raingauge,mm,0.0,53.397417,-0.269659,515150.5471878709,390348.7194003258
2023-10-20 23:45:00+00:00,46116,level,Stage,mASD,0.401,50.521452,-3.756985,275545.57078957325,70548.86157958832
2023-10-20 23:45:00+00:00,53184,level,Stage,mASD,1.019,51.439017,-2.62578,356600.5100153109,171299.43408749765
2023-10-20 23:45:00+00:00,3028TH,level,Stage,mASD,1.119,51.101202,-0.825956,482300.56385740207,134199.58789827296
2023-10-20 23:45:00+00:00,47167,rainfall,Tipping Bucket Raingauge,mm,0.0,50.377366,-3.992093,258450.52854636792,54949.88674620404
2023-10-20 23:45:00+00:00,52126,level,Stage,mASD,0.991,51.034896,-2.833902,341624.5352231447,126501.6714198948
2023-10-20 23:45:00+00:00,43210,level,Stage,mASD,0.556,50.853069,-2.167089,388334.5103511149,105963.70227871482
2023-10-20 23:45:00+00:00,531160,level,Stage,mASD,5.369,51.419019,-2.487954,366165.5160784556,169002.52781392093
2023-10-20 23:45:00+00:00,51111,level,Stage,mASD,0.183,51.159618,-3.320133,307780.5553495896,140869.55962805368
2023-10-20 23:45:00+00:00,52208,level,Stage,mASD,0.692,51.116056,-2.430837,369939.5143365517,135284.65537382133
2023-10-20 23:45:00+00:00,53126,level,Stage,mASD,1.045,51.399488,-2.447727,368949.5146406173,166812.5392725549
2023-10-20 23:45:00+00:00,52154,level,Stage,mASD,0.928,51.008129,-2.832096,341717.5491140996,123523.61480465133
2023-10-20 23:45:00+00:00,43208,level,Stage,mASD,1.64,51.034216,-2.265615,381471.56531954696,126128.61865875903
2023-10-20 23:45:00+00:00,52152,level,Stage,mASD,1.255,51.031606,-2.799018,344066.54632643465,126108.6943661004
2023-10-20 23:45:00+00:00,52153,level,Stage,mASD,1.692,51.008129,-2.832096,341717.5491140996,123523.61480465133
2023-10-20 23:45:00+00:00,E61201,level,Stage,mASD,0.457,52.319854,-0.205625,522400.51873375033,270599.06918517326
2023-10-20 23:45:00+00:00,E41647,level,Stage,mASD,0.7,52.236777,-0.839447,479349.5213576867,260477.10750581836
2023-10-20 23:45:00+00:00,2195TH,level,Stage,mASD,0.33,51.462237,-1.077263,464200.5451490537,174099.50945268082
2023-10-20 23:45:00+00:00,E24829,level,Stage,mASD,0.657,52.249147,-0.485347,503500.52357441833,262299.1601964382
2023-10-20 23:45:00+00:00,047281,rainfall,Tipping Bucket Raingauge,mm,0.0,54.275194,-2.263325,382950.5236851886,486648.4311754968
2023-10-20 23:45:00+00:00,47157,rainfall,Tipping Bucket Raingauge,mm,0.0,50.431628,-4.270363,238850.55962429105,61549.87324537069
2023-10-20 23:45:00+00:00,3054TH,level,Downstream Stage,mASD,0.474,51.188851,-0.617671,496700.5626846765,144199.59276665043
2023-10-20 23:45:00+00:00,E12412,level,Stage,mASD,1.736,50.935796,-1.368504,444470.5079122009,115339.72816449976
2023-10-20 23:45:00+00:00,2005,level,Stage,mASD,4.645,52.724474,-2.872198,341190.55885375367,314448.9235844724
2023-10-20 23:45:00+00:00,0790TH,level,Downstream Stage,mASD,0.923,51.670899,-1.700313,420821.5290725851,196945.3529645944
2023-10-20 23:45:00+00:00,E21788,level,Stage,mASD,2.976,52.428112,-0.3542,512000.5125670493,282399.0679347917
2023-10-20 23:45:00+00:00,070365,rainfall,Tipping Bucket Raingauge,mm,0.2,54.244415,-0.80684,477850.5554977416,483848.3821551397
2023-10-20 23:45:00+00:00,E61901,level,Stage,mASD,0.58,52.135918,-0.996201,468800.5417710549,249099.21089972227
2023-10-20 23:45:00+00:00,2639,level,Stage,mASD,1.342,52.394857,-3.160345,321140.5231755743,278060.1236932329
2023-10-20 23:45:00+00:00,E21862,level,Stage,mASD,1.391,52.253951,-0.309376,515500.5613504646,263099.1526164411
2023-10-20 23:45:00+00:00,E24302,level,Stage,mASD,0.859,52.318507,-0.176335,524400.513417118,270499.1496681098
2023-10-20 23:45:00+00:00,E24795,level,Stage,mASD,1.299,52.232016,1.183613,617500.5593630556,264089.1722347245
2023-10-20 23:45:00+00:00,037973,rainfall,Tipping Bucket Raingauge,mm,0.0,54.297778,-1.167931,454250.5681661012,489448.4000607295
2023-10-20 23:45:00+00:00,E21732,level,Stage,mASD,0.839,52.171412,0.099158,543650.5252296221,254649.22039354465
2023-10-20 23:45:00+00:00,E1310,level,Stage,mASD,0.78,52.493886,-0.649292,491800.5178379885,289299.06269585993
2023-10-20 23:45:00+00:00,E47041,level,Stage,mASD,0.829,52.255096,0.055885,540427.5716039088,263871.1487122126
2023-10-20 23:45:00+00:00,43102,rainfall,Tipping Bucket Raingauge,mm,0.0,51.067961,-2.063451,395650.5431445437,129849.6306864654
2023-10-20 23:45:00+00:00,L2312,level,Stage,mASD,1.139,54.408693,-2.177133,388600.5626264219,501485.3268052188
2023-10-20 23:45:00+00:00,E24821,level,Stage,mASD,1.879,52.373829,-0.149082,526100.5576636737,276699.1010512109
2023-10-20 23:45:00+00:00,E5320,level,Stage,mASD,2.705,53.144479,0.086945,539680.5166115857,362848.8038860668
2023-10-20 23:45:00+00:00,E2125,level,Stage,mASD,1.131,52.442977,-0.492641,502553.5443403058,283847.124876311
2023-10-20 23:45:00+00:00,E2790,level,Stage,mASD,2.502,53.550068,-0.501979,499347.52097925934,406980.6798459132
2023-10-20 23:45:00+00:00,50111,rainfall,Tipping Bucket Raingauge,mm,0.2,51.163435,-3.937101,264650.5354315023,142249.5528712292
2023-10-20 23:45:00+00:00,53101,rainfall,Tipping Bucket Raingauge,mm,0.2,51.602099,-2.455479,368550.5080106108,189349.4132718432
2023-10-20 23:45:00+00:00,47170,rainfall,Tipping Bucket Raingauge,mm,0.0,50.546683,-4.319646,235750.54817450844,74449.81546302779
2023-10-20 23:45:00+00:00,52210,rainfall,Tipping Bucket Raingauge,mm,0.0,51.116625,-2.434971,369650.52491547226,135349.63599368525
2023-10-20 23:45:00+00:00,50105,rainfall,Tipping Bucket Raingauge,mm,0.3,50.703195,-3.977548,260450.54718151572,91149.75019170888
2023-10-20 23:45:00+00:00,45164,rainfall,Tipping Bucket Raingauge,mm,0.0,50.614674,-3.380154,302450.5077006026,80349.76652301798
2023-10-20 23:45:00+00:00,46106,rainfall,Tipping Bucket Raingauge,mm,0.1,50.548234,-3.940001,262650.55045212817,73849.85099484028
2023-10-20 23:45:00+00:00,46161,rainfall,Tipping Bucket Raingauge,mm,0.0,50.384444,-3.523968,291750.5160864703,54949.87220954164
2023-10-20 23:45:00+00:00,46104,rainfall,Tipping Bucket Raingauge,mm,0.0,50.53756,-3.702476,279450.53271763714,72249.81133635381
2023-10-20 23:45:00+00:00,45169,rainfall,Tipping Bucket Raingauge,mm,0.0,50.80015,-3.436698,298850.56865955424,101049.71596441822
2023-10-20 23:45:00+00:00,531172,rainfall,Tipping Bucket Raingauge,mm,0.0,51.277706,-2.608531,357650.536486756,153349.52859335553
2023-10-20 23:45:00+00:00,47113,rainfall,Tipping Bucket Raingauge,mm,0.0,50.418385,-3.960029,260850.50883228664,59449.92312428043
2023-10-20 23:45:00+00:00,45208,rainfall,Tipping Bucket Raingauge,mm,0.0,50.850579,-2.888483,337550.5600331018,106049.77441538108
2023-10-20 23:45:00+00:00,46151,rainfall,Tipping Bucket Raingauge,mm,0.0,50.26339,-3.811942,270950.5687281893,41949.92671746843
2023-10-20 23:45:00+00:00,50194,rainfall,Tipping Bucket Raingauge,mm,0.0,51.024089,-4.236452,243250.50235454028,127349.62136689118
2023-10-20 23:45:00+00:00,45231,rainfall,Tipping Bucket Raingauge,mm,0.0,50.76725,-2.963477,332150.5519295984,96849.76057730262
2023-10-20 23:45:00+00:00,44107,level,Stage,mASD,0.371,50.789421,-2.750022,347228.5315647317,99140.7799201542
2023-10-20 23:45:00+00:00,6303,level,Stage,mASD,1.618,52.423104,-1.431916,438728.5549176319,280720.06931930507
2023-10-20 23:45:00+00:00,43108,level,Stage,mASD,0.871,51.061485,-2.080366,394464.5362580759,129130.6074033872
2023-10-20 23:45:00+00:00,E26212,rainfall,Tipping Bucket Raingauge,mm,0.0,51.93437,-0.252319,520250.5679222144,227649.27548800316
2023-10-20 23:45:00+00:00,45108,rainfall,Tipping Bucket Raingauge,mm,0.0,50.884946,-3.487642,295450.5527464929,110549.75440297532
2023-10-20 23:45:00+00:00,53108,rainfall,Tipping Bucket Raingauge,mm,0.0,51.38314,-2.325412,377450.5275452509,164949.51272759805
2023-10-20 23:45:00+00:00,46107,rainfall,Tipping Bucket Raingauge,mm,0.8,50.58221,-3.897607,265750.5601729113,77549.8365417735
2023-10-20 23:45:00+00:00,47105,rainfall,Tipping Bucket Raingauge,mm,0.0,50.686858,-4.234529,242250.5314392571,89849.77267448492
2023-10-20 23:45:00+00:00,44201,rainfall,Tipping Bucket Raingauge,mm,0.0,50.613852,-1.958246,403050.51497359335,79349.78974257676
2023-10-20 23:45:00+00:00,50187,rainfall,Tipping Bucket Raingauge,mm,0.4,50.909721,-4.380331,232750.56371950623,114949.6438797458
2023-10-20 23:45:00+00:00,47108,rainfall,Tipping Bucket Raingauge,mm,0.0,50.586706,-4.106872,250950.5645839813,78449.87174191668
2023-10-20 23:45:00+00:00,52201,rainfall,Tipping Bucket Raingauge,mm,0.0,51.270102,-2.682969,352450.545748144,152549.5584557473
2023-10-20 23:45:00+00:00,48181,rainfall,Tipping Bucket Raingauge,mm,0.1,50.339136,-4.836569,198250.54341907892,52649.927267021645
2023-10-20 23:45:00+00:00,53109,rainfall,Tipping Bucket Raingauge,mm,0.0,51.360132,-2.138539,390450.5552408616,162349.51228599265
2023-10-20 23:45:00+00:00,50188,rainfall,Tipping Bucket Raingauge,mm,0.0,51.178491,-4.106562,252850.54982996377,144249.53350097442
2023-10-20 23:45:00+00:00,49101,rainfall,Tipping Bucket Raingauge,mm,0.1,50.481782,-4.701312,208450.51684732563,68149.91477032096
2023-10-20 23:45:00+00:00,47159,rainfall,Tipping Bucket Raingauge,mm,0.0,50.644847,-4.529589,221250.55794641512,85849.82778195439
2023-10-20 23:45:00+00:00,45186,rainfall,Tipping Bucket Raingauge,mm,0.0,50.67998,-3.408962,300550.55617749604,87649.73837411369
2023-10-20 23:45:00+00:00,49108,rainfall,Tipping Bucket Raingauge,mm,0.2,50.733448,-4.549952,220150.50547016072,95749.81137579952
2023-10-20 23:45:00+00:00,50103,rainfall,Tipping Bucket Raingauge,mm,0.9,50.880864,-4.152815,248650.53417535772,111249.6841513018
2023-10-20 23:45:00+00:00,E24899,level,Stage,mASD,0.567,51.648181,0.346098,562411.5541851405,196982.3373070709
2023-10-20 23:45:00+00:00,52100,rainfall,Tipping Bucket Raingauge,mm,0.6,51.054044,-3.336105,306450.5256939942,129149.61680842096
2023-10-20 23:45:00+00:00,45232,rainfall,Tipping Bucket Raingauge,mm,0.0,50.882121,-3.092361,323250.52548535896,109749.71992595082
2023-10-20 23:45:00+00:00,E22022,level,Stage,mASD,1.843,51.938949,0.502982,572153.5662628949,229675.27678767123
2023-10-20 23:45:00+00:00,45167,rainfall,Tipping Bucket Raingauge,mm,0.0,50.908664,-3.226683,313850.51341901784,112849.7126061879
2023-10-20 23:45:00+00:00,48157,rainfall,Tipping Bucket Raingauge,mm,0.1,50.286686,-4.810984,199850.5231348117,46749.97503877924
2023-10-20 23:45:00+00:00,49105,rainfall,Tipping Bucket Raingauge,mm,0.0,50.558792,-4.637937,213250.5668172169,76549.8086205253
2023-10-20 23:45:00+00:00,48106,rainfall,Tipping Bucket Raingauge,mm,0.1,50.390633,-4.752406,204450.56211229344,58149.86881046351
2023-10-20 23:45:00+00:00,53106,rainfall,Tipping Bucket Raingauge,mm,0.0,51.474338,-2.127367,391250.5454192505,175049.51528050302
2023-10-20 23:45:00+00:00,46120,level,Stage,mASD,0.793,50.390648,-3.72194,277692.5208706847,55946.90197155116
2023-10-20 23:45:00+00:00,44113,level,Stage,mASD,-0.001,50.665978,-2.480781,366117.5645768709,85255.77477049772
2023-10-20 23:45:00+00:00,53115,rainfall,Tipping Bucket Raingauge,mm,0.0,51.210084,-2.450167,368650.5255215757,145749.55807224778
2023-10-20 23:45:00+00:00,E1966,rainfall,Tipping Bucket Raingauge,mm,0.0,52.5771,-0.125035,527150.5673295221,299349.0279543241
2023-10-20 23:45:00+00:00,E24718,rainfall,Tipping Bucket Raingauge,mm,0.0,52.29472,0.332298,559150.5816509587,268849.11970709905
2023-10-20 23:45:00+00:00,E24807,level,Stage,mASD,1.311,52.559314,1.570041,642082.5427126425,301708.05358189234
2023-10-20 23:45:00+00:00,041917,rainfall,Tipping Bucket Raingauge,mm,0.0,53.805201,-0.309101,511450.5121821703,435648.5858202339
2023-10-20 23:45:00+00:00,E60101,level,Stage,mASD,0.253,52.236542,0.176925,548750.5607954238,262049.1152119618
2023-10-20 23:45:00+00:00,E24367,level,Stage,mASD,0.819,52.27627,-0.223832,521278.5531052049,265721.122570008
2023-10-20 23:45:00+00:00,43228,rainfall,Tipping Bucket Raingauge,mm,0.0,50.968057,-2.158729,388950.5372851498,118749.67025637427
2023-10-20 23:45:00+00:00,0155TH,level,Stage,mASD,1.688,51.632205,-2.007169,399600.5305638118,192599.4089805572
2023-10-20 23:45:00+00:00,51102,rainfall,Tipping Bucket Raingauge,mm,0.0,51.117739,-3.349372,305650.53681916016,136249.5952563016
2023-10-20 23:45:00+00:00,E47050,level,Stage,mASD,1.906,52.243719,0.07758,541944.5546464516,262648.12967966526
2023-10-20 23:45:00+00:00,E2062,level,Stage,mASD,1.859,52.401841,-0.5448,499100.5490198364,279199.114219574
2023-10-20 23:45:00+00:00,2277,level,Stage,mASD,0.286,51.848593,-2.220433,384912.5275090399,216689.3372822913
2023-10-20 23:45:00+00:00,PCHURCH_TG_342,level,Stage,mASD,0.479,52.041372,-2.955501,334560.5181899261,238539.2874300525
2023-10-20 23:45:00+00:00,E4427,level,Stage,mASD,0.597,52.212737,-0.938853,472600.5630354074,257699.21297808777
2023-10-20 23:45:00+00:00,E24267,level,Stage,mASD,0.715,52.317315,-0.072946,531450.5276766557,270549.151637811
2023-10-20 23:45:00+00:00,558491,rainfall,Tipping Bucket Raingauge,mm,0.1,53.38925,-1.919511,405450.5378409797,388048.6708766052
2023-10-20 23:45:00+00:00,921083,rainfall,Tipping Bucket Raingauge,mm,0.4,55.502931,-2.138485,391350.5246776625,623248.011099823
2023-10-20 23:45:00+00:00,1486TH,level,Stage,mASD,1.379,51.874246,-1.18499,456205.5502942791,219833.25753596192
2023-10-20 23:45:00+00:00,4031,level,Stage,mASD,1.259,53.053456,-1.793028,413970.5099098825,350708.828700322
2023-10-20 23:45:00+00:00,E2285,level,Stage,mASD,0.527,52.240918,-1.083171,462700.5229377136,260699.21285759192
2023-10-20 23:45:00+00:00,51127,rainfall,Tipping Bucket Raingauge,mm,0.0,51.163886,-3.611019,287450.5360283568,141749.57604541446
2023-10-20 23:45:00+00:00,531108,rainfall,Tipping Bucket Raingauge,mm,0.0,51.237472,-2.325815,377350.5175558779,148749.5224607378
2023-10-20 23:45:00+00:00,53107,rainfall,Tipping Bucket Raingauge,mm,0.015,51.416755,-2.485269,366350.5554147589,168749.49869713254
2023-10-20 23:45:00+00:00,46115,level,Stage,mASD,0.258,50.5162,-3.757538,275492.5395460182,69965.8314887839
2023-10-20 23:45:00+00:00,50126,level,Stage,mASD,0.521,51.073179,-4.041276,257088.56354718024,132410.6637426988
2023-10-20 23:45:00+00:00,45213,level,Stage,mASD,0.639,50.652217,-3.320001,306780.5602580637,84446.79966139309
2023-10-20 23:45:00+00:00,53159,rainfall,Tipping Bucket Raingauge,mm,0.0,51.366659,-2.621201,356850.5604851908,163249.552552896
2023-10-20 23:45:00+00:00,51125,rainfall,Tipping Bucket Raingauge,mm,0.01,51.193548,-3.612054,287450.5050932424,145049.6084496258
2023-10-20 23:45:00+00:00,52149,rainfall,Tipping Bucket Raingauge,mm,0.0,50.937299,-2.527224,363050.5309818985,115449.63576989072
2023-10-20 23:45:00+00:00,52102,rainfall,Tipping Bucket Raingauge,mm,0.0,51.064754,-2.737025,348450.55124768603,129749.62897728063
2023-10-20 23:45:00+00:00,52223,rainfall,Tipping Bucket Raingauge,mm,0.011,51.393485,-2.917648,336250.5245412059,166449.4791517984
2023-10-20 23:45:00+00:00,52225,rainfall,Tipping Bucket Raingauge,mm,0.013,51.260327,-2.806074,343850.5384355211,151549.57539003296
2023-10-20 23:45:00+00:00,52148,rainfall,Tipping Bucket Raingauge,mm,0.0,50.853381,-2.745053,347650.50824084174,106249.70002103694
2023-10-20 23:45:00+00:00,531178,rainfall,Tipping Bucket Raingauge,mm,0.0,51.596598,-2.146477,389950.5524147707,188649.415836851
2023-10-20 23:45:00+00:00,53102,rainfall,Tipping Bucket Raingauge,mm,0.0,51.549024,-2.052583,396450.5705457275,183349.45438783584
2023-10-20 23:45:00+00:00,52224,rainfall,Tipping Bucket Raingauge,mm,0.0,51.173877,-2.508462,364550.53991604975,141749.5532943042
2023-10-20 23:45:00+00:00,52105,rainfall,Tipping Bucket Raingauge,mm,0.0,51.134741,-2.999693,330150.5363034928,137749.62673370514
2023-10-20 23:45:00+00:00,44104,rainfall,Tipping Bucket Raingauge,mm,0.0,50.671274,-2.491689,365350.56626977446,85849.75236905561
2023-10-20 23:45:00+00:00,43103,rainfall,Tipping Bucket Raingauge,mm,0.0,51.164146,-1.894828,407450.5576022885,140549.59335705434
2023-10-20 23:45:00+00:00,53114,rainfall,Tipping Bucket Raingauge,mm,0.0,51.230621,-2.486172,366150.5559041184,148049.5137724021
2023-10-20 23:45:00+00:00,52147,rainfall,Tipping Bucket Raingauge,mm,0.0,51.053779,-2.892367,337550.5665300834,128649.59174297033
2023-10-20 23:45:00+00:00,52227,rainfall,Tipping Bucket Raingauge,mm,0.009,51.183161,-2.90631,336750.55326126685,143049.6286519292
2023-10-20 23:45:00+00:00,53103,rainfall,Tipping Bucket Raingauge,mm,0.0,51.530109,-1.896872,407250.5715036648,181249.46936807377
2023-10-20 23:45:00+00:00,43105,rainfall,Tipping Bucket Raingauge,mm,0.0,51.358394,-1.927417,405150.5445167716,162149.56077451856
2023-10-20 23:45:00+00:00,060947,rainfall,Tipping Bucket Raingauge,mm,0.2,54.218703,-2.195488,387350.5205303229,480348.4053443395
2023-10-20 23:45:00+00:00,0660TH,level,Stage,mASD,0.167,51.754535,-1.825522,412140.5360028647,206219.31902832244
2023-10-20 23:45:00+00:00,E15280,level,Stage,mASD,0.365,51.440152,0.113674,547001.5525063797,173358.52119157522
2023-10-20 23:45:00+00:00,0904TH,level,Downstream Stage,mASD,3.286,51.70718,-1.465193,437051.57733902993,201073.32125770923
2023-10-20 23:45:00+00:00,E10130,rainfall,Tipping Bucket Raingauge,mm,0.0,51.185738,-0.408138,511350.5132458319,144149.5680506731
2023-10-20 23:45:00+00:00,475212_TG_354,rainfall,Tipping Bucket Raingauge,mm,0.0,52.205774,-2.572843,360950.5491451805,256549.13971569567
2023-10-20 23:45:00+00:00,056505,rainfall,Tipping Bucket Raingauge,mm,0.0,54.073241,-1.337477,443450.5214403416,464348.47758014896
2023-10-20 23:45:00+00:00,3225TH,level,Stage,mASD,0.669,51.116941,-0.162605,528700.5466970779,136899.65510952988
2023-10-20 23:45:00+00:00,E21856,level,Stage,mASD,0.93,51.972195,0.774544,590676.5268564206,234049.23025329344
2023-10-20 23:45:00+00:00,E2296,level,Stage,mASD,1.857,52.515233,-0.794532,481900.5223926019,291498.99691610126
2023-10-20 23:45:00+00:00,000028,rainfall,Tipping Bucket Raingauge,mm,0.4,53.500289,-1.673575,421750.53463110205,400448.6424699013
2023-10-20 23:45:00+00:00,4014,level,Stage,mASD,1.985,52.791503,-2.038506,397500.5342168633,321548.9665207233
2023-10-20 23:45:00+00:00,E7095,rainfall,Tipping Bucket Raingauge,mm,0.0,53.326702,-0.11185,525850.5153755398,382748.7890960634
2023-10-20 23:45:00+00:00,E3003,level,Stage,mASD,0.675,52.720446,-0.363945,510600.5666973407,314898.9356204811
2023-10-20 23:45:00+00:00,1794,rainfall,Tipping Bucket Raingauge,mm,0.2,51.87509,-2.275208,381150.5627673646,219649.26552214165
2023-10-20 23:45:00+00:00,E24940,rainfall,Tipping Bucket Raingauge,mm,0.0,51.835947,0.597384,579050.5389905489,218449.281394476
2023-10-20 23:45:00+00:00,2706,level,Stage,mASD,0.657,52.531154,-2.204277,386239.5406666828,292607.04520111653
2023-10-20 23:45:00+00:00,E73739,level,Tidal Level,mAOD,0.248,54.84256,-5.12003,199760.93860362555,554211.7161642687
2023-10-20 23:45:00+00:00,4170,level,Stage,mASD,1.38,52.671341,-2.108289,392774.5507264662,308186.9722473197
2023-10-20 23:45:00+00:00,055013_TG_326,level,Stage,mASD,1.247,52.220498,-2.984666,332830.57027354214,258489.2144810753
2023-10-20 23:45:00+00:00,2015,level,Stage,mASD,3.096,52.114425,-2.108012,392700.5401336985,246239.21196739984
2023-10-20 23:45:00+00:00,2250TH,level,Stage,mASD,1.072,51.401605,-1.323874,447130.5207432722,167169.48106987812
2023-10-20 23:45:00+00:00,055L010SG,level,Stage,mASD,1.026,52.223407,-2.851042,341962.5692011393,258697.1558319347
2023-10-20 23:45:00+00:00,2204TH,level,Stage,mASD,0.665,51.450901,-1.859793,409839.54084578366,172444.51202108432
2023-10-20 23:45:00+00:00,E24195,rainfall,Tipping Bucket Raingauge,mm,0.0,52.103622,0.807145,592350.5172390516,248749.1454464604
2023-10-20 23:45:00+00:00,E23956,level,Stage,mASD,1.903,52.206315,0.520869,572350.5666539478,259449.17180020476
2023-10-20 23:45:00+00:00,1922TH,level,Stage,mASD,0.366,51.78506,-0.75797,485771.5393954515,210329.34194320973
2023-10-20 23:45:00+00:00,E1675,level,Stage,mASD,2.176,53.10346,0.23181,549510.5494613716,358578.7642587632
2023-10-20 23:45:00+00:00,019271,rainfall,Tipping Bucket Raingauge,mm,0.0,55.033344,-1.614307,424750.53811818606,571048.1289828211
2023-10-20 23:45:00+00:00,2616,level,Stage,mASD,6.149,52.158602,-2.219449,385084.50903531775,251170.1924001027
2023-10-20 23:45:00+00:00,E1815,rainfall,Tipping Bucket Raingauge,mm,0.0,53.041102,-0.374951,509050.53597506543,350548.8892918495
2023-10-20 23:45:00+00:00,4147,level,Stage,mASD,0.86,52.839223,-1.665782,422610.5698973264,326908.956487869
2023-10-20 23:45:00+00:00,1904TH,level,Stage,mASD,1.458,51.850671,-0.772585,484640.5715680213,217609.31125775172
2023-10-20 23:45:00+00:00,2887TH,level,Stage,mASD,0.68,51.565274,-0.452775,507340.54377912334,186289.39876124
2023-10-20 23:45:00+00:00,567866,rainfall,Tipping Bucket Raingauge,mm,0.1,53.460365,-2.916431,339250.5696542436,396348.6376268197
2023-10-20 23:45:00+00:00,4080,level,Stage,mASD,1.728,52.541117,-1.695622,420740.5088249201,293739.085573213
2023-10-20 23:45:00+00:00,3230TH,level,Stage,mASD,0.826,51.173918,-0.18323,527100.5770489159,143199.54355838217
2023-10-20 23:45:00+00:00,579167,rainfall,Tipping Bucket Raingauge,mm,0.0,53.897316,-2.901619,340850.5711438912,444948.5075103518
2023-10-20 23:45:00+00:00,E2050,rainfall,Tipping Bucket Raingauge,mm,0.0,51.098285,0.395836,567850.5693979663,135949.57123252738
2023-10-20 23:45:00+00:00,E3401,level,Stage,mASD,0.06,51.273987,1.168823,621121.572275143,157529.54641593146
2023-10-20 23:45:00+00:00,010660,rainfall,Tipping Bucket Raingauge,mm,0.0,55.320859,-2.396284,374950.5458530164,603048.1063445227
2023-10-20 23:45:00+00:00,559100R,rainfall,Tipping Bucket Raingauge,mm,0.0,53.45937,-1.93444,404450.5121572087,395848.7193855918
2023-10-20 23:45:00+00:00,3629,rainfall,Tipping Bucket Raingauge,mm,0.0,52.78808,-1.097664,460950.5116284537,321548.89440369955
2023-10-20 23:45:00+00:00,0904SO,level,Stage,mASD,2.325,51.189651,0.160853,551100.5567626983,145599.5211393244
2023-10-20 23:45:00+00:00,E5080,level,Stage,mASD,0.153,51.140192,1.287219,630043.5533232071,143018.56551934298
2023-10-20 23:45:00+00:00,1761,rainfall,Tipping Bucket Raingauge,mm,0.0,52.051393,-1.762976,416350.54769981385,239249.22998541407
2023-10-20 23:45:00+00:00,E14850,rainfall,Tipping Bucket Raingauge,mm,0.0,50.626578,-1.225903,454850.5144819714,81049.8321093568
2023-10-20 23:45:00+00:00,E12483,level,Stage,mASD,0.686,50.969991,-1.33715,446639.52297513,119161.68459427274
2023-10-20 23:45:00+00:00,0901TH,level,Stage,mASD,0.243,51.690894,-1.607898,427200.5159716227,199199.4289757075
2023-10-20 23:45:00+00:00,2132,level,Stage,mASD,2.29,52.359087,-2.876144,340430.5321326667,273809.0592037906
2023-10-20 23:45:00+00:00,E46341,rainfall,Tipping Bucket Raingauge,mm,0.0,52.538018,-0.337559,512850.5512648664,294649.0606662197
2023-10-20 23:45:00+00:00,E46361,rainfall,Tipping Bucket Raingauge,mm,0.0,52.939919,-0.043906,531550.5333166188,339848.9032313932
2023-10-20 23:45:00+00:00,2054,level,Stage,mASD,3.248,52.405995,-2.80328,345450.53929719626,278969.05712856835
2023-10-20 23:45:00+00:00,E3951,level,Stage,mASD,0.275,51.257785,1.030079,611520.5720565205,155319.54639096005
2023-10-20 23:45:00+00:00,3100,rainfall,Tipping Bucket Raingauge,mm,0.0,52.830414,-1.607371,426550.5426783151,325948.9075652382
2023-10-20 23:45:00+00:00,3860,rainfall,Tipping Bucket Raingauge,mm,0.2,53.407215,-1.191422,453850.563654368,390348.6636387186
2023-10-20 23:45:00+00:00,2175,level,Stage,mASD,5.729,52.735739,-2.994315,332960.5248189281,315808.9262468268
2023-10-20 23:45:00+00:00,E7083,level,Stage,mASD,0.177,50.896388,0.412165,569728.5499305667,113538.6808255426
2023-10-20 23:45:00+00:00,1923TH,level,Downstream Stage,mASD,0.836,51.824471,-0.789114,483550.51809155167,214676.3719629404
2023-10-20 23:45:00+00:00,3240TH,level,Stage,mASD,1.357,51.201071,-0.194473,526240.5213211919,146199.568523557
2023-10-20 23:45:00+00:00,4041,level,Stage,mASD,0.783,53.04899,-1.879122,408200.51989802095,350198.8303914792
2023-10-20 23:45:00+00:00,239374TP,rainfall,Tipping Bucket Raingauge,mm,0.0,51.575345,0.041271,541550.5389744948,188249.4002854722
2023-10-20 23:45:00+00:00,0290TH,level,Stage,mASD,0.544,51.665333,-1.891795,407580.554535007,196289.3763871194
2023-10-20 23:45:00+00:00,E12791,level,Stage,mASD,0.355,51.089282,-1.180897,457463.52938750776,132537.65593321784
2023-10-20 23:45:00+00:00,E1253,level,Stage,mASD,1.113,52.656869,-0.382584,509500.51610404334,307798.9857515567
2023-10-20 23:45:00+00:00,260221TP,rainfall,Tipping Bucket Raingauge,mm,0.0,51.63431,-1.505077,434350.5241435659,192949.3721216888
2023-10-20 23:45:00+00:00,2670,level,Stage,mASD,0.301,51.848419,-2.217412,385120.5677032582,216669.35844411489
2023-10-20 23:45:00+00:00,4310TH,level,Downstream Stage,mASD,-0.144,51.392901,0.019484,540600.56864819,167919.54965319153
2023-10-20 23:45:00+00:00,2425,level,Stage,mASD,0.809,51.832287,-2.270144,381481.5154522874,214887.2788414489
2023-10-20 23:45:00+00:00,021228,rainfall,Tipping Bucket Raingauge,mm,0.2,54.747962,-2.235316,384950.53496428445,539248.2876571687
2023-10-20 23:45:00+00:00,075233,rainfall,Tipping Bucket Raingauge,mm,0.0,53.79732,-1.924807,405050.530753115,433448.5898052323
2023-10-20 23:45:00+00:00,4317TH,level,Stage,mASD,0.496,51.401378,0.028483,541200.521301516,168879.47220123044
2023-10-20 23:45:00+00:00,005782,rainfall,Tipping Bucket Raingauge,mm,0.2,55.154354,-1.944254,403650.5610337657,584448.1105987647
2023-10-20 23:45:00+00:00,E22008,level,Stage,mASD,1.488,52.669401,0.995655,602650.5389957841,312176.9866750652
2023-10-20 23:45:00+00:00,254336TP,rainfall,Tipping Bucket Raingauge,mm,0.0,51.774757,-1.357157,444450.5403652332,208649.39412031087
2023-10-20 23:45:00+00:00,4386TH,level,Stage,mASD,0.09,51.431438,0.027081,541010.5351581576,172219.4342779843
2023-10-20 23:45:00+00:00,E1835,level,Stage,mASD,4.116,53.329892,-0.644055,490400.53756522015,382298.7849685991
2023-10-20 23:45:00+00:00,E15240,level,Stage,mASD,0.325,51.304292,0.18632,552500.5769061038,158399.57034301935
2023-10-20 23:45:00+00:00,E8500,rainfall,Tipping Bucket Raingauge,mm,0.0,51.066083,-0.159624,529050.5575518737,131249.6247644426
2023-10-20 23:45:00+00:00,240350TP,rainfall,Tipping Bucket Raingauge,mm,0.0,51.813497,-0.287465,518150.5529327397,214149.3032681079
2023-10-20 23:45:00+00:00,2011,level,Stage,mASD,2.519,52.255374,-2.193909,386860.5159858863,261929.14866728903
2023-10-20 23:45:00+00:00,4070TH,level,Stage,mASD,0.834,51.410502,-0.247204,522000.53971412726,169399.46078532748
2023-10-20 23:45:00+00:00,E2097,level,Stage,mASD,1.37,52.476009,-0.922226,473300.5442491917,286999.10571521387
2023-10-20 23:45:00+00:00,E13951,level,Stage,mASD,0.379,51.15131,-1.459531,437898.5302614189,139255.58943841464
2023-10-20 23:45:00+00:00,551706,rainfall,Tipping Bucket Raingauge,mm,0.4,53.055708,-2.6691,355250.5253174453,351148.8320915279
2023-10-20 23:45:00+00:00,562992_,rainfall,Tipping Bucket Raingauge,mm,0.0,53.535499,-2.263235,382650.5499688912,404348.7168286665
2023-10-20 23:45:00+00:00,E13291,level,Stage,mASD,0.745,50.955026,-1.534134,432818.5589680131,117391.70815131538
2023-10-20 23:45:00+00:00,243131TP,rainfall,Tipping Bucket Raingauge,mm,0.0,51.897439,0.182296,550250.5698315598,224349.2640445638
2023-10-20 23:45:00+00:00,E45811,rainfall,Tipping Bucket Raingauge,mm,0.0,53.497914,-0.196218,519750.5323524655,401648.6640780564
2023-10-20 23:45:00+00:00,1335,rainfall,Tipping Bucket Raingauge,mm,0.2,52.863499,-3.123644,324450.5217736442,330148.8683257984
2023-10-20 23:45:00+00:00,2667,level,Stage,mASD,0.448,51.834606,-2.193371,386772.5277006193,215128.36132137617
2023-10-20 23:45:00+00:00,E8001,level,Stage,mASD,0.342,50.895273,0.24023,557642.5285037962,113033.64578072033
2023-10-20 23:45:00+00:00,3026,rainfall,Tipping Bucket Raingauge,mm,0.2,52.79928,-2.275079,381550.5153818535,322448.9152276985
2023-10-20 23:45:00+00:00,E7091,level,Stage,mASD,0.527,50.89145,0.361642,566193.5737083858,112874.74621828532
2023-10-20 23:45:00+00:00,E43545,rainfall,Tipping Bucket Raingauge,mm,0.0,53.2518,-0.151126,523450.5214217909,374348.7114580047
2023-10-20 23:45:00+00:00,600683,rainfall,Tipping Bucket Raingauge,mm,0.0,54.592579,-2.950962,338650.5528018857,522348.2622484539
2023-10-20 23:45:00+00:00,2849TH,level,Stage,mASD,0.18,51.645553,-0.436992,508243.5669117732,195240.4208161145
2023-10-20 23:45:00+00:00,E4828,level,Stage,mASD,2.404,52.546177,-0.832027,479300.5104169827,294899.09091197955
2023-10-20 23:45:00+00:00,4191,level,Stage,mASD,3.725,53.003783,-0.829178,478665.536207508,345803.84259082505
2023-10-20 23:45:00+00:00,1165,rainfall,Tipping Bucket Raingauge,mm,0.2,52.205609,-1.605581,427050.5498682793,256449.21540485165
2023-10-20 23:45:00+00:00,575935,rainfall,Tipping Bucket Raingauge,mm,0.0,53.694788,-2.486856,367950.5547675121,422148.55909495184
2023-10-20 23:45:00+00:00,E15350,level,Stage,mASD,0.058,51.445998,0.158543,550100.5626845356,174099.51888599194
2023-10-20 23:45:00+00:00,E46331,rainfall,Tipping Bucket Raingauge,mm,0.0,53.248384,0.004612,533850.5458341399,374248.758283589
2023-10-20 23:45:00+00:00,1502TH,level,Stage,mASD,0.109,51.708312,-1.232825,453106.547546587,201342.3487152696
2023-10-20 23:45:00+00:00,2941TH,level,Stage,mASD,0.718,51.361518,-0.689296,491352.5643540087,163309.54377196197
2023-10-20 23:45:00+00:00,559969,rainfall,Tipping Bucket Raingauge,mm,0.0,53.459311,-2.134747,391150.5424795495,395848.6561378255
2023-10-20 23:45:00+00:00,3998,rainfall,Tipping Bucket Raingauge,mm,0.2,53.396184,-0.931457,471150.531781675,389348.7439640836
2023-10-20 23:45:00+00:00,1675TH,level,Stage,mASD,0.985,51.730973,-1.251352,451800.5541677983,203849.38643192928
2023-10-20 23:45:00+00:00,E2331,rainfall,Tipping Bucket Raingauge,mm,0.1,52.473204,-0.862668,477350.5608976103,286749.11485468777
2023-10-20 23:45:00+00:00,574718,rainfall,Tipping Bucket Raingauge,mm,0.0,53.851109,-2.196809,387150.52085796656,439448.5805674161
2023-10-20 23:45:00+00:00,E12401,level,Stage,mASD,0.217,50.953881,-1.370394,444320.5475417843,117349.72911599836
2023-10-20 23:45:00+00:00,4001,level,Stage,mASD,1.597,53.362304,-1.703631,419820.525676602,385088.73195635696
2023-10-20 23:45:00+00:00,E73839,level,Tidal Level,mAOD,0.219,54.66475,-5.6694700000000005,163460.77306388313,536149.3634916994
2023-10-20 23:45:00+00:00,247344TP,rainfall,Tipping Bucket Raingauge,mm,0.0,51.550032,-0.415648,509950.52002653165,184649.4538154799
2023-10-20 23:45:00+00:00,055811_TG_9303,level,Stage,mASD,3.796,52.096497,-2.969481,333683.5307513771,244683.1905953536
2023-10-20 23:45:00+00:00,3767,rainfall,Tipping Bucket Raingauge,mm,0.0,53.022009,-1.417793,439150.5160016559,347348.8763740394
2023-10-20 23:45:00+00:00,3687,rainfall,Tipping Bucket Raingauge,mm,0.0,52.723063,-0.765859,483450.5586118307,314649.0251786862
2023-10-20 23:45:00+00:00,4200,level,Stage,mASD,0.927,52.568845,-1.992912,400577.5209998204,296780.0269304103
2023-10-20 23:45:00+00:00,008062,rainfall,Tipping Bucket Raingauge,mm,0.0,55.132825,-1.538065,429550.53440019226,582148.1551797375
2023-10-20 23:45:00+00:00,569323,rainfall,Tipping Bucket Raingauge,mm,0.2,53.678587,-2.942358,337850.5611996113,420648.5655229422
2023-10-20 23:45:00+00:00,2490TH,level,Stage,mASD,1.883,51.484806,-0.880942,477800.55372687016,176799.48895932085
2023-10-20 23:45:00+00:00,E8290,rainfall,Tipping Bucket Raingauge,mm,0.0,51.434974,-0.353451,514550.5639893948,171949.52066160511
2023-10-20 23:45:00+00:00,E4060,level,Stage,mASD,0.717,51.258144,1.145929,619600.5776221828,155699.48888761853
2023-10-20 23:45:00+00:00,E72339,level,Tidal Level,mAOD,0.021,49.91847,-6.31642,90269.00926347791,10965.633806161752
2023-10-20 23:45:00+00:00,E2862,level,Stage,mASD,1.194,52.890978,-0.62509,492600.54335884406,333498.91825637064
2023-10-20 23:45:00+00:00,593893,rainfall,Tipping Bucket Raingauge,mm,0.0,54.703741,-3.274806,317950.5676652902,535048.2739963961
2023-10-20 23:45:00+00:00,E4510,rainfall,Tipping Bucket Raingauge,mm,0.0,51.105558,0.979102,608650.5296437267,138249.61747879264
2023-10-20 23:45:00+00:00,E6642,level,Stage,mASD,-0.084,50.981447,0.468833,573396.5727572497,123127.71012253294
2023-10-20 23:45:00+00:00,E11060,rainfall,Tipping Bucket Raingauge,mm,0.0,50.853543,-0.666675,493950.5620997872,106849.70558855098
2023-10-20 23:45:00+00:00,059793,rainfall,Tipping Bucket Raingauge,mm,0.0,53.966652,-1.115089,458150.5542068216,452648.4589743481
2023-10-20 23:45:00+00:00,2302TH,level,Downstream Stage,mASD,2.588,51.501042,-0.886307,477400.5740189823,178599.44469985037
2023-10-20 23:45:00+00:00,E2710,level,Stage,mASD,1.407,52.731094,-0.419825,506800.5507074696,315999.0068165455
2023-10-20 23:45:00+00:00,E1700,rainfall,Tipping Bucket Raingauge,mm,0.0,51.046446,0.196269,554050.5396646794,129749.6106332388
2023-10-20 23:45:00+00:00,2083,level,Stage,mASD,0.998,52.457997,-2.140347,390560.5173227211,284459.0279665776
2023-10-20 23:45:00+00:00,2039,level,Stage,mASD,2.101,52.32,-2.523849,364390.5445712348,269229.15906356333
2023-10-20 23:45:00+00:00,2225,level,Stage,mASD,0.39,51.832287,-2.270144,381481.5154522874,214887.2788414489
2023-10-20 23:45:00+00:00,2705,level,Stage,mASD,0.422,52.5405,-2.801605,345730.5547018119,293929.09311118606
2023-10-20 23:45:00+00:00,564769,rainfall,Tipping Bucket Raingauge,mm,0.6,53.300189,-2.155251,389750.5552843477,378148.7772823167
2023-10-20 23:45:00+00:00,055041,level,Stage,mASD,0.211,52.191958,-2.718663,350970.5190325372,255101.2048807277
2023-10-20 23:45:00+00:00,E42297,rainfall,Tipping Bucket Raingauge,mm,0.2,52.061887,0.546282,574650.5609015732,243449.2392382408
2023-10-20 23:45:00+00:00,3090TH,level,Stage,mASD,1.087,51.37248,-0.466322,506850.5748451752,164829.55655310923
2023-10-20 23:45:00+00:00,4131,level,Stage,mASD,3.013,52.848235,-1.562071,429590.5412465372,327948.9524922659
2023-10-20 23:45:00+00:00,4335TH,level,Stage,mASD,0.235,51.391876,-0.03662,536700.5736097791,167699.53228034926
2023-10-20 23:45:00+00:00,1484TH,level,Stage,mASD,1.048,51.895439,-1.13585,459560.5328887119,222229.34916634468
2023-10-20 23:45:00+00:00,E8360,level,Stage,mASD,0.324,50.968752,0.097884,547400.5327922369,120909.65460107346
2023-10-20 23:45:00+00:00,E2901,level,Stage,mASD,0.736,53.022669,-0.746145,484200.52538145264,347998.8346805597
2023-10-20 23:45:00+00:00,035305,rainfall,Tipping Bucket Raingauge,mm,0.2,54.486239,-0.724171,482750.5283931525,510848.3264254517
2023-10-20 23:45:00+00:00,2232TH,level,Stage,mASD,0.057,51.436872,-1.577706,429450.510966377,170959.46003808588
2023-10-20 23:45:00+00:00,1420TH,level,Stage,mASD,0.965,52.066379,-1.333286,445800.5469534725,241099.19704278163
2023-10-20 23:45:00+00:00,584772,rainfall,Tipping Bucket Raingauge,mm,0.0,54.3319,-2.69427,354950.5292918727,493148.4141673026
2023-10-20 23:45:00+00:00,3839TH,level,Stage,mASD,0.184,51.562196,-0.27948,519359.5331834013,186215.42610577363
2023-10-20 23:45:00+00:00,2019,level,Stage,mASD,0.806,52.340881,-1.512833,433287.5438935568,271534.07101200643
2023-10-20 23:45:00+00:00,3288,rainfall,Tipping Bucket Raingauge,mm,0.2,52.542109,-1.696942,420650.521565623,293849.0553072561
2023-10-20 23:45:00+00:00,E4225,level,Stage,mASD,1.736,52.986895,-0.680145,488700.5254550552,344098.8659982516
2023-10-20 23:45:00+00:00,1415TH,level,Stage,mASD,1.942,52.081936,-1.321103,446619.5224943599,242837.26639482772
2023-10-20 23:45:00+00:00,2085,level,Stage,mASD,4.128,52.179799,-2.225461,384680.5671484615,253529.1787317228
2023-10-20 23:45:00+00:00,E1457,rainfall,Tipping Bucket Raingauge,mm,0.0,53.275431,-0.63753,490950.5762996677,376248.7142465422
2023-10-20 23:45:00+00:00,E4540,rainfall,Tipping Bucket Raingauge,mm,0.0,51.202987,0.784947,594650.5615837838,148549.55272993454
2023-10-20 23:45:00+00:00,E4850,rainfall,Tipping Bucket Raingauge,mm,0.0,51.359322,1.403568,637050.5760091809,167749.4522783372
2023-10-20 23:45:00+00:00,284703TP,rainfall,Tipping Bucket Raingauge,mm,0.0,51.178085,-0.133707,530550.5384281893,143749.60102951856
2023-10-20 23:45:00+00:00,2989TH,level,Stage,mASD,0.613,51.374167,-0.478479,506000.5202778496,164999.53496206267
2023-10-20 23:45:00+00:00,591642,rainfall,Tipping Bucket Raingauge,mm,0.0,54.525099,-3.417569,308350.55290005915,515348.319807489
2023-10-20 23:45:00+00:00,4172,level,Stage,mASD,1.155,52.397668,-1.853805,410044.5161218454,277749.0995156293
2023-10-20 23:45:00+00:00,0898TH,level,Downstream Stage,mASD,2.983,51.68119,-1.668729,423000.5209496694,198099.33953922315
2023-10-20 23:45:00+00:00,4115,level,Stage,mASD,0.852,53.166753,-1.164236,455970.5423241192,363618.7836488871
2023-10-20 23:45:00+00:00,576925,rainfall,Tipping Bucket Raingauge,mm,0.0,53.748659,-2.825643,345650.53168689884,428348.5537732762
2023-10-20 23:45:00+00:00,4153,level,Stage,mASD,1.813,52.620739,-1.76228,416190.5085610583,302579.02932763135
2023-10-20 23:45:00+00:00,2275TH,level,Stage,mASD,0.135,51.325621,-1.249358,452400.5255999162,158769.5794660835
2023-10-20 23:45:00+00:00,E4420,level,Stage,mASD,0.247,51.130148,0.878664,601513.5681352883,140703.61449088674
2023-10-20 23:45:00+00:00,4003,level,Downstream Stage,mASD,1.979,52.52039,-1.751178,416980.5547284324,291419.0734988567
2023-10-20 23:45:00+00:00,3683,rainfall,Tipping Bucket Raingauge,mm,0.0,52.697431,-1.117291,459750.5175668672,311448.9827195578
2023-10-20 23:45:00+00:00,E12560,rainfall,Tipping Bucket Raingauge,mm,0.0,51.006173,-1.114132,462250.5346486312,123349.62618354816
2023-10-20 23:45:00+00:00,E270,rainfall,Tipping Bucket Raingauge,mm,0.0,51.321154,0.447621,570650.5129595002,160849.53024604815
2023-10-20 23:45:00+00:00,4053,level,Stage,mASD,2.056,52.727805,-2.117669,392150.55138961104,314468.986120922
2023-10-20 23:45:00+00:00,E11690,level,Stage,mASD,0.254,50.923515,-1.162981,458927.5327347473,114117.6924460418
2023-10-20 23:45:00+00:00,554472,rainfall,Tipping Bucket Raingauge,mm,0.3,53.169907,-2.103919,393150.510325102,363648.7641363466
2023-10-20 23:45:00+00:00,E1187,level,Stage,mASD,2.514,53.144196,-0.140051,524500.5231506968,362398.8382719979
2023-10-20 23:45:00+00:00,4174,level,Stage,mASD,0.395,52.619792,-1.146475,457880.5640644368,302789.0163900752
2023-10-20 23:45:00+00:00,4151TH,level,Downstream Stage,mASD,-2.346,51.370858,-0.151524,528765.5799584961,165154.45575744394
2023-10-20 23:45:00+00:00,2218,level,Stage,mASD,0.739,52.401988,-1.495801,434400.57356609113,278339.0732588327
2023-10-20 23:45:00+00:00,2458TH,level,Downstream Stage,mASD,0.452,51.32671,-0.917374,475530.51856833184,159179.54172153017
2023-10-20 23:45:00+00:00,4182,level,Stage,mASD,1.295,52.817973,-2.113758,392430.5691168498,324498.9129211651
2023-10-20 23:45:00+00:00,E13980,rainfall,Tipping Bucket Raingauge,mm,0.0,51.218761,-1.473747,436850.5701664707,146749.58195571153
2023-10-20 23:45:00+00:00,5496TH,level,Stage,mASD,-0.503,51.519084,0.132433,548049.544919073,182173.46623803728
2023-10-20 23:45:00+00:00,E1550,level,Stage,mASD,1.205,51.194615,0.278452,559300.5580875037,146399.62363502145
2023-10-20 23:45:00+00:00,598928,rainfall,Tipping Bucket Raingauge,mm,0.0,54.524262,-2.505948,367350.5154879149,514448.3476114314
2023-10-20 23:45:00+00:00,4002,level,Stage,mASD,1.06,52.770034,-1.840172,410880.52121595456,319171.9664564353
2023-10-20 23:45:00+00:00,2469_w2TH,level,Stage,mASD,0.975,51.377564,-0.952526,473000.5628374865,164799.4610257762
2023-10-20 23:45:00+00:00,5369TH,level,Stage,mASD,0.083,51.615727,-0.065253,534050.5463201543,192539.34833334136
2023-10-20 23:45:00+00:00,245176TP,rainfall,Tipping Bucket Raingauge,mm,0.0,51.588712,-0.112596,530850.5632577538,189449.43756253528
2023-10-20 23:45:00+00:00,244569TP,rainfall,Tipping Bucket Raingauge,mm,0.0,51.727077,-0.10539,530950.5803263849,204849.3207922797
2023-10-20 23:45:00+00:00,E13590,rainfall,Tipping Bucket Raingauge,mm,0.0,50.953747,-1.533691,432850.5733632975,117249.672909253
2023-10-20 23:45:00+00:00,2199TH,level,Stage,mASD,0.159,51.486033,-1.039654,466778.54886483855,176779.50165106377
2023-10-20 23:45:00+00:00,5321TH,level,Stage,mAOD,0.135,51.697274,-0.013228,537405.5246139588,201704.3603472335
2023-10-20 23:45:00+00:00,577417,rainfall,Tipping Bucket Raingauge,mm,0.0,53.908061,-3.019063,333150.52593502187,446248.50717675633
2023-10-20 23:45:00+00:00,2648,level,Stage,mASD,0.667,51.999754,-1.952083,403386.5155639954,233480.2191851908
2023-10-20 23:45:00+00:00,1793,rainfall,Tipping Bucket Raingauge,mm,0.4,52.518531,-2.881966,340250.54356856353,291549.0056511808
2023-10-20 23:45:00+00:00,591419,rainfall,Tipping Bucket Raingauge,mm,0.0,54.427181,-3.488178,303550.5602405083,504548.3184846885
2023-10-20 23:45:00+00:00,1155,rainfall,Tipping Bucket Raingauge,mm,0.0,52.417004,-1.12584,459550.5542510609,280249.1093272733
2023-10-20 23:45:00+00:00,288504TP,rainfall,Tipping Bucket Raingauge,mm,0.0,51.349274,0.009666,540050.5174477756,163049.49424515164
2023-10-20 23:45:00+00:00,E8293,level,Stage,mASD,0.384,50.951995,0.074349,545800.5697706925,118999.67364514498
2023-10-20 23:45:00+00:00,4177TH,level,Stage,mASD,-0.019,51.41336,-0.183893,526395.5133789564,169824.47722786997
2023-10-20 23:45:00+00:00,E9720,rainfall,Tipping Bucket Raingauge,mm,0.0,50.860296,-0.483186,506850.5552766308,107849.74626852309
2023-10-20 23:45:00+00:00,2201TH,level,Downstream Stage,mASD,2.364,51.460811,-0.963635,472096.5108911509,174046.46316769574
2023-10-20 23:45:00+00:00,574656,rainfall,Tipping Bucket Raingauge,mm,0.0,53.833251,-2.102519,393350.5210430589,437448.57896659616
2023-10-20 23:45:00+00:00,033108NE,rainfall,Tipping Bucket Raingauge,mm,0.0,54.543358,-1.201588,451750.54245007696,516748.3241515827
2023-10-20 23:45:00+00:00,2269,level,Stage,mASD,0.247,51.835524,-2.26623,381752.5404784114,215246.3131522659
2023-10-20 23:45:00+00:00,2703TH,level,Stage,mASD,0.306,51.463198,-0.569077,499501.5385977664,174773.51028816772
2023-10-20 23:45:00+00:00,030377,rainfall,Tipping Bucket Raingauge,mm,0.4,54.526112,-1.506309,432050.5288435669,514648.324338553
2023-10-20 23:45:00+00:00,E4753,rainfall,Tipping Bucket Raingauge,mm,0.0,51.160348,1.119955,618250.5373679921,144749.60837136165
2023-10-20 23:45:00+00:00,287864TP,rainfall,Tipping Bucket Raingauge,mm,0.0,51.380452,-0.135546,529850.5646526004,166249.47640517182
2023-10-20 23:45:00+00:00,E13261,rainfall,Tipping Bucket Raingauge,mm,0.0,50.788809,-1.033124,468250.5657927761,99249.7517239357
2023-10-20 23:45:00+00:00,E2261,level,Stage,mASD,0.359,51.202357,0.515045,575800.5725065268,147799.5225465525
2023-10-20 23:45:00+00:00,E14930,rainfall,Tipping Bucket Raingauge,mm,0.0,50.623497,-1.307947,449050.5528723903,80649.85195657407
2023-10-20 23:45:00+00:00,4197,level,Stage,mASD,0.911,53.2536,-1.904027,406500.5529018415,372958.73509341705
2023-10-20 23:45:00+00:00,4249,level,Stage,mASD,0.362,52.790235,-2.119721,392023.5501428001,321413.9558083206
2023-10-20 23:45:00+00:00,5129TH,level,Downstream Stage,mASD,-0.301,51.89464,0.186331,550537.5171468349,224046.3323302205
2023-10-20 23:45:00+00:00,E4483,level,Stage,mASD,1.453,52.89634,-0.340975,511700.57019452384,334498.93461407674
2023-10-20 23:45:00+00:00,E7200,rainfall,Tipping Bucket Raingauge,mm,0.0,52.555577,-0.828089,479550.5707943303,295948.9861431638
2023-10-20 23:45:00+00:00,2879_w1TH,level,Downstream Stage,mASD,-0.047,51.567599,-0.49112,504677.5176904808,186492.43581136203
2023-10-20 23:45:00+00:00,4641TH,level,Stage,mASD,1.255,51.851486,-0.376103,511946.52748146746,218234.3104115528
2023-10-20 23:45:00+00:00,1460_w1TH,level,Stage,mASD,0.517,51.861393,-1.30321,448080.559603214,218319.28495406843
2023-10-20 23:45:00+00:00,2093,level,Stage,mASD,1.133,52.191595,-1.70123,420520.57363491366,254859.2233516957
2023-10-20 23:45:00+00:00,E9890,level,Stage,mASD,0.555,51.067869,-0.488686,505990.5428043895,130923.59681240296
2023-10-20 23:45:00+00:00,267661TP,rainfall,Tipping Bucket Raingauge,mm,0.0,51.388049,-1.53073,432750.5631903986,165549.50707326902
2023-10-20 23:45:00+00:00,2050,level,Stage,mASD,1.667,52.316208,-1.431466,438852.55471773,268830.0800097609
2023-10-20 23:45:00+00:00,4167,level,Stage,mASD,1.259,52.726224,-1.468529,435990.5119275191,314418.9327958534
2023-10-20 23:45:00+00:00,E8340,level,Stage,mASD,1.402,51.021082,-0.073715,535200.5366865799,126399.68391355842
2023-10-20 23:45:00+00:00,2608,level,Stage,mASD,1.134,52.65661,-2.716578,351625.55446856475,306783.9427512392
2023-10-20 23:45:00+00:00,074108,rainfall,Tipping Bucket Raingauge,mm,0.0,53.911448,-2.098144,393650.5230267134,446148.4751616064
2023-10-20 23:45:00+00:00,1301TH,level,Downstream Stage,mASD,2.119,51.789307,-1.306931,447900.5341897649,210299.3720371168
2023-10-20 23:45:00+00:00,4091TH,level,Stage,mASD,1.416,51.47009,-0.245065,521990.559746828,176029.4372954632
2023-10-20 23:45:00+00:00,3697TH,level,Stage,mASD,2.09,51.465414,-0.322425,516629.56714512606,175383.52180196374
2023-10-20 23:45:00+00:00,1925TH,level,Stage,mASD,1.645,51.817792,-0.801624,482700.5762402889,213919.3049757441
2023-10-20 23:45:00+00:00,5302TH,level,Stage,mASD,0.535,51.769116,0.016232,539220.5636405713,209749.37889399784
2023-10-20 23:45:00+00:00,003232,rainfall,Tipping Bucket Raingauge,mm,0.6,55.312483,-1.909373,405850.5391209751,602048.0644998031
2023-10-20 23:45:00+00:00,0490TH,level,Downstream Stage,mASD,1.035,51.654587,-1.849612,410500.5257514599,195099.3646725053
2023-10-20 23:45:00+00:00,4729,level,Stage,mASD,1.734,52.777175,-0.87826,475765.517331252,320543.9801416452
2023-10-20 23:45:00+00:00,3826TH,level,Stage,mASD,0.714,51.607093,-0.271414,519800.5720714111,191221.45756226144
2023-10-20 23:45:00+00:00,E7165,rainfall,Tipping Bucket Raingauge,mm,0.0,52.766451,-0.623828,492950.547918906,319649.0081133141
2023-10-20 23:45:00+00:00,E5451,rainfall,Tipping Bucket Raingauge,mm,0.0,51.007531,0.978517,609050.5817569587,127349.64510086582
2023-10-20 23:45:00+00:00,287283TP,rainfall,Tipping Bucket Raingauge,mm,0.0,51.449283,-0.224851,523450.5605864238,173749.45502843577
2023-10-20 23:45:00+00:00,082732,rainfall,Tipping Bucket Raingauge,mm,0.0,53.352459,-1.545506,430350.5212165471,384048.7590092128
2023-10-20 23:45:00+00:00,2207,level,Stage,mASD,1.818,52.440197,-1.475212,435770.5150581672,282599.1332951884
2023-10-20 23:45:00+00:00,564595,rainfall,Tipping Bucket Raingauge,mm,0.7,53.240041,-2.077118,394950.557226665,371448.8208208473
2023-10-20 23:45:00+00:00,2550TH,level,Stage,mASD,0.167,51.635466,-0.76901,485290.5660945375,193679.3814582407
2023-10-20 23:45:00+00:00,4435,level,Stage,mASD,0.968,52.948176,-1.183337,454970.5349826307,339288.8865350151
2023-10-20 23:45:00+00:00,2057,level,Stage,mASD,4.523,51.948918,-2.227065,384490.5295715171,227849.2889102871
2023-10-20 23:45:00+00:00,305111,rainfall,Tipping Bucket Raingauge,mm,0.0,51.098221,1.155768,621050.5788185204,137949.61019324142
2023-10-20 23:45:00+00:00,2808TH,level,Stage,mASD,0.509,51.682315,-0.315607,516547.5556394504,199515.32811105897
2023-10-20 23:45:00+00:00,E1163,level,Stage,mASD,0.567,53.212345,-0.44111,504200.517065806,369498.7824071799
2023-10-20 23:45:00+00:00,1757TH,level,Stage,mASD,2.044,51.64711,-1.451462,438050.5308233339,194399.44411314093
2023-10-20 23:45:00+00:00,026297,rainfall,Tipping Bucket Raingauge,mm,0.0,54.701508,-1.198486,451750.5532789897,534348.2358339112
2023-10-20 23:45:00+00:00,924203,rainfall,Tipping Bucket Raingauge,mm,0.0,55.765373,-2.031043,398150.5683829643,652447.9140855399
2023-10-20 23:45:00+00:00,4345TH,level,Stage,mASD,0.519,51.406058,-0.024366,537510.574431078,169299.4770917466
2023-10-20 23:45:00+00:00,5290TH,level,Stage,mASD,0.151,51.76417,0.01362,539055.536035682,209194.37591176791
2023-10-20 23:45:00+00:00,2928TH,level,Stage,mASD,0.907,51.402823,-0.539779,501670.5406511274,168099.53443504917
2023-10-20 23:45:00+00:00,244027TP,rainfall,Tipping Bucket Raingauge,mm,0.0,51.769108,0.016666,539250.5321716892,209749.3172904071
2023-10-20 23:45:00+00:00,E21270,level,Stage,mASD,0.458,52.160107,-0.63018,493800.5336286164,252199.15605937745
2023-10-20 23:45:00+00:00,055003_TG_316,level,Stage,mASD,2.654,52.061919,-2.659977,354850.56472153804,240599.2450211148
2023-10-20 23:45:00+00:00,3771,rainfall,Tipping Bucket Raingauge,mm,0.2,52.948025,-1.088386,461350.5631490367,339348.864205666
2023-10-20 23:45:00+00:00,2499TH,level,Downstream Stage,mASD,2.811,51.567382,-0.769176,485406.5450312171,186107.38227217484
2023-10-20 23:45:00+00:00,022163,rainfall,Tipping Bucket Raingauge,mm,0.6,54.761631,-1.902834,406350.550262076,540748.192707541
2023-10-20 23:45:00+00:00,E1191,level,Stage,mASD,2.996,53.143044,-0.241774,517700.5148282611,362098.7894093077
2023-10-20 23:45:00+00:00,E140,level,Stage,mASD,0.375,51.271553,0.518493,575777.5804603028,155501.5674221028
2023-10-20 23:45:00+00:00,282781TP,rainfall,Tipping Bucket Raingauge,mm,0.0,51.256125,-0.566214,500150.52807583136,151749.57929173822
2023-10-20 23:45:00+00:00,2431TH,level,Stage,mASD,1.669,51.330889,-0.775604,485400.5367539841,159799.52137320797
2023-10-20 23:45:00+00:00,1290_w2TH,level,Stage,mASD,0.444,51.786053,-1.351198,444850.5121413622,209909.37773743804
2023-10-20 23:45:00+00:00,4064,level,Stage,mASD,2.248,53.498488,-0.664311,488700.5293548564,401028.6832003988
2023-10-20 23:45:00+00:00,1003SO,level,Stage,mASD,0.414,51.280821,1.073832,614465.5345543354,158007.54938994627
2023-10-20 23:45:00+00:00,251530TP,rainfall,Tipping Bucket Raingauge,mm,0.0,51.689762,-1.679516,422250.5386485832,199049.38980329857
2023-10-20 23:45:00+00:00,4625TH,level,Stage,mASD,0.223,51.896722,-0.419615,508840.5485123201,223199.26791207743
2023-10-20 23:45:00+00:00,4072,level,Stage,mASD,1.852,53.077901,-0.934277,471490.55366072775,353938.844126627
2023-10-20 23:45:00+00:00,E24238,rainfall,Tipping Bucket Raingauge,mm,0.0,52.323011,-0.206231,522350.51600694016,270949.1622747255
2023-10-20 23:45:00+00:00,4007,level,Stage,mASD,2.46,52.865431,-1.335368,444840.5354316745,329978.873667249
2023-10-20 23:45:00+00:00,2854TH,level,Stage,mASD,0.157,51.553414,-0.479617,505507.5403084919,184931.44733829395
2023-10-20 23:45:00+00:00,E1530,level,Stage,mASD,0.187,51.107299,0.139866,549900.5208871622,136399.61894902412
2023-10-20 23:45:00+00:00,2892TH,level,Stage,mASD,1.678,51.477287,-0.51406,503291.54192465165,176416.4119883226
2023-10-20 23:45:00+00:00,3198,rainfall,Tipping Bucket Raingauge,mm,0.2,52.530102,-1.383041,441950.5758546354,292649.0615525631
2023-10-20 23:45:00+00:00,287141TP,rainfall,Tipping Bucket Raingauge,mm,0.0,51.362722,-0.209526,524750.5518816913,164149.54497909776
2023-10-20 23:45:00+00:00,E9941,level,Stage,mASD,-2.218,51.069575,-0.509483,504529.57835170144,131083.61086642605
2023-10-20 23:45:00+00:00,237740TP,rainfall,Tipping Bucket Raingauge,mm,0.0,51.600133,0.258985,556550.5780513058,191449.4412195153
2023-10-20 23:45:00+00:00,E9883,level,Stage,mASD,0.455,51.086792,-0.406225,511722.53618356056,133149.61496194504
2023-10-20 23:45:00+00:00,E2400,rainfall,Tipping Bucket Raingauge,mm,0.0,51.096946,0.544313,578250.5315089192,136149.6157629429
2023-10-20 23:45:00+00:00,074329,rainfall,Tipping Bucket Raingauge,mm,0.0,53.986087,-1.999194,400150.53626024106,454448.535756306
2023-10-20 23:45:00+00:00,E23527,level,Stage,mASD,0.417,52.399868,0.289328,555850.5195942527,280449.12335724366
2023-10-20 23:45:00+00:00,1817,rainfall,Tipping Bucket Raingauge,mm,0.2,52.708345,-2.980518,333850.57185969094,312748.96016134764
2023-10-20 23:45:00+00:00,037292,rainfall,Tipping Bucket Raingauge,mm,0.0,54.204227,-0.30358,510750.5340266349,480048.4361943989
2023-10-20 23:45:00+00:00,047439,rainfall,Tipping Bucket Raingauge,mm,0.2,54.31489,-2.180572,388350.57265129214,491048.40275314666
2023-10-20 23:45:00+00:00,3286TH,level,Stage,mASD,1.944,51.323836,-0.41269,510700.5490671506,159499.56312029247
2023-10-20 23:45:00+00:00,3207TH,level,Stage,mASD,0.939,51.11607,-0.222649,524500.5402088447,136699.59378229498
2023-10-20 23:45:00+00:00,246424TP,rainfall,Tipping Bucket Raingauge,mm,0.0,51.501145,-0.205547,524650.5508909911,179549.39677841213
2023-10-20 23:45:00+00:00,1453TH,level,Stage,mASD,0.85,51.920573,-1.306366,447800.5498585608,224899.33671164888
2023-10-20 23:45:00+00:00,023164,rainfall,Tipping Bucket Raingauge,mm,0.0,54.610418,-1.740626,416850.5674063577,523948.2796476622
2023-10-20 23:45:00+00:00,3110TH,level,Downstream Stage,mASD,0.103,51.440376,-0.512035,503515.5482673438,172314.48843094736
2023-10-20 23:45:00+00:00,4381TH,level,Stage,mASD,0.51,51.403702,0.060218,543400.5756755585,169199.46871480966
2023-10-20 23:45:00+00:00,000075TP,rainfall,Tipping Bucket Raingauge,mm,0.0,51.084022,-0.214597,525150.530744493,133149.5744800252
2023-10-20 23:45:00+00:00,4022,level,Stage,mASD,2.645,53.131855,-0.803653,480140.5633374642,360078.7783660364
2023-10-20 23:45:00+00:00,1141,rainfall,Tipping Bucket Raingauge,mm,0.0,51.777374,-2.093434,393650.5286977551,208749.30524335388
2023-10-20 23:45:00+00:00,E15060,level,Stage,mASD,0.384,50.729406,-1.152672,459899.5107571803,92540.79089665784
2023-10-20 23:45:00+00:00,3080TH,level,Stage,mASD,1.352,51.236036,-0.578011,499370.5720207911,149499.59356717888
2023-10-20 23:45:00+00:00,E4826,level,Stage,mASD,0.709,52.568529,-0.123188,527300.5168864899,298399.0036637636
2023-10-20 23:45:00+00:00,2097,level,Stage,mASD,4.049,52.10744,-2.07193,395170.56799662666,245459.2117734368
2023-10-20 23:45:00+00:00,1471TH,level,Stage,mASD,0.558,51.884491,-1.012852,468040.5619595209,221119.2828667323
2023-10-20 23:45:00+00:00,E2105,level,Stage,mASD,1.285,52.584341,-0.404444,508200.5175951106,299698.9825520412
2023-10-20 23:45:00+00:00,2810TH,level,Stage,mASD,0.412,51.718066,-0.219123,523120.5166238465,203649.40036125103
2023-10-20 23:45:00+00:00,E12580,rainfall,Tipping Bucket Raingauge,mm,0.0,51.089429,-1.328148,447150.5606207472,132449.62624758994
2023-10-20 23:45:00+00:00,4139TH,level,Stage,mASD,0.059,51.371312,-0.120688,530910.554663057,165259.49606585366
2023-10-20 23:45:00+00:00,4186,level,Stage,mASD,3.216,53.003454,-1.310004,446400.5366537414,345348.86183196347
2023-10-20 23:45:00+00:00,1140,rainfall,Tipping Bucket Raingauge,mm,3.0,51.875411,-2.019556,398750.5287131012,219649.29021423167
2023-10-20 23:45:00+00:00,E73539,level,Tidal Level,mAOD,0.265,54.08539,-4.76806,219040.75112502556,469041.39417583216
2023-10-20 23:45:00+00:00,077836,rainfall,Tipping Bucket Raingauge,mm,0.2,53.657107,-1.925056,405050.5222137836,417848.6609753789
2023-10-20 23:45:00+00:00,3165,rainfall,Tipping Bucket Raingauge,mm,0.6,52.399545,-2.050654,396650.55221279856,277949.0865874824
2023-10-20 23:45:00+00:00,4896,level,Stage,mASD,2.82,52.507787,-1.704544,420150.5645520445,290029.08790890954
2023-10-20 23:45:00+00:00,2604TH,level,Stage,mASD,2.767,51.524146,-0.702103,490140.5706885855,181379.4160146808
2023-10-20 23:45:00+00:00,241243TP,rainfall,Tipping Bucket Raingauge,mm,0.0,51.950719,-0.145455,527550.5643462812,229649.31415587445
2023-10-20 23:45:00+00:00,077952,rainfall,Tipping Bucket Raingauge,mm,0.0,53.772138,-1.90361,406450.5583672401,430648.5292847505
2023-10-20 23:45:00+00:00,E1140,level,Stage,mASD,1.188,51.172608,0.173074,552010.5129841734,143729.62616525037
2023-10-20 23:45:00+00:00,3345TH,level,Stage,mASD,0.052,51.350352,-0.250864,521905.5767012863,162704.52436230908
2023-10-20 23:45:00+00:00,E14670,level,Stage,mASD,0.144,50.755479,-1.333222,447130.57296229945,95309.8161427295
2023-10-20 23:45:00+00:00,036225,rainfall,Tipping Bucket Raingauge,mm,0.0,54.344552,-0.754715,481050.5161013213,495048.3664587782
2023-10-20 23:45:00+00:00,2515,level,Stage,mASD,0.733,52.306762,-2.076947,394850.5728443291,267630.15819004964
2023-10-20 23:45:00+00:00,3025,rainfall,Tipping Bucket Raingauge,mm,0.0,52.701554,-2.119078,392050.557197784,311548.99204452714
2023-10-20 23:45:00+00:00,076413,rainfall,Tipping Bucket Raingauge,mm,0.2,53.83349,-1.58894,427150.56229508016,437548.51624540944
2023-10-20 23:45:00+00:00,E1363,level,Stage,mASD,1.058,52.229163,-0.868182,477400.53540286986,259599.21067438097
2023-10-20 23:45:00+00:00,2270_w1TH,level,Stage,mASD,1.464,51.411884,-1.321048,447316.5219566434,168314.45669645933
2023-10-20 23:45:00+00:00,2140TH,level,Stage,mASD,0.192,51.453438,-1.228555,453700.52606262447,172999.42563755755
2023-10-20 23:45:00+00:00,2895TH,level,Stage,mASD,0.466,51.45237,-0.520468,502902.51738653966,173636.44050144532
2023-10-20 23:45:00+00:00,2497TH,level,Stage,mASD,0.188,51.55135,-0.808421,482715.559070662,184279.38818255183
2023-10-20 23:45:00+00:00,E11040,rainfall,Tipping Bucket Raingauge,mm,0.0,50.889075,-0.881768,478750.5518256206,110549.69073393292
2023-10-20 23:45:00+00:00,1769,rainfall,Tipping Bucket Raingauge,mm,0.0,52.199933,-2.097246,393450.5498047926,255749.1425848608
2023-10-20 23:45:00+00:00,4159TH,level,Stage,mASD,0.111,51.367034,-0.162812,527990.5562894162,164709.47612864774
2023-10-20 23:45:00+00:00,4127,level,Stage,mASD,4.022,52.879472,-1.254839,450245.5131398993,331593.94937097403
2023-10-20 23:45:00+00:00,E10000,rainfall,Tipping Bucket Raingauge,mm,0.0,50.950807,-0.528647,503450.53316097934,117849.65491576248
2023-10-20 23:45:00+00:00,2546TH,level,Downstream Stage,mASD,0.977,51.627385,-0.748786,486705.5562470296,192804.43833946416
2023-10-20 23:45:00+00:00,2117,level,Stage,mASD,1.607,52.421794,-1.255694,450713.557014778,280683.08704957174
2023-10-20 23:45:00+00:00,2511,level,Stage,mASD,1.069,51.91699,-2.086745,394130.5638290464,224277.27023375776
2023-10-20 23:45:00+00:00,290007TP,rainfall,Tipping Bucket Raingauge,mm,0.0,51.507135,0.134772,548250.5771937144,180849.4750749861
2023-10-20 23:45:00+00:00,057426,rainfall,Tipping Bucket Raingauge,mm,0.0,54.18467,-1.901124,406550.5139172237,476548.43905014993
2023-10-20 23:45:00+00:00,2830,level,Stage,mASD,1.208,52.735118,-2.960681,335230.5296234511,315709.0037037369
2023-10-20 23:45:00+00:00,2301TH,level,Stage,mASD,0.072,51.473138,-0.917727,475265.5616915759,175463.48333465657
2023-10-20 23:45:00+00:00,283596TP,rainfall,Tipping Bucket Raingauge,mm,0.0,51.341055,-0.599459,497650.51952611166,161149.51258939184
2023-10-20 23:45:00+00:00,E24727,rainfall,Tipping Bucket Raingauge,mm,0.01,52.7599,0.536425,571250.5336072753,321048.894279507
2023-10-20 23:45:00+00:00,278744TP,rainfall,Tipping Bucket Raingauge,mm,0.0,51.690006,-0.530846,501650.5658128749,200049.3526000311
2023-10-20 23:45:00+00:00,1687,rainfall,Tipping Bucket Raingauge,mm,0.0,52.016552,-2.653481,355250.5139811777,235549.2675039755
2023-10-20 23:45:00+00:00,3604,rainfall,Tipping Bucket Raingauge,mm,0.2,53.223303,-1.115505,459150.53685785615,369948.8219259204
2023-10-20 23:45:00+00:00,587552,rainfall,Tipping Bucket Raingauge,mm,0.0,54.313112,-2.946042,338550.55158645776,491248.433672831
2023-10-20 23:45:00+00:00,055028_TG_9302,level,Stage,mASD,0.792,52.137017,-2.488532,366660.5439190437,248859.2181794675
2023-10-20 23:45:00+00:00,570099,rainfall,Tipping Bucket Raingauge,mm,0.6,53.511139,-2.721493,352250.5429402849,401848.6329945146
2023-10-20 23:45:00+00:00,1303TH,level,Stage,mASD,-0.103,51.74909,-1.272781,450300.5492914993,205849.3828857985
2023-10-20 23:45:00+00:00,E6770,rainfall,Tipping Bucket Raingauge,mm,0.2,50.965787,0.453104,572350.5545349125,121349.6861959521
2023-10-20 23:45:00+00:00,2272,level,Stage,mASD,0.217,51.863183,-2.221361,384853.53988267167,218312.27763740305
2023-10-20 23:45:00+00:00,4832TH,level,Stage,mASD,0.508,51.861312,-0.11775,529711.5501785331,219755.2566427696
2023-10-20 23:45:00+00:00,581159,rainfall,Tipping Bucket Raingauge,mm,0.0,54.31472,-2.538727,365050.5315286726,491148.36874430056
2023-10-20 23:45:00+00:00,E10893,level,Stage,mASD,-0.034,50.851113,-0.764553,487065.5689277837,106459.72373507688
2023-10-20 23:45:00+00:00,4206,level,Stage,mASD,0.524,52.435233,-1.913503,405977.5287049752,281921.08454676706
2023-10-20 23:45:00+00:00,3816,rainfall,Tipping Bucket Raingauge,mm,0.2,53.130665,-1.23847,451050.559848139,359548.818982164
2023-10-20 23:45:00+00:00,E21096,rainfall,Tipping Bucket Raingauge,mm,0.0,52.583985,0.346152,559050.5644224113,301048.9733886205
2023-10-20 23:45:00+00:00,264254TP,rainfall,Tipping Bucket Raingauge,mm,0.0,51.617635,-1.115281,461350.5091491279,191349.42345696563
2023-10-20 23:45:00+00:00,2601TH,level,Stage,mASD,0.15,51.560993,-0.694635,490585.5518486624,185486.418227521
2023-10-20 23:45:00+00:00,4180_w2TH,level,Stage,mASD,0.245,51.419659,-0.18127,526560.5289833448,170529.46580368464
2023-10-20 23:45:00+00:00,2635,level,Stage,mASD,0.036,51.890714,-2.066105,395547.5077461832,221353.24544013763
2023-10-20 23:45:00+00:00,E25173,rainfall,Tipping Bucket Raingauge,mm,0.1,52.703292,0.697456,582350.5400411035,315148.94419419114
2023-10-20 23:45:00+00:00,593362,rainfall,Tipping Bucket Raingauge,mm,0.0,54.614148,-3.157414,325350.52141252684,524948.3064629263
2023-10-20 23:45:00+00:00,E11090,level,Stage,mASD,0.233,50.831317,-0.857887,480529.53556680784,104152.71248764974
2023-10-20 23:45:00+00:00,078530,rainfall,Tipping Bucket Raingauge,mm,0.2,53.592394,-1.929702,404750.5585600616,410648.59024659806
2023-10-20 23:45:00+00:00,E14893,rainfall,Tipping Bucket Raingauge,mm,0.0,50.754772,-1.304596,449150.5567807131,95249.78013917115
2023-10-20 23:45:00+00:00,E12570,rainfall,Tipping Bucket Raingauge,mm,0.0,51.008538,-1.335019,446750.5091960061,123449.66122353614
2023-10-20 23:45:00+00:00,575335,rainfall,Tipping Bucket Raingauge,mm,0.0,53.862447,-2.348914,377150.5097595645,440748.5683132847
2023-10-20 23:45:00+00:00,E1147,level,Stage,mASD,0.88,53.296901,-0.131922,524600.5182981857,379398.7534799281
2023-10-20 23:45:00+00:00,022013,level,Stage,mASD,1.744,55.049407,-1.741713,416600.5281356448,572798.1897935545
2023-10-20 23:45:00+00:00,2531,level,Stage,mASD,1.926,52.231172,-2.743719,349302.52283496613,259480.16863627356
2023-10-20 23:45:00+00:00,43205,rainfall,Tipping Bucket Raingauge,mm,0.0,50.755028,-1.936857,404550.5112618805,95049.76333420751
2023-10-20 23:45:00+00:00,4083,level,Stage,mASD,2.59,52.916247,-2.171867,388540.5425693686,335438.94088940625
2023-10-20 23:45:00+00:00,2902TH,level,Downstream Stage,mASD,3.085,51.390617,-0.48637,505413.5422840758,166817.5054789369
2023-10-20 23:45:00+00:00,287722TP,rainfall,Tipping Bucket Raingauge,mm,0.0,51.344874,-0.103964,532150.5798426792,162349.54189060905
2023-10-20 23:45:00+00:00,E6600,level,Stage,mASD,0.181,50.990993,0.390419,567858.5382517002,124007.68815706564
2023-10-20 23:45:00+00:00,E72839,level,Tidal Level,mAOD,3.071,51.55,-2.9874400000000003,331629.55359866214,183918.99086972827
2023-10-20 23:45:00+00:00,2320,level,Stage,mASD,2.695,51.85366,-2.578653,360241.55313202343,217388.3030543096
2023-10-20 23:45:00+00:00,287946TP,rainfall,Tipping Bucket Raingauge,mm,0.0,51.415955,-0.162865,527850.5349289837,170149.49339993624
2023-10-20 23:45:00+00:00,582837,rainfall,Tipping Bucket Raingauge,mm,0.0,54.090487,-2.425739,372250.5390788598,466148.449947949
2023-10-20 23:45:00+00:00,2004TH,level,Downstream Stage,mASD,2.318,51.486605,-1.088869,463360.5667559048,176799.45662833643
2023-10-20 23:45:00+00:00,48159,rainfall,Tipping Bucket Raingauge,mm,0.1,50.222785,-5.161963,174550.53086038775,40649.94995959154
2023-10-20 23:45:00+00:00,2694TH,level,Stage,mASD,1.418,51.506197,-0.710164,489616.51936528814,179373.4114475543
2023-10-20 23:45:00+00:00,2862TH,level,Stage,mASD,7.578,51.635575,-0.443997,507782.5396062059,194120.42293917784
2023-10-20 23:45:00+00:00,2609,level,Downstream Stage,mASD,1.467,52.313513,-1.314911,446800.5687097399,268599.0761251074
2023-10-20 23:45:00+00:00,4093,level,Stage,mASD,1.349,52.758541,-1.164067,456510.56038777344,318208.95953878434
2023-10-20 23:45:00+00:00,049902,rainfall,Tipping Bucket Raingauge,mm,0.0,54.130296,-1.656404,422550.53841213824,470548.4038573057
2023-10-20 23:45:00+00:00,4105,level,Stage,mASD,0.665,52.558696,-1.999094,400158.5213416952,295651.06280012324
2023-10-20 23:45:00+00:00,E24920,rainfall,Tipping Bucket Raingauge,mm,0.0,51.532357,0.738679,590050.5439474448,185049.44010370137
2023-10-20 23:45:00+00:00,280826TP,rainfall,Tipping Bucket Raingauge,mm,0.0,51.226121,-0.774805,485650.5651097228,148149.52902705074
2023-10-20 23:45:00+00:00,E2493,rainfall,Tipping Bucket Raingauge,mm,0.0,52.814,0.01276,535750.57124742,325948.93611418176
2023-10-20 23:45:00+00:00,3167,rainfall,Tipping Bucket Raingauge,mm,0.4,52.419334,-1.990391,400750.5436125924,280149.1155723785
2023-10-20 23:45:00+00:00,4081,level,Stage,mASD,2.038,52.560205,-1.983428,401220.5541262184,295819.0437626794
2023-10-20 23:45:00+00:00,560943,rainfall,Tipping Bucket Raingauge,mm,0.0,53.697953,-2.353609,376750.5420112436,422448.65258305887
2023-10-20 23:45:00+00:00,E4370,level,Stage,mASD,0.215,51.171609,0.799508,595800.5212579753,145099.5318369606
2023-10-20 23:45:00+00:00,E11301,level,Stage,mASD,0.314,50.863667,-1.166426,458760.513719885,107459.6990338958
2023-10-20 23:45:00+00:00,2016,level,Stage,mASD,1.521,52.723597,-2.609812,358910.57184869226,314168.92485607875
2023-10-20 23:45:00+00:00,2049,level,Stage,mASD,0.408,52.286203,-1.549042,430858.50978529145,265436.1913726391
2023-10-20 23:45:00+00:00,4179,level,Stage,mASD,0.888,53.08361,-2.1565,389614.5342321566,354054.8608659044
2023-10-20 23:45:00+00:00,4061,level,Downstream Stage,mASD,2.306,53.06433,-2.026812,398300.564818039,351898.8873264092
2023-10-20 23:45:00+00:00,E47251,level,Stage,mASD,1.163,53.048222,-0.396166,507610.5384223299,351308.84774236346
2023-10-20 23:45:00+00:00,2629,level,Stage,mASD,0.463,51.72971,-2.534804,363160.5084804148,203579.36657832316
2023-10-20 23:45:00+00:00,E1320,rainfall,Tipping Bucket Raingauge,mm,0.0,51.202399,0.077705,545250.5206404311,146849.52634101853
2023-10-20 23:45:00+00:00,1822SO,rainfall,Tipping Bucket Raingauge,mm,0.0,50.811276,0.219288,556450.5694472211,103649.7520975814
2023-10-20 23:45:00+00:00,569848,rainfall,Tipping Bucket Raingauge,mm,0.0,53.58714,-2.633659,358150.5705367199,410248.5959231968
2023-10-20 23:45:00+00:00,4058,level,Stage,mASD,0.733,53.013888,-1.738962,417610.5221848121,346318.887636786
2023-10-20 23:45:00+00:00,251556TP,rainfall,Tipping Bucket Raingauge,mm,0.1,51.826782,-1.862825,409550.5209928985,214249.28930720763
2023-10-20 23:45:00+00:00,E11480,rainfall,Tipping Bucket Raingauge,mm,0.0,51.253545,-1.255547,452050.5315051316,150749.57668301152
2023-10-20 23:45:00+00:00,2642,level,Stage,mASD,4.502,52.206967,-2.235272,384019.5348552633,256553.1966946369
2023-10-20 23:45:00+00:00,4011,level,Stage,mASD,4.169,53.124099,-1.557929,429680.53768274974,358638.8413033506
2023-10-20 23:45:00+00:00,4204,level,Downstream Stage,mASD,0.346,52.739499,-1.353725,443730.5672183669,315959.0032864848
2023-10-20 23:45:00+00:00,0530TH,level,Downstream Stage,mASD,1.125,51.667039,-1.816893,412760.5474462231,196489.4285509038
2023-10-20 23:45:00+00:00,5541TH,level,Stage,mASD,0.202,51.546517,0.183966,551533.5582733628,185329.44339454995
2023-10-20 23:45:00+00:00,073422,rainfall,Tipping Bucket Raingauge,mm,0.2,54.100116,-2.164345,389350.5420260271,467148.4509627762
2023-10-20 23:45:00+00:00,E13271,level,Stage,mASD,0.351,50.989153,-1.48518,436230.5589489472,121209.663380306
2023-10-20 23:45:00+00:00,E72139,level,Tidal Level,mAOD,0.774,50.368401,-4.185217,244690.5346643902,54338.92021553484
2023-10-20 23:45:00+00:00,4320TH,level,Stage,mASD,0.056,51.394835,0.016838,540410.5747667452,168129.54111803055
2023-10-20 23:45:00+00:00,2273,level,Stage,mASD,0.272,51.856617,-2.227456,384431.54597127286,217583.28024285624
2023-10-20 23:45:00+00:00,4119,level,Stage,mASD,2.095,53.023087,-1.968659,402199.5350381826,347310.88274751685
2023-10-20 23:45:00+00:00,243045TP,rainfall,Tipping Bucket Raingauge,mm,0.0,51.965517,0.147752,547650.526759009,231849.26635085183
2023-10-20 23:45:00+00:00,1814,rainfall,Tipping Bucket Raingauge,mm,0.4,52.481443,-1.558947,430050.51238564687,287149.0810156267
2023-10-20 23:45:00+00:00,2209,level,Stage,mASD,1.507,52.446651,-1.487391,434937.540839991,283311.0952751863
2023-10-20 23:45:00+00:00,041238,rainfall,Tipping Bucket Raingauge,mm,0.0,53.867134,-0.367439,507450.5158606015,442448.52689313545
2023-10-20 23:45:00+00:00,E4500,rainfall,Tipping Bucket Raingauge,mm,0.0,51.154584,0.889296,602150.5802445462,143449.5727945075
2023-10-20 23:45:00+00:00,4615TH,level,Downstream Stage,mASD,0.067,51.908463,-0.46427,505740.5431676248,224439.2904230836
2023-10-20 23:45:00+00:00,026644,rainfall,Tipping Bucket Raingauge,mm,0.0,54.656189,-2.285935,381650.52791834,529048.2383552835
2023-10-20 23:45:00+00:00,4023,level,Stage,mASD,1.04,53.223665,-1.727504,418290.553397709,369658.7922578276
2023-10-20 23:45:00+00:00,E10370,rainfall,Tipping Bucket Raingauge,mm,0.0,50.999633,-0.78648,485250.53197901056,122949.64460697076
2023-10-20 23:45:00+00:00,1930TH,level,Stage,mASD,1.778,51.795602,-0.944321,472900.5167279952,211299.3145266728
2023-10-20 23:45:00+00:00,2900,level,Stage,mASD,2.339,52.176016,-1.583205,428598.5682263744,253166.16338330263
2023-10-20 23:45:00+00:00,E10140,rainfall,Tipping Bucket Raingauge,mm,0.0,51.023941,-0.551999,501650.5626236105,125949.6631571104
2023-10-20 23:45:00+00:00,E4351,level,Stage,mASD,0.069,51.105167,0.948046,606478.5833009193,138118.57072467284
2023-10-20 23:45:00+00:00,E2814,level,Stage,mASD,3.261,53.221702,-0.541127,497500.54531304695,370398.7790772893
2023-10-20 23:45:00+00:00,4384TH,level,Stage,mASD,0.04,51.428299,0.023993,540805.5338595717,171864.44329850277
2023-10-20 23:45:00+00:00,48192,rainfall,Tipping Bucket Raingauge,mm,0.0,50.238386,-5.248557,168450.549683318,42649.96712967901
2023-10-20 23:45:00+00:00,E4341,level,Stage,mASD,0.244,51.184588,0.930529,604900.5360558667,146899.5198328334
2023-10-20 23:45:00+00:00,E61101,level,Stage,mASD,0.866,52.242947,-0.263656,518650.5453783016,261949.11475092324
2023-10-20 23:45:00+00:00,2698TH,level,Stage,mASD,0.159,51.491873,-0.604104,497007.5712241259,177915.47168944133
2023-10-20 23:45:00+00:00,3641,rainfall,Tipping Bucket Raingauge,mm,0.0,52.738326,-1.320862,445950.52322585526,315848.9384296896
2023-10-20 23:45:00+00:00,E1608,level,Stage,mASD,1.319,53.229862,-0.546842,497100.5595502303,371298.72466121166
2023-10-20 23:45:00+00:00,2495TH,level,Downstream Stage,mASD,2.797,51.528776,-0.885703,477395.5488968345,181684.44080993888
2023-10-20 23:45:00+00:00,3102TH,level,Stage,mASD,0.255,51.406476,-0.349558,514892.5274287618,168786.49211580335
2023-10-20 23:45:00+00:00,3015TH,level,Downstream Stage,mASD,0.064,51.140148,-0.959908,472860.5668522783,138389.58083385718
2023-10-20 23:45:00+00:00,E5640,rainfall,Tipping Bucket Raingauge,mm,0.2,51.05909,0.821971,597850.5195119272,132649.62942537607
2023-10-20 23:45:00+00:00,E5852,level,Stage,mASD,1.025,50.991816,0.524378,577255.5586825758,124412.6312280588
2023-10-20 23:45:00+00:00,E1541,level,Stage,mASD,0.483,51.144544,0.168468,551780.5722921774,140599.59549089012
2023-10-20 23:45:00+00:00,1460_w2TH,level,Stage,mASD,-0.052,51.861438,-1.303137,448085.5387545444,218324.33799383653
2023-10-20 23:45:00+00:00,562417,rainfall,Tipping Bucket Raingauge,mm,0.0,53.60958,-2.440532,370950.5578362478,412648.67033439246
2023-10-20 23:45:00+00:00,039268,rainfall,Tipping Bucket Raingauge,mm,0.0,54.04064,-0.241524,515250.5305926187,461948.4227060549
2023-10-20 23:45:00+00:00,2807TH,level,Stage,mASD,0.303,51.58043,-0.426065,509155.53287565015,188014.3748678064
2023-10-20 23:45:00+00:00,5141TH,level,Stage,mASD,0.305,51.878177,0.160906,548842.5744660548,222163.32380311168
2023-10-20 23:45:00+00:00,4163,level,Stage,mASD,0.768,52.986245,-1.163701,456240.561147017,343538.9124938471
2023-10-20 23:45:00+00:00,E74239,level,Tidal Level,mAOD,0.753,56.62311,-6.06422,150790.79396255407,755306.9352881131
2023-10-20 23:45:00+00:00,E70239,level,Tidal Level,mAOD,1.978,49.18333,-2.11667,391593.3288945882,-79698.24531391736
2023-10-20 23:45:00+00:00,4890TH,level,Stage,mASD,0.269,51.801234,-0.079759,532503.5238341272,213142.3768956698
2023-10-20 23:45:00+00:00,E10389,level,Stage,mASD,0.529,50.999232,-0.786847,485225.5136661677,122904.62887973616
2023-10-20 23:45:00+00:00,5172TH,level,Stage,mASD,1.257,51.795404,0.134177,547272.5562276518,212904.30062234783
2023-10-20 23:45:00+00:00,2003TH,level,Downstream Stage,mASD,3.422,51.523317,-1.141252,459675.56059448654,180838.39586276023
2023-10-20 23:45:00+00:00,43203,rainfall,Tipping Bucket Raingauge,mm,0.0,51.03167,-2.281587,380350.5279238077,125849.64690381452
2023-10-20 23:45:00+00:00,2004,level,Stage,mASD,1.415,52.354922,-1.514617,433155.53144847625,273095.0594257863
2023-10-20 23:45:00+00:00,0130TH,level,Stage,mASD,0.736,51.674733,-1.9904,400760.5717301547,197329.368191835
2023-10-20 23:45:00+00:00,E1502,level,Stage,mASD,1.426,53.38885,-0.330909,511100.5642594207,389298.7407694152
2023-10-20 23:45:00+00:00,4094,level,Stage,mASD,2.233,52.496238,-1.688419,421250.5519349429,288749.02843986417
2023-10-20 23:45:00+00:00,E13301,level,Stage,mASD,0.218,51.080218,-1.523543,433472.5138476163,131318.63071078618
2023-10-20 23:45:00+00:00,1416TH,level,Stage,mASD,1.736,52.114915,-1.315184,446990.54500856926,246509.1971805832
2023-10-20 23:45:00+00:00,2532,level,Stage,mASD,1.573,52.233318,-2.73409,349962.5727904174,259712.1576087663
2023-10-20 23:45:00+00:00,274178TP,rainfall,Tipping Bucket Raingauge,mm,0.0,51.667285,-0.923447,474550.5243837733,197049.39645207123
2023-10-20 23:45:00+00:00,2095,level,Stage,mASD,2.913,52.247533,-1.793996,414161.5309843616,261059.16737806448
2023-10-20 23:45:00+00:00,1961TH,level,Stage,mASD,2.352,51.753138,-0.982253,470350.53608735953,206539.37628657316
2023-10-20 23:45:00+00:00,055817_TG_323,level,Stage,mASD,2.111,51.915339,-2.587573,359682.561236034,224253.31780539287
2023-10-20 23:45:00+00:00,2700TH,level,Stage,mASD,3.662,51.485795,-0.589124,498060.5438523529,177259.47686919995
2023-10-20 23:45:00+00:00,3096,rainfall,Tipping Bucket Raingauge,mm,0.0,52.615214,-2.152813,389750.5425278824,301948.9709068831
2023-10-20 23:45:00+00:00,L3211,level,Stage,mASD,1.645,53.719075,-0.434087,503431.5187251193,425878.5482274256
2023-10-20 23:45:00+00:00,1681TH,level,Stage,mASD,0.77,51.683092,-1.268125,450695.5482007321,198512.38899626263
2023-10-20 23:45:00+00:00,E11321,level,Stage,mASD,0.082,50.860206,-0.976619,472123.5543554265,107242.6959170939
2023-10-20 23:45:00+00:00,3020TH,level,Downstream Stage,mASD,-0.257,51.209424,-0.803594,483670.5464814171,146259.6053616352
2023-10-20 23:45:00+00:00,2873TH,level,Stage,mASD,0.184,51.677124,-0.650282,493421.5166801414,198457.35499020384
2023-10-20 23:45:00+00:00,3815TH,level,Stage,mASD,0.808,51.584844,-0.180888,526130.5629070177,188899.37116848576
2023-10-20 23:45:00+00:00,2603,level,Stage,mASD,0.371,51.730432,-2.362218,375080.5191639468,203586.3686478487
2023-10-20 23:45:00+00:00,5563TH,level,Stage,mASD,-1.193,51.510944,0.165849,550394.566353262,181336.39955786965
2023-10-20 23:45:00+00:00,3629TH,level,Stage,mASD,0.1,51.548783,-0.397836,511188.5160917009,184537.45191821243
2023-10-20 23:45:00+00:00,4122,level,Stage,mASD,2.686,52.999734,-1.762306,416049.5696108558,344738.8880670102
2023-10-20 23:45:00+00:00,1431TH,level,Stage,mASD,0.729,52.017279,-1.380792,442590.5304708032,235609.22003810405
2023-10-20 23:45:00+00:00,1020TH,level,Downstream Stage,mASD,-0.072,51.886693,-1.767911,416070.5184367632,220929.32866576297
2023-10-20 23:45:00+00:00,2641,level,Stage,mASD,0.219,52.582389,-2.192192,387074.5496286708,298303.9941440869
2023-10-20 23:45:00+00:00,006403,rainfall,Tipping Bucket Raingauge,mm,0.6,55.237908,-1.918977,405250.5660101752,593748.0630145689
2023-10-20 23:45:00+00:00,E2119,level,Stage,mASD,0.743,52.246264,-0.779863,483400.5166140638,261599.1133157336
2023-10-20 23:45:00+00:00,E1521,level,Stage,mASD,-0.021,52.227978,-0.934098,472900.52034813527,259399.16643029472
2023-10-20 23:45:00+00:00,286392TP,rainfall,Tipping Bucket Raingauge,mm,0.0,51.400709,-0.284238,519450.5536049344,168249.499436773
2023-10-20 23:45:00+00:00,E3966,level,Stage,mASD,0.536,51.296693,1.105983,616632.5600906553,159866.55890998626
2023-10-20 23:45:00+00:00,013336,rainfall,Tipping Bucket Raingauge,mm,0.0,54.774946,-2.516845,366850.5595468525,542348.1766738497
2023-10-20 23:45:00+00:00,E14270,level,Stage,mASD,0.516,50.815958,-1.550253,431780.5090094997,101919.747600955
2023-10-20 23:45:00+00:00,2200,level,Stage,mASD,3.279,52.141002,-1.689543,421343.5455945063,249235.17327139605
2023-10-20 23:45:00+00:00,2071,level,Stage,mASD,3.808,51.922936,-2.265002,381872.5656613368,224968.27708907364
2023-10-20 23:45:00+00:00,2660,level,Stage,mASD,0.021,51.907359,-2.061419,395871.5648495112,223204.28854121373
2023-10-20 23:45:00+00:00,268851TP,rainfall,Tipping Bucket Raingauge,mm,0.0,51.462587,-1.327004,446850.5253871707,173949.506520287
2023-10-20 23:45:00+00:00,E13363,level,Stage,mASD,1.266,50.957997,-1.495975,435496.55105917336,117739.70838758945
2023-10-20 23:45:00+00:00,2455TH,level,Stage,mASD,0.474,51.262934,-0.867562,479110.5433981616,152139.5126368648
2023-10-20 23:45:00+00:00,4165,level,Stage,mASD,0.843,53.083974,-2.178955,388110.5421468426,354098.8804236076
2023-10-20 23:45:00+00:00,380002TP,rainfall,Tipping Bucket Raingauge,mm,0.0,51.571638,-0.289354,518650.5737798165,187249.38562741468
2023-10-20 23:45:00+00:00,E9920,level,Stage,mASD,1.976,50.956335,-0.513508,504501.5258249554,118485.67703812227
2023-10-20 23:45:00+00:00,E7040,rainfall,Tipping Bucket Raingauge,mm,0.0,53.371241,-0.684077,487650.5350073842,386848.7375534148
2023-10-20 23:45:00+00:00,254829TP,rainfall,Tipping Bucket Raingauge,mm,0.0,51.938474,-1.573015,429450.5694991145,226749.2568428852
2023-10-20 23:45:00+00:00,4032,level,Stage,mASD,1.755,53.206134,-1.165417,455840.5147039783,367998.8117481096
2023-10-20 23:45:00+00:00,E19023,level,Stage,mASD,0.556,52.085111,-0.267906,518779.5561025316,244388.16977003383
2023-10-20 23:45:00+00:00,E25055,level,Stage,mASD,0.673,51.998052,-0.992004,469300.5302981572,233769.2917652938
2023-10-20 23:45:00+00:00,4026,level,Downstream Stage,mASD,1.454,52.627897,-1.613026,426290.5379517527,303419.00031072414
2023-10-20 23:45:00+00:00,2086,level,Stage,mASD,4.957,52.177055,-2.28833,380380.5583667407,253239.20716209887
2023-10-20 23:45:00+00:00,2654,level,Stage,mASD,0.497,51.889602,-2.062354,395805.5437419887,221229.3356957144
2023-10-20 23:45:00+00:00,1082TH,level,Stage,mASD,1.03,51.789786,-1.484269,435668.5353604237,210251.3051521659
2023-10-20 23:45:00+00:00,E24957,rainfall,Tipping Bucket Raingauge,mm,0.0,52.101218,0.906298,599150.5363691982,248749.1588544623
2023-10-20 23:45:00+00:00,282947TP,rainfall,Tipping Bucket Raingauge,mm,0.0,51.280335,-0.635718,495250.5221375542,154349.4944457786
2023-10-20 23:45:00+00:00,004942,rainfall,Tipping Bucket Raingauge,mm,0.0,55.347002,-1.630189,423550.5603337966,605948.0807590258
2023-10-20 23:45:00+00:00,4370TH,level,Stage,mASD,0.126,51.441442,-0.026869,537230.535208232,173229.50723736073
2023-10-20 23:45:00+00:00,4056,level,Stage,mASD,1.959,52.7031,-1.142483,458040.5737397602,312059.0196401159
2023-10-20 23:45:00+00:00,3223TH,level,Stage,mASD,0.821,51.110238,-0.153871,529330.5149680758,136169.59978069816
2023-10-20 23:45:00+00:00,E14900,rainfall,Tipping Bucket Raingauge,mm,0.0,50.677559,-1.505295,435050.5732471132,86549.81294948999
2023-10-20 23:45:00+00:00,E8560,level,Stage,mASD,0.302,51.007923,-0.096141,533665.564175267,124895.59935830614
2023-10-20 23:45:00+00:00,2298TH,level,Stage,mASD,0.203,51.456172,-0.954614,472730.576861136,173539.456039177
2023-10-20 23:45:00+00:00,2241TH,level,Downstream Stage,mASD,-0.169,51.412847,-1.526019,433060.5538102328,168309.49574610937
2023-10-20 23:45:00+00:00,E8743,rainfall,Tipping Bucket Raingauge,mm,0.0,50.853435,-0.133909,531450.529645236,107649.75358452868
2023-10-20 23:45:00+00:00,3441,rainfall,Tipping Bucket Raingauge,mm,0.0,53.134445,-1.432716,438050.55938777415,359848.80248918844
2023-10-20 23:45:00+00:00,563170,rainfall,Tipping Bucket Raingauge,mm,0.0,53.53478,-2.162144,389350.5696654503,404248.6970413971
2023-10-20 23:45:00+00:00,039163,rainfall,Tipping Bucket Raingauge,mm,0.0,54.100377,-0.208409,517250.5346314327,468648.4390298526
2023-10-20 23:45:00+00:00,E2433,rainfall,Tipping Bucket Raingauge,mm,0.0,52.296783,-0.670693,490750.5572760292,267349.12605664734
2023-10-20 23:45:00+00:00,3609TH,level,Stage,mASD,0.266,51.57755,-0.380271,512335.5298713971,187763.3839430346
2023-10-20 23:45:00+00:00,E1633,level,Stage,mASD,1.116,52.45855,-0.611724,494426.5183780669,285417.1135500066
2023-10-20 23:45:00+00:00,2927TH,level,Stage,mASD,0.855,51.399312,-0.56131,500180.5628242407,167679.475449025
2023-10-20 23:45:00+00:00,028185,rainfall,Tipping Bucket Raingauge,mm,0.0,54.560368,-1.983723,401150.52211829246,518348.25040832505
2023-10-20 23:45:00+00:00,1911TH,level,Stage,mASD,2.023,51.826251,-0.856541,478900.5233547215,214799.292922462
2023-10-20 23:45:00+00:00,603111,rainfall,Tipping Bucket Raingauge,mm,0.2,55.093207,-2.481773,369350.5234303569,577748.1157027448
2023-10-20 23:45:00+00:00,3901,rainfall,Tipping Bucket Raingauge,mm,0.2,53.305797,-1.088289,460850.5614155454,379148.760460917
2023-10-20 23:45:00+00:00,2900TH,level,Stage,mASD,3.167,51.431611,-0.512248,503520.5357219977,171339.45789507567
2023-10-20 23:45:00+00:00,3209TH,level,Stage,mASD,0.787,51.130927,-0.213274,525116.5758747,138367.55074239537
2023-10-20 23:45:00+00:00,E2902,level,Stage,mASD,1.631,53.226658,-0.368683,509000.5430497817,371198.7494546517
2023-10-20 23:45:00+00:00,1208TH,level,Stage,mASD,0.605,51.988876,-1.697906,420841.5141356042,232312.24350370668
2023-10-20 23:45:00+00:00,1645TH,level,Stage,mASD,1.62,51.752648,-1.281126,449720.5589564481,206239.3939698514
2023-10-20 23:45:00+00:00,E42124,level,Stage,mASD,1.238,52.230338,-0.897436,475400.5512656827,259699.10884235727
2023-10-20 23:45:00+00:00,242819TP,rainfall,Tipping Bucket Raingauge,mm,0.0,51.827809,0.054118,541650.569123788,216349.32151452964
2023-10-20 23:45:00+00:00,028502,rainfall,Tipping Bucket Raingauge,mm,0.2,54.504568,-2.141258,390950.5654012331,512148.2756994473
2023-10-20 23:45:00+00:00,3390TH,level,Stage,mASD,0.256,51.405736,-0.302166,518190.55680198857,168779.485252429
2023-10-20 23:45:00+00:00,E70939,level,Tidal Level,mAOD,-0.288,55.007415,-1.439769,435929.5238322514,568238.15271664
2023-10-20 23:45:00+00:00,0470TH,level,Stage,mASD,0.296,51.710647,-1.889951,407700.5145516819,201329.3958937156
2023-10-20 23:45:00+00:00,E19027,level,Stage,mASD,3.176,52.377001,-0.269421,517900.5446689782,276849.0838532832
2023-10-20 23:45:00+00:00,4741,level,Stage,mASD,1.392,52.758038,-1.162817,456595.5663827084,318153.9874212664
2023-10-20 23:45:00+00:00,2613,level,Stage,mASD,1.359,52.260974,-1.408027,440500.5141219391,262699.1958168892
2023-10-20 23:45:00+00:00,5522TH,level,Stage,mASD,0.391,51.583879,0.172001,550580.5785856846,189459.38489827703
2023-10-20 23:45:00+00:00,238777TP,rainfall,Tipping Bucket Raingauge,mm,0.0,51.736595,0.223782,553650.5757213179,206549.32369988912
2023-10-20 23:45:00+00:00,3065TH,level,Downstream Stage,mASD,1.008,51.142186,-0.480399,506400.5669403089,139199.65490691256
2023-10-20 23:45:00+00:00,4052,level,Stage,mASD,1.386,52.839744,-2.174088,388370.5487710529,326928.9076274646
2023-10-20 23:45:00+00:00,4175,level,Stage,mASD,2.165,52.698639,-1.610921,426390.5612479672,311288.96689537086
2023-10-20 23:45:00+00:00,5169TH,level,Downstream Stage,mASD,0.094,51.792981,0.16688,549535.5600242568,212701.38654957092
2023-10-20 23:45:00+00:00,46109,level,Stage,mASD,0.924,52.637658,-1.059015,463775.5193357613,304849.9877313532
2023-10-20 23:45:00+00:00,4166,level,Stage,mASD,1.781,52.899788,-1.657587,423130.517349031,333648.92721637554
2023-10-20 23:45:00+00:00,E7190,rainfall,Tipping Bucket Raingauge,mm,0.2,50.811276,0.219288,556450.5694472211,103649.7520975814
2023-10-20 23:45:00+00:00,1099TH,level,Stage,mASD,0.093,51.716858,-1.374624,443300.5664731791,202199.40783380545
2023-10-20 23:45:00+00:00,E45881,rainfall,Tipping Bucket Raingauge,mm,0.0,53.219937,-0.507486,499750.5765046261,370248.7767612718
2023-10-20 23:45:00+00:00,4169,level,Stage,mASD,1.524,52.780092,-1.792694,414080.5621541586,320298.98415640974
2023-10-20 23:45:00+00:00,4046,level,Stage,mASD,1.243,53.055864,-1.782274,414690.5305559035,350978.8411660553
2023-10-20 23:45:00+00:00,E8530,rainfall,Tipping Bucket Raingauge,mm,0.0,50.913393,0.044891,543850.566637026,114649.69210400284
2023-10-20 23:45:00+00:00,247281TP,rainfall,Tipping Bucket Raingauge,mm,0.0,51.67255,-0.366544,513050.5316669332,198349.3649762128
2023-10-20 23:45:00+00:00,0890TH,level,Stage,mASD,0.236,51.692891,-1.672984,422700.5115393147,199399.39700770457
2023-10-20 23:45:00+00:00,4650TH,level,Stage,mASD,0.952,51.830547,-0.347917,513940.5808309175,215949.2861407524
2023-10-20 23:45:00+00:00,E13823,level,Stage,mASD,0.745,51.152223,-1.450813,438507.5314350926,139361.63671377496
2023-10-20 23:45:00+00:00,E1203,level,Stage,mASD,2.858,53.009861,-0.11602,526500.5493708865,347498.8050862292
2023-10-20 23:45:00+00:00,2893TH,level,Stage,mASD,0.686,51.466242,-0.501779,504169.5113057885,175205.50077097147
2023-10-20 23:45:00+00:00,1799TH,level,Downstream Stage,mASD,2.653,51.6506,-1.267131,450800.5147781693,194899.39254852265
2023-10-20 23:45:00+00:00,E921,level,Stage,mASD,0.223,51.275499,0.095139,546236.5473509921,155012.49977642187
2023-10-20 23:45:00+00:00,2888TH,level,Stage,mASD,0.897,51.547893,-0.46447,506570.5396157477,184339.3987484547
2023-10-20 23:45:00+00:00,078772,rainfall,Tipping Bucket Raingauge,mm,0.2,53.552738,-1.824111,411750.5214528368,406248.6948810862
2023-10-20 23:45:00+00:00,613467,rainfall,Tipping Bucket Raingauge,mm,0.0,55.005582,-2.999799,336150.5181691747,568348.1172172434
2023-10-20 23:45:00+00:00,2512,level,Stage,mASD,0.363,51.857643,-2.180344,387676.5069016257,217688.30227890424
2023-10-20 23:45:00+00:00,2435TH,level,Stage,mASD,1.037,51.356292,-0.888384,477500.5596945158,162499.51882439305
2023-10-20 23:45:00+00:00,E1971,rainfall,Tipping Bucket Raingauge,mm,0.8,52.452473,-0.605675,494850.5522751943,284749.1044727144
2023-10-20 23:45:00+00:00,013553,rainfall,Tipping Bucket Raingauge,mm,0.2,54.820161,-2.445834,371450.5109441042,547348.2206406
2023-10-20 23:45:00+00:00,E24319,level,Stage,mASD,0.646,52.415589,0.734272,586050.5679640997,283249.12934576697
2023-10-20 23:45:00+00:00,3401TH,level,Downstream Stage,mASD,3.905,51.429566,-0.318416,516999.5443077511,171403.43275590352
2023-10-20 23:45:00+00:00,2239TH,level,Stage,mASD,0.096,51.414788,-1.539372,432130.54248795466,168519.44532542984
2023-10-20 23:45:00+00:00,055021_TG_305,level,Stage,mASD,2.892,52.226571,-2.730348,350210.56295365014,258959.1178674399
2023-10-20 23:45:00+00:00,4071,level,Stage,mASD,1.83,53.062491,-0.852881,476970.5437503578,352308.7992834615
2023-10-20 23:45:00+00:00,007292,rainfall,Tipping Bucket Raingauge,mm,0.4,55.033951,-1.969453,402050.5726451905,571048.1917515018
2023-10-20 23:45:00+00:00,054604,rainfall,Tipping Bucket Raingauge,mm,0.2,54.32908,-1.456389,435450.5293226196,492748.3557346495
2023-10-20 23:45:00+00:00,5376TH,level,Stage,mASD,0.255,51.619051,0.008836,539169.5278479692,193047.38735011584
2023-10-20 23:45:00+00:00,1490TH,level,Stage,mASD,4.815,51.750579,-1.24661,452105.538671178,206033.314641594
2023-10-20 23:45:00+00:00,E10824,level,Stage,mASD,0.159,50.861097,-0.928616,475500.56533986906,107389.66902083464
2023-10-20 23:45:00+00:00,2711,level,Stage,mASD,0.923,52.04668,-1.963362,402609.5671977458,238699.18941629707
2023-10-20 23:45:00+00:00,E47061,level,Stage,mASD,3.478,52.849491,-0.275979,516197.5602826781,329390.9197593113
2023-10-20 23:45:00+00:00,4980TH,level,Stage,mASD,0.549,51.839044,-0.027533,535990.5283317204,217443.27339858952
2023-10-20 23:45:00+00:00,5357TH,level,Stage,mASD,0.196,51.626104,-0.060318,534361.5633073342,193702.37291268265
2023-10-20 23:45:00+00:00,5189TH,level,Stage,mASD,0.152,51.773908,0.073644,543166.5460315477,210393.35892656652
2023-10-20 23:45:00+00:00,E10360,rainfall,Tipping Bucket Raingauge,mm,0.0,51.037622,-0.899591,477250.5560933109,127049.60181846292
2023-10-20 23:45:00+00:00,3778,rainfall,Tipping Bucket Raingauge,mm,0.0,52.687955,-1.796533,413850.5394614666,310048.9400064601
2023-10-20 23:45:00+00:00,E1696,level,Stage,mASD,0.721,53.574576,-0.108253,525358.5560341888,410327.6233444501
2023-10-20 23:45:00+00:00,2607,level,Stage,mASD,0.352,51.996906,-2.373352,374463.5747126165,233228.27735918955
2023-10-20 23:45:00+00:00,1899TH,level,Stage,mASD,-0.009,51.638206,-1.179444,456882.55518507503,193585.4493006932
2023-10-20 23:45:00+00:00,077256,rainfall,Tipping Bucket Raingauge,mm,0.0,53.798228,-2.056887,396350.5700255178,433548.52457173925
2023-10-20 23:45:00+00:00,575384,rainfall,Tipping Bucket Raingauge,mm,0.0,53.790306,-2.422692,372250.526592171,432748.5916542093
2023-10-20 23:45:00+00:00,1113SO,level,Stage,mASD,0.333,51.099225,1.00828,610721.5547016021,137628.6532719947
2023-10-20 23:45:00+00:00,E24884,rainfall,Tipping Bucket Raingauge,mm,0.0,51.683977,0.715993,587850.5525557547,201849.4207360386
2023-10-20 23:45:00+00:00,4036,level,Stage,mASD,2.125,53.26962,-0.952008,469990.5720015571,375248.7473190011
2023-10-20 23:45:00+00:00,564154,rainfall,Tipping Bucket Raingauge,mm,0.2,53.497891,-2.499671,366950.5467415717,400248.6574000777
2023-10-20 23:45:00+00:00,000997,rainfall,Tipping Bucket Raingauge,mm,0.2,55.58067,-1.645446,422450.544924545,631947.9814993477
2023-10-20 23:45:00+00:00,E16120,level,,mASD,1.908,51.195997,0.254903,557650.5688389424,146502.54904122034
2023-10-20 23:45:00+00:00,1023SE,rainfall,Tipping Bucket Raingauge,mm,0.0,51.294661,1.108973,616850.5404415092,159649.47578839908
2023-10-20 23:45:00+00:00,085960,rainfall,Tipping Bucket Raingauge,mm,0.2,53.527019,-1.385249,440850.5221912489,403548.6367204988
2023-10-20 23:45:00+00:00,E9360,rainfall,Tipping Bucket Raingauge,mm,0.0,50.929113,-0.384184,513650.5296094819,115649.6655576806
2023-10-20 23:45:00+00:00,1748,rainfall,Tipping Bucket Raingauge,mm,0.4,52.481743,-2.579368,360750.51138593885,287249.0507731048
2023-10-20 23:45:00+00:00,582970,rainfall,Tipping Bucket Raingauge,mm,0.0,54.122231,-2.572947,362650.5153192352,469748.4194311069
2023-10-20 23:45:00+00:00,E1788,level,Stage,mASD,0.793,53.187011,0.096794,540200.566052985,367598.7699824818
2023-10-20 23:45:00+00:00,579623,rainfall,Tipping Bucket Raingauge,mm,0.0,54.01325,-2.77441,349350.565303235,457748.4864442297
2023-10-20 23:45:00+00:00,E24815,level,Stage,mASD,1.341,52.230723,1.344041,628459.5254267972,264439.0917145994
2023-10-20 23:45:00+00:00,E74439,level,Tidal Level,mAOD,0.302,60.15403,-1.14031,447829.2346108853,1141371.0159840062
2023-10-20 23:45:00+00:00,2821TH,level,Stage,mASD,0.932,51.668568,-0.287687,518513.5265472487,198031.4383790836
2023-10-20 23:45:00+00:00,076204,rainfall,Tipping Bucket Raingauge,mm,0.0,53.787777,-1.627332,424650.5750108211,432448.56704381807
2023-10-20 23:45:00+00:00,0680TH,level,Stage,mASD,0.769,51.709394,-1.783971,415023.5345981643,201206.36481838333
2023-10-20 23:45:00+00:00,0924SE,rainfall,Tipping Bucket Raingauge,mm,0.0,51.251014,1.322456,631950.5450709346,155449.5230426513
2023-10-20 23:45:00+00:00,5427TH,level,Stage,mASD,0.349,51.709101,0.239586,554835.5767845112,203525.3420491569
2023-10-20 23:45:00+00:00,2846TH,level,Stage,mASD,0.365,51.741057,-0.47337,505504.576210534,205808.3145901717
2023-10-20 23:45:00+00:00,0913TH,level,Stage,mASD,1.38,51.72466,-1.54887,431257.5713810569,202978.42100886427
2023-10-20 23:45:00+00:00,2569TH,level,Stage,mASD,0.119,51.635574,-0.753691,486350.5142159885,193709.36153371204
2023-10-20 23:45:00+00:00,0903TH,level,Downstream Stage,mASD,3.351,51.698716,-1.534037,432300.5317096181,200099.3682132232
2023-10-20 23:45:00+00:00,1289TH,level,Stage,mASD,0.699,51.864215,-1.356609,444400.5580214258,218599.3398590339
2023-10-20 23:45:00+00:00,2885TH,level,Stage,mASD,0.517,51.500923,-0.482762,505410.53089085687,179089.4828930785
2023-10-20 23:45:00+00:00,4121,level,Stage,mASD,0.773,52.953586,-1.989532,400800.5457231856,339578.8528745586
2023-10-20 23:45:00+00:00,E70039,level,Tidal Level,mAOD,0.751,52.473075,1.750085,654780.5175445942,292740.05593874585
2023-10-20 23:45:00+00:00,037239,rainfall,Tipping Bucket Raingauge,mm,0.0,54.27325,-0.422074,502850.5138845611,487548.4447124087
2023-10-20 23:45:00+00:00,1552,rainfall,Tipping Bucket Raingauge,mm,0.2,52.541438,-2.193841,386950.5634110126,293749.0428657172
2023-10-20 23:45:00+00:00,4939TH,level,Stage,mASD,0.253,51.904243,0.020897,539125.5785695686,224785.3192685228
2023-10-20 23:45:00+00:00,017220,rainfall,Tipping Bucket Raingauge,mm,0.3,55.01952,-1.881881,407650.56539913657,569448.2006795515
2023-10-20 23:45:00+00:00,E1560,level,Stage,mASD,0.008,51.095381,0.052195,543800.5189284957,134899.61653352273
2023-10-20 23:45:00+00:00,5362TH,level,Stage,mASD,0.158,51.650298,-0.164059,527113.5725797465,196207.37981812845
2023-10-20 23:45:00+00:00,4074,level,Stage,mASD,1.146,52.831898,-1.273539,449040.5174506709,326288.93866481545
2023-10-20 23:45:00+00:00,4883,level,Stage,mASD,2.833,53.029381,-1.486357,434545.551860988,348133.84996924707
2023-10-20 23:45:00+00:00,1491TH,level,Downstream Stage,mASD,1.083,51.756247,-1.238765,452640.5194368765,206669.32452536447
2023-10-20 23:45:00+00:00,5390TH,level,Stage,mASD,5.844,51.567832,-0.051025,535177.549857194,187239.4200128336
2023-10-20 23:45:00+00:00,1501TH,level,Downstream Stage,mASD,2.441,51.72955,-1.239792,452600.5584698621,203699.3729185211
2023-10-20 23:45:00+00:00,005588,rainfall,Tipping Bucket Raingauge,mm,0.2,55.174997,-1.521877,430550.5284993578,586848.1591383743
2023-10-20 23:45:00+00:00,VCHURCH-T_TG_341,rainfall,Tipping Bucket Raingauge,mm,0.0,52.023749,-2.92175,336850.5304727344,236549.28875699025
2023-10-20 23:45:00+00:00,2661,level,Stage,mASD,0.223,51.840037,-2.142115,390305.5136462901,215724.2707817873
2023-10-20 23:45:00+00:00,246726TP,rainfall,Tipping Bucket Raingauge,mm,0.0,51.610639,-0.312441,516950.554177076,191549.4121509098
2023-10-20 23:45:00+00:00,282290TP,rainfall,Tipping Bucket Raingauge,mm,0.0,51.143947,-0.512508,504150.52332062647,139349.58130690173
2023-10-20 23:45:00+00:00,1919TH,level,Stage,mASD,1.296,51.819387,-0.786131,483765.5138978084,214114.3647752152
2023-10-20 23:45:00+00:00,2077,level,Stage,mASD,2.541,52.709797,-2.75808,348880.55083002755,312729.01124080986
2023-10-20 23:45:00+00:00,E45871,rainfall,Tipping Bucket Raingauge,mm,0.2,53.676809,-0.524692,497550.5155805232,421048.6610505064
2023-10-20 23:45:00+00:00,269627TP,rainfall,Tipping Bucket Raingauge,mm,0.0,51.345161,-1.239706,453050.5492295806,160949.56964106834
2023-10-20 23:45:00+00:00,4087,level,Stage,mASD,1.907,52.524933,-1.911514,406100.5650845543,291899.045102473
2023-10-20 23:45:00+00:00,1102TH,level,Stage,mASD,-0.003,51.761748,-1.362413,444100.54204305937,207199.34960674928
2023-10-20 23:45:00+00:00,2882TH,level,Stage,mASD,0.614,51.529235,-0.488741,504930.5307330528,182229.4257105888
2023-10-20 23:45:00+00:00,591878,rainfall,Tipping Bucket Raingauge,mm,0.0,54.529816,-3.545999,300050.5234789632,516048.25664119417
2023-10-20 23:45:00+00:00,0902TH,level,Stage,mASD,0.23,51.699764,-1.573094,429600.5429918853,200199.430642726
2023-10-20 23:45:00+00:00,2276,level,Stage,mASD,0.265,51.893887,-2.068696,395369.5303675491,221706.32507115367
2023-10-20 23:45:00+00:00,4049,level,Stage,mASD,2.105,53.309224,-1.138194,457520.5472997175,379488.74581222
2023-10-20 23:45:00+00:00,2516,level,Stage,mASD,0.999,52.462884,-2.061427,395923.5734544355,284995.12605918496
2023-10-20 23:45:00+00:00,4078,level,Stage,mASD,2.877,52.902503,-1.834928,411200.5460110424,333908.8591843563
2023-10-20 23:45:00+00:00,E70739,level,Tidal Level,mAOD,-0.144,57.14406,-2.07736,395417.5829338772,805910.1701802177
2023-10-20 23:45:00+00:00,0278TH,level,Stage,mASD,0.785,51.673897,-1.934146,404650.5637930703,197238.38360710136
2023-10-20 23:45:00+00:00,E22309,rainfall,Tipping Bucket Raingauge,mm,0.0,52.426228,0.740815,586450.5793841449,284449.058893531
2023-10-20 23:45:00+00:00,E13810,level,Stage,mASD,0.261,51.166603,-1.441818,439124.522426142,140965.55444430586
2023-10-20 23:45:00+00:00,3074TH,level,Stage,mASD,0.088,51.210841,-0.504627,504550.5301010036,146799.5276579417
2023-10-20 23:45:00+00:00,1756TH,level,Stage,mASD,0.63,51.588848,-1.431205,439502.521998315,187930.3963481628
2023-10-20 23:45:00+00:00,2879_w2TH,level,Stage,mASD,0.076,51.569085,-0.489873,504760.5308746165,186659.4763438039
2023-10-20 23:45:00+00:00,5349TH,level,Stage,mASD,0.22,51.668821,-0.035081,535980.527181386,198499.3653598941
2023-10-20 23:45:00+00:00,0190TH,level,Stage,mASD,0.805,51.646694,-1.865536,409400.52161237545,194219.3662264863
2023-10-20 23:45:00+00:00,4770TH,level,Stage,mASD,0.107,51.837638,-0.221289,522646.53223671054,216943.280092692
2023-10-20 23:45:00+00:00,3015,rainfall,Tipping Bucket Raingauge,mm,0.2,52.808314,-1.74405,417350.5729433248,323448.97500657354
2023-10-20 23:45:00+00:00,2279TH,level,Downstream Stage,mASD,0.429,51.379146,-1.185549,456780.5382721487,164769.56043307914
2023-10-20 23:45:00+00:00,055014_TG_306,level,Stage,mASD,1.386,52.276841,-2.932709,336460.5685270343,264709.1311858977
2023-10-20 23:45:00+00:00,5550TH,level,Stage,mASD,0.204,51.553141,0.236647,555163.533607652,186176.40556015345
2023-10-20 23:45:00+00:00,1980TH,level,Stage,mASD,5.411,51.740637,-1.115198,461190.5531260581,205029.40276218308
2023-10-20 23:45:00+00:00,4040TH,level,Stage,mASD,0.939,51.393329,-0.241392,522450.5434714616,167499.45114945614
2023-10-20 23:45:00+00:00,2831,level,Stage,mASD,5.13,52.74738,-2.971662,334507.51165645284,317082.9322865054
2023-10-20 23:45:00+00:00,4827TH,level,Stage,mASD,0.145,51.874477,-0.149495,527488.5181867054,221163.3215001892
2023-10-20 23:45:00+00:00,000008,rainfall,Tipping Bucket Raingauge,mm,0.2,53.480556,-1.441674,437150.5121079242,398348.710960156
2023-10-20 23:45:00+00:00,47166,rainfall,Tipping Bucket Raingauge,mm,0.0,50.549928,-3.999359,258450.5383185408,74149.88072541013
2023-10-20 23:45:00+00:00,3010TH,level,Stage,mASD,0.061,51.149557,-0.976568,471680.5202659119,139419.57835005564
2023-10-20 23:45:00+00:00,3245TH,level,Stage,mASD,0.66,51.239844,-0.166451,528090.5689307264,150559.54873155963
2023-10-20 23:45:00+00:00,3861,rainfall,Tipping Bucket Raingauge,mm,0.4,53.521199,-1.045964,463350.5459803837,403148.6951788635
2023-10-20 23:45:00+00:00,561299,rainfall,Tipping Bucket Raingauge,mm,0.2,53.65712,-2.049131,396850.53122826485,417848.6497832914
2023-10-20 23:45:00+00:00,2936TH,level,Stage,mASD,0.872,51.389272,-0.506291,504030.57508838375,166639.50813471194
2023-10-20 23:45:00+00:00,4387TH,level,Stage,mASD,0.158,51.45198,0.032669,541335.564674932,174514.46560044275
2023-10-20 23:45:00+00:00,2133,level,Stage,mASD,1.928,52.126787,-2.056054,396259.5542519082,247610.18412148312
2023-10-20 23:45:00+00:00,287451TP,rainfall,Tipping Bucket Raingauge,mm,0.0,51.308021,-0.16144,528250.5181245273,158149.56582983735
2023-10-20 23:45:00+00:00,588705,rainfall,Tipping Bucket Raingauge,mm,0.0,54.190769,-3.163942,324150.5482641831,477848.481369621
2023-10-20 23:45:00+00:00,5329TH,level,Downstream Stage,mASD,-0.004,51.681471,0.004958,538710.5345619996,199981.35915130036
2023-10-20 23:45:00+00:00,0712TH,level,Stage,mASD,1.524,51.563545,-1.722961,419300.5258377304,184999.4196651775
2023-10-20 23:45:00+00:00,023839,rainfall,Tipping Bucket Raingauge,mm,0.0,54.829815,-1.807716,412450.52503612,548348.1996930881
2023-10-20 23:45:00+00:00,4124,level,Stage,mASD,3.434,52.877141,-1.759128,416308.55449710233,331101.9091679763
2023-10-20 23:45:00+00:00,E3220,rainfall,Tipping Bucket Raingauge,mm,0.0,51.350566,0.74362,591150.5587278802,164849.4654216268
2023-10-20 23:45:00+00:00,2816TH,level,Stage,mASD,0.152,51.793132,-0.396615,510676.5788422698,211713.32342332572
2023-10-20 23:45:00+00:00,3781,rainfall,Tipping Bucket Raingauge,mm,0.2,52.49028,-1.866665,409150.52190277405,288049.05862624384
2023-10-20 23:45:00+00:00,279941TP,rainfall,Tipping Bucket Raingauge,mm,0.0,51.396984,-0.540252,501650.5693824971,167449.54309809752
2023-10-20 23:45:00+00:00,0260TH,level,Downstream Stage,mASD,0.242,51.724451,-1.972293,402010.5745462419,202859.3395457439
2023-10-20 23:45:00+00:00,E10450,rainfall,Tipping Bucket Raingauge,mm,0.0,50.933357,-0.647317,495150.5523497883,115749.68753934168
2023-10-20 23:45:00+00:00,E14920,rainfall,Tipping Bucket Raingauge,mm,0.0,50.691845,-1.308358,448950.5510225557,88249.80254474828
2023-10-20 23:45:00+00:00,4181,level,Stage,mASD,0.56,52.991475,-2.013285,399205.51260954654,343793.8341146759
2023-10-20 23:45:00+00:00,4175TH,level,Stage,mASD,-0.006,51.402267,-0.187639,526165.5254040495,168584.45875431303
2023-10-20 23:45:00+00:00,E4411,level,Stage,mASD,0.4,52.998853,-0.408576,506900.5555069476,345798.8149097031
2023-10-20 23:45:00+00:00,2092,level,Stage,mASD,2.661,52.062264,-1.622014,426010.54434658034,240499.2491116466
2023-10-20 23:45:00+00:00,2215,level,Stage,mASD,0.603,52.39358,-1.551005,430650.55405757896,277379.0880254122
2023-10-20 23:45:00+00:00,E9130,level,Stage,mASD,0.817,50.957409,-0.265959,521884.5271867242,118984.62956720628
2023-10-20 23:45:00+00:00,3571,rainfall,Tipping Bucket Raingauge,mm,0.8,53.105132,-2.154547,389750.5240796336,356448.828261836
2023-10-20 23:45:00+00:00,1302TH,level,Downstream Stage,mASD,2.327,51.776669,-1.298428,448500.53122667695,208899.3795697088
2023-10-20 23:45:00+00:00,44214,rainfall,Tipping Bucket Raingauge,mm,0.0,50.842091,-2.502005,364750.5413576214,104849.75545285195
2023-10-20 23:45:00+00:00,3650TH,level,Stage,mASD,1.075,51.518702,-0.391757,511683.52676177584,181201.4710544681
2023-10-20 23:45:00+00:00,44103,rainfall,Tipping Bucket Raingauge,mm,0.0,50.707087,-2.698828,350750.567686172,89949.82622523862
2023-10-20 23:45:00+00:00,4198,level,Stage,mASD,1.946,52.899642,-0.758767,483590.5684739664,334298.932608654
2023-10-20 23:45:00+00:00,2815TH,level,Downstream Stage,mASD,-0.028,51.794792,-0.393076,510916.5672678538,211903.30843024148
2023-10-20 23:45:00+00:00,3616,rainfall,Tipping Bucket Raingauge,mm,0.2,53.22531,-1.701132,420050.5104823127,369848.8220425274
2023-10-20 23:45:00+00:00,592860,rainfall,Tipping Bucket Raingauge,mm,0.0,54.56648,-3.063261,331350.5646555856,519548.2631607952
2023-10-20 23:45:00+00:00,E44111,rainfall,Tipping Bucket Raingauge,mm,0.0,51.874052,0.368575,563150.526905121,222149.2526613141
2023-10-20 23:45:00+00:00,E1162,level,Stage,mASD,0.988,51.171954,-0.007351,539400.5720031487,143299.6222943866
2023-10-20 23:45:00+00:00,4203,level,Stage,mASD,2.12,53.009557,-1.190048,454442.5710423911,346111.90070147754
2023-10-20 23:45:00+00:00,248332TP,rainfall,Tipping Bucket Raingauge,mm,0.0,51.672207,-1.952948,403350.5205953384,197049.42174319352
2023-10-20 23:45:00+00:00,600735,rainfall,Tipping Bucket Raingauge,mm,0.0,54.630789,-2.88989,342650.529363715,526548.2298474561
2023-10-20 23:45:00+00:00,5484TH,level,2,mAOD,2.777,51.52639,0.091773,545205.522733755,182904.470135813
2023-10-20 23:45:00+00:00,5318TH,level,Stage,mASD,0.687,51.703222,-0.022505,536746.5158484202,202348.39956212736
2023-10-20 23:45:00+00:00,1412,rainfall,Tipping Bucket Raingauge,mm,0.4,52.47914,-2.975413,333850.5721801088,287249.07598289114
2023-10-20 23:45:00+00:00,285630TP,rainfall,Tipping Bucket Raingauge,mm,0.0,51.288167,-0.337196,516050.5207780206,155649.55650914507
2023-10-20 23:45:00+00:00,000182TP,rainfall,Tipping Bucket Raingauge,mm,0.0,51.885257,-0.156869,526950.5759402323,222349.29410988453
2023-10-20 23:45:00+00:00,276316TP,rainfall,Tipping Bucket Raingauge,mm,0.0,51.718037,-0.217242,523250.526000628,203649.3476533318
2023-10-20 23:45:00+00:00,E65501,level,Stage,mASD,1.244,52.799742,-0.132532,526000.5227687301,324098.8839830861
2023-10-20 23:45:00+00:00,036487,rainfall,Tipping Bucket Raingauge,mm,0.4,54.408361,-0.754323,480950.5376235853,502148.3562124371
2023-10-20 23:45:00+00:00,2001TH,level,Stage,mASD,0.156,51.617191,-1.116011,461300.5653600162,191299.43226643387
2023-10-20 23:45:00+00:00,2603TH,level,Stage,mASD,1.73,51.529307,-0.697199,490470.5641461417,181959.4186354437
2023-10-20 23:45:00+00:00,2023,level,Stage,mASD,1.89,52.100775,-1.910164,406250.5263436978,244719.20251227508
2023-10-20 23:45:00+00:00,E13533,level,Stage,mASD,0.585,51.115199,-1.495968,435377.5254689488,135221.65027887753
2023-10-20 23:45:00+00:00,4008,level,Stage,mASD,1.772,52.95455,-1.833986,411250.5439486399,339698.8994213783
2023-10-20 23:45:00+00:00,3173,rainfall,Tipping Bucket Raingauge,mm,0.2,53.017139,-1.981319,401350.5158057008,346648.9019290908
2023-10-20 23:45:00+00:00,253340TP,rainfall,Tipping Bucket Raingauge,mm,0.0,51.878717,-1.737736,418150.5226959483,220049.2507461995
2023-10-20 23:45:00+00:00,2067,level,Stage,mASD,2.138,52.51274,-2.205945,386120.5383940916,290559.0703729441
2023-10-20 23:45:00+00:00,E24879,rainfall,Tipping Bucket Raingauge,mm,0.0,51.616598,0.593505,579650.5619259806,194049.36199698152
2023-10-20 23:45:00+00:00,040492,rainfall,Tipping Bucket Raingauge,mm,0.2,53.6913,-0.031959,530050.5331772408,423448.64106498857
2023-10-20 23:45:00+00:00,2859TH,level,Downstream Stage,mASD,0.182,51.641989,-0.46125,506573.5607430165,194808.4401181011
2023-10-20 23:45:00+00:00,E29202,level,Stage,mASD,0.547,50.949713,-0.529578,503387.5633491677,117726.69987619028
2023-10-20 23:45:00+00:00,3838TH,level,Stage,mASD,0.164,51.587068,-0.307266,517369.567478039,188936.4270763852
2023-10-20 23:45:00+00:00,2897BTH,level,Stage,mASD,0.265,51.47174,-0.53123,502111.557980987,175775.48723080478
2023-10-20 23:45:00+00:00,E2846,level,Stage,mASD,2.001,53.406624,-0.44906,503200.5203003676,391098.6934448243
2023-10-20 23:45:00+00:00,018777,rainfall,Tipping Bucket Raingauge,mm,0.0,54.860973,-1.670477,421250.5612862944,551848.2106153822
2023-10-20 23:45:00+00:00,4033,level,Stage,mASD,0.301,53.198546,-1.906769,406325.5712416013,366833.7768571938
2023-10-20 23:45:00+00:00,E22486,rainfall,Tipping Bucket Raingauge,mm,0.0,51.990419,0.395105,564550.5474159959,235149.1949997696
2023-10-20 23:45:00+00:00,4207,level,Stage,mASD,0.516,53.010442,-1.024175,465570.5293918064,346348.8490925544
2023-10-20 23:45:00+00:00,1409,rainfall,Tipping Bucket Raingauge,mm,0.2,52.59735,-3.029712,330350.5194072867,300448.96917775547
2023-10-20 23:45:00+00:00,5016TH,level,Stage,mASD,0.445,51.930418,0.086394,543547.5567954158,227823.2870341597
2023-10-20 23:45:26+00:00,0350TH,level,Downstream Stage,mAOD,-1.247,51.500306,0.181352,551505.5331332292,180185.42174393503
2023-10-20 23:49:59+00:00,E1727,level,Stage,mASD,3.792,53.113634,-0.600069,493800.54231395206,358298.78093763284
2023-10-20 23:50:00+00:00,E2694,level,Stage,mASD,0.345,52.748345,-0.50217,501200.5173255753,317798.97683248034
2023-10-20 23:50:00+00:00,E2141,level,Stage,mASD,1.882,52.587333,-0.568186,497100.5675893947,299798.9921801076
2023-10-20 23:55:00+00:00,2195,level,Stage,mASD,5.871,51.717437,-2.482837,366740.5548541572,202189.32707674947
2023-10-20 23:55:00+00:00,2469_w1TH,level,Stage,mASD,0.922,51.377564,-0.952526,473000.5628374865,164799.4610257762
2023-10-20 23:55:00+00:00,4098,level,Tidal Level,mASD,3.607,53.591975,-0.738178,483616.5773948781,411339.5921193078
