stationReference,stationName,latitude,longitude,maxOnRecord,minOnRecord,typicalRangeHigh,typicalRangeLow,easting,northing
0130TH,Ewen,51.674733,-1.9904,0.945,-0.948,0.99,0.0,400760.5717301547,197329.368191835
0144TH,Somerford Keynes,51.650724,-1.973061,1.484,0.325,1.6,0.363,401960.52159829927,194659.38991725
0155TH,Oaksey,51.632205,-2.007169,1.887,-0.242,1.311,0.0,399600.5305638118,192599.4089805572
0184TH,Purton Stoke,51.61322,-1.87404,2.34,0.481,1.89,0.504,408818.5190054804,190495.37424675506
0190TH,Cricklade,51.646694,-1.865536,0.992,0.012,1.083,0.058,409400.52161237545,194219.36622648634
022013,Callerton Lane,55.049407,-1.741713,2.24,-0.15,0.85,0.0,416600.52813564474,572798.1897935545
0260TH,Cirencester,51.724451,-1.972293,1.048,-0.032,0.7000000000000001,0.078,402010.57454624196,202859.3395457439
0278TH,South Cerney,51.673897,-1.934146,1.47,0.3,1.31,0.345,404650.56379307027,197238.38360710136
0290TH,Cerney Wick,51.665333,-1.891795,0.709,-0.093,0.6000000000000001,0.015,407580.554535007,196289.3763871194
0311TH,Rushey Platt,51.553565,-1.803214,2.188,0.72,1.69,0.735,413740.52455004444,183871.47076409005
0319TH,Rodbourne,51.571821,-1.816698,2.463,-0.046,1.32,0.034,412800.55382146273,185899.43532090515
0350TH,Rainham Main FD,51.500306,0.181352,2.066,0.05,1.25,0.151,551505.5331332292,180185.42174393506
0390TH,Water Eaton,51.64017,-1.826539,2.5869999999999997,0.5,1.901,0.625,412100.5083240197,193499.44816855577
0470TH,Ampney St Peter,51.710647,-1.889951,1.23,-0.276,0.93,0.044,407700.5145516819,201329.39589371558
0490TH,Sheeppen Bridge,51.654587,-1.849612,1.108,-0.231,1.45,0.0,410500.5257514599,195099.3646725053
0503SO,Stonebridge,51.132785,0.453941,3.4,0.02,1.78,0.082,571790.5550180782,139919.59433226645
0530TH,Whetstone Bridge,51.667039,-1.816893,1.436,-0.532,1.273,-0.6000000000000001,412760.54744622315,196489.4285509038
055002_TG_301,Belmont,52.045084,-2.752202,6.987,0.083,3.8,0.175,348508.5446123943,238788.25261890842
055003_TG_316,Lugwardine,52.061919,-2.659977,2.999,0.0,2.4,0.153,354850.56472153804,240599.24502111482
055013_TG_326,Titley Mill,52.220498,-2.984666,2.398,0.042,1.0,0.062,332830.57027354214,258489.21448107532
055014_TG_306,Byton,52.276841,-2.932709,2.176,0.229,1.3,0.279,336460.5685270343,264709.1311858977
055018_TG_327,Yarkhill,52.081299,-2.563805,2.65,0.099,1.6,0.188,361460.5538823241,242699.24973977148
055021_TG_305,Butts Bridge,52.226571,-2.730348,3.756,0.717,2.6,0.763,350210.56295365014,258959.1178674399
055027_TG_328,Sandford Bridge,51.928793,-2.524006,1.229,0.026,0.313,0.075,364065.55608703947,225716.3199724654
055028_TG_9302,Bishops Frome,52.137017,-2.488532,2.075,0.079,0.9,0.123,366660.5439190437,248859.21817946754
055031_TG_329,Three Elms,52.069153,-2.743532,1.292,0.001,0.408,0.129,349130.5603374891,241459.20338597384
055040,Bromyard,52.191185,-2.501355,3.244,0.03,2.3,0.048,365824.5702742657,254890.2155316519
055041,Ford Bridge LVL,52.191958,-2.718663,2.066,0.05,1.25,0.151,350970.5190325372,255101.20488072766
055807_TG_320,Hereford Bridge,52.051748,-2.720173,6.111,-0.02,3.3,0.096,350712.51343842864,239507.1917695988
055811_TG_9303,Bredwardine,52.096497,-2.969481,6.991,0.093,3.8,0.27,333683.5307513771,244683.1905953536
055816_TG_319,Mordiford,52.026391,-2.629867,5.504,0.037,3.6,0.467,356880.54030959005,236629.29818184208
055817_TG_323,Ross On Wye,51.915339,-2.587573,5.1,0.0,3.2,0.254,359682.561236034,224253.31780539287
055L010SG,Eardisland,52.223407,-2.851042,1.278,0.0,1.2,0.0,341962.5692011393,258697.15583193474
0569TH,Hannington Bridge,51.663588,-1.749677,4.49,1.968,3.81,2.07,417410.5615528283,196119.38572281238
0630TH,Fosse Bridge,51.799654,-1.885239,0.42,-0.002,0.28,0.017,408010.5502854018,211229.38053816275
0655TH,BIBURY SPRINGS AT BIBURY (TROUT FARM),51.761338,-1.835711,2.066,0.05,1.25,0.151,411435.5150542049,206974.32791674923
0657TH,BIBURY SPRINGS AT BIBURY (SWAN HOTEL),51.761248,-1.835566,2.066,0.05,1.25,0.151,411445.54504462465,206964.3404956369
0660TH,Bibury,51.754535,-1.825522,0.524,0.035,0.4,0.081,412140.53600286465,206219.31902832244
0680TH,Fairford,51.709394,-1.783971,1.426,0.312,1.08,0.415,415023.5345981643,201206.36481838333
0701TH,St Johns Lock,51.68931,-1.678796,0.945,-0.265,0.25,-0.011,422300.5302369228,198999.33695709647
0710TH,Lower Stratton,51.569689,-1.735909,4.3,0.908,2.815,0.935,418400.53126322763,185679.4239912888
0712TH,Kestrel Drive,51.563545,-1.722961,3.078,0.73,1.91,0.782,419300.5258377304,184999.4196651775
0730TH,Westmill Bridge,51.616448,-1.666745,2.556,0.317,1.85,0.372,423170.51074820384,190899.42196182374
0790TH,Inglesham,51.670899,-1.700313,2.09,0.03,0.9,0.1,420821.5290725851,196945.3529645944
0890TH,Lechlade,51.692891,-1.672984,0.8170000000000001,0.009,0.48,0.034,422700.5115393147,199399.39700770454
0898TH,Buscot Lock,51.68119,-1.668729,0.997,-0.299,0.35,0.0,423000.5209496694,198099.33953922315
0901TH,Grafton Lock,51.690894,-1.607898,1.11,-0.404,0.38,0.0,427200.5159716227,199199.4289757075
0902TH,Radcot Lock,51.699764,-1.573094,0.873,-0.263,0.324,0.0,429600.54299188533,200199.43064272596
0903TH,Rushey Lock,51.698716,-1.534037,0.8190000000000001,-0.27,0.297,0.008,432300.5317096181,200099.3682132232
0904SO,Vexour Bridge,51.189651,0.160853,4.123,0.04,2.9,0.603,551100.5567626983,145599.5211393244
0904TH,Shifford Lock,51.70718,-1.465193,0.728,-0.208,0.42,0.005,437051.57733902993,201073.32125770923
0911TH,Clanfield,51.719421,-1.588977,2.154,0.5670000000000001,1.025,0.613,428490.5595847419,202379.38584239548
0913TH,Bampton,51.72466,-1.54887,1.784,0.087,1.4,0.095,431257.5713810569,202978.42100886427
1003SO,West Gate Gardens,51.280821,1.073832,1.472,0.162,0.95,0.232,614465.5345543354,158007.54938994627
1020TH,Bourton Windrush,51.886693,-1.767911,0.597,0.004,0.24,0.082,416070.51843676314,220929.32866576297
1029TH,Bourton Dickler,51.874767,-1.740083,0.8200000000000001,0.05,0.42,0.068,417990.5267016563,219609.33927260456
1080TH,Worsham,51.793689,-1.564378,1.634,0.262,1.62,0.303,430140.5763333141,210649.37784034602
1082TH,Witney,51.789786,-1.484269,2.45,0.39,1.4,0.464,435668.53536042373,210251.3051521659
1090_w1TH,Newbridge Weir A,51.713499,-1.420988,0.986,0.072,0.44,0.131,440100.5195708826,201799.40750278768
1090_w2TH,Newbridge Weir B,51.713499,-1.420988,0.847,-0.085,0.349,0.004,440100.5195708826,201799.40750278768
1099TH,Northmoor Lock,51.716858,-1.374624,1.35,-0.51,0.38,-0.004,443300.5664731791,202199.40783380545
1100TH,Farmoor,51.757544,-1.366384,2.006,0.508,1.3,0.5,443830.5413445564,206729.39382004563
1102TH,Pinkhill Lock,51.761748,-1.362413,1.061,-0.226,0.4,0.0,444100.54204305937,207199.34960674928
1113SO,Sellindge,51.099225,1.00828,1.3,0.18,0.85,0.224,610721.5547016021,137628.6532719947
1201TH,Eynsham Lock,51.774692,-1.356854,1.187,-0.363,0.37,0.038,444471.50975100684,208642.34904415367
1208TH,Moreton,51.988876,-1.697906,1.461,0.087,1.21,0.095,420841.5141356042,232312.24350370668
1210TH,Evenlode Bridge,51.95095,-1.679842,2.8,0.373,1.6800000000000002,0.405,422100.5085513441,228099.22149144183
1236TH,Littlestock Brook (Temporary),51.865237,-1.618104,0.524,0.079,0.2,0.079,426393.5679168671,218586.35237499114
1238TH,Shipton,51.861678,-1.594363,3.23,0.517,2.02,0.5630000000000001,428030.53189729777,218199.34126387074
1285SO,Black Bull Road,51.085655,1.177662,0.767,0.076,1.206,0.082,622643.5238944343,136618.5948715431
1289TH,Woodstock,51.864215,-1.356609,1.122,0.031,0.75,0.05,444400.5580214258,218599.33985903393
1290_w1TH,Cassington Weir A,51.786053,-1.351198,1.091,0.026,0.9,0.085,444850.5121413622,209909.37773743804
1290_w2TH,Cassington Weir B,51.786053,-1.351198,1.292,0.088,0.77,0.144,444850.5121413622,209909.37773743804
1301TH,Kings Lock,51.789307,-1.306931,0.977,-0.811,0.3,0.0,447900.53418976493,210299.37203711676
1302TH,Godstow Lock,51.776669,-1.298428,0.52,-0.477,0.225,0.05,448500.53122667695,208899.37956970878
1303TH,Osney Lock,51.74909,-1.272781,0.341,-0.312,0.12,-0.15,450300.54929149925,205849.38288579852
1408TH,Woodford Halse,52.167771,-1.212815,2.914,0.834,2.0,0.848,453936.5353778138,252459.21609039936
1414TH, Huscote FAS,52.08027,-1.319158,2.066,0.05,1.25,0.151,446754.5419905987,242653.21150528511
1415TH,Hardwick FAS,52.081936,-1.321103,2.066,0.05,1.25,0.151,446619.5224943599,242837.26639482775
1416TH,Cropredy Bridge,52.114915,-1.315184,2.732,0.867,2.192,1.044,446990.54500856926,246509.1971805832
1420TH,Banbury,52.066379,-1.333286,2.392,0.003,1.14,0.02,445800.5469534725,241099.19704278163
1431TH,Bloxham,52.017279,-1.380792,2.23,0.597,1.11,0.636,442590.53047080315,235609.22003810405
1437TH,Bodicote,52.028582,-1.326852,1.3,0.041,0.58,0.058,446280.5287314869,236899.2853136546
1453TH,Heyford Bridge,51.920573,-1.306366,2.569,0.286,1.3,0.361,447800.54985856084,224899.33671164888
1460_w1TH,Enslow Weir A,51.861393,-1.30321,2.103,0.103,1.29,0.143,448080.55960321403,218319.28495406843
1460_w2TH,RIVER CHERWELL  AT  ENSLOW,51.861438,-1.303137,2.066,0.05,1.25,0.151,448085.5387545444,218324.33799383658
1465TH,Thrupp,51.840425,-1.30005,3.346,0.578,2.12,0.654,448320.5643177955,215989.28145848322
1471TH,Grendon Underwood,51.884491,-1.012852,1.86,-0.211,0.939,0.008,468040.5619595209,221119.2828667323
1483TH,Lower Arncott,51.861059,-1.119228,2.984,0.222,2.0,0.297,460750.53316921426,218419.28308756778
1484TH,Langford Village,51.895439,-1.13585,1.852,0.037,1.309,0.103,459560.53288871195,222229.34916634468
1486TH,Wendlebury,51.874246,-1.18499,1.955,0.921,1.59,0.925,456205.55029427906,219833.25753596192
1489TH,Islip,51.819783,-1.242178,9.327,6.127,7.8,6.492,452331.5268385117,213733.33515768973
1490TH,Oxford Botanical Gardens,51.750579,-1.24661,6.18,4.67,6.19,4.8,452105.538671178,206033.314641594
1491TH,Kings Mill,51.756247,-1.238765,2.78,1.231,2.4,1.631,452640.5194368765,206669.32452536447
1501TH,Iffley Lock,51.72955,-1.239792,0.937,-0.62,0.25,0.003,452600.5584698621,203699.3729185211
1502TH,Sandford-on-Thames,51.708312,-1.232825,2.066,0.05,1.25,0.151,453106.547546587,201342.34871526956
1503TH,Abingdon Lock,51.670388,-1.268257,0.581,-0.26,0.2,-0.25,450700.5744816405,197099.38550866023
151816001,Romsey Broadlands Estate,50.968109,-1.497147,2.066,0.05,1.25,0.151,435406.57442678313,118863.65644457602
1635TH,Minns Estate,51.753242,-1.290099,3.117,0.797,2.13,1.006,449100.51861789793,206299.39514530828
1645TH,New Botley,51.752648,-1.281126,3.141,0.736,2.01,0.87,449720.5589564481,206239.3939698514
1674TH,Hinksey Lake (Temporary),51.740477,-1.259957,1.198,0.18,1.394,0.23,451195.5594493133,204900.35176206456
1675TH,Cold Harbour,51.730973,-1.251352,2.066,0.05,1.25,0.151,451800.5541677983,203849.38643192928
1679TH,Abingdon,51.684602,-1.282696,1.33,-0.26,1.43,0.05,449686.53280999203,198670.33609736498
1681TH,Abingdon Peachcroft,51.683092,-1.268125,1.356,0.45,1.5,0.45,450695.5482007321,198512.38899626266
1745TH,Stanford Vale,51.632965,-1.505814,1.982,0.0,0.62,0.069,434300.5274842203,192799.43860458492
1756TH,Wantage,51.588848,-1.431205,0.86,0.349,0.8,0.371,439502.521998315,187930.3963481628
1757TH,Charney Bassett,51.64711,-1.451462,2.718,0.225,1.8,0.485,438050.5308233339,194399.44411314095
1761TH,Letcombe Bassett,51.565511,-1.460667,0.229,0.016,0.198,0.058,437480.556113772,185319.46711393978
1771TH,Letcombe Regis,51.571482,-1.449342,0.188,-0.127,0.71,0.02,438260.5456310383,185989.38846833448
1790TH,Abingdon,51.666656,-1.305189,1.81,0.005,0.9,0.0,448150.5110881678,196659.3865702873
1796TH,Steventon,51.621195,-1.323534,1.463,0.469,1.023,0.523,446928.5618291137,191591.4190219686
1799TH,Culham Lock,51.6506,-1.267131,1.977,-0.452,0.298,0.038,450800.5147781693,194899.39254852265
1801TH,Clifton Lock,51.648617,-1.210808,1.934,-0.488,0.849,0.0,454699.5673493436,194719.4274938077
1899TH,Days Lock,51.638206,-1.179444,1.322,-0.399,0.272,-0.38,456882.55518507503,193585.4493006932
1904TH,Rowsham Bridge,51.850671,-0.772585,2.03,0.0,1.51,0.07,484640.5715680213,217609.31125775175
1911TH,Aylesbury Thame,51.826251,-0.856541,2.512,0.206,1.9,0.406,478900.5233547215,214799.29292246196
1919TH,Bearbrook FD,51.819387,-0.786131,2.066,0.05,1.25,0.151,483765.5138978084,214114.36477521516
1922TH,Weston Turville,51.78506,-0.75797,0.8280000000000001,0.276,0.55,0.286,485771.5393954515,210329.34194320973
1923TH,Stocklake FD,51.824471,-0.789114,2.066,0.05,1.25,0.151,483550.51809155167,214676.3719629404
1925TH,Aylesbury,51.817792,-0.801624,2.0,0.612,1.49,0.968,482700.57624028885,213919.3049757441
1930TH,Cuddington,51.795602,-0.944321,2.59,0.511,2.09,0.978,472900.5167279952,211299.3145266728
1961TH,Thame Bridge,51.753138,-0.982253,2.99,0.948,2.25,1.057,470350.53608735953,206539.37628657313
1980TH,Wheatley,51.740637,-1.115198,6.11,2.997,5.752,3.597,461190.5531260581,205029.40276218308
1984TH,Chalgrove,51.663282,-1.075268,1.934,1.0,1.75,0.9,464056.5328307307,196460.3813511326
1990TH,Stadhampton,51.675126,-1.132094,2.626,0.31,2.0,0.5670000000000001,460110.541576313,197729.41731202652
1993TH,Dorchester,51.641035,-1.163757,2.835,0.145,1.376,0.223,457964.54238241,193912.38492441326
1995TH,Ewelme,51.619653,-1.073786,0.201,0.006,0.46,0.041,464220.5290126006,191609.4378218158
2001,Bewdley,52.383563,-2.322438,5.563,0.053,3.3,0.207,378150.5498896633,276219.1278521917
2001TH,Benson Lock,51.617191,-1.116011,1.558,-0.581,0.31,0.038,461300.5653600162,191299.43226643387
2002,Evesham,52.092165,-1.942876,5.517,0.38,1.9,0.46,404010.5602144052,243759.27050094106
2002SO,SHERMAN BRIDGE GS,50.82568,0.175071,2.066,0.05,1.25,0.151,553288.5349078076,105158.68091053037
2002TH,Cleeve Lock,51.529995,-1.135937,0.8310000000000001,-0.259,0.35,0.0,460035.53590267507,181585.42373696415
2003TH,Goring Lock,51.523317,-1.141252,1.306,-0.32,0.215,0.05,459675.56059448654,180838.39586276026
2004,Stoneleigh LVL,52.354922,-1.514617,2.066,0.05,1.25,0.151,433155.53144847625,273095.0594257863
2004TH,Whitchurch Lock,51.486605,-1.088869,0.976,-0.283,0.225,0.009,463360.56675590476,176799.45662833643
2005,Montford,52.724474,-2.872198,7.008,-0.121,4.8,0.287,341190.55885375367,314448.92358447233
2008,Tenbury,52.313207,-2.591539,5.968,0.279,4.5,0.428,359770.5389353991,268509.1298224474
2010,Alscot Park,52.153735,-1.697245,2.859,-0.316,0.673,0.12,420810.544347693,250649.22128108056
2011,Harford Hill,52.255374,-2.193909,2.834,0.016,2.0,0.189,386860.5159858863,261929.14866728903
2012,Walcot,52.706629,-2.60558,2.963,0.04,1.3,0.386,359180.5176050615,312279.0246027303
2015,Besford Bridge,52.114425,-2.108012,4.061,0.05,1.9,0.165,392700.5401336985,246239.21196739984
2016,Rodington,52.723597,-2.609812,1.612,0.119,1.0,0.208,358910.57184869226,314168.92485607875
2017,Wedderburn Bridge,51.909034,-2.32673,3.799,0.086,2.0,0.181,377620.57457297016,223439.3107603993
2018,Hookagate,52.678113,-2.791698,2.542,0.097,1.1,0.153,346570.5729203533,309229.04237885674
2019,Stareton,52.340881,-1.512833,2.699,0.048,1.95,0.105,433287.5438935568,271534.07101200643
2020,Yeaton,52.76777,-2.839715,1.127,0.042,0.7000000000000001,0.106,343440.56042183045,319238.9552288178
2020TH,Blewbury,51.573061,-1.233747,0.486,0.053,0.24,0.086,453200.53788524406,186299.46762453878
2023,Offenham,52.100775,-1.910164,3.653,0.024,1.112,0.141,406250.5263436978,244719.20251227508
2024,Burcote,52.555203,-2.376056,1.927,0.026,0.55,0.102,374600.5423797157,295329.03689804306
2027,Ebley Mill,51.740019,-2.24687,1.396,-0.004,0.95,0.133,383050.51693021087,204619.36963793545
2029,Knightsford Bridge,52.198971,-2.389281,6.417,0.24,5.2,0.307,373490.5122470309,255709.1728263194
2032,Saxons Lode,52.049661,-2.200744,5.925,0.322,4.0,0.417,386330.5638427053,239049.19959796662
2034,Oak Cottage,52.385318,-2.337878,2.984,0.047,1.0,0.084,377100.55457222974,276419.1423094719
2036,Hinton On Green,52.064842,-1.966688,4.922,-0.002,2.65,0.072,402380.5474866225,240719.18852566445
2038,Llanyblodwel,52.794313,-3.110292,2.675,0.092,1.047,0.225,325230.5049990871,322438.9060529106
2039,Newnham Bridge,52.32,-2.523849,4.199,-0.131,1.5,0.159,364390.5445712348,269229.15906356333
2040,Tibberton,52.781029,-2.474812,1.239,0.06,0.327,0.118,368070.55311719555,320488.91677123646
2046,Cosford Ww RAIN,52.639315,-2.326238,2.066,0.05,1.25,0.151,378020.54202198336,304668.95418992883
2048,Wellesbourne,52.197687,-1.602579,2.228,0.05,0.362,0.091,427260.52447777626,255569.17640260383
2049,Leamington Pdw LVL,52.286203,-1.549042,2.066,0.05,1.25,0.151,430858.50978529145,265436.1913726391
2050,Eathorpe,52.316208,-1.431466,3.253,0.04,1.159,0.238,438852.55471773,268830.0800097609
2052,Ternhill (Bailey Brook),52.879618,-2.55338,2.066,0.05,1.25,0.151,362855.5360601536,331493.8878907562
2054,Onibury,52.405995,-2.80328,3.632,0.642,1.7000000000000002,0.7000000000000001,345450.53929719626,278969.05712856835
2057,Haw Bridge,51.948918,-2.227065,6.228,0.343,4.5,0.533,384490.5295715171,227849.2889102871
2063,Prestwood LVL,52.473154,-2.197148,2.066,0.05,1.25,0.151,386705.51441079663,286154.0409675728
2067,Swindon,52.51274,-2.205945,3.058,0.083,1.336,1.044,386120.5383940916,290559.0703729441
2071,Ashleworth,51.922936,-2.265002,6.029,0.384,3.576,0.579,381872.5656613368,224968.27708907364
2077,Welsh Bridge,52.709797,-2.75808,5.252,0.107,2.7,0.422,348880.55083002755,312729.01124080986
2083,Stourbridge,52.457997,-2.140347,2.262,0.068,1.1,0.106,390560.5173227211,284459.0279665776
2084,Stourton,52.461315,-2.207471,3.216,0.054,2.4,0.105,386000.5248194466,284839.0982834614
2085,Diglis,52.179799,-2.225461,5.304,0.454,2.8,0.548,384680.5671484615,253529.17873172282
2086,Bransford,52.177055,-2.28833,6.086,0.304,4.4,0.363,380380.55836674065,253239.20716209887
2087,Mythe Bridge,52.00171,-2.163093,5.498,0.311,2.8,0.406,388900.55039722886,233709.3036241563
2088,Lilbourne,52.395138,-1.173153,1.881,0.057,0.659,0.098,456360.5572413993,277779.09139842476
2090,Rugby,52.38548,-1.26252,3.773,-0.1,1.079,0.035,450290.5429251427,276639.0727986437
2091,Warwick,52.284932,-1.562658,3.945,0.319,1.463,0.399,429930.5695601465,265289.1247502245
2092,Shipston,52.062264,-1.622014,5.223,0.045,0.969,0.119,426010.54434658034,240499.2491116466
2093,Stratford,52.191595,-1.70123,2.71,0.14,0.926,0.499,420520.57363491366,254859.22335169572
2094,Studley,52.274092,-1.88959,2.718,0.461,0.812,0.505,407630.5318489681,263999.12738408084
2095,Little Alne,52.247533,-1.793996,3.375,0.856,1.329,0.897,414161.5309843616,261059.16737806448
2097,Pershore,52.10744,-2.07193,6.067,2.6630000000000003,3.606,3.36,395170.56799662666,245459.2117734368
2098,Upper Pound,51.998663,-2.155508,5.491,1.926,2.8,2.127,389420.5337241324,233369.25515915698
2102,Minsterworth,51.850206,-2.336612,6.276,-0.012,5.7,0.953,376910.5128392337,216899.3612976439
2104,Broom,52.180399,-1.87505,3.222,0.043,0.488,0.12,408640.5582015555,253579.22779493258
2107,Knighton,52.344778,-3.043943,2.852,0.515,0.981,0.532,328980.53931551235,272369.16745564336
2117,Churchover,52.421794,-1.255694,1.758,0.015,1.38,0.085,450713.557014778,280683.08704957174
2124,Parkend,51.764493,-2.556805,1.268,0.006,0.6000000000000001,0.044,361670.557235194,207459.30491807475
2125,Castle Foregate,52.714919,-2.749968,2.446,0.02,0.43,0.03,349434.53279891977,313293.0273226269
2128,Bredon,52.03494,-2.116566,4.6690000000000005,0.012,2.0,0.651,392100.5647119698,237399.2031583693
2129,Holyhead Road,52.417908,-1.54648,1.587,0.013,1.1,0.033,430941.5104645773,280087.0831366543
2131,Shelley Close,52.211373,-2.215962,1.798,0.509,1.35,0.544,385340.55263503804,257039.16472900988
2132,Leintwardine,52.359087,-2.876144,2.505,0.256,1.2,0.315,340430.5321326667,273809.0592037906
2133,Wyre Piddle,52.126787,-2.056054,3.365,0.065,0.636,0.116,396259.5542519082,247610.18412148312
2134,Buildwas,52.636354,-2.524962,7.037,0.419,3.4,0.424,364570.5298474426,304419.0278618374
2139,Charlton Kings,51.885938,-2.052672,2.657,0.268,0.449,0.28,396471.5754114496,220821.28234279368
2140TH,Frilsham,51.453438,-1.228555,0.654,-0.243,0.48,0.023,453700.52606262447,172999.42563755755
2150TH,Bucklebury,51.435635,-1.201665,0.849,-0.176,0.65,0.019,455590.51954455394,171039.5105247586
2153,Epney,51.797035,-2.348106,7.308,1.186,7.0,1.589,376090.5259949001,210989.28421359634
2165,Gloucester,51.864982,-2.252201,4.9190000000000005,0.001,3.2,0.437,382730.54400132556,218519.27899453614
2169,Ludlow Corve,52.381603,-2.724237,4.976,0.709,2.4,0.771,350800.51396169513,276199.08533581736
2170,Crudgington,52.754258,-2.534083,2.357,0.056,0.788,0.166,364050.5694934475,317538.9721142728
2175,Crew Green,52.735739,-2.994315,2.066,0.05,1.25,0.151,332960.5248189281,315808.9262468268
2180,Bridgnorth,52.534933,-2.415835,5.264,0.316,3.6,0.521,371890.5433911739,293089.09649998386
2180TH,Tidmarsh,51.468325,-1.08539,1.954,0.8220000000000001,1.56,1.072,463627.5087842355,174769.49355703354
2188,Leigh Court,51.926224,-2.197575,4.236,-0.04,1.3,0.071,386510.53181195643,225319.231821633
2190TH,Pangbourne,51.484688,-1.087539,1.09,0.046,0.78,0.079,463455.56890625175,176587.41061148854
2195,Sharpness,51.717437,-2.482837,11.711,1.979,10.2,2.0,366740.5548541572,202189.32707674947
2195TH,Sulham,51.462237,-1.077263,1.061,0.003,0.4,0.032,464200.5451490537,174099.50945268082
2199TH,Mapledurham Lock,51.486033,-1.039654,0.84,-0.343,0.3,0.017,466778.54886483855,176779.50165106377
2200,Wimpstone,52.141002,-1.689543,3.517,0.647,1.6,0.67,421343.54559450626,249235.17327139605
2200TH,Reading,51.461325,-0.967884,7.413,6.297,7.0,6.579,471800.51999813004,174099.45894959476
2201TH,Caversham Lock,51.460811,-0.963635,1.021,-0.187,0.3,0.068,472096.5108911509,174046.46316769574
2204TH,Winterborne Monkton,51.450901,-1.859793,2.33,-0.16,1.105,0.0,409839.54084578366,172444.51202108432
2205,Brimscombe,51.724364,-2.200326,1.331,0.621,1.0,0.644,386259.5676395113,202868.34710853852
2206,Merrywalks LVL,51.746918,-2.217953,2.066,0.05,1.25,0.151,385049.5137993004,205380.31681521528
2207,Hall Green Road,52.440197,-1.475212,1.952,0.0,2.15,0.066,435770.51505816716,282599.13329518837
2209,Longford,52.446651,-1.487391,1.727,0.001,3.04,0.109,434937.540839991,283311.0952751863
2210TH,Marlborough,51.416287,-1.732479,1.003,0.011,0.63,0.041,418700.5338865244,168619.50003049895
2213,"Hope Street, Coventry",52.40689,-1.522294,2.544,0.223,3.08,0.264,432594.51420785935,278872.10580885754
2215,Sir Henry Parkes Road,52.39358,-1.551005,1.437,0.144,2.73,0.202,430650.55405757896,277379.0880254122
2216,Torrington Avenue,52.396604,-1.591684,1.491,0.0,3.2,0.0,427880.5159915603,277699.0595728544
2218,Charterhouse Bridge,52.401988,-1.495801,2.008,0.111,1.93,0.153,434400.57356609113,278339.0732588327
2219TH,Poulton Farm,51.427238,-1.724504,0.812,0.005,0.857,0.047,419250.55531421717,169839.46591388405
2223,College Road,51.896062,-2.069746,1.442,0.064,1.2,0.0,395297.5074674241,221948.30645970488
2225,Bodiam Avenue,51.832287,-2.270144,1.105,-0.064,0.162,0.0,381481.5154522874,214887.27884144886
2226,Slad Road,51.747599,-2.214291,1.175,0.11,0.43,0.13,385302.5570598443,205455.30860695863
2227,Tenbury,52.309779,-2.59384,3.54,0.08,2.0,0.11,359610.5474791526,268129.116263863
2228,Sutton Bridge,52.298087,-2.55805,4.231,0.45,3.0,0.47,362040.56786470284,266809.1895582507
2230TH,Knighton Main,51.437409,-1.576981,0.847,0.044,0.504,0.077,429500.5613090835,171019.4728486247
2232TH,Knighton Side,51.436872,-1.577706,0.653,-0.053,0.504,0.0,429450.51096637704,170959.46003808588
2239TH,Hungerford Dun,51.414788,-1.539372,0.307,0.034,0.19,0.053,432130.54248795466,168519.44532542984
2241TH,Hungerford Shalbourne,51.412847,-1.526019,1.078,0.031,0.6000000000000001,0.043,433060.55381023284,168309.49574610937
2250TH,Newbury,51.401605,-1.323874,1.49,0.742,1.35,0.941,447130.5207432722,167169.48106987812
2251TH,Lambourn,51.508084,-1.530219,1.43,0.653,1.2,0.7000000000000001,432700.5677245405,178899.40083319932
2254TH,Eastbury Flood Control Structure,51.497183,-1.511619,2.129,0.942,2.65,0.9,433999.5276240761,177695.48161790706
2255,Bosbury,52.08804,-2.446839,1.911,0.01,0.8,0.03,369480.55496743263,243393.23232424428
2258,The Causeway,51.824551,-2.297854,2.286,0.098,0.542,0.162,379568.5378763347,214034.30962078183
2261,Zoons Court,51.868901,-2.196147,2.426,0.127,0.844,0.168,386591.52992682107,218943.27121559187
2262,Zoons Court Flood Storage,51.868695,-2.195623,2.13,0.106,2.5,0.119,386627.5471958698,218920.2620230994
2264TH,Bagnor,51.422436,-1.350461,0.545,0.032,0.2,0.041,445260.5248793753,169469.45065505875
2265,Farley Bridge LVL,52.664358,-2.905911,2.066,0.05,1.25,0.151,338829.5659288999,307790.00752305234
2267,Puxton,52.394519,-2.253581,4.431,0.406,2.3,0.45,382841.51347482874,277419.1208355293
2268,Kingscroft Road,51.85196,-2.18652,1.727,0.301,2.0,0.02,387249.54501113814,217057.2932047399
2269,Shepherd Road,51.835524,-2.26623,1.03,0.067,1.0,0.055,381752.5404784114,215246.31315226594
2270,Field Court Drive,51.819013,-2.28698,0.934,0.0,1.0,0.0,380315.5510760552,213415.3503844654
2270_w1TH,Shaw,51.411884,-1.321048,2.1,1.256,2.044,1.29,447316.52195664344,168314.45669645933
2272,Armscroft Place,51.863183,-2.221361,1.194,0.0,1.5,0.005,384853.53988267167,218312.27763740305
2273,India Road,51.856617,-2.227456,0.717,0.114,1.0,0.143,384431.54597127286,217583.28024285624
2275,Egypt Mill,51.697286,-2.218553,0.638,0.11,1.5,0.273,384991.5409578572,199860.33761640175
2275TH,Kingsclere,51.325621,-1.249358,0.357,0.059,0.43,0.08,452400.52559991623,158769.57946608347
2276,Sandford Park LVL (Chelt),51.893887,-2.068696,2.066,0.05,1.25,0.151,395369.5303675491,221706.32507115367
2277,Cheyney Close,51.848593,-2.220433,1.072,-0.009,1.5,0.012,384912.5275090399,216689.3372822913
2279TH,Brimpton,51.379146,-1.185549,1.819,0.033,1.34,0.081,456780.5382721487,164769.56043307914
2293TH,Beech Hill,51.385195,-1.002649,2.244,0.5640000000000001,2.0,0.619,469500.5532979632,165599.48286076298
2298TH,Blakes Lock,51.456172,-0.954614,0.802,-0.5,0.2,0.0,472730.576861136,173539.456039177
2301TH,Sonning Lock,51.473138,-0.917727,1.05,-0.1,0.257,0.068,475265.56169157586,175463.48333465657
2302TH,Shiplake Lock,51.501042,-0.886307,0.967,-0.18,0.3,0.006,477400.5740189823,178599.44469985037
2320,Lydbrook,51.85366,-2.578653,7.551,0.32,4.0,0.42,360241.55313202343,217388.3030543096
2401TH,Pyotts Bridge,51.278294,-1.045224,1.447,0.975,1.35,0.95,466692.54355305055,153671.5920983079
2406TH,Chineham,51.296962,-1.056426,1.273,0.227,1.745,0.258,465884.5429069192,155737.55033370393
2409TH,Longbridge Mill,51.3188,-1.019874,0.88,0.156,0.55,0.183,468400.5516266281,158199.52146105343
2419TH,Tongham,51.237339,-0.736289,1.79,0.542,1.9,0.5630000000000001,488318.5506764965,149442.57225953732
2420_w1TH,Sheepbridge Weir Mill Stream,51.381826,-0.966655,1.36,0.016,0.75,0.157,472010.53361548437,165259.49091578418
2420_w2TH,Sheepbridge,51.381826,-0.966655,1.391,0.01,0.89,0.08,472010.53361548437,165259.49091578418
2421TH,RIVER LODDON AT SHEEPBRIDGE FLUME,51.38187,-0.966582,2.066,0.05,1.25,0.151,472015.54486003466,165264.4557502344
2423TH,Cove Hazel Avenue,51.291321,-0.774462,1.65,0.14,1.83,0.18,485553.55778663844,155400.5925061993
2425,Bodiam Avenue Relief Channel,51.832287,-2.270144,2.482,-0.157,1.5,-0.001,381481.5154522874,214887.27884144886
2427TH,Farnborough,51.29741,-0.739058,1.939,0.268,1.6,0.363,488010.5709287717,156119.52780384815
2431TH,Blackwater Bridge,51.330889,-0.775604,2.62,0.765,2.0,1.046,485400.5367539841,159799.52137320797
2432TH,Mayfield Road,51.306404,-0.772253,2.5700000000000003,0.483,2.0,0.795,485679.53851862496,157080.50402942774
2435TH,Eversley,51.356292,-0.888384,1.7000000000000002,0.5,1.4,0.601,477500.5596945158,162499.51882439305
2442TH,Lodge Farm,51.263973,-0.950093,0.623,0.02,0.439,0.097,473350.57409825915,152169.52772195972
2451TH,Crondall Pond,51.232867,-0.864146,1.19,-0.4,0.8,-0.35,479400.57061966765,148799.5289476548
2453TH,Redlands Lane,51.237321,-0.859739,1.63,0.51,1.1,0.6000000000000001,479700.56832708395,149299.60864121458
2455TH,Crookham Village,51.262934,-0.867562,1.4,0.343,1.36,0.358,479110.54339816154,152139.5126368648
2458TH,Bramshill,51.32671,-0.917374,1.81,0.054,1.325,0.095,475530.51856833184,159179.54172153017
2469_w1TH,Swallowfield,51.377564,-0.952526,1.481,0.064,0.95,0.189,473000.56283748645,164799.4610257762
2469_w2TH,Swallowfield Side Channel,51.377564,-0.952526,1.687,0.126,0.728,0.189,473000.56283748645,164799.4610257762
2473TH,Arborfield Bridge,51.403467,-0.933245,1.392,0.102,1.192,0.278,474300.57777433115,167699.48109135838
2481TH,Sindlesham Mill,51.426522,-0.898188,1.454,0.052,0.56,1.19,476700.55632600276,170299.49963464373
2486TH,Wokingham,51.40345,-0.836924,2.329,0.368,1.2,0.395,481000.54419319786,167799.47303416108
2490TH,Twyford,51.484806,-0.880942,3.43,0.233,2.255,0.504,477800.55372687016,176799.48895932085
2495TH,Marsh Lock,51.528776,-0.885703,1.633,-0.45,0.4,0.111,477395.5488968345,181684.44080993888
2497TH,Hurley Lock,51.55135,-0.808421,0.516,-0.076,0.2,0.023,482715.559070662,184279.38818255186
2499TH,Marlow Lock,51.567382,-0.769176,1.239,-0.022,0.449,0.06,485406.54503121716,186107.38227217484
2511,Windyridge Road,51.91699,-2.086745,1.461,0.17,0.618,0.22,394130.56382904644,224277.27023375776
2512,Hucclecote,51.857643,-2.180344,1.607,0.063,2.0,0.074,387676.5069016257,217688.30227890422
2513,Eastington,51.753386,-2.322244,2.211,0.198,0.857,0.287,377852.5625501766,206126.37440035288
2514,Cam,51.699985,-2.360238,2.651,0.54,0.87,0.578,375200.54104881966,200199.3699627443
2515,Stoke Prior,52.306762,-2.076947,2.143,0.064,0.362,0.127,394850.5728443291,267630.15819004964
2516,Halesowen,52.462884,-2.061427,2.718,0.451,0.786,0.454,395923.5734544355,284995.12605918496
2531,Leominster Osbourne Place LVL,52.231172,-2.743719,2.066,0.05,1.25,0.151,349302.52283496613,259480.16863627353
2532,Leominster Upper Marsh LVL,52.233318,-2.73409,2.066,0.05,1.25,0.151,349962.5727904174,259712.1576087663
2546TH,High Wycombe FD,51.627385,-0.748786,2.066,0.05,1.25,0.151,486705.55624702957,192804.43833946416
2548,Orleton Millbrook Way,52.300223,-2.751592,2.066,0.05,1.25,0.151,348844.53240354813,267166.17559140903
2549,Slad Steanbridge Lane,51.767788,-2.179956,2.066,0.05,1.25,0.151,387678.5206462177,207694.34431359533
2550TH,Wycombe Wye,51.635466,-0.76901,0.609,-0.137,1.0,0.0,485290.5660945375,193679.3814582407
2569TH,Wycombe Hugh,51.635574,-0.753691,0.65,-0.375,0.255,-0.23,486350.5142159885,193709.36153371204
2590TH,Bourne End Wye,51.571155,-0.708557,0.47,0.06,0.38,0.114,489600.55291263305,186599.42031965923
2601TH,Cookham Lock,51.560993,-0.694635,1.464,-0.239,0.6000000000000001,0.0,490585.5518486624,185486.418227521
2602TH,Boulters Lock,51.532713,-0.699466,1.134,-0.217,0.3,0.0,490306.57952557603,182335.40551805467
2603,Cambridge,51.730432,-2.362218,1.375,0.032,1.25,0.141,375080.5191639468,203586.3686478487
2603TH,Taplow,51.529307,-0.697199,1.806,-0.026,3.21,1.0,490470.5641461417,181959.4186354437
2604TH,Maidenhead,51.524146,-0.702103,3.866,1.127,3.55,2.27,490140.5706885855,181379.41601468076
2606,Deerhurst,51.969234,-2.193572,6.382,0.364,4.492,0.502,386798.54320307303,230102.2775396321
2607,Bromsberrow LVL,51.996906,-2.373352,2.066,0.05,1.25,0.151,374463.5747126165,233228.27735918955
2607TH,Bray Lock,51.509305,-0.69032,1.608,-0.119,0.5,0.096,490987.5363959628,179743.5041429267
2608,Boreton Bridge LVL,52.65661,-2.716578,2.066,0.05,1.25,0.151,351625.55446856475,306783.9427512392
2609,Kites Hardwick,52.313513,-1.314911,2.512,-0.137,1.138,0.01,446800.56870973995,268599.0761251074
2611,Stanford River LVL,52.417555,-1.126182,2.066,0.05,1.25,0.151,459526.55399248784,280310.1163625529
2613,Southam,52.260974,-1.408027,3.328,0.045,0.682,0.085,440500.5141219391,262699.1958168892
2613TH,Warfield,51.436318,-0.747222,2.9619999999999997,1.67,2.9,1.719,487177.5563476059,171557.4969709581
2615,Bidford on Avon,52.164097,-1.857348,4.426,0.895,2.6,0.955,409854.51324314735,251768.1959609856
2616,Kempsey Yacht Club,52.158602,-2.219449,7.489,0.475,5.0,0.512,385084.50903531775,251170.19240010274
2617,Chalford,51.723887,-2.130978,0.76,0.021,0.5,0.033,391049.5704199059,202804.4054250015
2618,Sandhurst,51.887415,-2.252167,5.376,0.34,3.0,0.515,382741.5329363514,221014.3480090172
2619,Sandhurst,51.887632,-2.251427,5.35,0.47,2.79,0.5700000000000001,382792.5464857715,221038.3072708542
2620TH,Binfield,51.433827,-0.773574,1.018,-0.088,0.8150000000000001,0.125,485350.52109902544,171249.489477554
2621,Henley River,52.29694,-1.777373,2.426,0.369,0.546,0.387,415279.5664644173,266558.11395567685
2625,Ludlow Teme,52.36409,-2.706474,5.223,0.834,3.0,0.856,351990.5379625615,274239.1338942161
2626,Feckenham,52.248746,-1.994455,2.465,0.047,1.25,0.074,400475.53837540746,261174.16359940002
2627,Kenilworth,52.352672,-1.567041,2.384,0.627,1.44,0.655,429586.5470647887,272822.1431945304
2629,Lydney,51.72971,-2.534804,1.343,0.101,0.7000000000000001,0.131,363160.50848041475,203579.36657832313
2634,Burford Bridge,52.311774,-2.625404,4.775,0.52,1.5,0.531,357460.53549765225,268369.14776896354
2635,Cox's Meadow Storage Area,51.890714,-2.066105,4.4,0.0,0.2,0.0,395547.50774618314,221353.24544013763
2636,Mor Brook LVL,52.509532,-2.429445,2.066,0.05,1.25,0.151,370950.5495806961,290269.0191712575
2639,Dutlas,52.394857,-3.160345,2.535,0.001,0.6000000000000001,0.024,321140.5231755743,278060.1236932329
2641,Wightwick,52.582389,-2.192192,1.334,0.188,0.406,0.197,387074.5496286708,298303.9941440869
2642,Worcester (Barbourne),52.206967,-2.235272,5.791,0.487,3.35,0.548,384019.53485526325,256553.19669463686
2644,Sandhurst Horn's Ditch,51.888033,-2.253216,3.927,-0.031,1.5,0.1,382669.5752994255,221083.33506278918
2646,Stanford Bridge,52.28899,-2.418688,6.075,0.151,1.367,0.221,371538.5075478416,265733.1927359159
2648,Toddington,51.999754,-1.952083,1.744,0.29,0.53,0.31,403386.5155639954,233480.21918519077
2649,Clay Coton,52.387107,-1.128914,2.4130000000000003,0.002,1.36,0.031,459381.5373609595,276921.1287761007
2650,Arle,51.91358,-2.100884,2.976,0.109,0.662,0.343,393157.5641009465,223899.25163445002
2653,Merestones Road,51.88594,-2.093645,2.75,0.04,0.32,0.08,393651.5311281985,220824.3480692647
2654,Cox's Flume,51.889602,-2.062354,2.167,0.176,1.3,0.24,395805.5437419887,221229.3356957144
2655TH,Raymill Road,51.528985,-0.716959,1.467,0.13,1.3,0.161,489100.5142749133,181899.39357655044
2660,Prestbury Road,51.907359,-2.061419,0.32,0.0,0.05,0.0,395871.56484951114,223204.28854121373
2661,Witcombe,51.840037,-2.142115,1.757,0.337,0.356,0.113,390305.5136462901,215724.2707817873
2662,Abbeymead Avenue,51.840929,-2.202237,1.289,0.046,0.265,0.081,386163.5685954146,215833.2840019189
2666,Matson Place,51.85211,-2.233328,2.066,0.05,1.25,0.151,384025.52493947564,217083.27797353143
2667,Bondend Road,51.834606,-2.193371,1.55,0.183,1.5,0.216,386772.5277006193,215128.36132137617
2669,Shifnal,52.67455,-2.379329,1.194,0.096,0.24,0.116,374448.52080925513,308606.0184790458
2670,Saintbridge,51.848419,-2.217412,4.5,-0.107,0.042,-0.006,385120.56770325813,216669.35844411489
2671,Moorend Road,51.883138,-2.061691,1.737,0.27,0.49,0.3,395850.560603998,220510.34505671717
2694TH,The Binghams,51.506197,-0.710164,2.038,0.748,1.71,0.776,489616.51936528814,179373.4114475543
2698TH,Romney Lock,51.491873,-0.604104,1.259,-0.195,0.5,0.096,497007.5712241259,177915.47168944133
2700,Abbey Mill GATE,51.991326,-2.162837,2.066,0.05,1.25,0.151,388915.5340729138,232554.29389119815
2700TH,Windsor Park,51.485795,-0.589124,5.724,-0.079,4.25,3.22,498060.5438523529,177259.47686919995
2702TH,Bell Weir,51.438166,-0.537257,1.335,-0.067,0.3,0.08,501767.52050287375,172033.42301670878
2703TH,Old Windsor Lock,51.463198,-0.569077,1.941,-0.404,0.349,0.096,499501.5385977664,174773.51028816772
2705,Church Stretton,52.5405,-2.801605,0.59,-0.06,0.35,0.02,345730.5547018119,293929.09311118606
2706,Wombourne LVL,52.531154,-2.204277,2.066,0.05,1.25,0.151,386239.5406666828,292607.04520111653
2711,Sedgeberrow,52.04668,-1.963362,3.602,0.23,2.1,0.29,402609.56719774584,238699.18941629707
2802TH,Waxwell Lane,51.602909,-0.384264,1.173,0.073,1.0,0.148,511996.5297189121,190577.3939372013
2803TH,"Pinner, Avenue Road",51.597129,-0.381769,1.062,-0.033,1.2,0.025,512183.5425117171,189938.43125575065
2804TH,"Pinner, Eastcote Road",51.589297,-0.381167,2.537,0.115,1.2,0.288,512244.5232801771,189068.370991159
2805TH,"Howletts Lane, Ruislip (Temporary)",51.58453,-0.439448,1.049,0.023,0.8200000000000001,0.023,508218.53876288264,188450.45739062547
2807TH,Ruislip,51.58043,-0.426065,1.833,0.13,1.2,0.136,509155.53287565015,188014.37486780641
2808TH,Radlett,51.682315,-0.315607,1.602,0.006,1.574,0.3,516547.5556394504,199515.32811105897
2809TH,Mimmshall Brook,51.706896,-0.217824,1.799,0.904,1.8,0.151,523240.5781301038,202409.39507306635
2810TH,North Mymms,51.718066,-0.219123,2.351,-0.171,1.5,0.046,523120.5166238465,203649.40036125106
2813TH,Markyate,51.838108,-0.461149,0.62,0.0,1.08,-0.018,506120.55030711583,216619.3474561483
2814TH,London Colney,51.719476,-0.289861,2.722,0.747,1.85,0.939,518230.573340808,203689.33729123574
2815TH,Redbourn,51.794792,-0.393076,0.754,-0.228,0.6000000000000001,-0.138,510916.5672678538,211903.30843024148
2816TH,Redbourn,51.793132,-0.396615,0.994,-0.601,0.8,-0.247,510676.57884226984,211713.32342332575
2819TH,Colney Street,51.704664,-0.336052,0.56,0.002,0.539,0.064,515077.53235055896,201968.34259391052
2821TH,Borehamwood,51.668568,-0.287687,2.19,0.8240000000000001,1.8,0.8270000000000001,518513.5265472487,198031.43837908356
2830,Hayes Basin,52.735118,-2.960681,4.13,0.96,0.97,0.91,335230.5296234511,315709.0037037369
2830TH,Watford,51.670654,-0.380235,1.69,0.014,0.8190000000000001,0.12,512108.53123954736,198117.42579251053
2831,Cae Howel,52.74738,-2.971662,6.265,0.893,4.779,0.933,334507.51165645284,317082.9322865054
2832,Maesbrook,52.779686,-3.037866,1.754,0.073,1.26,0.105,330090.5422444701,320738.91403591505
2833,Cae Howel,52.747481,-2.972523,2.066,0.05,1.25,0.151,334449.54529082804,317094.95227590384
2841TH,"Hemel Hempstead, Bury Mill",51.757619,-0.475391,0.6950000000000001,0.013,0.8300000000000001,0.066,505326.5501204167,207647.29353707048
2844TH,"Hemel Hempstead, Old Fishery Lane",51.744674,-0.49654,1.798,0.539,1.99,0.639,503896.5757657525,206177.35277007744
2846TH,"Hemel Hempstead, Two Waters Road",51.741057,-0.47337,1.188,0.085,0.75,0.205,505504.57621053397,205808.3145901717
2849TH,Croxley Green,51.645553,-0.436992,0.418,0.025,1.3,0.073,508243.5669117732,195240.42081611452
2852TH,Chesham,51.702625,-0.614039,0.678,0.295,0.7000000000000001,0.256,495873.5583517569,201340.32345092754
2854TH,Braybourne Close FD,51.553414,-0.479617,2.066,0.05,1.25,0.151,505507.54030849185,184931.44733829395
2859TH,Rickmansworth,51.641989,-0.46125,0.368,0.037,0.39,0.059,506573.5607430165,194808.4401181011
2862TH,Moor Lane,51.635575,-0.443997,8.23,7.26,7.94,7.37,507782.5396062059,194120.42293917786
2866TH,Wraysbury Offtake FD,51.477931,-0.504592,2.066,0.05,1.25,0.151,503947.57556146046,176501.41352347628
2870TH,Denham Colne,51.56631,-0.483905,0.608,0.052,0.56,0.11,505180.5360874339,186359.4280963351
2872,Perdiswell,52.217941,-2.213213,7.276,0.779,2.4,0.874,385530.53925815754,257769.1668046562
2873TH,Missenden,51.677124,-0.650282,0.459,-0.149,0.5,0.044,493421.5166801414,198457.35499020386
2879_w1TH,Denham Lodge,51.567599,-0.49112,0.465,0.002,0.6000000000000001,0.035,504677.51769048074,186492.43581136203
2879_w2TH,Denham Lodge,51.569085,-0.489873,2.066,0.05,1.25,0.151,504760.5308746165,186659.4763438039
2880TH,Willowbank,51.559236,-0.484082,1.287,0.871,1.2,0.803,505184.572807621,185572.48136591964
2881TH,"Uxbridge, Fountains Mill",51.549497,-0.482704,2.108,0.076,1.77,0.589,505302.5592117092,184491.3990504041
2882TH,"Iver, Clisbys Bridge",51.529235,-0.488741,1.402,0.211,0.8,0.274,504930.53073305276,182229.4257105888
2883TH,Farlows Bridge,51.518153,-0.498245,1.31,0.137,1.06,0.224,504296.5755435605,180983.44170949902
2884,Burlington Weir LVL,52.695461,-2.324363,2.066,0.05,1.25,0.151,378175.56007759727,310913.9669978103
2885TH,West Drayton,51.500923,-0.482762,0.771,0.324,1.0,0.389,505410.53089085687,179089.4828930785
2886TH,"Pinner, Moss Close",51.598796,-0.376829,0.977,0.058,0.94,0.175,512521.5748743768,190131.4007118982
2887TH,"Ickenham, Swakeleys Road",51.565274,-0.452775,1.962,0.461,1.5,0.557,507340.54377912334,186289.39876124
2888TH,"Uxbridge, Hercies Road",51.547893,-0.46447,3.782,0.403,1.7000000000000002,0.6910000000000001,506570.5396157477,184339.3987484547
2889TH,Uxbridge,51.533611,-0.47115,1.885,0.004,1.0,0.037,506140.56061220914,182741.4192449766
2891TH,Yiewsley,51.509078,-0.47713,1.2,0.615,2.0,0.74,505782.5694370957,180004.49998364455
2892TH,Poyle,51.477287,-0.51406,2.527,1.445,1.8,0.101,503291.54192465165,176416.4119883226
2893TH,Stanwell Mill,51.466242,-0.501779,1.236,0.125,1.12,0.21,504169.51130578853,175205.50077097147
2894TH,Hythe End,51.440219,-0.535292,3.324,0.305,2.2,0.43,501899.5312034933,172264.4600560111
2895TH,Staines Moor,51.45237,-0.520468,0.889,0.022,0.53,0.055,502902.51738653966,173636.44050144532
2896TH,"Pound Mill, Staines",51.43615,-0.514892,0.847,0.014,0.84,0.059,503326.51186410023,171840.49851590904
2897BTH,Horton Mill,51.47174,-0.53123,0.405,0.076,0.42,0.12,502111.557980987,175775.48723080478
2898,Wildmoor Flume,52.369692,-2.062663,0.729,0.0,0.273,0.085,395830.57475984376,274629.07879789226
2898TH,Staines Trading Estate,51.437123,-0.512241,1.717,1.024,2.0,1.133,503508.5766918758,171952.440956152
2900,Walton,52.176016,-1.583205,3.492,0.111,1.38,0.189,428598.5682263744,253166.16338330263
2900TH,Staines,51.431611,-0.512248,4.955,0.414,4.0,2.7,503520.5357219977,171339.45789507567
2901TH,Penton Hook,51.414528,-0.499731,1.401,-0.183,0.3,0.076,504429.52499536524,169457.45376599513
2902TH,Chertsey Lock,51.390617,-0.48637,1.316,-0.084,0.402,0.131,505413.5422840758,166817.5054789369
2904TH,Shepperton Lock,51.382892,-0.458071,1.121,-0.16,0.3,0.076,507400.5213246351,165999.46968396867
2915,Eckington Sluice,52.062065,-2.124922,4.16,1.584,2.6,1.789,391532.54883884627,240417.1895216682
2927TH,Trumps Green,51.399312,-0.56131,2.073,0.615,1.7000000000000002,0.706,500180.5628242407,167679.475449025
2928TH,Chertsey Bourne,51.402823,-0.539779,2.165,13.32,1.06,0.4,501670.5406511274,168099.53443504917
2935TH,Norlands Lane,51.410875,-0.515797,1.6800000000000002,-0.02,1.1,0.3,503320.5320454618,169028.47003177548
2936TH,Guildford Street,51.389272,-0.506291,1.783,0.278,1.5,0.3,504030.57508838375,166639.50813471194
2937TH,Free Prae Road,51.386331,-0.501357,2.626,0.425,1.6,0.72,504380.5558752531,166319.45627693657
2941TH,Bagshot,51.361518,-0.689296,1.653,0.4,1.35,0.4,491352.56435400865,163309.54377196197
2966TH,Millbourne Bridge,51.349005,-0.602519,2.725,0.845,1.54,0.915,497420.54670047754,162029.53972669423
2976TH,Grants Bridge,51.344527,-0.604091,2.496,0.244,1.55,0.326,497320.54830946506,161529.473115312
2989TH,Addlestone,51.374167,-0.478479,1.979,0.672,0.9,0.313,506000.5202778496,164999.53496206267
3010TH,Alton High Street,51.149557,-0.976568,2.066,0.05,1.25,0.151,471680.5202659119,139419.57835005564
3012TH,Kings Pond,51.150372,-0.96697,0.562,-0.198,0.5,0.0,472350.5649865773,139519.59221428933
3015TH,Caker Stream,51.140148,-0.959908,1.343,-0.306,0.52,0.0,472860.56685227825,138389.58083385718
3020TH,Farnham,51.209424,-0.803594,1.27,0.023,0.97,0.046,483670.5464814171,146259.60536163521
3028TH,Passfield Mill,51.101202,-0.825956,1.714,0.771,1.28,0.798,482300.56385740207,134199.58789827296
3029TH,Wey (South) at Huntingford Bridge,51.14197,-0.824708,2.066,0.05,1.25,0.151,482315.5548053742,138734.5642663604
3040TH,Tilford,51.181979,-0.750222,2.086,0.099,1.4,0.139,487450.557957039,143269.6072002417
3054TH,Westbrook Mill,51.188851,-0.617671,2.586,1.171,2.5,1.75,496700.56268467644,144199.59276665043
3056TH,Godalming RL,51.192355,-0.598504,2.066,0.05,1.25,0.151,498032.56410717376,144614.605284072
3057TH,River Wey at Unstead Sluice,51.19848,-0.584392,2.066,0.05,1.25,0.151,499005.54843234137,145314.61780021992
3061TH,Flash Bridge,51.121978,-0.510356,3.95,0.881,3.0,0.958,504350.5097948728,136909.63809845079
3065TH,Cranleigh,51.142186,-0.480399,3.378,1.204,2.33,1.229,506400.5669403089,139199.65490691256
3069TH,Bramley,51.206896,-0.57032,3.994,1.82,3.2,2.11,499970.5196025492,146269.53160278554
3073TH,Burpham,51.264494,-0.544883,2.089,0.768,1.059,0.841,501620.5654123393,152709.51627360092
3074TH,Albury,51.210841,-0.504627,0.339,0.03,0.293,0.054,504550.5301010036,146799.5276579417
3075TH,Send,51.287835,-0.505999,1.761,0.791,2.724,0.805,504280.5786332764,155359.594211571
3078TH,Hoe Stream at Woking,51.306994,-0.537112,2.066,0.05,1.25,0.151,502068.56659259764,157446.48352209874
3079TH,Shalford,51.220824,-0.569459,1.158,0.063,0.526,0.088,500000.52019446564,147819.5469606548
3080TH,Guildford,51.236036,-0.578011,3.884,0.804,2.6,1.1,499370.5720207911,149499.59356717888
3085TH,Old Woking,51.302063,-0.543308,3.94,1.0,3.2,1.0,501647.5701225933,156889.54288707196
3087TH,Woking South,51.294424,-0.57291,2.22,0.22,1.5,0.298,499600.51994217496,155999.5153328277
3089TH,Brooklands,51.346115,-0.465049,4.038,0.082,2.24,0.238,507000.53344843205,161899.4860347961
3090TH,Weybridge,51.37248,-0.466322,1.934,0.792,1.4,0.96,506850.5748451752,164829.55655310923
3100TH,Walton,51.3919,-0.421389,4.398,-0.026,3.6,3.0,509931.5387188782,167055.5213536504
3101SE,Easton,51.088829,-1.2729,1.455,0.0,1.1,0.511,451020.5450814527,132419.6463561762
3101TH,Sunbury  Lock,51.399708,-0.4156,0.916,-0.168,0.3,0.055,510315.53163248184,167932.49982827596
3102TH,Molesey Lock,51.406476,-0.349558,1.029,-0.126,0.295,0.05,514892.5274287618,168786.49211580335
3110TH,Staines Ash,51.440376,-0.512035,0.367,0.023,0.5,0.048,503515.5482673438,172314.48843094736
3115TH,Knowle Green,51.430935,-0.496618,1.158,0.282,0.85,0.371,504608.57204675,171286.45694062745
3207TH,Ifield,51.11607,-0.222649,2.513,0.666,2.37,0.729,524500.5402088447,136699.59378229498
3209TH,Stafford Bridge,51.130927,-0.213274,2.547,0.61,2.977,0.625,525116.5758747,138367.55074239537
3210TH,Gatwick Airport,51.144764,-0.19953,2.54,0.108,2.1,0.179,526040.5434863342,139929.6397678148
3219TH,Crawley FWS,51.102235,-0.173972,2.066,0.05,1.25,0.151,527945.5701296717,135244.5868757857
3223TH,Maidenbower,51.110238,-0.153871,2.985,0.526,2.535,0.605,529330.5149680758,136169.59978069816
3225TH,Three Bridges,51.116941,-0.162605,3.259,-1.273,3.06,0.198,528700.5466970779,136899.65510952988
3229TH,Gatwick Link,51.160212,-0.163604,2.173,0.013,1.6,0.075,528510.5217312761,141709.54119940838
3230TH,Horley,51.173918,-0.18323,3.444,0.003,2.42,0.189,527100.5770489159,143199.54355838217
3232TH,Peeks Brook Lane,51.161389,-0.135668,2.901,0.0,2.65,0.748,530460.5441257451,141889.56598606007
3235TH,Bonehurst Bridge,51.186743,-0.163694,4.465,1.21,3.7,1.398,528430.553654379,144659.58351476636
3240TH,Kinnersley Manor,51.201071,-0.194473,3.501,0.043,2.14,0.123,526240.5213211919,146199.568523557
3245TH,Redhill,51.239844,-0.166451,2.461,-0.053,2.0,0.493,528090.5689307264,150559.54873155963
3247TH,Salfords Bridge,51.204792,-0.1677,3.05,-0.044,2.4,0.183,528100.5790512749,146659.62293426794
3269TH,Brockham FWS,51.233732,-0.288379,2.066,0.05,1.25,0.151,519595.5759179422,149674.5385896963
3270TH,Dorking,51.238425,-0.311198,2.735,0.026,1.6,0.091,517990.54263592866,150159.5423900832
3280TH,Leatherhead,51.294985,-0.336089,3.735,0.632,2.61,1.006,516110.5280909837,156409.48360402428
3286TH,Downside Bridge,51.323836,-0.41269,3.46,0.877,2.7,1.012,510700.5490671506,159499.56312029247
3290TH,Esher,51.381714,-0.377493,3.24,0.526,4.32,1.272,513010.57675486756,165989.46302542053
3345TH,Bourne Hall Ponds at Ewell,51.350352,-0.250864,2.066,0.05,1.25,0.151,521905.57670128625,162704.52436230908
3346TH,King Charles Road FWS,51.386523,-0.291294,2.066,0.05,1.25,0.151,518996.51690142887,166660.49970048512
3350TH,Ewell,51.355767,-0.255182,0.802,0.011,1.035,0.026,521590.5697824617,163299.52482164575
3369TH,Worcester Road,51.375687,-0.264339,2.087,0.8320000000000001,3.0,0.892,520900.573129169,165499.55841575566
3390TH,Kingston Hogsmill,51.405736,-0.302166,1.225,0.024,0.9,0.106,518190.55680198857,168779.485252429
3401TH,Teddington Lock,51.429566,-0.318416,1.197,-0.3,0.217,0.009,516999.5443077511,171403.43275590352
3422SO,Whitchurch Main,51.22819,-1.338347,0.411,0.001,0.35,0.02,446297.5179800571,147874.56430359455
3423SO,Whitchurch Side,51.229107,-1.338319,0.425,0.001,0.4,0.02,446298.5552369503,147976.56131079997
3609TH,"Harrow, Village Way",51.57755,-0.380271,1.263,-0.02,1.185,0.064,512335.5298713971,187763.3839430346
3625TH,"Hillingdon, Gutteridge Wood",51.547719,-0.420185,2.013,-0.004,2.3,0.078,509641.51198182633,184385.4268156675
3626TH,"Harrow, Thistledene Avenue",51.561936,-0.379325,1.431,-0.157,1.1,0.012,512439.5582845131,186028.43673215748
3629TH,"Northholt, Yeading East",51.548783,-0.397836,0.792,-0.037,0.65,0.033,511188.51609170093,184537.45191821243
3635TH,"Hillingdon, Charville Lane",51.541775,-0.418198,2.363,0.11,2.55,0.162,509793.5752145001,183727.3840877126
3650TH,"Yeading, Brookside Road",51.518702,-0.391757,1.364,0.094,2.34,0.115,511683.52676177584,181201.4710544681
3660TH,Cranford Park,51.488753,-0.412558,1.261,0.028,1.1,0.056,510312.57284472714,177839.42101729763
3680TH,Marsh Farm,51.448604,-0.339937,0.956,-0.017,1.55,0.018,515455.53781947703,173486.44201911322
3695TH,Mogden GS,51.463986,-0.340257,2.066,0.05,1.25,0.151,515394.5419397708,175196.4993991949
3697TH,Crane Gates,51.465414,-0.322425,2.066,0.05,1.25,0.151,516629.56714512606,175383.52180196374
3803TH,Bury Farm FSA FD,51.627195,-0.287063,2.066,0.05,1.25,0.151,518664.5629246552,193431.44013651533
3804TH,Whetstone,51.623491,-0.185411,1.07,0.251,2.0,0.259,525710.5225959916,193189.35867908463
3806TH,North Finchley,51.614894,-0.189437,2.061,0.163,1.5,0.22,525455.5332530364,192226.40633762494
3815TH,Hampstead Suburb,51.584844,-0.180888,1.844,0.772,2.391,0.799,526130.5629070177,188899.37116848578
3820TH,Brent Cross,51.577539,-0.217549,1.379,0.056,1.135,0.075,523610.56412501103,188024.45563309127
3822TH,"Edgware, Deans Brook",51.617793,-0.26653,1.623,0.768,2.2,0.8170000000000001,520110.54113192443,192419.38337545906
3823TH,"Stanmore, Wolverton Road",51.610531,-0.313052,1.348,0.024,1.0,0.049,516908.5259024486,191536.42511102703
3826TH,Edgware Hospital,51.607093,-0.271414,2.121,0.243,2.68,0.61,519800.5720714111,191221.45756226146
3829TH,Colindale,51.591209,-0.244516,2.426,0.073,1.25,0.099,521705.5358649734,189499.4425245687
3838TH,Kenton Lane,51.587068,-0.307266,2.092,-0.43,0.75,0.112,517369.567478039,188936.4270763852
3839TH,Wembley,51.562196,-0.27948,1.67,-0.003,2.22,0.066,519359.5331834013,186215.42610577363
3850TH,"Brent, Monks Park",51.551558,-0.267837,2.564,0.018,1.8,0.049,520194.5620143668,185051.46322294438
3870TH,"Greenford, Costons Lane",51.527366,-0.344873,1.752,0.102,1.105,0.127,514914.5492223777,182237.48781536464
3880TH,Hanwell,51.508638,-0.342569,2.725,0.771,3.489,0.842,515121.5368040343,180158.4300567085
3892TH,Brentford,51.48248,-0.312323,1.981,0.05,1.25,0.151,517287.51977542863,177297.4734274995
38_BRENT_RES,Brent Reservoir,51.570831,-0.245027,2.066,0.05,1.25,0.151,521724.53194554127,187232.43040387143
4001,Yorkshire Bridge,53.362304,-1.703631,2.8040000000000003,0.01,1.6,0.302,419820.52567660203,385088.73195635696
4002,Hamstall Ridware,52.770034,-1.840172,1.298,0.069,0.8,0.101,410880.52121595456,319171.9664564353
4003,Water Orton,52.52039,-1.751178,3.429,0.079,1.436,0.27,416980.5547284324,291419.0734988567
4006,Great Haywood,52.805262,-2.011076,3.283,0.6920000000000001,1.502,0.803,399350.52318006696,323078.8906439714
4007,Shardlow,52.865431,-1.335368,3.455,0.317,1.7000000000000002,0.413,444840.53543167445,329978.873667249
4008,Rocester,52.95455,-1.833986,2.091,0.076,0.671,0.167,411250.5439486399,339698.8994213783
4009,Colwick,52.952707,-1.07772,5.496,0.758,3.6,1.014,462060.52809091064,339878.84225726215
4011,Matlock,53.124099,-1.557929,5.181,0.071,2.5,0.285,429680.53768274974,358638.8413033506
4012,Kings Bromley,52.75692,-1.805399,2.678,0.086,1.521,0.583,413230.5362238259,317718.92858917144
4014,Milford,52.791503,-2.038506,2.866,0.005,1.986,0.3,397500.5342168633,321548.9665207233
4015,Mattersey,53.397737,-0.964956,2.807,0.294,2.7,0.548,468920.5714030418,389488.690092819
4018,Marston on Dove,52.855534,-1.648727,2.698,0.026,1.75,0.492,423750.55320068065,328728.8911630882
4019,Drakelow,52.780647,-1.647106,3.797,0.812,2.038,1.018,423900.55320964294,320398.916502026
4022,North Muskham,53.131855,-0.803653,3.953,0.614,3.3,0.798,480140.56333746423,360078.7783660364
4023,Ashford in the Water,53.223665,-1.727504,1.5630000000000002,0.221,0.75,0.267,418290.55339770904,369658.7922578276
4024,Syston,52.706226,-1.091508,3.834,1.298,2.773,1.427,461480.55397903547,312448.9604706029
4026,Polesworth,52.627897,-1.613026,2.567,0.002,0.7030000000000001,0.122,426290.5379517527,303419.00031072414
4031,Ilam,53.053456,-1.793028,2.806,0.021,0.524,0.095,413970.5099098825,350708.828700322
4032,Church Warsop,53.206134,-1.165417,1.42,0.11,0.41,0.15,455840.51470397826,367998.8117481096
4033,Hollinsclough LVL,53.198546,-1.906769,2.066,0.05,1.25,0.151,406325.5712416013,366833.7768571938
4036,Twyford Bridge,53.26962,-0.952008,2.815,0.294,1.42,0.162,469990.5720015571,375248.7473190011
4037,Mytham Bridge,53.335557,-1.683843,4.411,0.6930000000000001,3.2,0.777,421150.5583133578,382118.74157220573
4039,Calthorpe Park,52.460104,-1.897221,2.503,0.11,0.416,0.087,407080.5323612457,284689.0448634871
4040,Bucknall,53.017569,-2.162134,2.511,0.03,0.388,0.067,389220.51302537904,346708.9121145442
4040TH,Motspur Park,51.393329,-0.241392,1.877,0.77,2.13,0.912,522450.5434714616,167499.45114945614
4041,Waterhouses,53.04899,-1.879122,3.06,0.084,0.466,0.119,408200.51989802095,350198.8303914792
4043,Chatsworth,53.211297,-1.610938,5.166,0.962,3.3,1.037,426080.52622452803,368318.8311842923
4044,Cuckney LVL,53.2366,-1.145421,2.066,0.05,1.25,0.151,457135.57311501395,371403.7852783116
4045TH,North Cheam,51.374843,-0.208335,2.915,0.7030000000000001,2.39,0.734,524800.5326353172,165499.45118956108
4046,Izaak Walton,53.055864,-1.782274,1.607,0.196,0.59,0.271,414690.5305559035,350978.84116605535
4048,Wingfield Park,53.072731,-1.441438,2.864,0.084,2.0,0.223,437520.53407350153,352978.8110708455
4049,Worksop,53.309224,-1.138194,2.189,0.09,1.05,0.149,457520.5472997175,379488.74581222003
4050,Auckley LVL,53.503749,-1.027736,2.066,0.05,1.25,0.151,464585.5183466423,401223.714377749
4050TH,Morden Park,51.391152,-0.216322,2.399,0.279,1.76,0.459,524200.53799379186,167299.50092167227
4052,Great Bridgford,52.839744,-2.174088,1.381,0.079,0.539,0.223,388370.5487710529,326928.9076274646
4053,Penkridge,52.727805,-2.117669,2.495,0.1,0.756,0.217,392150.55138961104,314468.986120922
4055,Duffield,52.998306,-1.525391,1.879,0.084,0.9,0.142,431950.5546387993,344658.90622716886
4056,Rothley,52.7031,-1.142483,2.217,0.098,1.25,0.15,458040.5737397602,312059.0196401159
4058,Ashbourne,53.013888,-1.738962,1.963,0.068,0.351,0.147,417610.5221848121,346318.887636786
4060,Lowdham,53.024857,-1.028024,1.243,0.058,0.75,0.098,465290.5603166402,347948.88228438294
4061,Basford Bridge,53.06433,-2.026812,2.673,0.14,1.078,0.257,398300.56481803907,351898.88732640917
4064,Scotter,53.498488,-0.664311,2.8200000000000003,0.082,1.75,0.094,488700.5293548564,401028.6832003988
4066,Bacons End,52.484208,-1.731944,1.964,0.082,0.385,0.129,418300.5728851612,287399.02320400556
4067,Church Wilne,52.880685,-1.346428,2.515,0.341,1.6,0.492,444080.55328392657,331668.9136307223
4069,Tamworth,52.631289,-1.697508,2.733,0.06,1.296,0.08,420570.573142718,303768.9964363451
4070TH,New Malden,51.410502,-0.247204,2.459,0.338,2.4,0.779,522000.53971412726,169399.46078532748
4071,Farndon,53.062491,-0.852881,2.76,0.16,0.91,0.22,476970.5437503578,352308.7992834615
4072,Southwell,53.077901,-0.934277,1.997,0.097,1.05,0.135,471490.55366072775,353938.844126627
4074,Kegworth,52.831898,-1.273539,1.312,0.324,1.006,0.412,449040.51745067094,326288.93866481545
4078,Doveridge,52.902503,-1.834928,2.925,0.435,1.405,0.67,411200.54601104243,333908.8591843563
4079,Shallowford,52.858989,-2.187087,1.295,0.109,1.2,0.154,387500.5092851389,329071.9635301733
4080,Lea Marston,52.541117,-1.695622,1.994,0.185,0.799,0.302,420740.50882492005,293739.085573213
4080TH,Wimbledon Common,51.431619,-0.25215,1.868,0.0,1.61,0.1,521600.56756520056,171739.5336531155
4081,Bescot,52.560205,-1.983428,3.506,0.36,1.247,0.318,401220.5541262184,295819.0437626794
4082,Littlethorpe,52.571268,-1.201273,2.638,0.279,2.132,0.464,454230.5727440585,297348.9756450498
4083,Darlaston,52.916247,-2.171867,2.94,0.594,1.486,0.471,388540.54256936867,335438.94088940625
4084,Sandwell LVL,52.531656,-1.958157,2.066,0.05,1.25,0.151,402935.56290596,292644.0408740891
4085,Derby City,52.92726,-1.475443,3.349,0.49,2.0,0.583,435360.51007083914,336778.86183721764
4086,South Wigston,52.573856,-1.13453,2.761,0.524,1.607,0.6000000000000001,458750.5199198729,297689.0024636463
4087,Perry Park,52.524933,-1.911514,3.387,0.265,0.868,0.41,406100.5650845543,291899.045102473
4087TH,Arabella Drive,51.465498,-0.253664,2.066,0.05,1.25,0.151,521405.5107298463,175504.50919340938
4088,Blacktoft TL,53.707031,-0.725316,2.066,0.05,1.25,0.151,484238.5217289776,424154.6309600905
4091,Blyth,53.377166,-1.053244,2.317,0.26,1.6,0.422,463080.55058199586,387118.71845302486
4091TH,Barnes,51.47009,-0.245065,1.836,0.511,2.14,0.897,521990.559746828,176029.4372954632
4093,Pillings Lock,52.758541,-1.164067,2.254,0.649,1.144,0.935,456510.56038777344,318208.95953878434
4094,Castle Farm,52.496238,-1.688419,2.337,0.376,1.275,0.617,421250.5519349429,288749.02843986417
4095,Hopwas,52.643962,-1.73394,3.208,0.252,2.1,0.418,418099.56786654366,305169.00022389134
4098,Keadby,53.591975,-0.738178,7.23,-0.207,6.6,0.612,483616.5773948781,411339.5921193078
4099,Gainsborough,53.392687,-0.776833,5.675,0.344,5.0,1.29,481438.546535789,389124.7671612035
4101,Sheepwash,52.523665,-2.039788,2.83,0.215,2.66,0.286,397397.5243558363,291755.0944232895
4105,Park Hill,52.558696,-1.999094,2.728,0.144,2.16,0.203,400158.5213416952,295651.06280012324
4115,Mansfield The Dykes,53.166753,-1.164236,1.634,0.186,1.0,0.246,455970.5423241192,363618.78364888707
4116,Whitewater Bridge,53.226502,-1.008036,1.423,0.107,0.8,0.244,466320.5617839245,370398.7825616552
4117,Whatstandwell LVL,53.087267,-1.506572,2.066,0.05,1.25,0.151,433145.5101324433,354563.8641245571
4118,Perlethorpe,53.233981,-1.032134,1.382,0.113,0.47,0.175,464700.5746709894,371208.7483322873
4119,Froghall,53.023087,-1.968659,2.98,0.0,2.1,0.02,402199.5350381826,347310.88274751685
4121,Upper Tean,52.953586,-1.989532,1.934,0.034,0.4,0.039,400800.54572318564,339578.8528745586
4122,Mayfield,52.999734,-1.762306,2.982,0.084,2.1,0.241,416049.5696108558,344738.8880670102
4123,Mancetter,52.567357,-1.52579,2.15,0.361,1.7000000000000002,0.455,432239.5693316871,296719.98963413906
4124,Aston Bridge,52.877141,-1.759128,3.545,0.298,1.5550000000000002,0.384,416308.55449710233,331101.9091679763
4125,Marchington,52.874007,-1.799498,1.789,0.103,1.2,0.134,413592.52104955167,330744.94077703624
4126,Clifton Bridge,52.92478,-1.166968,5.392,0.652,2.9,0.86,456100.5680685297,336698.93378444994
4127,Cranfleet Lock LVL,52.879472,-1.254839,2.066,0.05,1.25,0.151,450245.5131398993,331593.94937097403
4129,Cheswick Green,52.376154,-1.814434,1.725,0.177,0.545,0.187,412729.54850078275,275362.1607247636
4131,Willington,52.848235,-1.562071,3.709,0.107,2.35,0.858,429590.5412465372,327948.9524922659
4139TH,Waddon Ponds,51.371312,-0.120688,0.427,-0.246,0.32,0.0,530910.554663057,165259.49606585366
4142,Quixhill,52.976338,-1.86056,2.829,0.209,0.79,0.255,409460.5297329449,342118.89864016447
4143,Leek,53.1201,-2.012802,1.67,0.055,0.505,0.183,399240.54208214604,358102.8576769232
4145,Sharnford,52.522794,-1.29766,1.746,0.08,1.0,0.13,447750.51821306295,291889.07003001275
4146,Pinxton,53.0832,-1.32769,2.52,0.037,1.0,0.072,445130.5528130113,354208.8412062147
4147,Anslow,52.839223,-1.665782,1.997,0.289,1.0,0.303,422610.5698973264,326908.956487869
4148,Egginton,52.854343,-1.601779,2.201,0.135,1.52,0.159,426912.5662316291,328612.8725923165
4149,Nuneaton,52.520949,-1.440825,1.999,0.173,1.72,0.348,438038.52003614913,291599.0115974764
4150TH,Beddington Park,51.373583,-0.138986,1.826,0.029,1.6,0.065,529630.568846999,165479.55250516208
4151TH,River Wandle at Beddington Park FD,51.370858,-0.151524,2.066,0.05,1.25,0.151,528765.5799584961,165154.45575744394
4152,Newcastle Under Lyme,53.008317,-2.228776,2.066,0.05,1.25,0.151,384746.5478010584,345691.87211668224
4153,Hints,52.620739,-1.76228,2.282,0.888,1.5,0.961,416190.5085610583,302579.02932763135
4155,Colston Bassett,52.896019,-0.962231,2.909,0.464,1.7000000000000002,0.492,469910.5356086015,333678.84993117384
4158,Glenfield,52.648317,-1.215391,2.411,0.6900000000000001,1.15,0.76,453180.5228174675,305909.02237087
4159,Blythe Bridge,52.970005,-2.073464,1.661,0.205,0.94,0.261,395163.50904122234,341407.8680392879
4159TH,Carshalton Ponds,51.367034,-0.162812,0.5660000000000001,-0.126,0.425,0.047,527990.5562894162,164709.47612864774
4161,Great Glen,52.574167,-1.035067,3.14,0.76,1.22,0.77,465490.5664379919,297809.0812620331
4163,Day Brook,52.986245,-1.163701,1.364,0.015,0.95,0.033,456240.561147017,343538.9124938471
4164,Ordsall,53.308371,-0.942655,1.653,0.056,0.85,0.19,470550.5609259625,379568.7895543934
4165,Brookhouse Farm,53.083974,-2.178955,1.5470000000000002,0.149,0.95,0.189,388110.5421468426,354098.8804236076
4165TH,Hackbridge,51.377064,-0.160112,2.02,1.176,1.935,1.272,528150.5141654125,165829.53973795762
4166,Sutton Mill,52.899788,-1.657587,1.775,0.511,1.5,0.578,423130.517349031,333648.92721637554
4167,Packington,52.726224,-1.468529,2.1,0.144,1.2,0.173,435990.51192751905,314418.9327958534
4168,Horsebottoms,52.893044,-1.72631,2.209,0.249,1.8,0.274,418510.55655001325,332878.89935228956
4169,Hoar Cross,52.780092,-1.792694,1.91,0.159,1.4,0.189,414080.5621541586,320298.98415640974
4170,Deepmore Farm,52.671341,-2.108289,1.969,0.113,0.91,0.186,392774.5507264662,308186.9722473197
4171,Croxall LVL,52.731408,-1.705184,2.066,0.05,1.25,0.151,420005.50923669996,314903.9486628647
4172,Solihull Lodge,52.397668,-1.853805,1.929,0.151,0.418,0.162,410044.5161218454,277749.09951562935
4173,Temple Mill,52.62825,-1.47564,1.788,0.17,1.25,0.235,435589.5465540352,303517.00759057974
4173TH,River Wandle at Ravensbury Mill ,51.398338,-0.183625,2.066,0.05,1.25,0.151,526455.5477708073,168154.45570600586
4174,Freemans Weir,52.619792,-1.146475,0.5680000000000001,0.05,0.47,0.173,457880.56406443677,302789.0163900752
4175,Clifton Hall,52.698639,-1.610921,2.353,0.082,1.48,0.118,426390.5612479672,311288.96689537086
4175TH,River Wandle at Morden Hall,51.402267,-0.187639,2.066,0.05,1.25,0.151,526165.5254040495,168584.45875431303
4176,Cannock,52.682553,-2.025244,2.357,0.019,2.2,0.132,398390.5657559538,309428.9594141916
4177,Coven,52.662979,-2.143695,2.483,0.166,1.33,0.229,390378.5096704837,307260.98954095395
4177TH,River Wandle at Merton Abbey,51.41336,-0.183893,2.066,0.05,1.25,0.151,526395.5133789564,169824.47722786997
4179,Knypersley,53.08361,-2.1565,1.238,0.298,1.24,0.334,389614.5342321566,354054.8608659044
4180,Leasows Farm,52.910637,-1.862124,1.741,0.011,1.8,0.066,409369.517716783,334809.86076200556
4180_w1TH,Wandle Park Main Channel,51.419659,-0.18127,1.997,0.071,0.535,0.214,526560.5289833448,170529.46580368464
4180_w2TH,Wandle Park Side Channel,51.419659,-0.18127,1.164,-0.044,1.7000000000000002,0.058,526560.5289833448,170529.46580368464
4181,Adderley (Cheadle) LVL,52.991475,-2.013285,2.066,0.05,1.25,0.151,399205.51260954654,343793.8341146759
4182,Astonfields,52.817973,-2.113758,1.5550000000000002,0.046,0.84,0.104,392430.5691168498,324498.9129211651
4182TH,Thornton Heath,51.394765,-0.097302,2.531,0.93,2.335,0.958,532470.577287053,167909.4666465356
4183,Flint Mill,53.070627,-2.041308,3.37,0.022,1.9,0.059,397329.5570168127,352599.870499478
4186,Shipley Gate,53.003454,-1.310004,3.079,0.882,2.8,0.964,446400.5366537414,345348.86183196347
4186TH,Abercairn Road,51.416099,-0.143444,2.868,0.753,2.7,0.834,529200.5565778625,170199.5395694427
4187,Oxton Dumble,53.052096,-1.067469,2.066,0.05,1.25,0.151,462605.53596395184,350943.8742510271
4188,Cheadle LVL,52.995269,-1.986021,2.066,0.05,1.25,0.151,401035.5436339652,344215.89948716277
4188TH,Graveney at Robinson Road ,51.422024,-0.174344,2.066,0.05,1.25,0.151,527035.5344268336,170804.4344960561
4189,Gunthorpe LVL,52.986363,-0.977571,2.066,0.05,1.25,0.151,468735.51483237714,343713.842155612
4189TH,Longley Road,51.421965,-0.173411,2.873,-0.437,2.75,0.054,527100.5651247039,170799.4900835774
4190,Smithy Houses,53.019889,-1.425573,1.45,0.33,0.47,0.35,438630.54273734294,347108.83311604895
4191,Wensor Bridge FLOW,53.003783,-0.829178,2.066,0.05,1.25,0.151,478665.53620750795,345803.84259082505
4192,Melton Park,52.762225,-0.889833,2.49,0.47,1.26,0.77,475010.5251031983,318868.90895722207
4192TH,Summerstown,51.428571,-0.187677,3.11,0.486,3.485,0.853,526090.5450513868,171509.4687394811
4193,Brentingby Dam GATE,52.760041,-0.853952,2.066,0.05,1.25,0.151,477435.5349227188,318663.92022329
4195,Whetstone,52.553447,-1.171951,1.447,0.071,1.1,0.088,456240.56817589514,295389.0758491785
4196,Shepshed,52.78322,-1.279553,2.186,0.475,1.6,0.529,448689.56868831394,320869.9679903023
4197,Buxton,53.2536,-1.904027,1.795,0.092,1.16,0.16,406500.5529018415,372958.73509341705
4198,Woolsthorpe,52.899642,-0.758767,2.168,0.46,0.8200000000000001,0.51,483590.56847396644,334298.93260865397
4200,Walsall,52.568845,-1.992912,2.48,0.003,1.34,0.108,400577.5209998204,296780.0269304103
4202,Marefield,52.675277,-0.888192,2.066,0.05,1.25,0.151,475270.5647556281,309199.02753916814
4203,Bulwell,53.009557,-1.190048,1.577,0.147,1.1,0.238,454442.5710423911,346111.90070147754
4204,Whitwick,52.739499,-1.353725,2.808,0.1,1.25,0.131,443730.5672183669,315959.0032864848
4205,Loughborough,52.765357,-1.214327,1.103,0.011,0.5,0.026,453110.5213166939,318928.9558754366
4206,Selly Park,52.435233,-1.913503,1.817,0.0,1.1,0.0,405977.5287049752,281921.08454676706
4207,Lowdham Grange,53.010442,-1.024175,1.539,0.072,0.6000000000000001,0.103,465570.52939180634,346348.8490925544
4208,Carlton,52.969773,-1.07353,2.066,0.05,1.25,0.151,462317.5273965998,341780.89402617124
4249,Stafford,52.790235,-2.119721,0.894,0.051,0.6000000000000001,0.061,392023.5501428001,321413.9558083206
4252,Lisle Street LVL,52.777609,-1.21547,2.066,0.05,1.25,0.151,453018.5439091093,320291.00221383496
4259,Agnes Meadow,53.023273,-1.680181,1.657,0.052,0.9,0.083,421549.522258878,347378.8745458817
43108,Tisbury,51.061485,-2.080366,2.9210000000000003,0.505,1.2,0.53,394464.53625807585,129130.60740338721
4310TH,Hayes Lane,51.392901,0.019484,1.045,-0.735,1.8,0.0,540600.56864819,167919.54965319153
4314TH,Magpie Hall Lane,51.385199,0.047688,1.892,0.917,1.6,0.924,542586.5803897391,167117.53127682785
4317TH,Bishops Avenue,51.401378,0.028483,2.237,0.317,2.0,0.427,541200.521301516,168879.47220123044
4319TH,Bromley South,51.400276,0.019377,0.92,0.029,1.85,0.052,540570.5305939814,168739.44007132814
43208,Lodden Bridge,51.034216,-2.265615,3.463,0.005,1.82,0.089,381471.56531954696,126128.61865875905
4320TH,Bromley,51.394835,0.016838,0.885,0.0,0.35,0.034,540410.5747667452,168129.54111803055
43210,Blandford,50.853069,-2.167089,2.782,0.293,1.1,0.388,388334.5103511149,105963.70227871482
4326TH,Beckenham Park,51.422952,-0.007672,1.48,0.168,1.979,0.471,538620.5356126114,171209.5219784107
4335TH,Upper Elmers End,51.391876,-0.03662,1.6720000000000002,-0.089,1.27,0.02,536700.5736097791,167699.53228034926
4345TH,Beckenham,51.406058,-0.024366,1.537,0.321,0.95,0.418,537510.574431078,169299.4770917466
4369TH,Winsford Road,51.435695,-0.027404,0.886,0.036,1.35,0.071,537210.5643431947,172589.4349292287
4370TH,Catford Hill,51.441442,-0.026869,1.204,0.046,2.1,0.071,537230.535208232,173229.50723736073
4372TH,Kydbrook Close,51.382923,0.075811,1.795,0.407,1.2,0.468,544550.5203351369,166919.4781930925
4378TH,Eynsford Close,51.383249,0.072664,1.761,-0.031,1.2,0.046,544330.5194525754,166949.5330083459
4380TH,Hazelmere Road,51.39528,0.078815,2.609,-0.023,1.2,0.141,544720.5776265911,168299.47932266878
4381TH,Gosshill Road,51.403702,0.060218,2.296,-0.06,1.45,0.033,543400.5756755585,169199.46871480966
4382TH,Woodlands Road,51.405031,0.056251,2.451,0.789,2.4,1.039,543120.5202146609,169339.50342610443
4383TH,Lower Camden,51.411956,0.051097,1.592,0.663,2.21,0.833,542740.5114863444,170099.51239396594
4384TH,Oakbrook Close FD,51.428299,0.023993,2.066,0.05,1.25,0.151,540805.5338595717,171864.44329850277
4386TH,Chinbrook Park,51.431438,0.027081,0.754,0.009,0.96,0.035,541010.5351581576,172219.4342779843
4387TH,Eltham Palace Road FD,51.45198,0.032669,2.066,0.05,1.25,0.151,541335.564674932,174514.46560044275
4389TH,Manor House Gardens,51.45563,0.00613,1.078,0.013,1.0,0.028,539480.5675515041,174869.50746769112
4391TH,Mottingham Lane FD,51.442857,0.029817,2.066,0.05,1.25,0.151,541165.527684534,173494.49169156162
44107,Netherbury,50.789421,-2.750022,3.136,0.0,1.73,0.276,347228.5315647317,99140.7799201542
44113,Upwey Culvert,50.665978,-2.480781,1.025,0.0,0.26,0.0,366117.5645768709,85255.77477049772
44115,Charmouth,50.739791,-2.891657,3.759,0.003,1.13,0.047,337178.506514332,93732.7953494181
4427,Sandiacre,52.921584,-1.283492,2.24,0.01,1.3,0.13,448270.52458468766,336258.9166554721
4435,Lenton,52.948176,-1.183337,1.616,0.016,1.0,0.08,454970.53498263075,339288.8865350151
45213,East Budleigh Brookfield Road,50.652217,-3.320001,1.461,0.37,1.45,0.496,306780.5602580637,84446.79966139309
45215,Honiton,50.796646,-3.183491,2.256,0.042,0.75,0.062,316687.5663102936,100343.78634385728
4535,Uttoxeter Park,52.897211,-1.882427,1.482,0.249,0.6900000000000001,0.257,408006.5638523274,333313.8869037095
4610,Trowell,52.944125,-1.27239,1.303,0.302,1.0,0.305,448991.5384991929,338773.9100439829
46109,Dakyn Road LVL,52.637658,-1.059015,2.066,0.05,1.25,0.151,463775.5193357613,304849.9877313532
46115,Ashburton Lower,50.5162,-3.757538,1.543,0.018,0.95,0.117,275492.5395460182,69965.8314887839
46116,Ashburton Upper,50.521452,-3.756985,1.133,0.0,0.8300000000000001,0.023,275545.57078957325,70548.86157958832
46120,Palmers Dam,50.390648,-3.72194,5.276,0.51,1.25,0.654,277692.5208706847,55946.90197155116
4615TH,"Luton, Toddington Road",51.908463,-0.46427,2.066,0.05,1.25,0.151,505740.5431676248,224439.29042308358
4625TH,"Luton, Stockingstone Road",51.896722,-0.419615,1.285,-0.043,2.5,0.013,508840.5485123201,223199.26791207743
4641TH,Luton East Hyde,51.851486,-0.376103,1.978,1.055,1.6,1.072,511946.52748146746,218234.31041155278
4650TH,Harpenden,51.830547,-0.347917,1.633,-0.083,1.3,0.6980000000000001,513940.58083091746,215949.28614075235
46839,Newtown Linford,52.683384,-1.230147,2.482,0.934,1.4,0.95,452140.54776437476,309798.97667013155
4690TH,Waterhall,51.773132,-0.117522,1.155,0.045,0.6000000000000001,0.12,529980.5603905815,209949.29251710715
4703,Broadeye Bridge,52.807006,-2.123061,2.536,0.28,2.0,0.337,391801.5086259742,323279.9625996124
4710,Field Mill,53.137597,-1.198884,1.661,0.5720000000000001,1.4,0.602,453690.5494558101,360348.85286099644
4729,Scalford Dam,52.777175,-0.87826,2.066,0.05,1.25,0.151,475765.517331252,320543.9801416452
4730TH,Whitwell,51.876889,-0.28128,0.282,-0.114,0.5,0.021,518410.56834222306,221209.25066304705
4741,Pillings GATE,52.758038,-1.162817,2.066,0.05,1.25,0.151,456595.5663827084,318153.9874212664
4761,Spinney Hill Park LVL,52.635449,-1.104604,2.066,0.05,1.25,0.151,460693.5369959583,304564.98374822526
4770TH,Fulling Mill,51.837638,-0.221289,0.548,-0.457,0.66,-0.136,522646.53223671054,216943.280092692
4790TH,Panshanger,51.803418,-0.141267,1.284,0.224,1.07,0.312,528256.5124991162,213275.32671755695
4815,"Liverpool Road, Stoke-On-Trent",53.007835,-2.185525,2.357,0.0,1.0,0.03,387648.5224527395,345629.8607743095
4815TH,Walkern,51.919973,-0.123165,1.494,-0.083,1.225,-0.07,529170.5175109302,226269.31745791683
4821,Ogston Comp LVL,53.134236,-1.430342,2.066,0.05,1.25,0.151,438209.5714506136,359826.8122561904
4827TH,Bragbury Park,51.874477,-0.149495,1.009,0.033,0.8,0.053,527488.5181867054,221163.3215001892
4832TH,Watton at Stone,51.861312,-0.11775,1.554,0.208,1.3,0.28,529711.5501785331,219755.2566427696
4843,Hanford Bridge,52.981564,-2.19971,2.325,0.248,1.91,0.335,386688.56186607433,342709.9088219871
4863,Cresswell,52.948907,-2.036414,1.86,0.113,0.92,0.357,397650.54519868596,339058.92238670064
4868TH,Dane End,51.875292,-0.062702,1.772,0.547,1.4,0.6920000000000001,533460.5471007257,221409.343357026
4878,Brookvale Road,52.515925,-1.880351,3.652,0.222,2.0,0.324,408216.526666741,290900.0717545612
4883,Belper LVL,53.029381,-1.486357,2.066,0.05,1.25,0.151,434545.55186098797,348133.84996924707
4890TH,"Hertford, Hartham Park",51.801234,-0.079759,1.537,0.098,0.8,0.127,532503.5238341272,213142.3768956698
4895,Wallgrange,53.079153,-2.052945,2.279,0.037,1.88,0.068,396550.5497588116,353548.87322711735
4896,Swans Barn,52.507787,-1.704544,2.83,0.718,1.9,0.75,420150.56455204444,290029.08790890954
4898,Hatton,52.861553,-1.678994,3.773,0.289,2.48,0.387,421709.5113811515,329388.932760541
4912TH,Buntingford,51.946826,-0.016987,1.584,0.053,1.92,0.061,536390.5204026129,229449.24607909966
4939TH,Braughing,51.904243,0.020897,1.654,0.027,1.1,0.062,539125.5785695686,224785.3192685228
4980TH,Wadesmill,51.839044,-0.027533,1.986,0.053,2.0,0.128,535990.5283317204,217443.27339858952
50126,Coney Gut,51.073179,-4.041276,2.967,0.304,0.8150000000000001,0.474,257088.56354718024,132410.6637426988
50137,Portmarsh Lane,51.074943,-4.050919,2.95,0.0,0.5,0.064,256418.51870723392,132625.58603167025
50139,Swimbridge,51.053143,-3.969407,1.178,0.0,0.59,0.049,262063.549331512,130045.61565690915
5016TH,Furneux Pelham,51.930418,0.086394,1.6920000000000002,0.104,1.43,0.13,543547.5567954158,227823.2870341597
5039TH,Little Hadham,51.884165,0.09127,1.973,-0.171,0.8200000000000001,-0.097,544030.5728405315,222689.26625382024
5080TH,Mardock,51.814817,0.020302,1.61,0.059,0.8,0.095,539360.5219508045,214839.3758615672
51111,Williton,51.159618,-3.320133,1.618,0.0,0.5,0.024,307780.5553495896,140869.55962805368
5112TH,Clavering,51.965459,0.146003,2.333,-0.27,1.3,0.027,547530.5717723347,231839.26931444134
5129TH,"Stansted Mountfitchet, Gypsy Lane",51.89464,0.186331,0.874,-0.19,0.7000000000000001,0.058,550537.5171468349,224046.3323302205
5141TH,"Bishops Stortford, Grange Paddocks",51.878177,0.160906,1.8,-0.002,1.15,0.059,548842.5744660548,222163.32380311168
5151TH,Sawbridgeworth,51.812151,0.158674,1.979,0.806,1.633,0.939,548906.5549852704,214816.37446775794
5169TH,Sheering Hall,51.792981,0.16688,1.711,0.002,1.47,0.076,549535.5600242568,212701.38654957095
5171TH,Harlow Mill,51.795404,0.134177,2.948,0.784,2.015,-0.014,547272.5562276518,212904.30062234786
5172TH,Pishiobury Brook,51.795404,0.134177,2.87,0.84,2.078,0.016,547272.5562276518,212904.30062234786
5189TH,"Harlow, Elizabeth Way",51.773908,0.073644,2.145,0.036,1.9,0.053,543166.5460315477,210393.35892656658
5190TH,"Roydon, Glen Faba",51.764828,0.015113,1.859,0.611,1.81,1.337,539156.5352077202,209270.39491588963
52118,Currymoor Pumping Station,51.054966,-2.936065,5.099,1.33,4.297,1.713,334489.5109739402,128819.61337945067
52119,Gaw Bridge,50.976043,-2.793549,3.843,0.16,2.8,0.231,344383.51066461916,119925.6709199429
52120,Huish Episcopi Pumping Station,51.031669,-2.798991,4.92,0.8,3.476,1.437,344068.5156244027,126115.6797700229
52121,Sherborne Lake,50.947873,-2.503101,0.388,0.0,0.2,0.02,364753.57020403526,116613.67823846247
52126,Westover Pumping Station,51.034896,-2.833902,3.834,0.18,2.26,0.5640000000000001,341624.5352231447,126501.6714198948
52127,Currymoor Pumping Station,51.054966,-2.936065,5.183,0.0,3.2,0.62,334489.5109739402,128819.61337945067
52152,Huish Episcopi Pumping Station,51.031606,-2.799018,3.876,0.809,2.057,0.94,344066.54632643465,126108.6943661004
52153,Midelney,51.008129,-2.832096,3.93,0.312,3.019,0.917,341717.5491140996,123523.61480465131
52154,Midelney,51.008129,-2.832096,4.038,0.422,1.463,0.67,341717.5491140996,123523.61480465131
52208,Bruton Dam,51.116056,-2.430837,10.7,0.006,3.714,0.239,369939.5143365517,135284.65537382133
52211,Bruton Surgery,51.112337,-2.451073,2.692,0.2,0.673,0.19,368520.5389486944,134879.5617885363
5263TH,Tumbling Bay Weir,51.809124,-0.023037,31.111,30.131,30.733,30.29,536390.5280284989,214124.34909579754
5280TH,"Hoddesdon, Rye Bridge",51.770008,0.006126,3.222,2.713,3.4,2.81,538520.5683602118,209829.3433836567
5290TH,RIVER LEE AT FEILDES WEIR (GAUGED),51.76417,0.01362,2.066,0.05,1.25,0.151,539055.536035682,209194.37591176794
5291TH,Feildes Weir,51.76432,0.014322,2.066,0.05,1.25,0.151,539103.5152396171,209212.39452959388
5302TH,RYE MEADS EFFLUENT AT RYE MEADS,51.769116,0.016232,2.066,0.05,1.25,0.151,539220.5636405713,209749.37889399784
5303TH,Richard White Radial Gates,51.753614,0.01247,2.066,0.05,1.25,0.151,539008.5756925254,208018.2995478372
5308TH,"Cheshunt, Rosedale Way",51.713361,-0.060582,1.57,0.734,2.4,0.767,534085.5741153624,203405.3193418224
531115,Eastville,51.470324,-2.566101,8.494,0.005,8.7,7.482,360775.51009709854,174747.47451568404
531160,"Keynsham, Rivermead",51.419019,-2.487954,2.066,0.05,1.25,0.151,366165.5160784556,169002.52781392093
531187,Hancocks Water Reservoir,51.535097,-1.885111,2.066,0.05,1.25,0.151,408065.55141885264,181805.4329376268
53126,Saltford,51.399488,-2.447727,2.306,0.41,1.409,0.455,368949.5146406173,166812.5392725549
53133,Netham Weir,51.451028,-2.55481,3.22,0.0,2.91,0.151,361543.51083087287,172595.47160187975
5313TH,Lower Nazeing,51.735268,0.019953,2.709,-0.39,2.0,0.099,539581.5399142304,205992.4062209012
53147,Tubbs Bottom,51.543699,-2.464859,5.89,-1.61,0.591,0.141,367859.5513208569,182858.42255660324
53184,Ashton Vale,51.439017,-2.62578,3.603,0.8300000000000001,1.16,0.914,356600.5100153109,171299.43408749765
5318TH,"Cheshunt, Windmill Lane",51.703222,-0.022505,1.971,0.345,2.1,0.366,536746.5158484202,202348.39956212736
5321TH,David Stoker Radial Gates,51.697274,-0.013228,2.066,0.05,1.25,0.151,537405.5246139588,201704.3603472335
5322TH,"Cheshunt, Trinity Lane",51.691657,-0.027263,1.16,0.366,1.1,0.381,536452.5147058518,201053.41539361863
5327TH,Waltham Abbey,51.691132,0.015788,1.484,-0.006,2.714,0.033,539429.5358021832,201076.3193992417
5329TH,"Waltham Abbey, Sewardstone Road",51.681471,0.004958,2.52,-0.095,1.21,0.066,538710.5345619996,199981.35915130033
5339TH,"Enfield, Ordance Road",51.671889,-0.019618,1.198,0.024,1.4,0.108,537040.518901234,198869.42613683193
5349TH,"Enfield, Albany Park",51.668821,-0.035081,1.394,0.021,1.1,0.05,535980.527181386,198499.36535989406
5355TH,"Enfield, The Chine",51.643461,-0.095003,2.418,0.922,2.2,0.958,531910.5410696778,195569.39933897724
5357TH,Edmonton Green,51.626104,-0.060318,1.19,0.052,0.8,0.071,534361.5633073342,193702.37291268262
5362TH,New Barnet,51.650298,-0.164059,0.984,-0.002,1.1,0.041,527113.5725797465,196207.37981812845
5364TH,Arnos Park,51.616543,-0.126609,3.052,2.496,3.0,2.511,529800.5370083781,192519.4168246934
5369TH,"Edmonton, Silver Street",51.615727,-0.065253,1.452,0.0,1.7000000000000002,0.042,534050.5463201543,192539.34833334136
5376TH,Chingford,51.619051,0.008836,1.477,0.142,1.2,0.151,539169.5278479692,193047.38735011584
5378TH,Walthamstow,51.603395,-0.012274,4.759,0.598,2.604,0.995,537755.5600039721,191266.42297589843
5380TH,"Walthamstow, Low Hall",51.574894,-0.043637,2.199,-0.192,1.35,0.014,535668.5459515826,188038.40985015695
5390TH,Lea Bridge,51.567832,-0.051025,6.484,5.065,6.1,5.7780000000000005,535177.549857194,187239.4200128336
5420TH,High Ongar,51.713888,0.259177,2.184,0.01,1.45,0.047,556172.5272338532,204099.37967878056
5425TH,Moreton,51.739256,0.219552,4.059,-0.361,2.0,0.055,553349.5210532277,206836.33662766492
5427TH,Chipping Ongar,51.709101,0.239586,2.415,-0.006,1.3,0.083,554835.5767845112,203525.3420491569
5442TH,Shonks Mill Bridge,51.661693,0.209122,2.385,0.148,2.0,0.271,552890.5254901075,198189.36861548177
5459TH,Abridge,51.65178,0.119024,2.603,0.799,2.1,0.8200000000000001,546691.5554920123,196902.36251986478
5470TH,Loughton,51.640481,0.081584,1.862,0.008,1.3,0.029,544137.5151515785,195571.40665495832
5480TH,Redbridge,51.576239,0.040575,2.3,0.07,1.44,0.123,541499.5382958788,188347.46872822064
5484TH,Loxford Sluices FD,51.52639,0.091773,2.066,0.05,1.25,0.151,545205.522733755,182904.470135813
5496TH,Horseshoe Corner Tidal Sluice FD,51.519084,0.132433,2.066,0.05,1.25,0.151,548049.544919073,182173.46623803728
5518TH,Collier Row,51.597866,0.154258,1.346,0.258,1.502,0.266,549305.5730409658,190978.37361835726
5522TH,Romford,51.583879,0.172001,1.152,0.277,0.7000000000000001,0.293,550580.5785856846,189459.38489827706
5541TH,Hornchurch_Bretons Farm,51.546517,0.183966,1.163,0.029,3.09,0.084,551533.5582733628,185329.44339454995
5544TH,Beam Auto Sluice FD,51.528524,0.165429,2.066,0.05,1.25,0.151,550307.5668212711,183290.41757282
5546TH,Harold Park,51.599864,0.249585,2.757,-0.368,2.2,-0.235,555900.5454502305,191399.449157333
5550TH,Gaynes Park,51.553141,0.236647,1.751,0.046,1.15,0.095,555163.533607652,186176.40556015345
5563TH,Havering Tidal Sluice FD,51.510944,0.165849,2.066,0.05,1.25,0.151,550394.566353262,181336.39955786965
6303,High Bridge LVL,52.423104,-1.431916,2.066,0.05,1.25,0.151,438728.55491763185,280720.06931930507
720535,Catterall,53.866048,-2.811986,9.969,4.603,8.8,6.0,346700.5558251323,441398.4973314206
720763,Fleetwood,53.926518,-3.00474,6.26,0.05,1.25,0.151,334120.55507399596,448288.5448856641
E10018,PALLINGHAM GS,50.996436,-0.510104,2.066,0.05,1.25,0.151,504650.5104598497,122949.68466149372
E1013,Brigsley,53.496174,-0.11262,1.245,0.0,0.61,0.066,525300.5213238109,401598.71233815094
E10170,Cowbridge,53.007414,-0.020733,1.903,0.0,1.62,0.309,532900.5390302582,347398.8107558763
E10368,Princes Marsh,51.037463,-0.89988,1.955,0.44,0.9,0.08,477230.55761031044,127031.61794989306
E10380,Lodsbridge,50.983264,-0.669759,4.594,0.0,1.842,0.466,493473.52258474485,121270.68466409405
E10389,Iping Mill,50.999232,-0.786847,3.107,0.173,1.1,0.28,485225.5136661677,122904.62887973616
E10440,Halfway Bridge,50.992202,-0.674476,2.9290000000000003,-0.065,1.5,0.024,493124.5561879303,122258.6342857649
E10824,Westbourne,50.861097,-0.928616,1.037,0.0,0.8,0.058,475500.56533986906,107389.66902083463
E10893,Graylingwell,50.851113,-0.764553,0.922,0.0,0.613,0.001,487065.56892778364,106459.72373507688
E11090,Bosham Moreton Road,50.831317,-0.857887,5.001,3.99,4.75,4.02,480529.53556680784,104152.71248764974
E1110,Edenbridge,51.194078,0.065165,4.235,0.0,2.63,0.251,544400.5224510579,145899.57948281258
E11301,North Fareham weir,50.863667,-1.166426,2.215,0.012,1.39,0.076,458760.513719885,107459.6990338958
E11321,Crosslands Drive,50.860206,-0.976619,1.43,0.01,1.43,0.03,472123.5543554265,107242.6959170939
E11350,Browndown,50.791953,-1.170468,1.72,0.124,1.6,0.13,458565.54140680004,99481.80066303421
E1140,Penshurst,51.172608,0.173074,2.978,0.002,2.07,0.085,552010.5129841734,143729.62616525037
E1141,PENSHURST GS,51.172777,0.173655,2.066,0.05,1.25,0.151,552050.5694591759,143749.6183710216
E1147,Goulceby,53.296901,-0.131922,1.185,0.0,0.35,0.019,524600.5182981857,379398.7534799281
E1162,Lingfield Eden Brook,51.171954,-0.007351,2.904,0.0,1.494,0.069,539400.5720031487,143299.6222943866
E1163,Heighington Beck,53.212345,-0.44111,0.74,0.0,0.19,0.02,504200.51706580597,369498.7824071799
E11690,Mislingford,50.923515,-1.162981,0.88,0.05,0.65,0.08,458927.5327347473,114117.6924460418
E11723,East Meon,50.99496,-1.033579,0.718,0.102,0.648,0.104,467918.51115656545,122173.68544453106
E1187,Kirkby On Bain,53.144196,-0.140051,2.073,-1.15,1.1,0.003,524500.5231506968,362398.8382719979
E1191,Kirkstead Bridge,53.143044,-0.241774,3.07,0.0,2.9,0.163,517700.51482826116,362098.7894093077
E12020,Frogmill,50.931347,-1.257371,1.631,0.01,0.92,0.03,452284.5142201175,114917.66436768457
E1203,Langrick Bridge,53.009861,-0.11602,3.357,0.0,1.439,0.517,526500.5493708865,347498.8050862292
E12401,Stoneham Lane,50.953881,-1.370394,1.006,0.017,0.75,0.059,444320.54754178436,117349.72911599837
E12412,Riverside Park,50.935796,-1.368504,2.194,0.73,2.05,1.4,444470.50791220093,115339.72816449976
E12430,Allbrook weir,50.987637,-1.34415,0.659,0.065,0.529,0.164,446130.5665492629,121119.61812746478
E12442,Highbridge weir,50.990287,-1.335564,0.993,0.0,0.75,0.259,446730.55775112036,121419.70531089681
E12450,City Mill,51.061255,-1.307865,1.275,-0.302,0.78,0.389,448600.5283630571,129329.63876829602
E12470,Wharf Mill,51.0582,-1.308338,1.148,0.002,0.81,0.319,448570.5702319918,128989.59169714442
E12483,Bishopstoke,50.969991,-1.33715,1.728,0.0,1.7000000000000002,0.45,446639.52297512995,119161.68459427274
E12520,Chandler's Ford,50.983422,-1.382474,1.118,0.0,1.04,0.028,443444.5514077458,120627.6702450425
E1253,Tallington,52.656869,-0.382584,1.76,0.0,1.367,0.137,509500.51610404334,307798.9857515567
E12551,Borough Bridge weir,51.087739,-1.189248,0.716,0.083,0.5,0.126,456880.5524711002,132359.5932358521
E12781,Sewards Bridge,51.086429,-1.181847,0.765,0.087,0.6000000000000001,0.125,457400.5200280378,132219.64472969985
E12791,Drove Lane 1.5,51.089282,-1.180897,0.71,0.13,0.65,0.2,457463.52938750776,132537.65593321784
E12801,Drove Lane,51.090021,-1.181212,0.732,0.13,0.55,0.173,457440.5546289491,132619.59214513534
E12810,West Meon,51.01114,-1.07498,0.927,0.001,0.512,0.05,464990.5301138467,123935.70862967466
E1299,North Witham,52.784469,-0.626388,1.81,0.0,0.84,0.079,492739.5685753448,321649.8914102733
E1310,Weldon Flood Storage Reservoir,52.493886,-0.649292,2.066,0.05,1.25,0.151,491800.5178379885,289299.06269585993
E13271,Romsey Botley Road,50.989153,-1.48518,1.319,0.01,0.76,0.065,436230.5589489472,121209.66338030601
E13281,Millbrook,50.919652,-1.447963,0.7030000000000001,0.0,0.5,0.026,438900.5304589185,113499.68511482915
E13291,Ower,50.955026,-1.534134,3.26,0.02,2.07,0.04,432818.55896801315,117391.70815131538
E13301,Bossington,51.080218,-1.523543,0.8300000000000001,0.05,0.63,0.1,433472.5138476163,131318.63071078618
E13363,Longbridge,50.957997,-1.495975,1.77,0.81,1.55,0.9,435496.55105917336,117739.70838758943
E13404,Conagar Bridge,50.941207,-1.495758,1.07,0.38,0.882,0.015,435524.54643489263,115872.67733734596
E13480,Fishlake,50.997377,-1.496618,1.039,0.0,0.769,0.01,435421.5143785252,122118.68174799577
E13533,Stockbridge Side,51.115199,-1.495968,0.753,0.433,35.376,34.69,435377.5254689488,135221.65027887753
E1363,Bedford Road Sluice,52.229163,-0.868182,1.5670000000000002,0.0,1.041,0.935,477400.53540286986,259599.21067438094
E13810,Wherwell,51.166603,-1.441818,0.621,0.232,0.5,0.3,439124.522426142,140965.55444430586
E13823,Chilbolton Side,51.152223,-1.450813,1.007,0.591,1.0,0.4,438507.5314350926,139361.63671377496
E13840,Hurstbourne Priors,51.213634,-1.369723,0.88,0.072,0.88,0.15,444120.5355261107,146236.54388194816
E13851,Bransbury,51.177844,-1.39845,0.99,0.27,0.84,0.32,442146.5619656411,142239.55014097915
E13951,Fullerton Main,51.15131,-1.459531,0.68,0.137,0.58,0.16,437898.53026141884,139255.58943841464
E13961,Fullerton Side,51.152158,-1.460093,0.35,0.01,0.34,0.1,437858.5308011153,139349.60609900652
E140,Maidstone,51.271553,0.518493,3.577,3.688,0.75,0.234,575777.5804603028,155501.5674221028
E1406,Stamp End Sluice,53.228743,-0.528903,1.352,0.0,0.988,0.846,498300.5344758026,371198.7263063422
E14250,New Valley Road,50.727478,-1.599044,0.79,0.01,0.75,0.02,428396.55799437803,92060.81715348955
E14261,Chewton Glen,50.745533,-1.683293,1.23,0.06,1.23,0.075,422441.53989455645,94039.75409252547
E14270,Brockenhurst,50.815958,-1.550253,2.131,0.027,1.32,0.131,431780.50900949974,101919.747600955
E1435,Barton on Humber,53.689056,-0.441274,0.97,0.0,1.2,0.269,503030.51500600565,422528.6302197158
E14530,Meerut Road,50.824241,-1.576864,1.014,0.0,0.37,0.028,429900.5347072912,102829.77960173586
E14670,Gurnard,50.755479,-1.333222,1.949,0.0,0.75,0.065,447130.57296229945,95309.8161427295
E14722,Burnt House,50.664649,-1.176646,1.57,0.014,1.57,0.04,458287.5364191642,85320.78616761837
E14741,Atherfield,50.61912,-1.353938,1.52,0.06,1.52,0.1,445801.52379881,80133.78169744999
E14811,Carisbrook Mill,50.695451,-1.305261,0.81,0.006,0.38,0.025,449165.544951555,88652.83525161368
E14821,Budbridge,50.649055,-1.249848,1.34,0.02,0.6900000000000001,0.05,453131.53946851165,83531.8248480305
E1502,Market Rasen,53.38885,-0.330909,1.392,0.0,0.898,0.063,511100.5642594207,389298.7407694152
E15060,Monkton Mead,50.729406,-1.152672,2.65,0.177,1.9,0.02,459899.5107571803,92540.79089665784
E1521,Duston Mill,52.227978,-0.934098,1.329,0.0,0.949,0.46,472900.52034813527,259399.16643029472
E15230,Westerham,51.266809,0.065457,103.274,102.723,0.8130000000000001,0.03,544193.5492413299,153987.5431049633
E15240,Otford,51.304292,0.18632,1.102,0.033,0.8,0.072,552500.5769061038,158399.57034301935
E15250,Hawley,51.423959,0.230865,0.637,0.0,0.4,0.018,555200.5256605771,171799.44502914458
E15260,Crayford,51.450401,0.173287,1.32,0.033,0.9,0.076,551110.5318911246,174619.41985209894
E15280,Lamorbey Park,51.440152,0.113674,2.326,0.0,1.0,0.278,547001.5525063797,173358.52119157522
E1530,Summerford Bridge,51.107299,0.139866,3.756,38.981,2.7,0.019,549900.5208871622,136399.61894902412
E1533,Fotheringhay,52.526819,-0.428685,1.944,0.0,0.501,0.117,506697.5466495279,293265.00122794684
E15350,Hall Place,51.445998,0.158543,1.348,0.0,0.75,0.03,550100.5626845356,174099.51888599194
E1541,Chafford,51.144544,0.168468,3.531,-0.003,2.5,0.147,551780.5722921774,140599.59549089012
E1550,Town Lock,51.194615,0.278452,3.457,0.0,1.66,0.882,559300.5580875037,146399.62363502145
E1560,Forest Row,51.095381,0.052195,2.262,0.0,1.82,0.04,543800.5189284957,134899.61653352273
E1594,Bracebridge,53.202079,-0.553771,2.091,0.0,1.84,0.297,496700.5331403271,368198.79387935874
E1608,Brayford Pool,53.229862,-0.546842,1.318,0.0,0.788,0.23,497100.5595502303,371298.72466121166
E16120,LUCIFER BRIDGE GS,51.195997,0.254903,2.066,0.05,1.25,0.151,557650.5688389424,146502.54904122034
E1633,Brigstock,52.45855,-0.611724,3.04,0.026,0.99,0.048,494426.5183780669,285417.1135500066
E1660,Geldharts Mill,52.271031,-0.922807,1.863,0.0,1.39,0.137,473600.5244312275,264199.176711687
E1662,Donington Bridge,52.90501,-0.255888,3.353,0.0,2.59,0.081,517400.5242718639,335598.8707407689
E1672,Fosdyke Jetty,53.23087,-0.555797,2.361,0.0,1.9,1.272,496500.5549504222,371398.7471434329
E1675,Wainfleet,53.10346,0.23181,2.12,0.12,1.6,0.0,549510.5494613716,358578.76425876317
E1696,River Freshney Grimsby,53.574576,-0.108253,1.11,0.016,0.78,0.189,525358.5560341888,410327.6233444501
E1727,Horseshoe Bridge,53.113634,-0.600069,3.406,0.0,1.99,0.215,493800.54231395206,358298.78093763284
E1742,Laceby,53.546656,-0.159656,1.443,0.0,0.545,0.02,522035.5521757498,407132.6342024861
E1780,North Hykeham,53.176218,-0.5711,2.431,0.0,2.11,0.159,495600.5229767854,365298.7901135324
E1782,Litte Bowden Flood Storage Reservoir,52.470494,-0.909111,2.39,0.0,1.39,0.04,474200.5620454189,286399.04075711215
E1788,Partney,53.187011,0.096794,1.18,0.0,0.6000000000000001,0.017,540200.566052985,367598.7699824818
E1835,Squires Bridge,53.329892,-0.644055,4.344,0.0,2.87,0.836,490400.53756522015,382298.7849685991
E1839,Horncastle Banks Road,53.208433,-0.108817,1.968,0.0,0.7000000000000001,0.032,526400.5768244575,369598.73167288606
E1880,Yalding Hamstead Lock,51.227207,0.414329,5.754,0.88,3.42,1.517,568674.5439020708,150326.61280507332
E1890,Lamberhurst,51.1015,0.392574,3.36,0.0,2.19,0.014,567610.5728751414,136299.61230747474
E19023,Biggleswade,52.085111,-0.267906,1.136,0.083,0.476,0.13,518779.5561025316,244388.16977003386
E19027,Alconbury Weston,52.377001,-0.269421,4.038,0.095,2.2,0.188,517900.5446689782,276849.0838532832
E19031,Comberton,52.175048,0.01962,2.531,0.02,0.838,0.088,538200.5241390804,254899.13873981131
E19035,Bin Brook,52.197227,0.087527,2.12,0.007,1.0,0.057,542772.5535711283,257497.18358657713
E1946,Kislingbury,52.231962,-0.97793,2.16,0.0,1.89,0.043,469900.5272282773,259799.17909475535
E2043,Surfleet Sluice,52.845991,-0.100848,1.77,0.15,0.895,0.15,528000.5411710197,329298.87576201884
E2062,Islip Sluice,52.401841,-0.5448,3.24,0.469,1.845,0.675,499100.5490198364,279199.11421957397
E2097,Market Harborough,52.476009,-0.922226,2.03,0.0,0.96,0.017,473300.5442491917,286999.10571521387
E21034,Castle Mill,52.145596,-0.405558,0.913,0.123,0.264,0.192,509200.5342013992,250899.15594479165
E2105,Wansford,52.584341,-0.404444,2.941,0.0,1.38,0.177,508200.51759511064,299698.9825520412
E21136,Hemingford,52.323618,-0.101287,1.212,0.024,0.32,0.141,529500.5138466223,271199.1021372561
E21163,Houghton,52.330674,-0.120798,0.964,0.008,0.452,0.256,528150.5195216314,271949.14875353314
E2119,Cogenhoe,52.246264,-0.779863,1.237,0.0,0.605,0.273,483400.5166140638,261599.11331573362
E2125,Lilford,52.442977,-0.492641,2.32,0.03,1.3,0.286,502553.5443403058,283847.124876311
E21270,Turvey,52.160107,-0.63018,1.756,0.039,0.717,0.215,493800.53362861637,252199.15605937745
E21324,Covington,52.314257,-0.444982,2.4130000000000003,0.05,0.7000000000000001,0.105,506100.5487329913,269599.1403647014
E21325,Olney,52.147499,-0.708027,1.169,0.015,0.372,0.075,488500.54688936775,250699.1882352719
E2141,Tixover,52.587333,-0.568186,2.92,0.0,2.35,0.154,497100.5675893947,299798.9921801076
E21493,Passenham,52.049192,-0.852318,3.27,2.028,2.362,2.07,478800.54043640144,239599.27898789957
E21609,Bedford,52.133733,-0.460042,1.417,0.154,0.524,0.252,505500.5567731153,249499.246805984
E21732,Cambridge Byron's Pool,52.171412,0.099158,1.63,0.06,0.645,0.479,543650.5252296221,254649.22039354462
E21747,Earith,52.354128,0.03732,3.145,0.088,2.55,0.584,538850.5233947248,274849.11656921875
E21788,Hamerton,52.428112,-0.3542,3.6,0.983,2.2,1.015,512000.51256704924,282399.0679347917
E21836,Corpusty,52.830878,1.126258,0.704,0.107,0.8200000000000001,0.025,610698.5188884701,330507.9630923931
E21838,Little Ouse,52.453082,0.545246,2.6,1.385,2.105,1.64,573050.5537358357,286949.02955899824
E21852,Boxford,52.028438,0.858403,2.231,1.13,1.77,0.065,596189.5189281633,240526.19673520606
E21856,Bures Bridge,51.972195,0.774544,2.045,0.081,1.43,-0.002,590676.5268564206,234049.23025329344
E21862,Hail Weston,52.253951,-0.309376,3.445,1.075,1.299,0.096,515500.56135046453,263099.1526164411
E21968,Webbs Hole Sluice,52.320879,-0.002271,3.1,0.092,1.215,0.215,536256.5145087125,271076.12235264364
E22006,Low Street,52.612011,1.01713,1.883,0.081,1.3,0.168,604369.563684358,305855.97106916027
E22008,Stone Road Farm,52.669401,0.995655,1.738,-0.035,1.82,0.0,602650.5389957841,312176.9866750652
E22022,Shalford,51.938949,0.502982,2.642,0.306,2.45,0.325,572153.5662628949,229675.27678767123
E22078,Wendling Beck,52.681119,0.893649,1.682,0.087,1.8,0.0,595702.5347349175,313198.0269910158
E22088,Haversham,52.073044,-0.805148,2.956,0.024,1.432,0.132,481991.539647683,242304.2684308857
E22137,Wimpole,52.118971,-0.054461,1.662,0.043,0.344,0.063,533302.5328823031,248524.15966410574
E22176,Sicklesmere,52.212963,0.746693,1.786,0.202,1.3,0.229,587750.5149967098,260749.1773792224
E2223,St Andrews Mill,52.244802,-0.905866,2.04,-0.09,1.26,0.068,474800.5275335658,261299.1524836409
E22377,Milton Keynes,52.06301,-0.710466,2.231,0.06,1.281,0.119,488500.5559469116,241299.2485726352
E2261,Stilebridge,51.202357,0.515045,3.734,-0.099,3.48,0.114,575800.5725065268,147799.5225465525
E2270,Smarden,51.148275,0.682267,4.162,0.0,3.06,0.278,587700.5709268214,142199.57226006957
E2273,Barford Bridge,52.43909,-0.734823,1.956,0.0,1.6,0.018,486100.54284377565,283099.0618488485
E2285,Dodford,52.240918,-1.083171,1.72,0.0,1.25,0.025,462700.5229377136,260699.21285759192
E2296,Ashley,52.515233,-0.794532,2.95,0.0,2.1,0.028,481900.5223926019,291498.99691610126
E23527,Ely,52.399868,0.289328,1.39,0.003,0.9,0.432,555850.5195942527,280449.12335724366
E23726,Brackley,52.031808,-1.132641,2.952,0.014,1.492,0.119,459600.54594255425,237399.25904336487
E23740,Setchey Bridge,52.694217,0.419367,1.813,0.027,1.076,0.249,563598.5300245974,313472.0058082213
E23956,Ousden,52.206315,0.520869,2.241,0.0,1.7000000000000002,0.397,572350.5666539478,259449.17180020473
E24255,Brownshill,52.335738,0.008586,2.182,0.081,0.918,0.298,536950.5529850781,272749.14673339005
E24267,St Ives,52.317315,-0.072946,1.519,-0.118,0.355,0.136,531450.5276766557,270549.151637811
E24302,Godmanchester,52.318507,-0.176335,1.285,0.083,0.488,0.305,524400.513417118,270499.1496681098
E24317,Eaton Socon,52.21309,-0.281653,0.737,0.006,0.097,0.038,517500.57527257764,258599.18780325845
E24319,Thetford Coffee Mill Sluice,52.415589,0.734272,1.035,0.083,0.707,0.59,586050.5679640997,283249.12934576697
E24367,Offord,52.27627,-0.223832,1.484,0.083,0.656,0.332,521278.5531052049,265721.122570008
E24451,Sharnbrook,52.219934,-0.521475,2.152,0.071,0.836,0.159,501100.52940546937,258999.11247733477
E24795,Debenham,52.232016,1.183613,1.532,-0.091,1.46,0.08,617500.5593630556,264089.1722347245
E24805,Bourn Brook,52.192643,-0.064443,3.081,0.029,0.496,0.222,532400.5326688138,256699.20420707
E24806,Bourton Grounds,51.991569,-0.939719,2.454,0.045,0.726,0.105,472900.55723713804,233099.2872477622
E24807,Reedham,52.559314,1.570041,2.34,-0.7000000000000001,2.03,-0.45,642082.5427126425,301708.05358189234
E24814,Diss,52.371419,1.099743,1.599,-0.14,0.95,0.0,611110.5236546893,279341.093796306
E24815,Framlingham,52.230723,1.344041,2.066,0.05,1.25,0.151,628459.5254267972,264439.0917145994
E24819,Huntingfield,52.318638,1.425054,2.688,0.758,2.7,0.0,633527.5553690548,274472.1441309422
E24821,Kings Ripton,52.373829,-0.149082,1.921,0.005,0.95,0.071,526100.5576636737,276699.10105121095
E24829,Riseley,52.249147,-0.485347,2.179,0.587,0.7000000000000001,0.12,503500.52357441833,262299.1601964382
E24830,Saxmundham,52.217851,1.492103,2.94,0.891,1.76,0.0,638636.5518154738,263485.1945013181
E24899,Mountnessing,51.648181,0.346098,2.747,0.182,0.432,0.081,562411.5541851405,196982.33730707093
E25055,Buckingham,51.998052,-0.992004,2.163,0.065,0.525,0.128,469300.5302981572,233769.2917652938
E2608,Market Deeping,52.671948,-0.303639,0.66,-0.45,0.188,0.038,514800.53417523217,309598.9322829054
E2613,Deeping St James,52.666216,-0.280199,1.86,0.0,1.152,0.944,516400.57809805,308998.9614294619
E2647,Hudds Mill,52.654318,-0.461033,1.5779999999999998,-6.1,0.344,0.0,504200.56378317636,307399.0402689979
E2655,"Old Mill Bridge, Lowick",52.408276,-0.556349,3.03,0.0,1.3,0.089,498300.57401532435,279899.09785060375
E2694,Little Bytham,52.748345,-0.50217,0.798,0.0,0.49,0.01,501200.5173255753,317798.97683248034
E2710,Manthorpe,52.731094,-0.419825,1.7000000000000002,0.0,0.89,0.31,506800.55070746964,315999.0068165455
E2734,Fosters Bridge,52.616269,-0.582013,1.832,0.0,1.09,0.042,496100.57701359777,302999.0007012231
E27675,Wardropers,51.644879,0.396505,2.344,-0.6980000000000001,2.056,0.0,565910.5506113245,196728.38942365904
E2790,Brigg,53.550068,-0.501979,2.61,0.0,2.37,0.482,499347.52097925934,406980.6798459132
E2814,Lincoln Monson Street,53.221702,-0.541127,3.19,0.0,2.96,0.115,497500.54531304695,370398.7790772893
E2846,Bishopbridge,53.406624,-0.44906,2.229,0.0,0.97,0.041,503200.5203003676,391098.6934448243
E2862,Saltersford,52.890978,-0.62509,1.078,0.0,0.74,0.108,492600.54335884406,333498.91825637064
E2896,Irnham,52.833221,-0.460655,1.954,0.0,1.01,0.025,503800.5755764595,327298.883587065
E2901,Claypole,53.022669,-0.746145,0.868,0.0,0.6900000000000001,0.11,484200.52538145264,347998.8346805597
E2902,Fiskerton Sluice,53.226658,-0.368683,1.624,-1.42,0.9,0.088,509000.5430497817,371198.7494546517
E29202,Hardham,50.949713,-0.529578,2.89,0.0,2.25,0.207,503387.5633491677,117726.69987619028
E3003,Kates Bridge,52.720446,-0.363945,1.479,0.0,0.74,0.057,510600.5666973407,314898.9356204811
E3401,Littlebourne,51.273987,1.168823,0.755,0.0,0.53,0.015,621121.572275143,157529.54641593146
E3951,Horton weir,51.257785,1.030079,1.239,0.009,0.75,0.151,611520.5720565205,155319.54639096005
E3966,Vauxhall Bridge,51.296693,1.105983,1.357,0.0,1.2,0.106,616632.5600906553,159866.55890998626
E40411,Bardney,53.213749,-0.345212,3.675,0.0,2.58,0.268,510600.5144560931,369798.79534127534
E4060,Bekesbourne,51.258144,1.145929,2.08,0.0,1.42,0.038,619600.5776221828,155699.48888761853
E40684,Brandy Wharf,53.460884,-0.474196,2.47,0.0,1.35,0.019,501400.5402140824,397098.6512112356
E41647,Nene Valley,52.236777,-0.839447,1.64,0.03,0.95,0.0,479349.5213576867,260477.10750581833
E42124,South Bridge,52.230338,-0.897436,3.4,1.0,2.0,1.13,475400.5512656827,259699.10884235732
E4225,Hougham,52.986895,-0.680145,3.963,0.0,1.69,0.708,488700.5254550552,344098.8659982516
E427,Allington Lock,51.295161,0.507204,1.624,3.337,0.5,0.07,574900.5387817442,158099.57250307137
E4321,Hothfield Upstream,51.157688,0.815185,3.9,0.0,2.34,0.066,596955.538206392,143593.62679593082
E4330,Chart Leacon,51.145063,0.846976,1.77,0.065,0.61,0.103,599232.5760249859,142275.57190313638
E4341,Wye,51.184588,0.930529,1.803,0.01,1.0,0.106,604900.5360558667,146899.5198328334
E4351,Aldington Upstream,51.105167,0.948046,4.891,0.0,4.38,0.008,606478.5833009193,138118.57072467284
E4370,Brown Mill,51.171609,0.799508,1.921,0.0,0.75,0.077,595800.5212579753,145099.5318369606
E4402,White Water Dyke,51.121217,0.85627,1.375,0.0,1.16,0.012,599985.5251540153,139649.57621055772
E4403,Chapel Hill,53.070452,-0.196967,3.217,0.0,1.333,0.386,520900.51706394367,354098.7875559187
E4405,Cranwell Line Sluice,53.00001,-0.427906,0.733,0.0,0.71,0.04,505600.55470699247,345898.9101196845
E4411,Slea Tilting Gate,52.998853,-0.408576,0.581,0.0,0.5,0.244,506900.5555069476,345798.8149097031
E4412,Aylesford Stream,51.133674,0.880127,2.957,0.0,1.569,0.892,601600.5600738539,141099.64192874092
E4413,New York,53.081293,-0.140778,1.539,0.0,1.1,0.094,524633.531561963,355400.821094217
E4420,SOUTH WILLESBOROUGH GS,51.130148,0.878664,2.066,0.05,1.25,0.151,601513.5681352883,140703.61449088674
E4427,Wootton Park,52.212737,-0.938853,2.066,0.0,1.1,0.061,472600.5630354074,257699.21297808777
E4482,Castle Bytham,52.755941,-0.534509,1.499,0.0,0.99,0.01,499000.56371768715,318598.9534742305
E4483,Billingborough Ousemere,52.89634,-0.340975,1.763,-0.75,1.1,0.081,511700.57019452384,334498.93461407674
E4485,Swaton,52.922105,-0.319165,2.626,0.0,1.45,0.15,513100.55314173404,337398.8900315537
E46059,Rattlesden,52.192763,0.889367,1.612,0.01,0.3,0.0,597585.5426611012,258882.11336244977
E47041,Oakington,52.255096,0.055885,1.703,0.067,0.8,0.06,540427.5716039088,263871.1487122126
E47050,Girton,52.243719,0.07758,2.386,0.749,0.931,0.777,541944.5546464516,262648.12967966526
E47061,Dowsby Fen,52.849491,-0.275979,3.7,0.0,2.5700000000000003,0.0,516197.5602826781,329390.9197593113
E47251,Ruskington Beck,53.048222,-0.396166,0.934,0.17,0.7000000000000001,0.0,507610.5384223299,351308.84774236346
E4803,Billinghay,53.077892,-0.274288,2.7,0.0,2.24,0.121,515700.52529175096,354798.8236167644
E4823,Great Easton Flood Storage Reservoir,52.529248,-0.758769,5.04,0.0,1.79,0.237,484300.51567500475,293098.9889116934
E4826,Little Bridge,52.568529,-0.123188,2.8,0.0,1.35,0.049,527300.5168864899,298399.0036637636
E4828,Medbourne Flood Storage Reservoir,52.546177,-0.832027,11.5,0.0,3.5700000000000003,0.22,479300.5104169827,294899.09091197955
E4832,Weedon,52.229209,-1.080484,1.54,-0.04,1.35,0.0,462900.5140389397,259399.1795774619
E4976,Revesby,53.125717,-0.052667,2.33,0.0,1.78,0.093,530400.5134413734,360498.82450044574
E5080,Crabble Mill,51.140192,1.287219,0.585,0.041,0.5,0.094,630043.5533232071,143018.56551934298
E5320,Toynton Fenside,53.144479,0.086945,2.75,0.0,2.07,0.129,539680.5166115857,362848.8038860668
E560,Hartlake Bridge,51.201686,0.330336,2.066,0.05,1.25,0.151,562900.5339060798,147299.5156887864
E581,Allington Marina,51.291026,0.511282,1.084,0.0,0.5,0.093,575200.5539326506,157649.52497637543
E5852,Udiam,50.991816,0.524378,3.358,0.029,2.3,0.07,577255.5586825758,124412.6312280588
E60101,Cambridge Baits Bite,52.236542,0.176925,0.75,0.009,0.294,0.218,548750.5607954238,262049.1152119618
E60201,Barton Mills Sluice,52.335121,0.531859,0.738,0.069,0.279,0.21,572600.5202748307,273799.0979298846
E603,Hadlow,51.222555,0.334684,2.452,0.03,1.55,0.173,563130.5280661506,149629.60771719538
E60501,Cambridge Jesus Lock,52.212835,0.120872,1.28,0.02,0.74,0.637,545000.5293427736,259299.11182484747
E60701,Stony Stratford,52.053714,-0.855119,1.16,0.18,0.304,0.151,478600.5406788165,240099.19375788906
E60901,Thornborough,52.011485,-0.9309,1.241,0.148,0.624,0.318,473473.5265638257,235323.23912607817
E61101,St Neots,52.242947,-0.263656,1.845,0.325,1.1,0.8240000000000001,518650.54537830164,261949.11475092324
E61201,Brampton Sluice,52.319854,-0.205625,0.952,0.009,0.301,0.075,522400.51873375033,270599.06918517326
E6140,Hundred House Bridge,50.950221,0.630976,1.881,0.0,0.457,0.0,584900.5299260027,120049.64111889983
E61901,Towcester,52.135918,-0.996201,1.6,0.045,0.85,0.224,468800.54177105485,249099.21089972227
E6380,SCOTS FLOAT SLUICE RL,50.989632,0.75505,2.066,0.05,1.25,0.151,593450.5615022253,124749.62324370568
E6381,SCOTS FLOAT SLUICE RL,50.989632,0.75505,2.066,0.05,1.25,0.151,593450.5615022253,124749.62324370568
E642,Teston,51.250834,0.447181,3.898,-0.059,2.5,0.259,570880.5646277824,153029.5914173903
E651,Colliers Land Bridge,51.150722,0.174763,4.535,0.0,2.85,0.249,552200.5489415941,141299.5448895222
E6520,Winchelsea Strand Bridge,50.923434,0.72054,3.732,-0.083,3.5,0.188,591300.5658519188,117299.73179354426
E65501,Marsh Road Sluice,52.799742,-0.132532,2.58,0.0,1.452,0.954,526000.5227687301,324098.88398308615
E6600,Burwash,50.990993,0.390419,2.49,-0.095,1.93,0.024,567858.5382517002,124007.68815706563
E6621,CROWHURST WEIR,51.01189,0.398508,2.066,0.05,1.25,0.151,568350.5382656738,126349.60176184673
E6642,Browns Bridge,50.981447,0.468833,1.66,0.0,1.4,0.062,573396.5727572497,123127.71012253294
E670,East Farleigh Gate Upstream,51.254622,0.485076,4.022,0.0,1.71,1.155,573510.5727343141,153539.5844272771
E7050,Crowhurst,50.878052,0.500069,2.066,0.05,1.25,0.151,575978.5472642342,111705.73636902348
E7061,HAMMERWOOD BRIDGE GS,50.90222,0.393649,2.066,0.05,1.25,0.151,568405.5607982058,114144.72209436409
E7071,HENLEY BRIDGE GS,50.899199,0.375972,2.066,0.05,1.25,0.151,567173.5651343871,113768.66625481153
E7083,COOMBE BRIDGE GS,50.896388,0.412165,2.066,0.05,1.25,0.151,569728.5499305667,113538.68082554259
E7091,TILLEY BRIDGE GS,50.89145,0.361642,2.066,0.05,1.25,0.151,566193.5737083858,112874.74621828533
E714,Hendal Bridge,51.108316,0.172486,2.352,0.024,1.25,0.127,552180.5574900012,136579.60473471542
E7842,Cowbeech,50.912658,0.290758,1.84,0.0,0.269,0.028,561135.5688201808,115075.69471074079
E8001,Leabridge,50.895273,0.24023,2.5700000000000003,0.0,0.438,0.08,557642.5285037962,113033.64578072033
E8190,Buxted,50.989456,0.127659,2.998,-0.072,2.208,0.0,549424.5656733876,123271.64882657363
E8210,Freshfield Bridge,51.002867,-0.027718,2.625,0.0,2.0,0.01,538480.576739491,124459.62834423571
E8221,Goldbridge,50.975187,0.034071,2.696,0.021,1.75,0.242,542900.5233036574,121499.6456150148
E8241,ARDINGLY SHELLBROOK GS,51.041711,-0.097823,2.066,0.05,1.25,0.151,533450.5793305717,128649.60173533074
E8266,Ardingly,51.038451,-0.100268,1.893,0.3,1.053,0.061,533288.5311255595,128282.68294115431
E8293,Isfield weir,50.951995,0.074349,2.902,-0.027,1.5,0.052,545800.5697706925,118999.67364514498
E8340,Lindfield Bridge,51.021082,-0.073715,2.254,0.0,1.9,0.475,535200.5366865799,126399.68391355842
E8350,Scrasebridge,51.006255,-0.079888,2.002,0.0,1.44,0.032,534810.5702369798,124739.70627473643
E8360,Uckfield Mill upstream,50.968752,0.097884,1.49,0.0,1.3,0.3,547400.5327922369,120909.65460107346
E8560,BUILDER CENTRE GRILL,51.007923,-0.096141,2.066,0.05,1.25,0.151,533665.564175267,124895.59935830614
E861,Bartley Mill,51.097082,0.330342,2.318,0.039,1.2,0.121,563269.5202436806,135668.5710872484
E8654,Barcombe Gates,50.91492,0.038854,6.6,5.02,5.7,5.25,543421.516145942,114807.73901004362
E9130,Sakeham Weir,50.957409,-0.265959,2.904,0.053,1.35,0.162,521884.52718672424,118984.62956720627
E9140,Beeding Bridge,50.882836,-0.306828,3.35,0.0,2.84,0.353,519204.5662217811,110625.75976951483
E921,Park Farm,51.275499,0.095139,1.055,0.003,0.89,0.047,546236.5473509921,155012.49977642187
E9510,Ferring Outfall,50.803264,-0.452563,2.91,0.43,3.2,0.45,509138.5105808928,101552.73670351582
E9883,Alfoldean,51.086792,-0.406225,2.914,0.058,1.494,0.094,511722.53618356056,133149.61496194504
E9890,Drungewick,51.067869,-0.488686,16.6,13.14,15.4,13.35,505990.54280438955,130923.59681240295
E9920,Pulborough Swan Bridge,50.956335,-0.513508,4.783,0.0,3.713,0.669,504501.5258249554,118485.67703812227
E9941,Brewhurst Mill,51.069575,-0.509483,19.28,16.3,18.95,16.32,504529.57835170144,131083.61086642605
L2312,Park Bridge,54.408693,-2.177133,3.492,-0.1,2.5,0.0,388600.5626264219,501485.3268052188
L3211,Hessle,53.719075,-0.434087,3.854,0.419,3.0,0.6890000000000001,503431.5187251193,425878.54822742555
PCHURCH_TG_342,Peterchurch,52.041372,-2.955501,2.357,0.079,1.2,0.193,334560.5181899261,238539.2874300525
SE730,LENSIDE GS,51.272544,0.525902,2.066,0.05,1.25,0.151,576290.5415500988,155629.51106366373
E73839,Bangor,54.66475,-5.6694700000000005,2.066,0.05,1.25,0.151,163460.77306388313,536149.3634916994
E71639,Dover,51.114372,1.322641,2.066,0.05,1.25,0.151,632650.5288414675,140259.54233473807
E72339,St+Marys,49.91847,-6.31642,2.066,0.05,1.25,0.151,90269.00926347791,10965.633806161753
E70039,Lowestoft,52.473075,1.750085,2.066,0.05,1.25,0.151,654780.5175445942,292740.05593874585
E74439,Lerwick,60.15403,-1.14031,2.066,0.05,1.25,0.151,447829.2346108853,1141371.0159840062
E72239,Newlyn,50.103007,-5.542779,2.066,0.05,1.25,0.151,146759.54461641063,28558.985942108273
E73039,Milford+Haven,51.70739,-5.05153,2.066,0.05,1.25,0.151,189261.32165273637,205370.58055651002
E72039,Weymouth,50.608501,-2.447945,2.066,0.05,1.25,0.151,368399.55368214997,78849.81005285293
E72439,Ilfracombe,51.211131,-4.112362,2.066,0.05,1.25,0.151,252549.50952604468,147890.55978556312
E70339,Kinlochbervie,58.45661,-5.05008,2.066,0.05,1.25,0.151,222145.26618050036,956076.3661521183
E74339,Stornoway,58.20781,-6.3889700000000005,2.066,0.05,1.25,0.151,142280.25611817348,932736.0820509064
E72139,Plymouth,50.368401,-4.185217,2.066,0.05,1.25,0.151,244690.5346643902,54338.92021553484
E70239,Jersey,49.18333,-2.11667,2.066,0.05,1.25,0.151,391593.3288945882,-79698.24531391736
E70439,Ullapool,57.89525,-5.15789,2.066,0.05,1.25,0.151,212929.8343619753,893907.5772846623
E72839,Newport,51.55,-2.9874400000000003,2.066,0.05,1.25,0.151,331629.55359866214,183918.99086972827
E70639,Wick,58.44097,-3.08631,2.066,0.05,1.25,0.151,336679.76131066267,950808.5841087218
E72639,Avonmouth+Portbury,51.49999,-2.728468,2.066,0.05,1.25,0.151,349530.5190724098,178146.47227521733
E72939,Mumbles,51.57,-3.97544,2.066,0.05,1.25,0.151,263188.2784913335,187530.7164322138
E70839,Leith,55.98983,-3.18169,2.066,0.05,1.25,0.151,326379.5016377686,678059.6481077998
E70939,North+Shields,55.007415,-1.439769,2.066,0.05,1.25,0.151,435929.5238322514,568238.15271664
E70539,Holyhead,53.31394,-4.62044,2.066,0.05,1.25,0.151,225529.1822290893,382870.14028766286
E74039,Millport,55.74981,-4.9063300000000005,2.066,0.05,1.25,0.151,217690.95919532052,654541.4488276554
E71139,Immingham,53.63018,-0.18742,2.066,0.05,1.25,0.151,519959.54638221057,416376.64615874586
E71239,Cromer,52.934316,1.301623,2.066,0.05,1.25,0.151,621979.5648766293,342537.91700264934
E71039,Whitby,54.489967,-0.614597,2.066,0.05,1.25,0.151,489840.51808500197,511397.28954453755
E73139,Fishguard,52.01322,-4.983750000000001,2.066,0.05,1.25,0.151,195337.51222826936,239181.3906917261
E73539,Port+Erin,54.08539,-4.76806,2.066,0.05,1.25,0.151,219040.75112502553,469041.39417583216
E71439,Harwich,51.947978,1.292108,2.066,0.05,1.25,0.151,626340.5818186913,232840.21259752012
E73239,Barmouth,52.71933,-4.04503,2.066,0.05,1.25,0.151,261969.81587158376,315481.9541972638
E71739,Newhaven,50.781775,0.057004,2.066,0.05,1.25,0.151,545109.5786407868,100038.79675520452
E73939,Portrush,55.20678,-6.65683,2.066,0.05,1.25,0.151,103846.64531156684,600177.8953046729
E71539,Sheerness,51.445627,0.7434149999999999,2.066,0.05,1.25,0.151,590740.5186972861,175418.42999483238
E73739,Portpatrick,54.84256,-5.12003,2.066,0.05,1.25,0.151,199760.93860362555,554211.7161642687
E71839,Portsmouth,50.80228,-1.11117,2.066,0.05,1.25,0.151,462731.265440234,100678.71964154659
E71939,Bournemouth,50.714331,-1.874873,2.066,0.05,1.25,0.151,408930.52889609203,90529.72733540091
E70739,Aberdeen,57.14406,-2.07736,2.066,0.05,1.25,0.151,395417.5829338772,805910.1701802177
E74239,Tobermory,56.62311,-6.06422,2.066,0.05,1.25,0.151,150790.79396255407,755306.9352881131
E73339,Llandudno,53.33167,-3.82522,2.066,0.05,1.25,0.151,278549.2473671189,383193.35633552616
