postcode,easting,northing,soilType,elevation,nearestWatercourse,distanceToWatercourse,localAuthority,postcodeDistrict,Unnamed: 0,catsPerHousehold,dogsPerHousehold,pre_1900,1900_1929,1930_1945,1945_1964,1965_1982,1983_1999,2000_present,unknown,latitude,longitude,medianPrice,historicallyFlooded
RG6 3AP,475996,170644,Gleysols,0.0,River Loddon,0.0,Wokingham,RG6,2067.0,0.236904822,0.27168743,0.0349238706140237,0.0378250627735627,0.250776360805688,0.1999719528069134,0.1669510919156795,0.2377671113262005,0.0644285343882354,0.0073560153696965,51.4297138073653,-0.9082459979129939,486954.5,0
DA11 9BB,561117,175837,Gleysols,0.0,,210.0,Gravesham,DA11,511.0,0.362354515,0.415555775,0.1855772100213994,0.1549994983378158,0.1137460954234187,0.1725611514337922,0.1406518936745828,0.1079806892271256,0.1102000724256723,0.0142833894561928,51.458583659282006,0.3177246147778164,486954.5,0
BS5 6TQ,361138,175498,Unsurveyed/Urban,0.0,River Frome,590.0,"Bristol, City of",BS5,284.0,0.256038874,0.293630764,0.121961112832359,0.3923343663319789,0.0881446687039877,0.0867455263876649,0.1442008033926837,0.0678957266851638,0.0839723733889217,0.0147454222772401,51.47709710903441,-2.560965334410805,486954.5,0
RG2 0HZ,471700,169500,Unsurveyed/Urban,40.0,,0.0,,RG2,2048.0,0.334863888,0.384028946,0.0690661914749327,0.0691844220206767,0.1918438174286777,0.1832685147511776,0.1444849670155497,0.089929736349726,0.2299394564944689,0.0222828944647903,51.419988115801374,-0.970260748599473,486954.5,0
DA4 0WE,553664,174039,Unsurveyed/Urban,20.0,River Darent,0.0,,DA4,521.0,0.450116855,0.516203472,0.194732374956685,0.1011126012531405,0.0701291457598886,0.2276398274666769,0.1889412706776548,0.0890732700078836,0.1165777335418715,0.0117937763361987,51.44449942177313,0.20975380380453953,486954.5,0
RG31 6XX,465674,175638,,80.0,River Thames,1460.0,West Berkshire,RG31,2060.0,0.175414148,0.201168633,0.0618053062852109,0.0381208493377061,0.0393744965296968,0.2251036982263299,0.3761768349681744,0.181345433586139,0.0723183405757872,0.0057550404909553,51.47589971368435,-1.0557711423774727,486954.5,0
TN31 7BT,591126,120435,,0.0,River Tillingham,450.0,Rother,TN31,2529.0,0.585062603,0.670962092,0.3095582145825539,0.0774784172005603,0.1144023877111285,0.0926035257118304,0.1711173023362883,0.1139929652837775,0.1001321914081211,0.0207149957657397,50.951653410270886,0.719702476291382,486954.5,0
SW9 8FZ,531426,175489,Unsurveyed/Urban,0.0,River Thames,4100.0,Lambeth,SW9,2427.0,0.052000541,0.059635314,0.2707850960851926,0.0242710811443289,0.0397017735788459,0.1045230524334408,0.2911090441169792,0.0629374658342771,0.1936547476272975,0.0130177391796377,51.46312255308212,-0.10949813211665169,486954.5,0
DT8 3JH,345607,105006,Planosols,120.0,,640.0,,DT8,643.0,0.997433162,1.143877319,0.3095570183735178,0.0212399605220607,0.0268289672243782,0.1267050558388861,0.1895803853098457,0.2254318875752188,0.0824723856919762,0.0181843394641163,50.842009087822866,-2.7738954176452943,486954.5,0
BR3 4TX,535666,168653,Unsurveyed/Urban,40.0,,0.0,Bromley,BR3,246.0,0.110157651,0.12633111,0.0889537665212773,0.206826793658451,0.1947982121329925,0.0817765893932923,0.2226863018317632,0.1059058957754152,0.0931382707649322,0.005914169921876,51.400692326589784,-0.05111627880112569,486954.5,0
PO19 9LB,485922,104179,Unsurveyed/Urban,10.0,,620.0,,PO19,2006.0,0.229863698,0.263612521,0.1537832067600443,0.0761688956371526,0.0789345394812491,0.1133791585970647,0.1799014080212147,0.1646075316284436,0.2099681963883651,0.0232570634864655,50.83077904589571,-0.781328255352065,486954.5,0
SW15 3JU,524100,174200,Unsurveyed/Urban,40.0,,2070.0,,SW15,2406.0,0.130311175,0.149443596,0.230820802998854,0.1023080947183268,0.086526583920975,0.2264177775818287,0.1908474203625395,0.0375338806954286,0.1149590573409988,0.0105863823810484,51.4531903025651,-0.2153520632908336,486954.5,0
RG7 6DT,457443,172010,Luvisols,70.0,,0.0,West Berkshire,RG7,2068.0,0.792604611,0.908975631,0.1939186193677976,0.065669344759418,0.0425794765678252,0.1688214883271913,0.1960055583120003,0.1557436554738225,0.1536594253316135,0.0236024318603314,51.444175866940746,-1.1748609467364282,486954.5,0
RG14 9FB,447245,166993,Unsurveyed/Urban,0.0,River Kennet,390.0,West Berkshire,RG14,2044.0,0.731637807,0.839057618,0.1384060567604335,0.0473941188105189,0.0385154193789537,0.1402170398361145,0.1979914753535,0.1701846132124259,0.2519009095110142,0.015390367137039,51.40000875281196,-1.3222518730331896,486954.5,0
RH10 0PU,526911,136846,Unsurveyed/Urban,70.0,Gatwick Stream,0.0,Crawley,RH10,2072.0,0.234058011,0.268422647,0.0215307146442801,0.0163095386499516,0.0659915329212113,0.4323546944867543,0.2010936874847897,0.1364642146109411,0.1028380942747485,0.023417522927323,51.11685754219729,-0.1881777143932201,486954.5,0
SE4 2FS,536024,175703,,0.0,Ravensbourne River,1910.0,Lewisham,SE4,2229.0,0.093564429,0.107301655,0.4583380904209326,0.0932145940027743,0.0969714222675688,0.1828360220492024,0.0349761458246081,0.0446364082672278,0.0534788200947265,0.0355484970729592,51.46396028285255,-0.04326788953003819,486954.5,0
BH11 8PJ,405014,95518,Unsurveyed/Urban,50.0,,0.0,"Bournemouth, Christchurch and Poole",BH11,180.0,0.261857902,0.300304148,0.0100983482628488,0.0312634190936082,0.0801701689471107,0.3982086122163294,0.249552750154787,0.1620458381249316,0.0666032288125075,0.0020576343878765,50.759234932700295,-1.9302802209396337,486954.5,0
BA3 6RN,379601,156054,,90.0,,390.0,Mendip,BA3,132.0,0.539025834,0.618166159,0.2648312876841303,0.0754198749860994,0.0531182204269028,0.1393471293552778,0.2096754883327112,0.1268043505868625,0.1060187506937865,0.0247848979342291,51.30323702141341,-2.293998685676827,486954.5,0
BR3 5DY,538035,169493,,0.0,Ravensbourne River,1840.0,Bromley,BR3,246.0,0.110157651,0.12633111,0.0889537665212773,0.206826793658451,0.1947982121329925,0.0817765893932923,0.2226863018317632,0.1059058957754152,0.0931382707649322,0.005914169921876,51.40766975114125,-0.01675578085443286,486954.5,0
BS19 4QB,344024,166226,Luvisols,0.0,Stowey Rhyne,1330.0,North Somerset,BS19,,,,,,,,,,,,51.39229752061662,-2.8058986759922604,486954.5,0
EX34 9QP,253196,147251,,40.0,,1000.0,,EX34,810.0,1.240168046,1.422250787,0.4579543897728502,0.0686233352235945,0.0505847168338242,0.0625656138368796,0.1482086500947263,0.0818355283398908,0.0975724702050824,0.0326552956931518,51.20555067371985,-4.1028512947274915,486954.5,0
RG5 4JT,476279,172880,,50.0,River Loddon,0.0,Wokingham,RG5,2066.0,0.325439149,0.373220458,0.0189264900308087,0.0163519573794244,0.0998751861371005,0.336158539616121,0.2774804875481854,0.1645475665909609,0.0815921317970806,0.0050676409003181,51.449777278596805,-0.9036949902753321,486954.5,0
ME14 1HW,575653,156656,Unsurveyed/Urban,20.0,,270.0,Maidstone,ME14,1510.0,0.699623237,0.802342637,0.2130394154071901,0.052081863519071,0.0634367074019607,0.1102851806861486,0.1992926908947488,0.1340932522252989,0.2081005471153736,0.0196703427502079,51.28196178787172,0.5172759144929556,486954.5,0
BH15 1DW,401619,91092,Unsurveyed/Urban,0.0,,1000.0,"Bournemouth, Christchurch and Poole",BH15,184.0,0.24593802,0.282046892,0.0778576531903136,0.1016210666798567,0.1236257610147386,0.1125269832588834,0.2478633442663744,0.1269228056644491,0.1850970613156095,0.0244853246097745,50.71945223763559,-1.9784309649570229,486954.5,0
BA1 7AN,376587,167141,Unsurveyed/Urban,0.0,,760.0,Bath and North East Somerset,BA1,120.0,0.407478671,0.467305106,0.5592017505617232,0.0322314647024295,0.0470896335031651,0.1099581906467656,0.1108238025250551,0.0552300475940385,0.0671649609877287,0.018300149479094,51.40280954860682,-2.3379654353295254,486954.5,0
SN11 8QQ,402606,169544,,100.0,River's Brook,0.0,Wiltshire,SN11,2292.0,0.532090948,0.610213085,0.1747509569305398,0.030062958679133,0.0476776873517874,0.1601991164415492,0.1742424419378744,0.2082935190334886,0.1955682711685636,0.0092050484570638,51.42489890320208,-1.9639090459779311,486954.5,0
BA3 4QE,367387,152440,Leptosols,0.0,,570.0,Mendip,BA3,132.0,0.539025834,0.618166159,0.2648312876841303,0.0754198749860994,0.0531182204269028,0.1393471293552778,0.2096754883327112,0.1268043505868625,0.1060187506937865,0.0247848979342291,51.27017051112806,-2.46886589676814,486954.5,0
BS2 9DT,359775,173346,Unsurveyed/Urban,0.0,River Frome,470.0,"Bristol, City of",BS2,259.0,0.319827308,0.366784681,0.0995560722989298,0.2457901115688751,0.0417206408310006,0.0853029310833203,0.1361406785436253,0.0633040662198745,0.3069614889151096,0.0212240105392647,51.45765280756029,-2.5803444672267855,486954.5,0
TW11 8UR,515000,172000,Unsurveyed/Urban,0.0,Longford River,1440.0,Richmond upon Thames,TW11,2617.0,0.386178694,0.442877845,0.2371134039616954,0.3297247648112543,0.0537474125628996,0.0458552150595169,0.1562151978539559,0.0913042979047367,0.070325351019999,0.0157143568259419,51.43533673717081,-0.3469718424803272,486954.5,0
TN38 9SH,578462,110802,,30.0,,0.0,Hastings,TN38,2536.0,0.216736609,0.2485581,0.1902296219090814,0.0416474441702792,0.0759667524373648,0.1054474679545601,0.2555373124694005,0.1939933402305332,0.1328672344658817,0.0043108263628989,50.86917218024504,0.5348926281825858,486954.5,0
TW16 5PU,511580,169386,,10.0,Portlane Brook,730.0,Spelthorne,TW16,2622.0,0.437642933,0.501898117,0.0485951132131141,0.0832689736855068,0.149041656060404,0.3335762521515147,0.1850471450356585,0.1005695584003557,0.0871671410092614,0.0127341604441844,51.412525134202376,-0.39697405846709444,486954.5,0
SO4 1YU,444347,101269,Unsurveyed/Urban,0.0,Dark Water,540.0,New Forest,SO4,,,,,,,,,,,,50.809283006447124,-1.3719634567146954,486954.5,0
ME15 7DJ,576713,154485,,60.0,,1310.0,,ME15,1511.0,0.345357456,0.396063191,0.1057457283377425,0.1069358524338789,0.0599567673825053,0.2454657430296901,0.1771324095977487,0.1091145848797829,0.1839494450150499,0.0116994693236014,51.26213206101979,0.5313868242709323,486954.5,0
SE11 6EW,530811,178769,Unsurveyed/Urban,10.0,,1930.0,,SE11,2209.0,0.081484878,0.093448571,0.1591817798168676,0.0577526269721415,0.1428653008041883,0.0630507289215846,0.2024207787466886,0.0516299254173964,0.3040993013117054,0.0189995580094274,51.49274107799197,-0.11713248918254711,486954.5,0
SN4 8NP,407616,183005,Unsurveyed/Urban,120.0,,1260.0,Wiltshire,SN4,2315.0,1.126621861,1.292033636,0.0959578722336829,0.0222891466879093,0.0790356073642132,0.1789733297978374,0.2760376767740254,0.153764523687723,0.1880429778994167,0.0058988655551918,51.545888914688646,-1.8915666878272765,486954.5,0
BA5 2XB,354432,145448,,0.0,St Andrew's Stream,0.0,,BA5,134.0,0.626094796,0.718018674,0.2285870051711979,0.036389386777663,0.0406278430682175,0.1438931021626928,0.2244725215464639,0.1771480791652417,0.1078737509910167,0.0410083111175061,51.20641217952276,-2.653662500083571,486954.5,0
BN17 5NE,503100,101800,,10.0,River Arun,750.0,Arun,BN17,222.0,0.274287837,0.314559057,0.1198694198360675,0.0657168190785096,0.095744658423661,0.1274553869665795,0.2206690652588694,0.218540531883616,0.1360618430261306,0.0159422755265661,50.806591573101684,-0.5381566014274675,486954.5,0
RH16 2JZ,534618,125581,Unsurveyed/Urban,50.0,Scrase Stream,0.0,Mid Sussex,RH16,2078.0,0.31625469,0.362687527,0.0716636317809349,0.0588355545843663,0.0753170138429163,0.2577262015466287,0.2705115990939632,0.1066211792832766,0.1421656590775447,0.0171591607903691,51.01386090672674,-0.0823192521961474,486954.5,0
TQ4 6LL,288888,57190,,60.0,,0.0,Torbay,TQ4,2553.0,0.429565595,0.492634855,0.246545786009571,0.1080316467968989,0.1007412717030294,0.1104484237551394,0.2076208592129483,0.1254429085816075,0.0957489860940885,0.0054201178467167,50.4040478821097,-3.564878821760186,486954.5,0
PL12 6QP,237151,65313,,110.0,,470.0,Cornwall,PL12,1964.0,0.510327895,0.585254759,0.2384177730964821,0.0470814157323841,0.060071453920448,0.1078069447512644,0.2654108781307112,0.1736598880558208,0.0963309661386446,0.0112206801742445,50.4649737034576,-4.295909451077183,486954.5,0
TN2 5GN,560096,138180,Luvisols,120.0,,1870.0,,TN2,2516.0,0.357409092,0.409884261,0.1467206657310778,0.0505282353830835,0.0182419696848466,0.1094431561504993,0.3757427413952581,0.2254839707810933,0.0674572941721565,0.0063819667019845,51.12054105221783,0.28617206459073463,486954.5,0
EX32 0AT,256354,130908,Cambisols,0.0,,0.0,North Devon,EX32,808.0,0.537000951,0.615843981,0.3316397023549197,0.0490158322526908,0.0292952303544745,0.0905549014198247,0.1862018278944447,0.1657563003699109,0.1340843670889922,0.0134518382647422,51.05949198536142,-4.05115665110992,486954.5,0
BS22 9TY,333228,161055,Gleysols,0.0,Uphill Great Rhyne,1100.0,North Somerset,BS22,262.0,0.369162021,0.423362766,0.0422271741241596,0.0441870407702117,0.0600171944849477,0.0969754705980648,0.3738320143959703,0.2753935066668256,0.0945290602780184,0.0128385386818016,51.34463819278388,-2.960068627500467,486954.5,0
ME8 9TP,580459,163458,Unsurveyed/Urban,0.0,,5960.0,Medway,ME8,1523.0,0.294662786,0.337925478,0.0445567247836505,0.0426991738939727,0.1010792354899678,0.2861850851578061,0.315547076311805,0.174744238044421,0.0271830732896488,0.0080053930287278,51.341560332475034,0.5895529414082948,486954.5,0
BN5 0FP,522090,114406,,0.0,,1350.0,Horsham,BN5,239.0,0.639848826,0.733792085,0.2335699127989578,0.0609116034846225,0.06462550645039,0.1505907480636459,0.212369299809759,0.1652592018246824,0.083934073801883,0.028739653766059,50.91621188619746,-0.26456749026739973,486954.5,0
BR5 3WB,547415,168503,Unsurveyed/Urban,0.0,River Cray,1030.0,Bromley,BR5,248.0,0.226141618,0.259343962,0.029647379262504,0.0436758737362099,0.3066428760106346,0.3288165101893583,0.1319212679042394,0.0703314272975003,0.0803962949059256,0.0085683706936274,51.39641565576897,0.11760077549608039,486954.5,0
SW19 2WH,524321,170180,,20.0,River Wandle,3040.0,Merton,SW19,2410.0,0.308988468,0.354354471,0.264660062189143,0.2123536171880402,0.0610799536312745,0.106396396534114,0.160228825625078,0.1018433386722242,0.0794357783017512,0.0140020278583745,51.417013376583455,-0.21358305896422447,486954.5,0
BH8 9AX,410816,92773,Unsurveyed/Urban,40.0,The Bourne,3250.0,,BH8,202.0,0.2365306,0.271258264,0.1875799980215131,0.1768484272842359,0.0646807141193959,0.1113854855953968,0.186238787207652,0.124594932137977,0.1367028433514833,0.0119688122823457,50.73447226142577,-1.8481022154284168,486954.5,0
RH18 5GT,542573,134825,,80.0,River Medway,750.0,Wealden,RH18,2080.0,0.283040077,0.324596311,0.1898361013016646,0.1603061566421048,0.0565550212987404,0.155568588213891,0.1654414330881352,0.1379859598567969,0.0980851492027002,0.0362215903959666,51.095016698091136,0.03464763352341193,486954.5,0
BH17 8PH,402899,93967,,20.0,,1770.0,"Bournemouth, Christchurch and Poole",BH17,186.0,0.292597309,0.335556745,0.006255852768152,0.0106142571595853,0.0131483514822879,0.1865772885162959,0.4984475412317972,0.2733000281980166,0.0098903821483802,0.0017662984954844,50.745301382621726,-1.9602773963704407,486954.5,0
PO10 8JZ,477248,105716,Luvisols,10.0,,690.0,,PO10,1997.0,0.775511816,0.889373255,0.1847749577394117,0.0849021206284196,0.0437443675161075,0.2173209975954698,0.2010180398128928,0.1640250541229697,0.0884239549551447,0.0157905076295839,50.845818868881075,-0.9041448764692153,486954.5,0
TN21 0LU,557285,121003,Luvisols,150.0,,990.0,Wealden,TN21,2518.0,0.868260365,0.99573924,0.2135385698895131,0.0903225189793078,0.0587880105766209,0.1305670762430332,0.194344990025779,0.1883313092407197,0.0980101042868205,0.0260974207582054,50.96697890483137,0.238586265052888,486954.5,0
RG3 3EH,469712,172049,,50.0,,0.0,Reading,RG3,,,,,,,,,,,,51.44315169886873,-0.9983448381801955,486954.5,0
GU1 2TG,501959,150651,Unsurveyed/Urban,70.0,,2060.0,Guildford,GU1,928.0,0.535788485,0.614453498,0.329575717721079,0.1164141090869413,0.0539501750782811,0.1172658094892104,0.1513084494813172,0.0804135215885872,0.138544091219137,0.0125281263354464,51.24592978272447,-0.5406199069283157,486954.5,0
SE23 3YY,535421,172625,Unsurveyed/Urban,0.0,Pool River,0.0,Lewisham,SE23,2222.0,0.116594801,0.133713369,0.3290056741189176,0.0685156882967865,0.0940927296166066,0.1802081808266233,0.1496047293965808,0.0487197748396402,0.0917630996569864,0.0380901232478582,51.43644479040409,-0.05311996523542348,486954.5,0
PO7 8NX,470073,110148,Unsurveyed/Urban,40.0,,1170.0,Havant,PO7,2027.0,0.322630386,0.369999309,0.0487276561215573,0.052043822817427,0.0650807969333066,0.3337773264346735,0.1905179940451339,0.196274226312149,0.1083771357583952,0.0052010415773572,50.88657953884509,-1.0051932406655721,486954.5,0
DA12 4SY,566303,171775,Unsurveyed/Urban,0.0,,2040.0,,DA12,512.0,0.065538259,0.075160653,0.1413648899658839,0.1313097376272043,0.1076383357379605,0.2444664062210858,0.1619856580089231,0.1411290757356079,0.0659517105337273,0.006154186169607,51.420593299762075,0.3903965252573389,486954.5,0
BA15 2YH,380992,161217,Leptosols,110.0,River Avon,0.0,Wiltshire,BA15,126.0,0.362766239,0.416027949,0.2537711138084961,0.0575548582423318,0.026423828745121,0.1112711592188852,0.2997231630105468,0.133206623283952,0.1072844006757203,0.0107648530149466,51.34970923207893,-2.2743228612534874,486954.5,0
RH5 4ES,516777,145965,,90.0,,400.0,Mole Valley,RH5,2086.0,1.110894622,1.273997308,0.2938548406559816,0.113962493641975,0.0952705630903018,0.1421751455791171,0.0988178506338979,0.1402789728515072,0.0724347586162143,0.0432053749310046,51.20097357865466,-0.3299385468439824,486954.5,0
RG7 3LR,464948,166969,,0.0,,2200.0,,RG7,2068.0,0.792604611,0.908975631,0.1939186193677976,0.065669344759418,0.0425794765678252,0.1688214883271913,0.1960055583120003,0.1557436554738225,0.1536594253316135,0.0236024318603314,51.39804588360719,-1.067810510540503,486954.5,0
SE24 9QB,532267,174279,Unsurveyed/Urban,0.0,River Thames,5570.0,Southwark,SE24,2223.0,0.087932539,0.100842884,0.5111269748995553,0.1423644430375694,0.0187590343456126,0.1041513553469117,0.0817449610285772,0.0370785002176298,0.0906391760081862,0.0141355551159574,51.4520530779527,-0.09785110046258913,486954.5,0
BN7 1PZ,540608,110487,Unsurveyed/Urban,60.0,,660.0,,BN7,241.0,0.546136197,0.626320472,0.2639828327620805,0.0606963660296425,0.0694101384727975,0.2428172470430668,0.1417355133866334,0.1303974652671417,0.0653394320468066,0.0256210049918307,50.87678156287157,-0.002804997576015128,486954.5,0
GU10 4JL,480528,142813,Planosols,120.0,River Wey,0.0,East Hampshire,GU10,929.0,0.649838374,0.745248309,0.2343785330386572,0.0903079979023402,0.109528175002876,0.1571546990673261,0.1989225981865399,0.1100960569112506,0.0872344047758424,0.0123775351151671,51.17888972623501,-0.8493432005388254,486954.5,0
UB4 9WA,511387,182394,Unsurveyed/Urban,30.0,Yeading Brook,0.0,,UB4,2640.0,0.146063811,0.167509049,0.0025500423899484,0.0885964540159818,0.3959848417198414,0.1911505974839702,0.1323347293099702,0.1453112975101074,0.038654308095508,0.0054177294746723,51.529478811807294,-0.3956522176600534,486954.5,0
PO8 9PD,469561,113112,,70.0,,3800.0,East Hampshire,PO8,2028.0,0.410696667,0.470995572,0.0325478217886817,0.0410221773949284,0.0544881052028347,0.2999276895199179,0.307526507441247,0.1650704841285562,0.0952588878432953,0.0041583266805384,50.91329080217302,-1.0119070753858008,486954.5,0
RG18 0NG,456818,174344,Planosols,110.0,River Pang,3020.0,,RG18,2046.0,1.09880814,1.260136275,0.1084688056291224,0.0620288169268815,0.049224449230075,0.1735778527407314,0.2294944660980458,0.1819843561855142,0.1704054965443773,0.0248157566452522,51.46522289552341,-1.1834787176519133,486954.5,0
RG9 9HX,476113,182461,,40.0,River Thames,0.0,,RG9,2070.0,1.031922289,1.183430176,0.3539779625113796,0.0868561689612369,0.0443954189136575,0.1413115383102209,0.1409994633708657,0.1126647281017252,0.0910323499373419,0.028762369893572,51.53593115891799,-0.9040202117128596,486954.5,0
PL19 0JU,249191,77321,,180.0,River Wallabrook,0.0,,PL19,1971.0,1.024889241,1.175364528,0.2960802617263134,0.0483828243960201,0.07402667664684,0.1353346343206322,0.1616930958642476,0.1296536971814649,0.1416555987088746,0.0131732111556068,50.576109073607,-4.131251664837099,486954.5,0
SO31 8LB,447916,109562,Unsurveyed/Urban,0.0,,250.0,,SO31,2333.0,0.492075759,0.564322826,0.0429366839129876,0.0627659577563801,0.053054252127388,0.1311661956835968,0.2201890187340075,0.287608165265289,0.1889561013222727,0.0133236251980779,50.88356883027069,-1.3202308937696854,486954.5,0
TA1 2XJ,324936,125263,Unsurveyed/Urban,20.0,River Tone,0.0,Somerset West and Taunton,TA1,2453.0,0.679542937,0.779314127,0.2072244107938683,0.0930614811194713,0.075493261044675,0.0850422800897088,0.1901576779357012,0.1947779514588994,0.1279490442119274,0.0262938933457483,51.02181864002574,-3.071610203146494,486954.5,0
SE24 9LA,532456,174445,Unsurveyed/Urban,30.0,,5560.0,Southwark,SE24,2223.0,0.087932539,0.100842884,0.5111269748995553,0.1423644430375694,0.0187590343456126,0.1041513553469117,0.0817449610285772,0.0370785002176298,0.0906391760081862,0.0141355551159574,51.453500706773,-0.09507059658667853,486954.5,0
CR5 1NX,529653,156531,Luvisols,160.0,,0.0,Reigate and Banstead,CR5,448.0,0.358878985,0.411569964,0.0389843497405942,0.2766687702892348,0.324993909044931,0.1745139678538858,0.0625124879448379,0.0539510274362386,0.0602449625553704,0.0081305251349072,51.293157406224196,-0.1419180569988931,486954.5,0
BN11 1TJ,514636,102514,,10.0,,2360.0,Worthing,BN11,216.0,0.42079423,0.482575669,0.2809725226657029,0.2303062129065322,0.1110272460932452,0.0578557131647667,0.0889781119665448,0.0868625058756001,0.1379431058612851,0.0060545814663228,50.81084423082808,-0.3742799134822562,486954.5,0
RG26 3EJ,461457,162380,Podsols,0.0,,850.0,Basingstoke and Deane,RG26,2055.0,0.409326983,0.46942479,0.0737208562456788,0.023459370044218,0.0287966094876581,0.2916979480456477,0.3317218168264688,0.1449894018253132,0.095392373780513,0.0102216237445022,51.35717632168054,-1.1187767885885007,486954.5,0
BS18 5TZ,362985,155648,,0.0,,1270.0,Bath and North East Somerset,BS18,,,,,,,,,,,,51.29874512563956,-2.5322958231619035,486954.5,0
SN8 2BJ,420313,169078,Leptosols,130.0,River Kennet,320.0,,SN8,2319.0,1.447612456,1.660152398,0.3173795743598421,0.0783574855390742,0.0500514387218735,0.1108118329830067,0.1547449800863346,0.1493741062641268,0.109208243777253,0.0300723382684887,51.42035442542411,-1.70926615902237,486954.5,0
SM7 3NQ,527402,159804,Unsurveyed/Urban,150.0,,5080.0,,SM7,2289.0,0.345421591,0.396136743,0.0153265077591153,0.0746173187296098,0.324086137401239,0.2218447840631692,0.1351135729094423,0.1167452823827114,0.1074587431518672,0.0048076536028455,51.323080081072334,-0.17301599748354432,486954.5,0
TQ7 3YG,273513,44195,Cambisols,0.0,,0.0,South Hams,TQ7,2556.0,0.694439812,0.796398176,0.3029266737852337,0.040044808644731,0.0464495339676901,0.114345383266109,0.2217427014296275,0.1526830364904951,0.1103873821044394,0.0114204803116739,50.28412589422618,-3.7767602507321367,486954.5,0
TR1 1AP,183886,45087,Cambisols,0.0,Truro River,1280.0,Cornwall,TR1,2559.0,1.002348706,1.149514569,0.276684870718573,0.0273391922635733,0.0709631895622333,0.1496505263169253,0.1781005983830635,0.1409014494958585,0.1519086102809001,0.0044515629788728,50.266119232548014,-5.033817162135357,486954.5,0
BH15 1TB,401428,90877,Unsurveyed/Urban,10.0,,0.0,"Bournemouth, Christchurch and Poole",BH15,184.0,0.24593802,0.282046892,0.0778576531903136,0.1016210666798567,0.1236257610147386,0.1125269832588834,0.2478633442663744,0.1269228056644491,0.1850970613156095,0.0244853246097745,50.71751927591432,-1.9811373433290251,486954.5,0
ME15 7JU,577502,153434,Unsurveyed/Urban,0.0,River Len,1910.0,Maidstone,ME15,1511.0,0.345357456,0.396063191,0.1057457283377425,0.1069358524338789,0.0599567673825053,0.2454657430296901,0.1771324095977487,0.1091145848797829,0.1839494450150499,0.0116994693236014,51.252446019557496,0.5421623634144732,486954.5,0
SN11 0PF,399163,166589,Stagnosols,0.0,,0.0,Wiltshire,SN11,2292.0,0.532090948,0.610213085,0.1747509569305398,0.030062958679133,0.0476776873517874,0.1601991164415492,0.1742424419378744,0.2082935190334886,0.1955682711685636,0.0092050484570638,51.398333400869205,-2.0134201567758265,486954.5,0
SN10 2JG,402332,163037,Luvisols,130.0,Kennet and Avon Canal,4230.0,,SN10,2291.0,0.264496196,0.303329798,0.2063282867507541,0.0514992538837939,0.0219211407628007,0.1745886005609396,0.2182379420528929,0.1605135575453367,0.1582690285702578,0.0086421898732239,51.36639154954803,-1.9678905055368117,486954.5,0
CR9 2UL,532502,165815,,60.0,River Wandle,3130.0,Croydon,CR9,792.0,0.0,0.0,0.3077162999968771,0.2123456515731211,0.1293814323880922,0.0517939094354167,0.1092742121513769,0.062069014655613,0.1200730629591256,0.0073464168403771,51.37593536342801,-0.09763132067194151,486954.5,0
BS11 0LZ,354089,178147,Unsurveyed/Urban,10.0,,1950.0,"Bristol, City of",BS11,254.0,0.281113542,0.32238692,0.0403095210313422,0.2173761983961776,0.1765370030229464,0.3668873043236952,0.0784541487076664,0.0558126872810972,0.0554066485794446,0.0092164886576301,51.50038432651281,-2.662802454197445,486954.5,0
EX5 7AS,300505,95065,,30.0,,520.0,East Devon,EX5,817.0,0.470204517,0.539240425,0.2806631333046181,0.0372894089955227,0.0541986570832565,0.1007698546470117,0.1804491664697227,0.1641762230152857,0.1744261414198686,0.0080274150647136,50.74663504269369,-3.411608062542679,486954.5,0
RG26 4YS,459080,162046,Podsols,100.0,,1050.0,,RG26,2055.0,0.409326983,0.46942479,0.0737208562456788,0.023459370044218,0.0287966094876581,0.2916979480456477,0.3317218168264688,0.1449894018253132,0.095392373780513,0.0102216237445022,51.354425118519146,-1.1529651991532208,486954.5,0
OX44 7TX,460305,198606,Luvisols,60.0,,1010.0,,OX44,1810.0,0.384840721,0.441343429,0.2171227163521927,0.0378564245344731,0.1152980478952176,0.1497598133782507,0.2643907799013463,0.1491542278479387,0.0443916379415594,0.0220263521490213,51.68298579779073,-1.1291309986976563,486954.5,0
TW9 1BY,517900,175000,,0.0,,0.0,,TW9,2634.0,0.497989707,0.571105065,0.423467109963091,0.1262419456561208,0.0956337988423728,0.0631087107327913,0.0751435863055504,0.1010286915104928,0.0827015916983461,0.0326745652912342,51.461704091341744,-0.304272518956657,486954.5,0
BS15 9QA,364937,173284,Unsurveyed/Urban,0.0,River Avon,0.0,,BS15,257.0,0.275271927,0.315687632,0.1210978455163686,0.0771522787704856,0.1028366049325547,0.2272726468081811,0.2048462040460128,0.1356992659741225,0.1094140597188201,0.0216810942334543,51.457439688062514,-2.5060456310217347,486954.5,0
BS16 3LQ,363164,174857,Unsurveyed/Urban,60.0,River Frome,1610.0,,BS16,258.0,0.310576344,0.35617548,0.0719315789286385,0.2158582674142905,0.1198630033519329,0.1845585641000162,0.1387050634125803,0.1003150213925051,0.1501201659052365,0.0186483354947996,51.471469776805826,-2.531727328682898,486954.5,0
RG6 9LL,473353,173709,,40.0,River Thames,910.0,Wokingham,RG6,2067.0,0.236904822,0.27168743,0.0349238706140237,0.0378250627735627,0.250776360805688,0.1999719528069134,0.1669510919156795,0.2377671113262005,0.0644285343882354,0.0073560153696965,51.45761601298824,-0.9456222471747917,486954.5,0
TR11 3XU,181428,32307,,0.0,,0.0,Cornwall,TR11,2561.0,0.589466305,0.676012352,0.2596205141989022,0.1083911325100982,0.0770899799219655,0.1132455360545421,0.1698860084490751,0.1496539068629161,0.1110100188397645,0.011102903162736,50.1504424161579,-5.060897721853222,486954.5,0
CT6 8LG,616881,168125,Unsurveyed/Urban,10.0,Plenty Brook,0.0,,CT6,469.0,0.682559694,0.782773807,0.1580979898085142,0.0954153648444562,0.1004708622218079,0.1856859545364608,0.1730364540303254,0.13145626731184,0.1492332202473556,0.0066038869992395,51.37074646989739,1.114565352243536,486954.5,0
PO19 3SR,485922,104179,Unsurveyed/Urban,0.0,River Lavant,620.0,Chichester,PO19,2006.0,0.229863698,0.263612521,0.1537832067600443,0.0761688956371526,0.0789345394812491,0.1133791585970647,0.1799014080212147,0.1646075316284436,0.2099681963883651,0.0232570634864655,50.83077904589571,-0.781328255352065,486954.5,0
KT5 8SY,518791,166867,Unsurveyed/Urban,30.0,,380.0,Kingston upon Thames,KT5,1201.0,0.154279654,0.17693115,0.1401257683901563,0.1507473513083677,0.3889379803537626,0.0606814876609153,0.1498342850749249,0.071897828273152,0.0352742708618079,0.0025010280769129,51.3884219559672,-0.29417703364077186,486954.5,0
RG18 9NU,448830,173674,,120.0,,2090.0,West Berkshire,RG18,2046.0,1.09880814,1.260136275,0.1084688056291224,0.0620288169268815,0.049224449230075,0.1735778527407314,0.2294944660980458,0.1819843561855142,0.1704054965443773,0.0248157566452522,51.45994303589196,-1.2985507490601795,486954.5,0
TN22 2BW,546415,124359,Luvisols,60.0,,1140.0,,TN22,2519.0,0.672217812,0.770913519,0.1747644660311683,0.0581334808035981,0.0383940787231971,0.0873372550725993,0.2780876868555808,0.2488643147854155,0.0820152560121838,0.0324034617162568,50.999999992832855,0.08524674980951424,486954.5,0
TQ13 9RU,277671,75138,Histosols,190.0,,0.0,Teignbridge,TQ13,2549.0,0.765850859,0.878293866,0.3579443543687527,0.0791384590521313,0.0462407943565621,0.0917553509427212,0.1425591510531404,0.1564219337503083,0.1134091971429283,0.0125307593334554,50.56315163160145,-3.7285249433391923,486954.5,0
SO16 3JD,441926,116171,Unsurveyed/Urban,0.0,,0.0,Southampton,SO16,2323.0,0.220356674,0.252709666,0.0724227717332472,0.1609882002269218,0.0981040263022562,0.2773264491040393,0.1979566685168144,0.1056875902880821,0.0793935579044469,0.0081207359241917,50.94346076686793,-1.4046178109522023,486954.5,0
RG14 7HP,447469,166537,,80.0,Kennet and Avon Canal,740.0,West Berkshire,RG14,2044.0,0.731637807,0.839057618,0.1384060567604335,0.0473941188105189,0.0385154193789537,0.1402170398361145,0.1979914753535,0.1701846132124259,0.2519009095110142,0.015390367137039,51.3958902072865,-1.3190930146704458,486954.5,0
SL6 5JG,486106,181317,,0.0,,3680.0,Windsor and Maidenhead,SL6,2279.0,0.428118838,0.490975684,0.1217311523087976,0.0993805497911236,0.0512736585531822,0.1842891003727085,0.2964334803890767,0.0953515276740988,0.1241559033510816,0.0273846275599306,51.524213651080984,-0.760257726605756,486954.5,0
KT13 0RG,507663,163164,Unsurveyed/Urban,30.0,,0.0,,KT13,1186.0,0.352362379,0.404096584,0.1081733652132729,0.1514871114317289,0.0627245149740085,0.1477138460442555,0.2044666914543324,0.130088595643946,0.1486585902555737,0.0466872849828819,51.357356009025274,-0.45515863077722996,486954.5,0
SW17 7QL,528062,172940,Unsurveyed/Urban,30.0,River Wandle,0.0,Wandsworth,SW17,2408.0,0.140258552,0.160851456,0.50850352468003,0.2603071889394248,0.0290887599244635,0.0351828566412214,0.0400038587332769,0.0523392536335476,0.0668651446524571,0.0077094127955784,51.44098540030314,-0.15881792672672002,486954.5,0
BS22 7GB,336196,163963,Cambisols,10.0,River Banwell,0.0,,BS22,262.0,0.369162021,0.423362766,0.0422271741241596,0.0441870407702117,0.0600171944849477,0.0969754705980648,0.3738320143959703,0.2753935066668256,0.0945290602780184,0.0128385386818016,51.37112419001503,-2.9179840657944327,486954.5,0
RG45 7AR,485581,169271,Unsurveyed/Urban,60.0,,0.0,Bracknell Forest,RG45,2065.0,0.440389212,0.505047607,0.0827730149653383,0.0890883759424381,0.0215739067214654,0.2752133358380202,0.209415075652341,0.193606278713885,0.1013340676900337,0.026995944476478,51.41600662566079,-0.7707364659847734,486954.5,0
GU4 8JP,500530,146153,,50.0,Littlebrook,300.0,Guildford,GU4,956.0,0.35201083,0.40369342,0.1804082229079264,0.0923518586790469,0.0860091359424778,0.201019588203201,0.1765936255999841,0.164361924632137,0.0857702267865899,0.0134854172486367,51.20575039422327,-0.5623464131798561,486954.5,0
GU51 4FL,481569,155037,,70.0,,160.0,Hart,GU51,960.0,0.501156398,0.574736693,0.0337019857818095,0.1126346115859348,0.0474281127582521,0.1552649744885219,0.2327145682954146,0.1968720092670341,0.214499153286704,0.0068845845363287,51.28863622810493,-0.8316743862303707,486954.5,0
BA7 7NW,363999,132198,,0.0,,0.0,,BA7,136.0,2.268248141,2.601274654,0.2450521246010934,0.0733058969239133,0.056326135312484,0.0957996839449,0.1842598836378806,0.2111351392044369,0.1026262704739057,0.0314948659013857,51.087958019247026,-2.5153936933871823,486954.5,0
BS19 2XS,346115,170403,,0.0,,0.0,North Somerset,BS19,,,,,,,,,,,,51.43005484519351,-2.776485116495515,486954.5,0
SO40 0SG,430311,107932,Planosols,40.0,,1100.0,New Forest,SO40,2335.0,0.287009916,0.329149006,0.0489006999408467,0.1153628403755316,0.0676981813514409,0.167956826500835,0.3258819066929052,0.1862254342195718,0.0721934292834184,0.0157806816354501,50.870100023297546,-1.5706159876028238,486954.5,0
SE16 1WH,536300,179400,,10.0,,680.0,Southwark,SE16,2214.0,0.044937443,0.051535204,0.0497675902680166,0.023058762249471,0.0838226513615453,0.0997949421654764,0.1357303079636934,0.3166132072549811,0.1920564144999961,0.0991561242368199,51.497116002919554,-0.03787184120629965,486954.5,0
BA11 3DQ,377196,148287,Unsurveyed/Urban,0.0,River Frome,880.0,Mendip,BA11,122.0,0.77660139,0.890622801,0.2744624942282496,0.02880035547671,0.0360568703866541,0.1092096896235664,0.2280279896698018,0.1611647482517171,0.1363473736849308,0.0259304786783699,51.23330693147527,-2.3279986591984527,486954.5,0
RG13 1JS,447301,167598,Unsurveyed/Urban,0.0,River Kennet,0.0,,RG13,,,,,,,,,,,,51.40544364164922,-1.3213664738562576,486954.5,0
RG41 3HU,479751,169283,Unsurveyed/Urban,0.0,Emm Brook,350.0,Wokingham,RG41,2063.0,0.529273587,0.606982077,0.0586760377678061,0.0658780110940363,0.0325978867789795,0.2347899045104684,0.2440598327393738,0.1986212285129299,0.1482016733829776,0.0171754252134281,51.416963432669874,-0.8545504037115094,486954.5,0
RG9 1UQ,475501,182564,,0.0,River Thames,1040.0,South Oxfordshire,RG9,2070.0,1.031922289,1.183430176,0.3539779625113796,0.0868561689612369,0.0443954189136575,0.1413115383102209,0.1409994633708657,0.1126647281017252,0.0910323499373419,0.028762369893572,51.536939167457575,-0.912820067082036,486954.5,0
DA5 3DP,549608,173648,,20.0,,1640.0,Bexley,DA5,522.0,0.263839356,0.30257652,0.1281295406269115,0.044187017150693,0.2711078351573419,0.2712091111117917,0.1042755397535853,0.0595888030970027,0.1030020774461057,0.018500075656568,51.44207122315978,0.1512697758243007,486954.5,0
EX13 5TN,329700,97100,,0.0,,770.0,,EX13,772.0,0.709931501,0.814164371,0.2656296584273933,0.0590849203533729,0.0676030384973852,0.1401444483180098,0.1849295270668741,0.1332339421026947,0.1222975768026479,0.0270768884316217,50.76920767928356,-2.9982683594376285,486954.5,0
RG12 1DE,486989,169337,Unsurveyed/Urban,70.0,,1170.0,Bracknell Forest,RG12,2043.0,0.244585074,0.280495305,0.0319528931446908,0.0121523064490536,0.0123981400056177,0.2445458110573393,0.3349395740210024,0.2073591034867175,0.145131391929596,0.0115207799059823,51.41638592200932,-0.750478408851011,486954.5,0
DA3 8NS,558534,165423,Leptosols,90.0,,4840.0,Sevenoaks,DA3,520.0,0.85107518,0.976030909,0.0621685499156292,0.0440428440023435,0.0442763940835076,0.199989279841055,0.4108504125852188,0.1305105189552755,0.098677373715092,0.0094846269018783,51.36574789999823,0.2759246180954313,486954.5,0
RG3 6AL,468091,173994,,70.0,River Thames,0.0,Reading,RG3,,,,,,,,,,,,51.46083456129431,-1.0212910315404395,486954.5,0
TW2 6SS,515400,173200,Unsurveyed/Urban,10.0,,1010.0,Richmond upon Thames,TW2,2626.0,0.233074644,0.267294902,0.1042327961095243,0.2276742004499895,0.3975273364511029,0.0648623661379294,0.1027642055930458,0.0368716235230658,0.0585961184859928,0.0074713532493492,51.44604082615151,-0.3408291470472516,486954.5,0
TA6 4YA,331689,137624,,10.0,Bridgwater and Taunton Canal,3560.0,Sedgemoor,TA6,2473.0,0.546897277,0.627193295,0.1981503799358965,0.0530397360387618,0.0515414639844998,0.1522946696392358,0.1221114616793891,0.1987868334350141,0.201685047869845,0.0223904074173575,51.13379742975704,-2.9776843197907397,486954.5,0
BA14 0EP,385240,156703,Unsurveyed/Urban,50.0,Lambrok Stream,0.0,Wiltshire,BA14,125.0,0.20826038,0.238837382,0.1680116126927888,0.046180643862032,0.0633714919303482,0.1202408744481996,0.2275408424379026,0.1726454281362602,0.1934838898180081,0.0085252166744601,51.309247942174004,-2.213137913993487,486954.5,0
DA15 8AD,546002,172751,Unsurveyed/Urban,0.0,,790.0,,DA15,515.0,0.168704257,0.193473589,0.0713238822712505,0.0623908610626606,0.4685777377004471,0.0669237380476659,0.1648924151554233,0.0978216839961279,0.054835560306461,0.0132341214599633,51.43495138714547,0.09905252987952382,486954.5,0
SW8 1DU,530384,177748,,10.0,River Thames,1780.0,Lambeth,SW8,2426.0,0.182068535,0.208800024,0.3336386121292996,0.0143458577964217,0.1117986320803215,0.1604216460938007,0.1726700809166041,0.0794119881856735,0.1116386604669949,0.0160745223308838,51.48366424086758,-0.12365636107878496,486954.5,0
SW18 1YU,525769,173689,Unsurveyed/Urban,10.0,River Wandle,0.0,Wandsworth,SW18,2409.0,0.093891655,0.107676924,0.3721412948513332,0.2225231142521542,0.0473588514270823,0.0388587976101911,0.1142317891578372,0.0635793979183816,0.1324650380170741,0.008841716765946,51.44822999601658,-0.19152617908328162,486954.5,0
KT15 1YN,505258,164668,Unsurveyed/Urban,20.0,The Bourne,0.0,Runnymede,KT15,1188.0,0.210841348,0.24179729,0.0904624490231359,0.0590054789621796,0.1931837144685847,0.2495070182993989,0.1350996324250539,0.1599315936735254,0.1016502309018919,0.0111598822462294,51.37132496558543,-0.4892408532976722,486954.5,0
BH31 9AD,410557,107663,Gleysols,30.0,Ebblake Stream,380.0,,BH31,197.0,0.793155989,0.909607963,0.01837275772396,0.0238781144626849,0.0180323464051765,0.0558892730113806,0.2480978803183754,0.4457968616333614,0.169264225291842,0.0206685411532189,50.86837551542752,-1.8513487880052624,486954.5,0
PO21 2EH,493327,99837,Unsurveyed/Urban,10.0,,1250.0,Arun,PO21,2009.0,0.402392128,0.461471751,0.0993558473881589,0.140833918709728,0.1114780769990367,0.1202264016608426,0.233652561381036,0.1603059526567674,0.1140037680381234,0.0201434731663067,50.79059882050229,-0.6773132534424501,486954.5,0
EX1 3GH,295587,93264,Arenosols,50.0,Pin Brook,1700.0,,EX1,768.0,0.287597215,0.329822533,0.2102957957350281,0.0571713076827558,0.0719133134784656,0.1140543216951682,0.2114854763895149,0.1006985459242297,0.2186892709431161,0.0156919681517214,50.7295800932484,-3.4807806918499375,486954.5,0
BS12 1EX,363965,190691,Unsurveyed/Urban,0.0,,0.0,,BS12,,,,,,,,,,,,51.613885413949475,-2.521822279470206,486954.5,0
SO3 3BE,446686,114258,Unsurveyed/Urban,0.0,,1800.0,Eastleigh,SO3,,,,,,,,,,,,50.92589470330989,-1.3371152961187873,486954.5,0
SW18 4WZ,525769,173689,,10.0,River Wandle,1070.0,Wandsworth,SW18,2409.0,0.093891655,0.107676924,0.3721412948513332,0.2225231142521542,0.0473588514270823,0.0388587976101911,0.1142317891578372,0.0635793979183816,0.1324650380170741,0.008841716765946,51.44822999601658,-0.19152617908328162,486954.5,0
TN13 9QL,553007,154630,,150.0,,1960.0,Sevenoaks,TN13,2509.0,0.545459741,0.625544698,0.2634432432070187,0.0675794042435653,0.0803002338158582,0.1578132674813866,0.1681062900740059,0.1537261450263557,0.0911962480782858,0.0178351680735236,51.2702858506149,0.19196565705779706,486954.5,0
SO20 6QJ,436699,129340,Luvisols,100.0,,2130.0,Test Valley,SO20,2327.0,0.402786135,0.461923608,0.2487084889513605,0.0563929992085415,0.0527798176336433,0.2178825950567245,0.1244236595830187,0.1126841978322938,0.156609997149769,0.0305182445846484,51.06222996116074,-1.4776856555727875,486954.5,0
SL5 8YY,493767,167833,Podsols,0.0,,0.0,Windsor and Maidenhead,SL5,2278.0,0.415718957,0.476755239,0.1607354472639593,0.0699950827563735,0.0314174278598964,0.2417381853665069,0.1823036672037497,0.113785532588605,0.1609871716535046,0.0390374853074043,51.40178714571176,-0.6534350791432678,486954.5,0
RG1 9RE,471613,170786,Unsurveyed/Urban,0.0,,550.0,Reading,RG1,2041.0,0.204131787,0.234102625,0.2666673595939557,0.0745990062662681,0.0612696952488025,0.0600449293618877,0.0932250050303687,0.1367433623750312,0.2876573970183793,0.0197932451053064,51.4315604010268,-0.9712521709432029,486954.5,0
PO19 4HD,487591,104757,,10.0,River Lavant,0.0,,PO19,2006.0,0.229863698,0.263612521,0.1537832067600443,0.0761688956371526,0.0789345394812491,0.1133791585970647,0.1799014080212147,0.1646075316284436,0.2099681963883651,0.0232570634864655,50.835725663071926,-0.7574974076700881,486954.5,0
TN3 0JA,554287,139177,,0.0,River Grom,1380.0,Tunbridge Wells,TN3,2527.0,0.262288262,0.300797693,0.334491457463768,0.0929608947421363,0.0409668021426692,0.1628073497046083,0.1636350002971661,0.1084921916194858,0.0625428540449304,0.0341034499852354,51.131091971655366,0.20366282368664748,486954.5,0
BS1 9TE,358267,172797,Unsurveyed/Urban,20.0,,0.0,,BS1,252.0,0.302440883,0.346845563,0.1144532095949663,0.0836747125812655,0.0429062307469991,0.1313764311797082,0.0640905395041311,0.1573463602872409,0.3839553421222686,0.0221971739834201,51.45260725378381,-2.6019826974039417,486954.5,0
KT17 1SA,522031,162541,Unsurveyed/Urban,0.0,Hogsmill River,690.0,Epsom and Ewell,KT17,1190.0,0.427542713,0.490314972,0.0837965784921707,0.1214348538816654,0.2317710409686733,0.1376176206747767,0.1763060725017772,0.1215931687524796,0.1140550122080478,0.0134256525204091,51.34885542486354,-0.24911986410233328,486954.5,0
EX6 7HN,281830,86602,Histosols,0.0,,760.0,Teignbridge,EX6,818.0,1.436920812,1.647890996,0.2975680196962504,0.0351912669461284,0.0353265767062218,0.1172313130579966,0.1575698410995367,0.2211432164560943,0.1139653332855619,0.0220044327522096,50.667058194809265,-3.673484951083934,486954.5,0
SW11 3TX,526534,175823,Unsurveyed/Urban,10.0,,650.0,Wandsworth,SW11,2402.0,0.158281064,0.181520051,0.5646683682823465,0.0446549426985812,0.0329784898800298,0.0633090880032636,0.1238319425818527,0.0523964903014858,0.1034882640051543,0.0146724142472858,51.46723797886487,-0.17976069110028126,486954.5,0
BS37 4YN,371389,182380,Unsurveyed/Urban,0.0,River Frome,0.0,,BS37,277.0,0.206063463,0.236317912,0.104074122636628,0.0167590413077527,0.0311945376807781,0.1339963826278826,0.3643525534484923,0.2593488821633212,0.0637784281749432,0.0264960519602016,51.539588115533135,-2.413926853971836,486954.5,0
BH17 7TW,402902,93893,Podsols,30.0,,1750.0,"Bournemouth, Christchurch and Poole",BH17,186.0,0.292597309,0.335556745,0.006255852768152,0.0106142571595853,0.0131483514822879,0.1865772885162959,0.4984475412317972,0.2733000281980166,0.0098903821483802,0.0017662984954844,50.74463591360781,-1.9602354363115244,486954.5,0
SE1 6UB,533378,178838,Unsurveyed/Urban,10.0,,1400.0,Southwark,SE1,2207.0,0.044146882,0.050628572,0.1889019326986313,0.0354877516016428,0.1131022358923201,0.1068875978664788,0.1068198045820465,0.1491913443923626,0.2392821590041381,0.0603271739623795,51.492761970704315,-0.08015233038892611,486954.5,0
TQ13 8PR,274734,88024,,290.0,,990.0,Teignbridge,TQ13,2549.0,0.765850859,0.878293866,0.3579443543687527,0.0791384590521313,0.0462407943565621,0.0917553509427212,0.1425591510531404,0.1564219337503083,0.1134091971429283,0.0125307593334554,50.67835491159855,-3.7743264245853285,486954.5,0
BN12 6JN,511251,103830,,10.0,,1540.0,Worthing,BN12,217.0,0.336153478,0.385507876,0.0188278876850972,0.0235673647047599,0.2214112580438796,0.5023543421728778,0.1567918224807409,0.0390159186554882,0.0339872813983482,0.0040441248588078,50.82333323415475,-0.42190658050021895,486954.5,0
BS37 7BX,372337,184979,,90.0,,110.0,,BS37,277.0,0.206063463,0.236317912,0.104074122636628,0.0167590413077527,0.0311945376807781,0.1339963826278826,0.3643525534484923,0.2593488821633212,0.0637784281749432,0.0264960519602016,51.56300360454494,-2.4004635739738185,486954.5,0
RG24 4EE,462321,153521,Unsurveyed/Urban,0.0,River Loddon,1750.0,Basingstoke and Deane,RG24,2053.0,0.172952689,0.19834578,0.0357247344924473,0.0140952159407374,0.0145564655491574,0.0674536199789938,0.4477433293223413,0.1804908659171337,0.2331989073981327,0.006736861401056,51.27743417452417,-1.1079159052715435,486954.5,0
GU22 7YB,499800,157800,,40.0,Hoe Stream,0.0,Woking,GU22,941.0,0.27017581,0.309843299,0.0553896102142053,0.1306596773897126,0.0925680538476107,0.2340943966374044,0.1351827369821834,0.1894315551293174,0.1493599632485967,0.0133140065509692,51.310573598281174,-0.5695469886162843,486954.5,0
PO33 4DL,456062,90400,,40.0,,610.0,Isle of Wight,PO33,2015.0,0.230106752,0.26389126,0.356641872837658,0.0531100567186661,0.0421461446763013,0.0895442819324133,0.2102584359650776,0.1322211539394183,0.1094731325093019,0.0066049214211632,50.71053868745309,-1.2073631506069533,486954.5,0
DT11 7RQ,388637,106506,Unsurveyed/Urban,0.0,River Stour,1740.0,Dorset,DT11,636.0,1.089455613,1.249410601,0.2717552731304682,0.0328449569999821,0.0236430560340591,0.1373349170610041,0.2141435214101724,0.1724857397717859,0.1163556103043824,0.0314369252881454,50.85795164575046,-2.1628088509674623,486954.5,0
TQ4 5LD,288409,60415,Unsurveyed/Urban,20.0,,960.0,,TQ4,2553.0,0.429565595,0.492634855,0.246545786009571,0.1080316467968989,0.1007412717030294,0.1104484237551394,0.2076208592129483,0.1254429085816075,0.0957489860940885,0.0054201178467167,50.4329489673056,-3.5725764123290324,486954.5,0
TN9 2DR,559635,145833,Unsurveyed/Urban,0.0,,530.0,Tonbridge and Malling,TN9,2544.0,0.227920445,0.261383958,0.1957713209272154,0.0846426018599394,0.2291389053290961,0.1092867202673512,0.1051827403567972,0.1141068802045727,0.1496444704628501,0.0122263605921777,51.18943074030111,0.28298264909439463,486954.5,0
RG4 9RJ,470936,180104,Luvisols,0.0,Berry Brook,5430.0,South Oxfordshire,RG4,2061.0,0.237379503,0.272231805,0.1217092919667951,0.1098497135663398,0.1176302199614478,0.1481050101189018,0.2573314612264737,0.1190420546510233,0.1092323049327319,0.0170999435762863,51.51541497958453,-0.9791212604608243,486954.5,0
SL6 3GS,489271,180741,,30.0,White Brook,0.0,Windsor and Maidenhead,SL6,2279.0,0.428118838,0.490975684,0.1217311523087976,0.0993805497911236,0.0512736585531822,0.1842891003727085,0.2964334803890767,0.0953515276740988,0.1241559033510816,0.0273846275599306,51.5185451114606,-0.7147951425735901,486954.5,0
RH15 0NG,532787,119523,,40.0,,780.0,,RH15,2077.0,0.408111418,0.468030754,0.0868717961215624,0.040209468729161,0.0366954146395113,0.3021263418783442,0.2555870993009638,0.1517598090560966,0.1098321831731307,0.0169178871012297,50.9598407859173,-0.11061783746455217,486954.5,0
SE5 5DJ,532295,176697,,0.0,River Thames,3960.0,Southwark,SE5,2230.0,0.030855862,0.035386151,0.2767118369488819,0.0742095943943915,0.0537964072231845,0.2739438226821204,0.1380594308222328,0.042428701069402,0.1029204486597509,0.0379297582000358,51.47377603886827,-0.09654441943418425,486954.5,0
PL23 1AQ,212630,51760,,10.0,River Fowey,0.0,,PL23,1976.0,0.6594591,0.756281559,0.4165359888872313,0.0594428207813065,0.0625180316594522,0.1226901511224669,0.1477429095625689,0.063833050061766,0.1107347743861847,0.0165022735390232,50.33589319776792,-4.634285380891017,486954.5,0
SE5 7WG,532295,176697,Unsurveyed/Urban,10.0,,3960.0,Southwark,SE5,2230.0,0.030855862,0.035386151,0.2767118369488819,0.0742095943943915,0.0537964072231845,0.2739438226821204,0.1380594308222328,0.042428701069402,0.1029204486597509,0.0379297582000358,51.47377603886827,-0.09654441943418425,486954.5,0
TW3 9BZ,513939,175863,Unsurveyed/Urban,20.0,River Crane,0.0,Hounslow,TW3,2628.0,0.122599078,0.1405992,0.115055183537265,0.1965272740429863,0.1173662879856991,0.0321426500679636,0.0599687774935348,0.1180930629089647,0.3587437820415253,0.0021029819220609,51.47027098164095,-0.3609859842304068,486954.5,0
DA14 4BQ,546322,171893,Unsurveyed/Urban,60.0,Wyncham Stream,1610.0,,DA14,514.0,0.705300721,0.808853695,0.0996788551462019,0.0619499950233049,0.1746614891875226,0.1988926678919265,0.2562682064425959,0.1002541535788807,0.0867502969211426,0.0215443358084247,51.42715934123302,0.10329871226390838,486954.5,0
TA4 2RP,309991,130604,,130.0,,300.0,Somerset West and Taunton,TA4,2471.0,0.77833076,0.892606078,0.3268986718791957,0.0605087192828707,0.0468408306475117,0.1172473865717617,0.1386253340812775,0.1284276329659054,0.1294025096146252,0.0520489149568519,51.0676852661342,-3.2859670231238955,486954.5,0
BS12 3BB,357417,189110,Luvisols,10.0,Foss Ditch,1060.0,,BS12,,,,,,,,,,,,51.59921240892588,-2.6161919714861197,486954.5,0
EX14 1JR,316126,100593,Unsurveyed/Urban,0.0,,530.0,East Devon,EX14,773.0,0.741308698,0.850148399,0.2272233184584751,0.0340884150742716,0.0336257535229518,0.0842333405213597,0.1938930368702157,0.3125660163906148,0.0932520744861828,0.0211180446759282,50.7988054587727,-3.191514225561142,486954.5,0
BN3 6NU,529849,105989,,70.0,River Adur,6520.0,,BN3,233.0,0.251871085,0.288851055,0.3825143846656721,0.1209374770847395,0.1478199644546077,0.1236015740252155,0.1457403284897892,0.0343961489427273,0.0348421327068108,0.0101479896304375,50.838869874200945,-0.1572367888808036,486954.5,0
SW2 4PT,530300,173400,,50.0,River Thames,4980.0,,SW2,2419.0,0.131179322,0.150439204,0.5188811297953644,0.042342731873899,0.0865039325902105,0.1611779235057948,0.0819046677597943,0.031335834431126,0.0645310991123136,0.0133226809314971,51.44460939168422,-0.126466456573242,486954.5,0
BH20 9BF,392582,88553,Histosols,10.0,,1350.0,,BH20,190.0,0.963182521,1.104597965,0.1707971167689574,0.0435141861195241,0.0613331667595139,0.214785818040969,0.271527732017592,0.1579971986040702,0.0596579766758493,0.0203868050135238,50.69657295433317,-2.1063928142928483,486954.5,0
BH25 5WW,424066,95449,,40.0,,0.0,New Forest,BH25,195.0,0.392183932,0.449764778,0.0245771024295775,0.067049853455968,0.0784817920660851,0.2102677270503103,0.2962800724919215,0.2119321446603914,0.1057456932310035,0.0056656146147424,50.75814083839774,-1.6601776108195576,486954.5,0
TR11 3DG,180777,32994,Unsurveyed/Urban,0.0,Penryn River,0.0,Cornwall,TR11,2561.0,0.589466305,0.676012352,0.2596205141989022,0.1083911325100982,0.0770899799219655,0.1132455360545421,0.1698860084490751,0.1496539068629161,0.1110100188397645,0.011102903162736,50.15637171584717,-5.070391975347234,486954.5,0
SE12 0WZ,542733,174310,Unsurveyed/Urban,0.0,,1130.0,Greenwich,SE12,2210.0,0.101847951,0.116801371,0.1014545836586449,0.1488605929683803,0.1793427016587647,0.274575769968553,0.1609737597466129,0.0806786482536709,0.0314600515529825,0.0226538921923904,51.44979248279364,0.05268428188813701,486954.5,0
SO32 3PP,460787,114640,Stagnosols,70.0,River Meon,0.0,Winchester,SO32,2334.0,0.793262311,0.909729895,0.1718442394912815,0.0806921094462466,0.0383590806735211,0.1335652141031707,0.2205810840061471,0.2253433751232846,0.1117990860570194,0.0178158110993286,50.928018674379764,-1.136441663665372,486954.5,0
CR3 6LU,534215,155966,,140.0,,3780.0,Tandridge,CR3,446.0,0.677867221,0.77739238,0.0708058615150145,0.1457716018003741,0.2345731516473692,0.1928096518885664,0.1323038762686892,0.1025887810521244,0.1103699496900396,0.0107771261378224,51.28702390748994,-0.0767414709369067,486954.5,0
BS4 5RQ,363026,170256,,60.0,River Avon,0.0,"Bristol, City of",BS4,279.0,0.624203811,0.715850053,0.0519997659384665,0.223809488937031,0.3384536238166901,0.1114688454942305,0.0923171866754743,0.0829039048483814,0.0884206761369816,0.0106265081527442,51.43009247115962,-2.533231686025108,486954.5,0
SE6 4TX,537700,173900,Unsurveyed/Urban,20.0,Ravensbourne River,190.0,,SE6,2231.0,0.093062394,0.10672591,0.3014773581567396,0.3038829605472284,0.1506201683748317,0.0552312869931099,0.0459675927168031,0.0466793278860091,0.0704712976603717,0.0256700076649062,51.447353329056504,-0.01985785157776421,486954.5,0
SN11 0HS,399833,171004,Unsurveyed/Urban,70.0,River Marden,300.0,,SN11,2292.0,0.532090948,0.610213085,0.1747509569305398,0.030062958679133,0.0476776873517874,0.1601991164415492,0.1742424419378744,0.2082935190334886,0.1955682711685636,0.0092050484570638,51.43803199825782,-2.003792959772994,486954.5,0
GU14 7DW,488100,154812,Unsurveyed/Urban,70.0,,0.0,Rushmoor,GU14,932.0,0.383784743,0.440132412,0.1089413074201578,0.1080285548740009,0.037975853632411,0.1765175310997526,0.2193854397056363,0.1861089781493171,0.1483220092567843,0.0147203258619397,51.285642023643085,-0.7380978475780661,486954.5,0
PL8 1BX,254764,48063,Cambisols,30.0,,0.0,South Hams,PL8,1994.0,1.509949767,1.731642137,0.2853701376269903,0.0610765885791735,0.0701050813421761,0.1296120150026329,0.2154712441227556,0.0821720538793508,0.1525800475023518,0.0036128319445686,50.31457053175888,-4.0412490803337,486954.5,0
TQ12 5YB,287235,66079,Cambisols,0.0,,1080.0,Teignbridge,TQ12,2548.0,0.572427731,0.656472157,0.2858120761459928,0.0722436205983062,0.046843225110336,0.121060715487246,0.1268186386316623,0.2360083686448636,0.1032197820067565,0.0079935733748363,50.483641555422764,-3.590807356809417,486954.5,0
KT2 5ED,518292,169669,Unsurveyed/Urban,10.0,River Thames,0.0,Kingston upon Thames,KT2,1193.0,0.212439629,0.243630232,0.2841624748022618,0.0998957662486921,0.1241935364745615,0.1090535226429423,0.1348050537352599,0.1457150845245138,0.0987165026692886,0.0034580589024798,51.41370950716166,-0.3004118105802479,486954.5,0
SE9 3UG,544579,172463,Unsurveyed/Urban,50.0,,350.0,,SE9,2234.0,0.137509629,0.157698934,0.0468624794563049,0.1639752542405547,0.3433016055333362,0.2851990768625607,0.0917653351590489,0.0282971230129873,0.031029212322371,0.009569913412836,51.43272812244299,0.07847775939556773,486954.5,0
BS40 8EW,354125,165034,,100.0,,840.0,North Somerset,BS40,280.0,2.116140296,2.426834179,0.3169344360955041,0.0747685866474291,0.0541462236087149,0.1650145207910978,0.1646210863732141,0.1391633797934687,0.0719865162644503,0.0133652504261208,51.38248888203147,-2.660580101332759,486954.5,0
TQ1 9EW,290155,66144,Unsurveyed/Urban,60.0,,0.0,,TQ1,2545.0,0.284766788,0.32657654,0.3948242067709441,0.0993596460998123,0.0581668271657467,0.0630310513066344,0.1112308141165635,0.1152017768986909,0.1493626692016946,0.0088230084399133,50.48478109262565,-3.5496845907152466,486954.5,0
UB4 9QS,512104,182257,,30.0,Yeading Brook,1800.0,Hillingdon,UB4,2640.0,0.146063811,0.167509049,0.0025500423899484,0.0885964540159818,0.3959848417198414,0.1911505974839702,0.1323347293099702,0.1453112975101074,0.038654308095508,0.0054177294746723,51.528105731405326,-0.38536399275723215,486954.5,0
SE15 1SS,535100,177600,Unsurveyed/Urban,0.0,River Thames,2590.0,Southwark,SE15,2213.0,0.04735561,0.054308409,0.2698690172330926,0.0263900041575359,0.0157020538293324,0.116992147733362,0.2480310318664789,0.0736157361915208,0.1698862803067853,0.0795137286818918,51.48122846068446,-0.05583637538300965,486954.5,0
BA14 0FL,386254,155213,Planosols,40.0,River Biss,0.0,Wiltshire,BA14,125.0,0.20826038,0.238837382,0.1680116126927888,0.046180643862032,0.0633714919303482,0.1202408744481996,0.2275408424379026,0.1726454281362602,0.1934838898180081,0.0085252166744601,51.29587589082689,-2.198532925394773,486954.5,0
PO36 9YX,459022,83943,Luvisols,20.0,,980.0,,PO36,2018.0,0.169006321,0.193820002,0.2885563956491894,0.0681466191126291,0.0681974386797436,0.1200810211431654,0.1628731711718974,0.148205300196874,0.1344130789391871,0.0095269751073137,50.652186347641646,-1.1664743844293775,486954.5,0
BS11 9AX,351511,178193,Unsurveyed/Urban,10.0,River Avon,0.0,"Bristol, City of",BS11,254.0,0.281113542,0.32238692,0.0403095210313422,0.2173761983961776,0.1765370030229464,0.3668873043236952,0.0784541487076664,0.0558126872810972,0.0554066485794446,0.0092164886576301,51.500582090857726,-2.6999454507519323,486954.5,0
HA6 9EH,509824,190617,Unsurveyed/Urban,70.0,,1090.0,,HA6,972.0,0.355946992,0.408207494,0.0141546341433321,0.177401099485937,0.1971444737018834,0.167314926928296,0.2314862195605023,0.1254744581693601,0.0775042776205669,0.0095199103901218,51.60369236731387,-0.4156079888237876,486954.5,0
PO2 0BN,464918,102300,,10.0,,1960.0,,PO2,2007.0,0.308771139,0.354105234,0.2909531642100123,0.2671607607830878,0.0901683762510737,0.0855206467678627,0.1399162635998129,0.0596445510866711,0.0606972643206834,0.0059389729807959,50.81661707784019,-1.079856711116087,486954.5,0
BS8 2LS,357849,173808,Unsurveyed/Urban,60.0,,1140.0,"Bristol, City of",BS8,287.0,0.286644827,0.328730314,0.5701743008408849,0.1249180947905566,0.0121658148552043,0.0531426404175625,0.0814832969254836,0.0616587615424263,0.0841177131174003,0.0123393775104811,51.461666126531654,-2.6081187256054497,486954.5,0
PO21 3JW,489605,98725,Unsurveyed/Urban,10.0,Pagham Rife,0.0,Arun,PO21,2009.0,0.402392128,0.461471751,0.0993558473881589,0.140833918709728,0.1114780769990367,0.1202264016608426,0.233652561381036,0.1603059526567674,0.1140037680381234,0.0201434731663067,50.781188117749686,-0.7303748717652926,486954.5,0
GU14 6DY,487584,153965,Unsurveyed/Urban,70.0,,800.0,Rushmoor,GU14,932.0,0.383784743,0.440132412,0.1089413074201578,0.1080285548740009,0.037975853632411,0.1765175310997526,0.2193854397056363,0.1861089781493171,0.1483220092567843,0.0147203258619397,51.278107272315204,-0.7457023712565217,486954.5,0
SO1 5EN,440646,113435,,20.0,,1110.0,,SO1,,,,,,,,,,,,50.918950376660895,-1.4231399851234685,486954.5,0
GU11 9WF,486560,150681,Unsurveyed/Urban,90.0,,0.0,,GU11,930.0,0.261272995,0.299633363,0.1517444063507586,0.0870803925535847,0.0462603048245189,0.0715834295370203,0.2572459499407178,0.1984262874247996,0.1746773583190238,0.012981871049576,51.248741314050655,-0.7611734603447203,486954.5,0
CR2 6TG,532904,165801,Unsurveyed/Urban,60.0,River Wandle,3530.0,,CR2,445.0,0.163456179,0.187454983,0.1105335840235248,0.1723058945150478,0.2783596668367117,0.1713030834657873,0.1168137615065056,0.0658236108256284,0.0689560951602334,0.0159043036665607,51.375715675785834,-0.09186414748980762,486954.5,0
PO33 1HX,459774,91459,,0.0,,390.0,Isle of Wight,PO33,2015.0,0.230106752,0.26389126,0.356641872837658,0.0531100567186661,0.0421461446763013,0.0895442819324133,0.2102584359650776,0.1322211539394183,0.1094731325093019,0.0066049214211632,50.719691773510625,-1.1546250883072533,486954.5,0
GU14 7XB,487203,154118,Unsurveyed/Urban,80.0,,1650.0,Rushmoor,GU14,932.0,0.383784743,0.440132412,0.1089413074201578,0.1080285548740009,0.037975853632411,0.1765175310997526,0.2193854397056363,0.1861089781493171,0.1483220092567843,0.0147203258619397,51.27954105945357,-0.7511260403334922,486954.5,0
SW14 7WA,520532,175905,Unsurveyed/Urban,0.0,River Thames,0.0,Richmond upon Thames,SW14,2405.0,0.456766054,0.523828914,0.2414998171679613,0.3292762678901956,0.1364798775468457,0.099278537841897,0.0440879547541968,0.0483526935235864,0.0868290888119503,0.0141957624633665,51.469283888193544,-0.266096202472159,486954.5,0
PL2 2YS,245918,57109,Unsurveyed/Urban,40.0,,1140.0,Plymouth,PL2,1972.0,0.246611556,0.282819317,0.1712924737317734,0.2663253457068867,0.151288540501337,0.2004900833844617,0.0736782808770523,0.052407121852606,0.0815146314770687,0.0030035224688139,50.393617929963796,-4.16910603836184,486954.5,0
DA6 7HG,548921,175088,,50.0,,1590.0,,DA6,523.0,0.179343636,0.205675053,0.1851425225957309,0.1014355595530431,0.3342356230218417,0.1789295822800382,0.0919774520809804,0.0494131419128061,0.0442451723696536,0.0146209461859058,51.45519087731182,0.14199772480275805,486954.5,0
BN3 3FW,528984,105133,Unsurveyed/Urban,20.0,River Adur,5530.0,,BN3,233.0,0.251871085,0.288851055,0.3825143846656721,0.1209374770847395,0.1478199644546077,0.1236015740252155,0.1457403284897892,0.0343961489427273,0.0348421327068108,0.0101479896304375,50.831369501501285,-0.16981589123806645,486954.5,0
TR13 0AL,163907,32403,Histosols,100.0,,1750.0,,TR13,2563.0,0.639523367,0.733418843,0.3163185479902636,0.0206932922580739,0.0357172264496139,0.1471166397812888,0.2474774554861782,0.1156931449181531,0.1060207361103453,0.0109629570060829,50.1445862832778,-5.30579784557538,486954.5,0
BA3 2EX,366461,153957,Arenosols,100.0,,0.0,Bath and North East Somerset,BA3,132.0,0.539025834,0.618166159,0.2648312876841303,0.0754198749860994,0.0531182204269028,0.1393471293552778,0.2096754883327112,0.1268043505868625,0.1060187506937865,0.0247848979342291,51.2837566641831,-2.4822817523550134,486954.5,0
RG26 5XY,470135,173949,Unsurveyed/Urban,0.0,,1640.0,Reading,RG26,2055.0,0.409326983,0.46942479,0.0737208562456788,0.023459370044218,0.0287966094876581,0.2916979480456477,0.3317218168264688,0.1449894018253132,0.095392373780513,0.0102216237445022,51.46018083891415,-0.9918834793945704,486954.5,0
BH24 2QX,410896,103536,Podsols,20.0,,1610.0,,BH24,194.0,1.182923974,1.356602082,0.1476413113233054,0.097081433508655,0.0775863053442112,0.1888456616368079,0.2164019743744753,0.1679059827197191,0.0843920424367066,0.0201452886561192,50.8312575033854,-1.846652923850057,486954.5,0
RG20 9NJ,448395,157694,Luvisols,130.0,,2150.0,Basingstoke and Deane,RG20,2049.0,1.263278182,1.448753977,0.2524780501259238,0.0795934768408989,0.0329125714908327,0.1538101900463795,0.1648313654710301,0.1312880260625096,0.1416728048757184,0.0434135150867067,51.31630450957374,-1.3069844440128515,486954.5,0
GU1 4PA,499682,150238,,40.0,River Wey,610.0,Guildford,GU1,928.0,0.535788485,0.614453498,0.329575717721079,0.1164141090869413,0.0539501750782811,0.1172658094892104,0.1513084494813172,0.0804135215885872,0.138544091219137,0.0125281263354464,51.24261932511494,-0.5733463066379998,486954.5,0
BS24 0AP,332359,155705,,10.0,River Axe,0.0,North Somerset,BS24,264.0,0.509868468,0.584727878,0.0835393960734021,0.0291511143991024,0.0297837411673078,0.1720980474489127,0.2425490025933249,0.2020766839641571,0.2237270776215738,0.0170749367322188,51.29643638089857,-2.9715264280201605,486954.5,0
SE6 1JL,539687,173170,Unsurveyed/Urban,30.0,Ravensbourne River,0.0,,SE6,2231.0,0.093062394,0.10672591,0.3014773581567396,0.3038829605472284,0.1506201683748317,0.0552312869931099,0.0459675927168031,0.0466793278860091,0.0704712976603717,0.0256700076649062,51.44030734466831,0.00842891703819879,486954.5,0
PO2 7EE,464964,101641,,10.0,,2250.0,Portsmouth,PO2,2007.0,0.308771139,0.354105234,0.2909531642100123,0.2671607607830878,0.0901683762510737,0.0855206467678627,0.1399162635998129,0.0596445510866711,0.0606972643206834,0.0059389729807959,50.81068661978969,-1.079320299616349,486954.5,0
RH14 9UN,508932,125106,,0.0,Par Brook,0.0,Horsham,RH14,2076.0,1.043740334,1.196983358,0.1586089243105517,0.0451058962155175,0.0365656851191786,0.144782642483379,0.2572086854778284,0.1473058850029031,0.178901149052238,0.0315211323384034,51.01502528476339,-0.44846967659245757,486954.5,0
TR13 9EJ,163081,25349,,10.0,,960.0,Cornwall,TR13,2563.0,0.639523367,0.733418843,0.3163185479902636,0.0206932922580739,0.0357172264496139,0.1471166397812888,0.2474774554861782,0.1156931449181531,0.1060207361103453,0.0109629570060829,50.08092217545896,-5.312960547931762,486954.5,0
SO40 9GR,436244,112544,,10.0,Bartley Water,220.0,New Forest,SO40,2335.0,0.287009916,0.329149006,0.0489006999408467,0.1153628403755316,0.0676981813514409,0.167956826500835,0.3258819066929052,0.1862254342195718,0.0721934292834184,0.0157806816354501,50.9112309275122,-1.4858484299663755,486954.5,0
SL5 7ET,492580,168602,,80.0,,0.0,Windsor and Maidenhead,SL5,2278.0,0.415718957,0.476755239,0.1607354472639593,0.0699950827563735,0.0314174278598964,0.2417381853665069,0.1823036672037497,0.113785532588605,0.1609871716535046,0.0390374853074043,51.40889457081556,-0.6702934568073529,486954.5,0
GU21 6JN,500603,158784,Unsurveyed/Urban,40.0,Basingstoke Canal,0.0,Woking,GU21,940.0,0.39151923,0.449002484,0.0860430262790932,0.106951409914956,0.0722542478928643,0.2110504506966043,0.2357436179545269,0.1590884531601633,0.1200162528579353,0.0088525412438563,51.31927744586183,-0.5577528745675527,486954.5,0
SW9 9RF,530614,175776,,20.0,River Thames,3400.0,Lambeth,SW9,2427.0,0.052000541,0.059635314,0.2707850960851926,0.0242710811443289,0.0397017735788459,0.1045230524334408,0.2911090441169792,0.0629374658342771,0.1936547476272975,0.0130177391796377,51.46588952336219,-0.12107425528051739,486954.5,0
GU14 6BW,487306,154024,,80.0,,1080.0,Rushmoor,GU14,932.0,0.383784743,0.440132412,0.1089413074201578,0.1080285548740009,0.037975853632411,0.1765175310997526,0.2193854397056363,0.1861089781493171,0.1483220092567843,0.0147203258619397,51.278680276282074,-0.7496726103635671,486954.5,0
UB3 2SU,508684,181677,,0.0,,0.0,Hillingdon,UB3,2639.0,0.216519585,0.248309212,0.0066289867113345,0.2243327944180951,0.2992633152216905,0.0876335856081827,0.2154099020461771,0.0614065372105449,0.1041274617017949,0.0011974170821801,51.52356055454113,-0.4348234892437306,486954.5,0
DA3 7NA,561606,168772,Unsurveyed/Urban,80.0,River Darent,6200.0,,DA3,520.0,0.85107518,0.976030909,0.0621685499156292,0.0440428440023435,0.0442763940835076,0.199989279841055,0.4108504125852188,0.1305105189552755,0.098677373715092,0.0094846269018783,51.394971155571554,0.32153710705793326,486954.5,0
EX17 5LH,275049,104819,Stagnosols,90.0,Knighty Brook,0.0,Mid Devon,EX17,776.0,1.012963922,1.161688322,0.3168918257972922,0.0300919491043021,0.037153914944091,0.1163426940552493,0.1971607502686798,0.1632817090101785,0.134100983090128,0.0049761737300787,50.82938132887579,-3.7755749394021487,486954.5,0
BA3 3UG,367893,154490,Arenosols,0.0,River Somer,440.0,Bath and North East Somerset,BA3,132.0,0.539025834,0.618166159,0.2648312876841303,0.0754198749860994,0.0531182204269028,0.1393471293552778,0.2096754883327112,0.1268043505868625,0.1060187506937865,0.0247848979342291,51.288631946511394,-2.4617979292065733,486954.5,0
BS20 7AT,347429,176572,,10.0,,470.0,North Somerset,BS20,260.0,0.560782723,0.643117416,0.1100846732826928,0.0630732615977742,0.0348033733211335,0.1864969894393466,0.2352693203860655,0.1313338321733093,0.2226365631921541,0.0163019866075237,51.48564242399458,-2.758505117400852,486954.5,0
KT15 3JB,505266,162861,Luvisols,20.0,,1050.0,,KT15,1188.0,0.210841348,0.24179729,0.0904624490231359,0.0590054789621796,0.1931837144685847,0.2495070182993989,0.1350996324250539,0.1599315936735254,0.1016502309018919,0.0111598822462294,51.35508117919886,-0.4896603172713668,486954.5,0
DA6 8BA,548500,175300,Unsurveyed/Urban,50.0,River Shuttle,1580.0,,DA6,523.0,0.179343636,0.205675053,0.1851425225957309,0.1014355595530431,0.3342356230218417,0.1789295822800382,0.0919774520809804,0.0494131419128061,0.0442451723696536,0.0146209461859058,51.45720624413321,0.1360318256705967,486954.5,0
BN20 0EF,555343,98209,,110.0,,4180.0,Wealden,BN20,225.0,0.713207785,0.817921682,0.1892362368017012,0.1520489407755467,0.0993948230771531,0.204411506117293,0.2248128843141384,0.0738911149269032,0.043201477728245,0.0130030162590191,50.76268367997783,0.20128179083553008,486954.5,0
TN24 8ZA,601227,143045,Unsurveyed/Urban,50.0,Great Stour,640.0,,TN24,2521.0,0.3101333,0.355667389,0.1911177567854704,0.078216699338784,0.0512839633963431,0.1245817157637056,0.2660125399566774,0.1499741057610513,0.1186575862253705,0.0201556327725973,51.15127592062265,0.8758810239504051,486954.5,0
SN15 3AL,392491,172748,Leptosols,60.0,River Avon,0.0,Wiltshire,SN15,2309.0,1.309775736,1.50207835,0.1983239291589648,0.0298963080407562,0.0574074958328999,0.1805007520862239,0.151929482543714,0.2222477131984286,0.154245383243537,0.0054489358954752,51.45366198994716,-2.1094572257348276,486954.5,0
SM1 2HR,524919,164529,Unsurveyed/Urban,0.0,,0.0,,SM1,2283.0,0.201136083,0.230667089,0.1428541774972826,0.1783996871456989,0.1262757099734224,0.0569345968723828,0.2142208134361157,0.0964079407129082,0.173176250022964,0.0117308243392251,51.36609527157379,-0.2069745495349214,486954.5,0
BA4 5LG,362026,143686,,0.0,River Sheppey,0.0,Mendip,BA4,133.0,0.91984185,1.054893971,0.2825495556535652,0.0335679561991111,0.0398163330595238,0.104716611304434,0.1627555351589815,0.1771030880210768,0.1572200680590758,0.0422708525442315,51.191126051089554,-2.5447774604453954,486954.5,0
EX20 4HU,252549,91441,Cambisols,0.0,,1050.0,West Devon,EX20,780.0,1.012882828,1.161595322,0.406033428329885,0.0472238332261827,0.034580757358483,0.0712342489464538,0.1194134607349923,0.1308329485525276,0.1822284520391318,0.0084528708123434,50.70386099065955,-4.089482267040298,486954.5,0
TN21 8AN,558399,120720,Luvisols,0.0,Waldron Gill,0.0,Wealden,TN21,2518.0,0.868260365,0.99573924,0.2135385698895131,0.0903225189793078,0.0587880105766209,0.1305670762430332,0.194344990025779,0.1883313092407197,0.0980101042868205,0.0260974207582054,50.96413107596993,0.2543149876749163,486954.5,0
DA15 8UB,546143,172855,,30.0,Wyncham Stream,870.0,Bexley,DA15,515.0,0.168704257,0.193473589,0.0713238822712505,0.0623908610626606,0.4685777377004471,0.0669237380476659,0.1648924151554233,0.0978216839961279,0.054835560306461,0.0132341214599633,51.435849559220614,0.10112243068172203,486954.5,0
BN3 1WE,529752,105134,Unsurveyed/Urban,30.0,,0.0,,BN3,233.0,0.251871085,0.288851055,0.3825143846656721,0.1209374770847395,0.1478199644546077,0.1236015740252155,0.1457403284897892,0.0343961489427273,0.0348421327068108,0.0101479896304375,50.831207003605726,-0.1589160493544955,486954.5,0
PO22 7DW,495033,99573,Unsurveyed/Urban,0.0,Aldingbourne Rife,0.0,Arun,PO22,2010.0,0.261585719,0.299992002,0.0512589121470728,0.0666218888479411,0.1444617641980892,0.1726788690407913,0.2993125305986305,0.1362204813546721,0.1070371289673132,0.0224084248454894,50.787948597389224,-0.6531850598053041,486954.5,0
PO19 2XQ,487551,104560,,10.0,River Lavant,1810.0,Chichester,PO19,2006.0,0.229863698,0.263612521,0.1537832067600443,0.0761688956371526,0.0789345394812491,0.1133791585970647,0.1799014080212147,0.1646075316284436,0.2099681963883651,0.0232570634864655,50.833960603175676,-0.7581123006002839,486954.5,0
SO2 7GR,443883,111442,Unsurveyed/Urban,0.0,River Itchen,0.0,Southampton,SO2,,,,,,,,,,,,50.900793168030454,-1.3773321103216203,486954.5,0
BH21 3YU,399096,96984,Podsols,70.0,,1130.0,Dorset,BH21,191.0,0.906240404,1.039295547,0.1643938939937587,0.0457826096776067,0.0489926349143491,0.1292331028626527,0.3005148569401333,0.2147215617292759,0.063086794534889,0.0332745453473342,50.772437867962914,-2.014186862622284,486954.5,0
PL30 4JL,211335,73554,Histosols,0.0,De Lank River,1850.0,Cornwall,PL30,1984.0,0.725609768,0.832144536,0.3826151501078951,0.0587494909869328,0.0326870490764153,0.0587646540042664,0.1539605987081104,0.1625421503416325,0.1385335866213933,0.0121473201533539,50.53126453318132,-4.6634328907517615,486954.5,0
BH1 9HH,409722,92041,Unsurveyed/Urban,40.0,,1960.0,,BH1,178.0,0.222037787,0.254637602,0.3799442913594394,0.0861054251412266,0.0662507571013077,0.0332213514520574,0.0788298097261119,0.150605124394084,0.1889138369575105,0.0161294038682621,50.72790878459806,-1.8636232749384183,486954.5,0
RG23 8ET,460672,152034,Unsurveyed/Urban,0.0,River Loddon,2850.0,Basingstoke and Deane,RG23,2052.0,0.23418401,0.268567146,0.0549324063945867,0.0238699205838549,0.02852348249194,0.1262160186973152,0.6191818156908345,0.07628424251812,0.0629716846220087,0.0080204290013395,51.264242544626754,-1.1318058536491065,486954.5,0
PO19 4HW,487355,105467,Unsurveyed/Urban,0.0,River Lavant,1740.0,Chichester,PO19,2006.0,0.229863698,0.263612521,0.1537832067600443,0.0761688956371526,0.0789345394812491,0.1133791585970647,0.1799014080212147,0.1646075316284436,0.2099681963883651,0.0232570634864655,50.842144457810804,-0.7606789358153035,486954.5,0
SO30 0WF,448725,114221,,30.0,,0.0,Eastleigh,SO30,2332.0,0.38422303,0.440635048,0.0249020915596781,0.0385065930045543,0.0353344032383077,0.1655748576538032,0.2653570289025919,0.3484951414149392,0.1083856430145373,0.0134442412115879,50.92539379412201,-1.3081111810633856,486954.5,0
SE27 0JX,531800,172100,Unsurveyed/Urban,0.0,,5060.0,Lambeth,SE27,2226.0,0.098682379,0.113171027,0.436995902115964,0.0891781263088782,0.0641007706395972,0.1387189994198821,0.1436469324659764,0.0554369295513093,0.0597626798890278,0.0121596596093646,51.43258000649985,-0.10537863521832706,486954.5,0
OX9 8PF,457300,195900,Luvisols,50.0,,0.0,,OX9,1814.0,0.576829207,0.661519861,0.2034463788766807,0.0532510469822961,0.0361404820331437,0.1705957275985523,0.3065890724615339,0.1377602557962535,0.072292716588694,0.0199243196628455,51.658972205172816,-1.173034146841722,486954.5,0
TW3 1DU,514461,175819,,20.0,,0.0,Hounslow,TW3,2628.0,0.122599078,0.1405992,0.115055183537265,0.1965272740429863,0.1173662879856991,0.0321426500679636,0.0599687774935348,0.1180930629089647,0.3587437820415253,0.0021029819220609,51.469770276666516,-0.35348819613623117,486954.5,0
PL2 2EU,245842,57289,Unsurveyed/Urban,0.0,Ham Brook,0.0,Plymouth,PL2,1972.0,0.246611556,0.282819317,0.1712924737317734,0.2663253457068867,0.151288540501337,0.2004900833844617,0.0736782808770523,0.052407121852606,0.0815146314770687,0.0030035224688139,50.39521560135005,-4.170248343910875,486954.5,0
GU51 1AN,479885,155364,Podsols,70.0,,840.0,Hart,GU51,960.0,0.501156398,0.574736693,0.0337019857818095,0.1126346115859348,0.0474281127582521,0.1552649744885219,0.2327145682954146,0.1968720092670341,0.214499153286704,0.0068845845363287,51.29181432610964,-0.8557449037822016,486954.5,0
TR1 1WJ,182961,43918,Cambisols,10.0,Truro River,0.0,Cornwall,TR1,2559.0,1.002348706,1.149514569,0.276684870718573,0.0273391922635733,0.0709631895622333,0.1496505263169253,0.1781005983830635,0.1409014494958585,0.1519086102809001,0.0044515629788728,50.255281509089066,-5.046106871808876,486954.5,0
TN9 9NH,559913,145919,Unsurveyed/Urban,0.0,Botany Stream,0.0,Tonbridge and Malling,TN9,2544.0,0.227920445,0.261383958,0.1957713209272154,0.0846426018599394,0.2291389053290961,0.1092867202673512,0.1051827403567972,0.1141068802045727,0.1496444704628501,0.0122263605921777,51.19012577962315,0.28699567360558104,486954.5,0
SO50 7BW,449519,118631,,0.0,,620.0,Eastleigh,SO50,2340.0,0.527765805,0.605252921,0.0536789843414966,0.1244859655323927,0.0765473450511869,0.1087893275931278,0.3722308383544808,0.1173954666649775,0.1394319724066107,0.0074401000557266,50.96497948889593,-1.2962167722922846,486954.5,0
GU17 7WS,482300,160800,Unsurveyed/Urban,0.0,,360.0,Hart,GU17,935.0,0.456726908,0.523784021,0.0477707723307772,0.0402260802653448,0.0206080865627963,0.2465154385988472,0.4177736371003976,0.1634566780538351,0.0512556801644933,0.0123936269235082,51.34033967448223,-0.8198658245525158,486954.5,0
RH2 0ES,526314,151212,Unsurveyed/Urban,110.0,,0.0,Reigate and Banstead,RH2,2082.0,0.569158036,0.652722401,0.219249316775353,0.1225238992022705,0.0948147782468984,0.1624984690772135,0.1534628285542136,0.1102142432401673,0.0905581992671963,0.046678265636687,51.24610355818921,-0.19165717061596918,486954.5,0
TQ2 7JU,289420,66123,Unsurveyed/Urban,50.0,,720.0,Torbay,TQ2,2551.0,0.656013591,0.752330178,0.2782081377755499,0.0549982905120747,0.0955999617450803,0.1453813467346539,0.1660443651842005,0.1216533469049747,0.1289745631536728,0.009139987989793,50.48445392343034,-3.5600345414419077,486954.5,0
ME13 9HY,604737,160779,Luvisols,20.0,,690.0,Swale,ME13,1509.0,0.546781282,0.627060269,0.4029079099410222,0.0509948273444853,0.0380167499492074,0.1298140832678249,0.1436049511326524,0.1184149878849974,0.0914407878283952,0.0248057026514148,51.30928526508964,0.9361240773907674,486954.5,0
SN11 8NL,400143,171140,,70.0,,1100.0,Wiltshire,SN11,2292.0,0.532090948,0.610213085,0.1747509569305398,0.030062958679133,0.0476776873517874,0.1601991164415492,0.1742424419378744,0.2082935190334886,0.1955682711685636,0.0092050484570638,51.439254919711104,-1.999333086911374,486954.5,0
SP11 9QY,426777,150993,Luvisols,130.0,,6680.0,Wiltshire,SP11,2346.0,0.413990929,0.474773501,0.1897705761689611,0.0614140296059519,0.0429702551874512,0.1394064335668314,0.1946647982880574,0.1502937394358884,0.1961165679382254,0.0253635998086329,51.25747574111995,-1.617662829092887,486954.5,0
RG12 8GF,485193,167323,,0.0,,0.0,,RG12,2043.0,0.244585074,0.280495305,0.0319528931446908,0.0121523064490536,0.0123981400056177,0.2445458110573393,0.3349395740210024,0.2073591034867175,0.145131391929596,0.0115207799059823,51.398553331413204,-0.7767818070721323,486954.5,0
SO4 0SF,428800,92200,Luvisols,10.0,Danes Stream,0.0,New Forest,SO4,,,,,,,,,,,,50.72870980277232,-1.5933173547589825,486954.5,0
BA12 7PF,381304,145836,Cambisols,130.0,,800.0,Wiltshire,BA12,123.0,0.839206404,0.962419547,0.3005047363141219,0.0292946066308487,0.0442715209470771,0.1478969087027853,0.2065738829589693,0.1771345727983489,0.0876740188566173,0.0066497527912312,51.211418267639836,-2.269033012778158,486954.5,0
BN21 2SB,559694,100536,,50.0,,0.0,,BN21,226.0,0.223086095,0.255839823,0.3889483667683823,0.1287845488218411,0.0286050778587647,0.1119642423169584,0.1390480402645078,0.0997378565192615,0.0754009226241937,0.0275109448260899,50.782412946335285,0.263934553564598,486954.5,0
RG41 4DZ,479611,167102,,70.0,,750.0,Wokingham,RG41,2063.0,0.529273587,0.606982077,0.0586760377678061,0.0658780110940363,0.0325978867789795,0.2347899045104684,0.2440598327393738,0.1986212285129299,0.1482016733829776,0.0171754252134281,51.39737629362484,-0.8570520518437462,486954.5,0
RG41 3HS,479565,169295,Unsurveyed/Urban,0.0,,540.0,,RG41,2063.0,0.529273587,0.606982077,0.0586760377678061,0.0658780110940363,0.0325978867789795,0.2347899045104684,0.2440598327393738,0.1986212285129299,0.1482016733829776,0.0171754252134281,51.417097408206885,-0.8572218682406204,486954.5,0
SE6 9EH,537721,172900,,0.0,,1680.0,,SE6,2231.0,0.093062394,0.10672591,0.3014773581567396,0.3038829605472284,0.1506201683748317,0.0552312869931099,0.0459675927168031,0.0466793278860091,0.0704712976603717,0.0256700076649062,51.43836204962834,-0.01994458683322134,486954.5,0
DT4 7EY,368106,79730,Unsurveyed/Urban,10.0,,600.0,,DT4,639.0,0.449549908,0.515553286,0.3608741129460552,0.0691640249628343,0.0986497050513563,0.113623161755429,0.1057593614326951,0.1220932747848793,0.1037865986685831,0.0260497603981674,50.61640011700033,-2.452169317042339,486954.5,0
SN11 8FW,400432,171739,Luvisols,80.0,,0.0,,SN11,2292.0,0.532090948,0.610213085,0.1747509569305398,0.030062958679133,0.0476776873517874,0.1601991164415492,0.1742424419378744,0.2082935190334886,0.1955682711685636,0.0092050484570638,51.444640771985014,-1.9951746971113111,486954.5,0
BA2 6YJ,376263,165296,,0.0,,2760.0,Bath and North East Somerset,BA2,128.0,0.573299514,0.657471935,0.3671386607741415,0.0811915683626933,0.0670379917329496,0.154720475682329,0.1428615218283728,0.0852851916793031,0.0824084194208571,0.0193561705193532,51.38620676199356,-2.3424990534244285,486954.5,0
RG20 5QY,452530,158812,Planosols,100.0,,80.0,,RG20,2049.0,1.263278182,1.448753977,0.2524780501259238,0.0795934768408989,0.0329125714908327,0.1538101900463795,0.1648313654710301,0.1312880260625096,0.1416728048757184,0.0434135150867067,51.32599047604375,-1.2474937535968427,486954.5,0
SW19 9JT,524321,170180,,0.0,River Wandle,0.0,Merton,SW19,2410.0,0.308988468,0.354354471,0.264660062189143,0.2123536171880402,0.0610799536312745,0.106396396534114,0.160228825625078,0.1018433386722242,0.0794357783017512,0.0140020278583745,51.417013376583455,-0.21358305896422447,486954.5,0
SL6 1NT,488760,181045,,30.0,White Brook,1410.0,Windsor and Maidenhead,SL6,2279.0,0.428118838,0.490975684,0.1217311523087976,0.0993805497911236,0.0512736585531822,0.1842891003727085,0.2964334803890767,0.0953515276740988,0.1241559033510816,0.0273846275599306,51.52135824980799,-0.7220813654314028,486954.5,0
BA14 4EW,385783,157995,,40.0,River Biss,510.0,Wiltshire,BA14,125.0,0.20826038,0.238837382,0.1680116126927888,0.046180643862032,0.0633714919303482,0.1202408744481996,0.2275408424379026,0.1726454281362602,0.1934838898180081,0.0085252166744601,51.32087914209867,-2.205399834832638,486954.5,0
BH7 7UZ,409725,92040,,0.0,The Bourne,1960.0,"Bournemouth, Christchurch and Poole",BH7,201.0,0.207659745,0.238148562,0.2268000170649949,0.1379980102494368,0.1825223315948522,0.0647265411121967,0.0167663570348249,0.2527648549954032,0.1078879513759825,0.0105339365723086,50.72789974234373,-1.8635807969274336,486954.5,0
SO45 6JJ,442632,107108,Unsurveyed/Urban,0.0,,520.0,New Forest,SO45,2339.0,0.511342995,0.586418897,0.0359135952894891,0.0456590588557036,0.0284625402842271,0.2538677262758231,0.3205180469252027,0.2209569619492083,0.0733179262282264,0.0213041441921192,50.861915666752985,-1.3956250560443602,486954.5,0
SL5 9FT,493767,167833,Podsols,0.0,,0.0,Windsor and Maidenhead,SL5,2278.0,0.415718957,0.476755239,0.1607354472639593,0.0699950827563735,0.0314174278598964,0.2417381853665069,0.1823036672037497,0.113785532588605,0.1609871716535046,0.0390374853074043,51.40178714571176,-0.6534350791432678,486954.5,0
KT20 5RE,523291,155971,Unsurveyed/Urban,0.0,,0.0,Reigate and Banstead,KT20,1194.0,0.282963774,0.324508805,0.0697274556250051,0.1475739014588556,0.1447839765286163,0.1412804727505605,0.1583844392306215,0.1914106051585301,0.0924100687195384,0.0544290805282721,51.289536123247274,-0.2333065025883205,486954.5,0
SW12 0BW,529064,173831,Unsurveyed/Urban,30.0,River Thames,3760.0,,SW12,2403.0,0.154953086,0.177703457,0.569338867463309,0.0970842262430252,0.0616532299772761,0.0755042356201705,0.0510495924232011,0.0522856332297954,0.0885834709244892,0.0045007441187332,51.44876545918395,-0.14408449949786925,486954.5,0
BN1 2WD,531040,104624,Unsurveyed/Urban,0.0,,7560.0,Brighton and Hove,BN1,214.0,0.393678702,0.451479012,0.4133781699105935,0.067869146497792,0.094435578216796,0.1207046072234547,0.0878514381613901,0.0896130620380274,0.1029660542004174,0.0231819437515286,50.82633336363249,-0.14081904804802858,486954.5,0
KT5 9XT,518842,168682,Unsurveyed/Urban,0.0,,260.0,,KT5,1201.0,0.154279654,0.17693115,0.1401257683901563,0.1507473513083677,0.3889379803537626,0.0606814876609153,0.1498342850749249,0.071897828273152,0.0352742708618079,0.0025010280769129,51.40472383797479,-0.29283727336826804,486954.5,0
PO19 9NB,485922,104179,Unsurveyed/Urban,10.0,,620.0,Chichester,PO19,2006.0,0.229863698,0.263612521,0.1537832067600443,0.0761688956371526,0.0789345394812491,0.1133791585970647,0.1799014080212147,0.1646075316284436,0.2099681963883651,0.0232570634864655,50.83077904589571,-0.781328255352065,486954.5,0
BA2 2DN,374144,163639,,0.0,River Avon,1350.0,,BA2,128.0,0.573299514,0.657471935,0.3671386607741415,0.0811915683626933,0.0670379917329496,0.154720475682329,0.1428615218283728,0.0852851916793031,0.0824084194208571,0.0193561705193532,51.37121489476791,-2.3728281557227966,486954.5,0
SM7 1DQ,524365,158973,,170.0,,0.0,Reigate and Banstead,SM7,2289.0,0.345421591,0.396136743,0.0153265077591153,0.0746173187296098,0.324086137401239,0.2218447840631692,0.1351135729094423,0.1167452823827114,0.1074587431518672,0.0048076536028455,51.31628303976824,-0.2168672625650169,486954.5,0
PO7 8XQ,467346,110204,Stagnosols,40.0,,930.0,,PO7,2027.0,0.322630386,0.369999309,0.0487276561215573,0.052043822817427,0.0650807969333066,0.3337773264346735,0.1905179940451339,0.196274226312149,0.1083771357583952,0.0052010415773572,50.887406857895215,-1.0439448564655314,486954.5,0
CT6 8DJ,615876,168074,Unsurveyed/Urban,10.0,,1550.0,Canterbury,CT6,469.0,0.682559694,0.782773807,0.1580979898085142,0.0954153648444562,0.1004708622218079,0.1856859545364608,0.1730364540303254,0.13145626731184,0.1492332202473556,0.0066038869992395,51.37067120322044,1.1001182048803466,486954.5,0
KT14 9BQ,506041,161877,Unsurveyed/Urban,0.0,,710.0,Elmbridge,KT14,1187.0,0.207817227,0.238329165,0.0396288751880634,0.0952381123033206,0.1189507141126713,0.2750050918928666,0.1992385264612272,0.136284005100369,0.1159361933900468,0.0197184815514348,51.346092517244024,-0.47882763461511224,486954.5,0
SN6 6EZ,409247,193573,,90.0,River Key,1230.0,,SN6,2317.0,0.683930221,0.784345556,0.1680614764808901,0.0390887887011189,0.0442911327237065,0.1728545054185314,0.3376920336387303,0.1190612737678581,0.1138353820015535,0.0051154072676109,51.64088488802561,-1.8677716317697166,486954.5,0
SW4 6DY,529448,175902,,0.0,,2850.0,Lambeth,SW4,2422.0,0.168513084,0.193254347,0.494626739741746,0.0403006204993124,0.0711697507874777,0.1198968174370655,0.0700485109247569,0.0386930417467064,0.140128046519618,0.0251364723433168,51.46728950887726,-0.13780430131351373,486954.5,0
TW1 2PY,517487,174436,Gleysols,10.0,River Thames,0.0,Richmond upon Thames,TW1,2615.0,0.254566884,0.291942654,0.1633639719075219,0.3274836912960837,0.1782913235956496,0.0391084313824185,0.1166450012667638,0.0914200084552904,0.0698842160616499,0.0138033560346219,51.45672086681772,-0.31040188172762956,486954.5,0
TN22 1DP,547207,122054,,0.0,,1110.0,Wealden,TN22,2519.0,0.672217812,0.770913519,0.1747644660311683,0.0581334808035981,0.0383940787231971,0.0873372550725993,0.2780876868555808,0.2488643147854155,0.0820152560121838,0.0324034617162568,50.97908482488976,0.09559261446915811,486954.5,0
SO53 4RA,442664,120314,Arenosols,30.0,,40.0,,SO53,2343.0,0.503682782,0.577634003,0.0077021118687724,0.0436345856725003,0.0545219545850407,0.2206911140436475,0.3826133943788175,0.1989550354522549,0.0857548743327238,0.0061269296662427,50.98065976492105,-1.3936295725665335,486954.5,0
BR7 5SX,540421,169620,Unsurveyed/Urban,70.0,Ravens Bourne,0.0,,BR7,250.0,0.150267848,0.172330328,0.1875181912114387,0.0495869175012141,0.1771542139845146,0.2166219309807374,0.1638545659099802,0.0722851744171545,0.1023024804693332,0.030676525525627,51.408225735461414,0.0175771277946659,486954.5,0
SM4 5JW,525968,168223,Unsurveyed/Urban,20.0,River Wandle,0.0,Merton,SM4,2286.0,0.193064935,0.221410926,0.030540190024546,0.1108183880745902,0.6657095872288125,0.0800912462246297,0.0324841576155684,0.0293920702795422,0.0489788329030586,0.0019855276492521,51.39906237489349,-0.19060527475324804,486954.5,0
CT4 5HP,619216,153064,,0.0,Nail Bourne,5940.0,Canterbury,CT4,467.0,0.53402333,0.612429182,0.2809332193647917,0.0563321817129782,0.068094363747007,0.1696805696570802,0.1919944077112509,0.0970621913652026,0.0846421456779251,0.0512609207637639,51.23462953798275,1.1388135841481994,486954.5,0
BS49 4ER,342817,165333,,10.0,,1500.0,North Somerset,BS49,283.0,0.468234809,0.536981523,0.1278873751880748,0.0415903728312599,0.0619452275856041,0.1885773800880045,0.3674595832781762,0.1324380354461245,0.0672887878738709,0.0128132377088848,51.38414821358831,-2.823100156911902,486954.5,0
RG29 1BE,473017,151400,Planosols,0.0,River Whitewater,0.0,Hart,RG29,2058.0,0.433554967,0.497209951,0.1890424768789127,0.0460431261336385,0.0804056899758896,0.151077535081141,0.2199257562168376,0.1513575930847087,0.1183542422285635,0.0437935804003081,51.25709744105812,-0.9550298948890342,486954.5,0
BN16 4LH,506762,104906,Gleysols,0.0,,870.0,Arun,BN16,221.0,0.623293673,0.714806288,0.0276420798256557,0.0351985681990142,0.1387721065933926,0.2217326510273485,0.2525705709328981,0.2028085920049127,0.106374306233811,0.0149011251829669,50.83385003290689,-0.48530092510634043,486954.5,0
KT17 4ED,521657,160859,,60.0,,1630.0,,KT17,1190.0,0.427542713,0.490314972,0.0837965784921707,0.1214348538816654,0.2317710409686733,0.1376176206747767,0.1763060725017772,0.1215931687524796,0.1140550122080478,0.0134256525204091,51.33381850040278,-0.25506170520129184,486954.5,0
PL4 9QY,249929,54294,Unsurveyed/Urban,10.0,River Plym,250.0,,PL4,1990.0,0.164096101,0.188188859,0.4927749962989284,0.1635240211716728,0.0764434867853432,0.0421345813111391,0.0349792129763385,0.0557152324423717,0.1250672894684616,0.0093611795457444,50.369357633047855,-4.111593155867366,486954.5,0
BH8 9HH,410847,93874,Unsurveyed/Urban,30.0,River Stour,0.0,"Bournemouth, Christchurch and Poole",BH8,202.0,0.2365306,0.271258264,0.1875799980215131,0.1768484272842359,0.0646807141193959,0.1113854855953968,0.186238787207652,0.124594932137977,0.1367028433514833,0.0119688122823457,50.74437255195401,-1.8476308780821016,486954.5,0
RG30 4YW,468455,173894,,0.0,River Thames,0.0,,RG30,2059.0,0.20329963,0.23314829,0.1574848811375089,0.1003643652036955,0.0786636027332062,0.2026430097541821,0.2172443434543595,0.077557260671667,0.1537723643393984,0.0122701727059821,51.45989170938058,-1.0160717801380008,486954.5,0
GU17 7NF,480989,160166,Unsurveyed/Urban,0.0,,1830.0,Hart,GU17,935.0,0.456726908,0.523784021,0.0477707723307772,0.0402260802653448,0.0206080865627963,0.2465154385988472,0.4177736371003976,0.1634566780538351,0.0512556801644933,0.0123936269235082,51.33482812842685,-0.8388267013468798,486954.5,0
SM1 9HB,525907,163866,,60.0,Pyl Brook,4120.0,Sutton,SM1,2283.0,0.201136083,0.230667089,0.1428541774972826,0.1783996871456989,0.1262757099734224,0.0569345968723828,0.2142208134361157,0.0964079407129082,0.173176250022964,0.0117308243392251,51.35991880094642,-0.19302439016956285,486954.5,0
PO13 9QU,455657,101294,Unsurveyed/Urban,10.0,River Alver,0.0,Gosport,PO13,2000.0,0.330857947,0.37943485,0.0181810857221165,0.0319703891368777,0.071519185518261,0.3263415754008577,0.2703933670136819,0.139789215072784,0.1368243259866048,0.0049808561488162,50.808533751729726,-1.211454567799101,486954.5,0
RG16 9RY,451048,173861,Planosols,120.0,,2240.0,West Berkshire,RG16,,,,,,,,,,,,51.46142907403091,-1.2666015121428078,486954.5,0
TW16 5BS,510520,170184,Unsurveyed/Urban,0.0,Portlane Brook,540.0,Spelthorne,TW16,2622.0,0.437642933,0.501898117,0.0485951132131141,0.0832689736855068,0.149041656060404,0.3335762521515147,0.1850471450356585,0.1005695584003557,0.0871671410092614,0.0127341604441844,51.419905052458674,-0.41196101949013053,486954.5,0
EX9 7HE,308200,85200,Cambisols,0.0,,0.0,East Devon,EX9,821.0,0.574678391,0.65905326,0.2041339863041601,0.1609755525249609,0.0968657931572143,0.1277479258179681,0.2156636350460845,0.0967538853099892,0.0825948692340228,0.0152643526055999,50.65921431286403,-3.300114794326571,486954.5,0
DA11 9ET,562432,174118,,30.0,River Thames,1230.0,Gravesham,DA11,511.0,0.362354515,0.415555775,0.1855772100213994,0.1549994983378158,0.1137460954234187,0.1725611514337922,0.1406518936745828,0.1079806892271256,0.1102000724256723,0.0142833894561928,51.442764579446255,0.335847319599332,486954.5,0
TQ10 9DD,270282,59667,Cambisols,0.0,,700.0,South Hams,TQ10,2546.0,0.746514823,0.856118894,0.3775592705964244,0.0385218681311094,0.0281739880432988,0.1470445678172746,0.1910589516873279,0.1374043731405646,0.0769134320020842,0.0033235485819158,50.42249671539361,-3.8274204365924183,486954.5,0
EX4 7YG,292269,92680,Unsurveyed/Urban,0.0,River Exe,970.0,Exeter,EX4,816.0,0.358391433,0.41101083,0.1781345604401778,0.0938182418190905,0.0727250681933979,0.134409254654084,0.1739546248543501,0.1234864037809699,0.20955317192491,0.0139186743330194,50.723723755502775,-3.5276046882621057,486954.5,0
SE6 9HG,537721,172900,,20.0,,1680.0,,SE6,2231.0,0.093062394,0.10672591,0.3014773581567396,0.3038829605472284,0.1506201683748317,0.0552312869931099,0.0459675927168031,0.0466793278860091,0.0704712976603717,0.0256700076649062,51.43836204962834,-0.01994458683322134,486954.5,0
SW9 8BE,530642,175436,Unsurveyed/Urban,0.0,River Thames,3710.0,,SW9,2427.0,0.052000541,0.059635314,0.2707850960851926,0.0242710811443289,0.0397017735788459,0.1045230524334408,0.2911090441169792,0.0629374658342771,0.1936547476272975,0.0130177391796377,51.4628275958441,-0.12079692887810521,486954.5,0
PO6 2HU,467183,104889,Unsurveyed/Urban,0.0,,0.0,Portsmouth,PO6,2026.0,0.182585756,0.209393183,0.0196686885341279,0.1571737283980127,0.2875828440853101,0.3046455601857843,0.069663103474921,0.1017128651583018,0.0571088035011186,0.0024444066624233,50.83963756264286,-1.0472360627989306,486954.5,0
RG25 1LR,474021,151080,Luvisols,0.0,Basingstoke Canal,810.0,,RG25,2054.0,0.853771284,0.979122858,0.2282807638226193,0.0658257406183663,0.0663302276528869,0.1555573265166495,0.2113917971822888,0.1368257507721359,0.1025289655281375,0.0332594279069154,51.25409127985951,-0.9407110161626848,486954.5,0
GU3 3PH,496851,154258,Podsols,40.0,,0.0,,GU3,949.0,0.85196458,0.977050891,0.197220161209075,0.1135970984553903,0.109684280306359,0.2144962193263511,0.1592565063901857,0.0991745509947216,0.0866978370873372,0.0198733462305797,51.279243008781926,-0.6128028461355058,486954.5,0
SO2 9GY,444534,110797,Unsurveyed/Urban,20.0,,0.0,Southampton,SO2,,,,,,,,,,,,50.894943709452676,-1.3681536062933028,486954.5,0
EX21 5NT,251338,105956,Cambisols,70.0,River Torridge,1230.0,,EX21,781.0,1.13950954,1.306813497,0.3870093424967653,0.0393532437351156,0.0205537363346198,0.0626065233745375,0.1230269300178776,0.1804427301333726,0.173224811300474,0.0137826826072374,50.83399135758914,-4.1124889921925005,486954.5,0
PO6 9BB,465600,105430,Unsurveyed/Urban,10.0,,2540.0,Portsmouth,PO6,2026.0,0.182585756,0.209393183,0.0196686885341279,0.1571737283980127,0.2875828440853101,0.3046455601857843,0.069663103474921,0.1017128651583018,0.0571088035011186,0.0024444066624233,50.84468317074386,-1.0696179201043188,486954.5,0
TW16 6NT,510010,169645,Unsurveyed/Urban,0.0,,2830.0,Spelthorne,TW16,2622.0,0.437642933,0.501898117,0.0485951132131141,0.0832689736855068,0.149041656060404,0.3335762521515147,0.1850471450356585,0.1005695584003557,0.0871671410092614,0.0127341604441844,51.41515953001797,-0.41945961106172747,486954.5,0
PO9 5NN,472669,108842,Unsurveyed/Urban,0.0,,1950.0,Havant,PO9,2029.0,0.362071869,0.415231632,0.0933711428245666,0.0428175429107254,0.029216306413472,0.434543367041582,0.1975914232474747,0.1017611909525199,0.0917994285295044,0.0088995980801547,50.87451712564036,-0.9685532721741258,486954.5,0
TN31 6UG,584472,124490,Planosols,30.0,,380.0,,TN31,2529.0,0.585062603,0.670962092,0.3095582145825539,0.0774784172005603,0.1144023877111285,0.0926035257118304,0.1711173023362883,0.1139929652837775,0.1001321914081211,0.0207149957657397,50.990245180983,0.6271325501340774,486954.5,0
BS35 4LW,355281,185331,Gleysols,0.0,The Pill,420.0,South Gloucestershire,BS35,275.0,0.323735349,0.371266505,0.1759558078582848,0.0247340597169915,0.0460610313066375,0.2001435813953669,0.3065433891305203,0.1544455469960289,0.0614671503809497,0.03064943321522,51.565070333459,-2.646546029334986,486954.5,0
W4 9DZ,520717,178385,,10.0,,1580.0,,W4,2666.0,0.223571615,0.256396629,0.3822048776915658,0.2100828586859058,0.055834723081815,0.0552055942955549,0.1036680468342057,0.1569640385441165,0.0328630551353425,0.0031768057314934,51.4915331411412,-0.26258728286510835,486954.5,0
BA16 0DP,348659,136747,Unsurveyed/Urban,20.0,Old Rhyne,590.0,,BA16,127.0,0.248139559,0.284571663,0.1637197362136152,0.0486394385105399,0.0462902423018923,0.1690688322471802,0.1873449772433696,0.1894262636346361,0.1766190570771731,0.0188914527715934,51.12768850904644,-2.735047781025367,486954.5,0
TN20 6UF,559337,127227,Luvisols,110.0,,2210.0,Wealden,TN20,2517.0,0.390708307,0.448072501,0.3202596427228904,0.1019584973706299,0.0860895339880684,0.1339818459990383,0.1131493249482204,0.1160583774380196,0.0852370759015351,0.0432657016315976,51.022339266546446,0.2705136411174008,486954.5,0
BN2 3QR,532109,105518,,0.0,River Adur,8670.0,Brighton and Hove,BN2,224.0,0.352781871,0.404577666,0.3725730146583231,0.0411599344247331,0.1070617303456833,0.1821683818606329,0.1174502708460555,0.1065365992606857,0.0595871355079352,0.0134629330959509,50.83412562710129,-0.12532780044783515,486954.5,0
GU1 9DD,499049,150522,,30.0,River Wey,1030.0,Guildford,GU1,928.0,0.535788485,0.614453498,0.329575717721079,0.1164141090869413,0.0539501750782811,0.1172658094892104,0.1513084494813172,0.0804135215885872,0.138544091219137,0.0125281263354464,51.24528236546133,-0.5823331546052322,486954.5,0
CT7 9SF,629636,169347,Unsurveyed/Urban,10.0,Brooksend Stream,0.0,Thanet,CT7,470.0,0.362971227,0.416263034,0.186611973107649,0.0982089898444037,0.0815007045937083,0.2553666161978403,0.1808831047939318,0.1232286206636563,0.0601089623173553,0.0140910284814551,51.376705935041514,1.2982898667940725,486954.5,0
TW19 5LZ,501551,174378,Unsurveyed/Urban,20.0,Colne Brook,1060.0,,TW19,2625.0,0.251741714,0.28870269,0.058784174882049,0.0884655613669064,0.104615992411592,0.3174553530192908,0.1855357823330166,0.1303541529678765,0.085396099994759,0.0293928830245095,51.459279319143604,-0.539698852885045,486954.5,0
PL26 6QY,201627,44993,Unsurveyed/Urban,0.0,,510.0,Cornwall,PL26,1979.0,0.623015508,0.714487282,0.2598449824271228,0.0956236742574315,0.0273127823009747,0.0912380054676103,0.1591926296139703,0.173540356985552,0.1888342861371671,0.0044132828101709,50.27150368434636,-4.785155995321778,486954.5,0
PO12 9FD,460019,100900,Unsurveyed/Urban,10.0,,2050.0,Gosport,PO12,1999.0,0.327486754,0.375568694,0.1734220653509278,0.0672842577082309,0.259403218215624,0.1214924891633967,0.1772589170319207,0.0955549075222819,0.1006993130153259,0.0048848319922917,50.80455641807792,-1.1496180756612653,486954.5,0
BS39 4AG,361756,163757,,40.0,River Chew,0.0,Bath and North East Somerset,BS39,278.0,0.596208829,0.683744819,0.2287314275151389,0.0581360339811204,0.0599446163009848,0.1817679028527174,0.2013811584396606,0.140096200871001,0.1224592488706019,0.0074834111687747,51.3715741099443,-2.5507960747349765,486954.5,0
UB10 0WG,505009,183132,Unsurveyed/Urban,30.0,,1320.0,Hillingdon,UB10,2636.0,0.22219304,0.254815649,0.0280990354025461,0.1187032829034376,0.2794856753416589,0.214947242577836,0.1735347576248253,0.1095911861218577,0.0724232272210551,0.003215592806783,51.53733300927729,-0.48734133827447407,486954.5,0
PO33 1GG,460524,91271,Planosols,0.0,,0.0,Isle of Wight,PO33,2015.0,0.230106752,0.26389126,0.356641872837658,0.0531100567186661,0.0421461446763013,0.0895442819324133,0.2102584359650776,0.1322211539394183,0.1094731325093019,0.0066049214211632,50.71792385539065,-1.144032863237762,486954.5,0
SO2 7BJ,444996,112595,Unsurveyed/Urban,40.0,River Itchen,1510.0,,SO2,,,,,,,,,,,,50.91107529614188,-1.3613639299836162,486954.5,0
RG26 5GP,465395,159735,Planosols,60.0,,1270.0,Basingstoke and Deane,RG26,2055.0,0.409326983,0.46942479,0.0737208562456788,0.023459370044218,0.0287966094876581,0.2916979480456477,0.3317218168264688,0.1449894018253132,0.095392373780513,0.0102216237445022,51.33295759209424,-1.0627144384073555,486954.5,0
RG40 4PX,479132,165321,Luvisols,0.0,,0.0,Wokingham,RG40,2062.0,0.859645084,0.985859055,0.1186921386988685,0.1088898312081677,0.0284863297352121,0.1802679694391878,0.2406740666139639,0.1876766074302581,0.108771098439934,0.0265419584344074,51.381432262591424,-0.8643321694663062,486954.5,0
EX1 1DD,291900,92200,Unsurveyed/Urban,0.0,River Exe,0.0,Exeter,EX1,768.0,0.287597215,0.329822533,0.2102957957350281,0.0571713076827558,0.0719133134784656,0.1140543216951682,0.2114854763895149,0.1006985459242297,0.2186892709431161,0.0156919681517214,50.71934021501485,-3.532689552980522,486954.5,0
BS37 7EG,370911,184708,Stagnosols,70.0,,0.0,South Gloucestershire,BS37,277.0,0.206063463,0.236317912,0.104074122636628,0.0167590413077527,0.0311945376807781,0.1339963826278826,0.3643525534484923,0.2593488821633212,0.0637784281749432,0.0264960519602016,51.560494965991545,-2.421012065026591,486954.5,0
CT14 0PB,632541,156106,,10.0,The Delf,1640.0,,CT14,457.0,0.614439816,0.704652498,0.3408110288150984,0.0816132146407463,0.0934806963047332,0.1061203850183487,0.1736981690116849,0.124682925475833,0.0602864935215174,0.0193070872120379,51.25666668929453,1.3313281567745967,486954.5,0
BS20 6YN,347240,175698,Gleysols,10.0,,430.0,,BS20,260.0,0.560782723,0.643117416,0.1100846732826928,0.0630732615977742,0.0348033733211335,0.1864969894393466,0.2352693203860655,0.1313338321733093,0.2226365631921541,0.0163019866075237,51.47776691479568,-2.7610959244437803,486954.5,0
SW15 6DY,523355,174767,,20.0,Beverley Brook,1160.0,Wandsworth,SW15,2406.0,0.130311175,0.149443596,0.230820802998854,0.1023080947183268,0.086526583920975,0.2264177775818287,0.1908474203625395,0.0375338806954286,0.1149590573409988,0.0105863823810484,51.45844869969792,-0.22587095714145616,486954.5,0
CT15 4DT,627642,150598,Cambisols,80.0,,6910.0,Dover,CT15,458.0,0.637970403,0.73163787,0.2000232224859345,0.1259050480528122,0.0785200974799201,0.1485385896665688,0.2714360344482747,0.0875813053610164,0.0478937639569255,0.0401019385485473,51.20919505231634,1.257743230623555,486954.5,0
BH31 6TH,409751,108085,Podsols,30.0,River Crane,900.0,,BH31,197.0,0.793155989,0.909607963,0.01837275772396,0.0238781144626849,0.0180323464051765,0.0558892730113806,0.2480978803183754,0.4457968616333614,0.169264225291842,0.0206685411532189,50.87218431160174,-1.8627913793067286,486954.5,0
TN27 9DF,582925,144892,,30.0,,1790.0,,TN27,2524.0,0.950798818,1.090396074,0.3079175306311941,0.0634692744115683,0.0437768001178898,0.1453284004393507,0.1756248256636702,0.1346070108974418,0.0953681609686472,0.0339079968702376,51.174004999068536,0.6154335172697134,486954.5,0
SP11 9LS,425786,149317,Leptosols,120.0,,4930.0,Wiltshire,SP11,2346.0,0.413990929,0.474773501,0.1897705761689611,0.0614140296059519,0.0429702551874512,0.1394064335668314,0.1946647982880574,0.1502937394358884,0.1961165679382254,0.0253635998086329,51.242451196867336,-1.6319840067817426,486954.5,0
SP6 1DB,413934,114142,Luvisols,30.0,Ashford Water,150.0,,SP6,2351.0,1.421333782,1.630015462,0.2449027919109948,0.1011140201366305,0.034290193931098,0.1360801649250539,0.2124343019679825,0.1532304763652246,0.0945188555339467,0.0234291952290689,50.92656603368305,-1.8031146624580743,486954.5,0
TN22 5GL,548368,119797,Planosols,30.0,Ridgewood Stream,0.0,Wealden,TN22,2519.0,0.672217812,0.770913519,0.1747644660311683,0.0581334808035981,0.0383940787231971,0.0873372550725993,0.2780876868555808,0.2488643147854155,0.0820152560121838,0.0324034617162568,50.958505308816314,0.11119923047695403,486954.5,0
TR4 8YN,175000,44600,,80.0,,0.0,Cornwall,TR4,2580.0,0.741936927,0.850868866,0.3395340148834098,0.0200283262714482,0.0365509225924488,0.0762553121012574,0.235488635246078,0.1667612420212637,0.113922424799745,0.0114591220843487,50.25842665870519,-5.158017095881327,486954.5,0
RG22 4AR,462369,150542,,100.0,,2040.0,,RG22,2051.0,0.266154875,0.305232006,0.0012068245368914,0.0137503456357173,0.0266146999776209,0.2165197162477585,0.4491066440361471,0.174456116095722,0.1155111175047307,0.0028345359654118,51.25064552771583,-1.1077464521086617,486954.5,0
SO45 5QX,441081,107085,Planosols,30.0,,1430.0,New Forest,SO45,2339.0,0.511342995,0.586418897,0.0359135952894891,0.0456590588557036,0.0284625402842271,0.2538677262758231,0.3205180469252027,0.2209569619492083,0.0733179262282264,0.0213041441921192,50.86182082840426,-1.417664070232764,486954.5,0
TA2 7LD,323364,126887,,40.0,Kingston Stream,700.0,Somerset West and Taunton,TA2,2464.0,0.471458727,0.54067878,0.1406268306938948,0.0834399598882757,0.0586245723018435,0.186862693539879,0.1460570398340595,0.1643746730610627,0.1841782891119699,0.0358359415690145,51.03621157995538,-3.0943627564201104,486954.5,0
EX20 2EQ,265779,101876,Cambisols,120.0,River Taw,0.0,,EX20,780.0,1.012882828,1.161595322,0.406033428329885,0.0472238332261827,0.034580757358483,0.0712342489464538,0.1194134607349923,0.1308329485525276,0.1822284520391318,0.0084528708123434,50.80085415260024,-3.9060490768365628,486954.5,0
TW18 1LQ,504822,170522,Unsurveyed/Urban,20.0,,2500.0,Spelthorne,TW18,2624.0,0.466780809,0.535314044,0.1642501632001199,0.1027349781955706,0.1211180534116263,0.2067041258783238,0.180964868240169,0.1619330476453515,0.053936590079346,0.0083581733494926,51.42402429966586,-0.4937749392704187,486954.5,0
RG4 8PD,471300,175700,,0.0,River Thames,1210.0,Reading,RG4,2061.0,0.237379503,0.272231805,0.1217092919667951,0.1098497135663398,0.1176302199614478,0.1481050101189018,0.2573314612264737,0.1190420546510233,0.1092323049327319,0.0170999435762863,51.47577714278261,-0.9747649165873207,486954.5,0
CT12 5HT,635000,164200,Luvisols,20.0,,0.0,,CT12,455.0,0.411227903,0.471604804,0.1211217470988489,0.1033760724045481,0.1438925125537486,0.2583280327760959,0.1937540518886474,0.0775427769316365,0.0873842444362874,0.0146005619101868,51.32831295474816,1.3718277434284813,486954.5,0
EX10 9PE,313286,89973,Unsurveyed/Urban,0.0,River Sid,0.0,East Devon,EX10,769.0,0.644082588,0.738647452,0.2326110206470539,0.1217392492685852,0.0810661349705154,0.1293509859082431,0.1980133582677753,0.1344058435315292,0.0828859619072792,0.0199274454990183,50.70290727572217,-3.22929911731645,486954.5,0
SM4 5QE,525000,167100,Unsurveyed/Urban,30.0,Pyl Brook,0.0,,SM4,2286.0,0.193064935,0.221410926,0.030540190024546,0.1108183880745902,0.6657095872288125,0.0800912462246297,0.0324841576155684,0.0293920702795422,0.0489788329030586,0.0019855276492521,51.38918365703292,-0.2049079559040018,486954.5,0
SE9 3LP,542715,172795,Unsurveyed/Urban,50.0,,0.0,Greenwich,SE9,2234.0,0.137509629,0.157698934,0.0468624794563049,0.1639752542405547,0.3433016055333362,0.2851990768625607,0.0917653351590489,0.0282971230129873,0.031029212322371,0.009569913412836,51.436183558831765,0.05181511572333734,486954.5,0
SW9 0ST,530699,176238,,10.0,River Thames,3060.0,Lambeth,SW9,2427.0,0.052000541,0.059635314,0.2707850960851926,0.0242710811443289,0.0397017735788459,0.1045230524334408,0.2911090441169792,0.0629374658342771,0.1936547476272975,0.0130177391796377,51.470021758503655,-0.11968062416335584,486954.5,0
BS34 5QU,358631,180982,Stagnosols,0.0,,1220.0,South Gloucestershire,BS34,274.0,0.315642193,0.361985103,0.0240228722516676,0.0156403658946971,0.1858685031627644,0.1930260451427104,0.2159522243819542,0.1305305744584269,0.2146409320608421,0.0203184826469369,51.52622529811888,-2.597706506197773,486954.5,0
TQ12 6YA,284743,69923,Cambisols,50.0,,630.0,Teignbridge,TQ12,2548.0,0.572427731,0.656472157,0.2858120761459928,0.0722436205983062,0.046843225110336,0.121060715487246,0.1268186386316623,0.2360083686448636,0.1032197820067565,0.0079935733748363,50.51771142480974,-3.6271050954579844,486954.5,0
SW15 2SN,524100,174900,,0.0,,0.0,,SW15,2406.0,0.130311175,0.149443596,0.230820802998854,0.1023080947183268,0.086526583920975,0.2264177775818287,0.1908474203625395,0.0375338806954286,0.1149590573409988,0.0105863823810484,51.45948131829198,-0.21510668610830558,486954.5,0
RH19 2NE,539241,140906,Luvisols,0.0,,850.0,,RH19,2081.0,0.393782548,0.451598105,0.130529673927497,0.1235643028528647,0.0666386575548102,0.1891799122249898,0.1943486061119075,0.1625809042789077,0.1126894650816053,0.0204684779674174,51.15048240224787,-0.010557735324173659,486954.5,0
PL12 5ZX,242804,58863,Arenosols,60.0,River Tamar,780.0,,PL12,1964.0,0.510327895,0.585254759,0.2384177730964821,0.0470814157323841,0.060071453920448,0.1078069447512644,0.2654108781307112,0.1736598880558208,0.0963309661386446,0.0112206801742445,50.408555205845076,-4.213616404856105,486954.5,0
BN52 9SH,529121,104388,,0.0,,5640.0,,BN52,,,,,,,,,,,,50.824642997815104,-0.16813369286371158,486954.5,0
RH1 6QA,527512,149380,,0.0,,0.0,Reigate and Banstead,RH1,2071.0,0.579308944,0.664363676,0.1621774950926168,0.0561813202622479,0.0653252227867551,0.1683374909963199,0.1132154204611988,0.2116018991990775,0.2030728946303897,0.020088256571394,51.229372509956775,-0.17515408936086374,486954.5,0
TW3 2AG,513727,175141,Unsurveyed/Urban,20.0,River Crane,1640.0,,TW3,2628.0,0.122599078,0.1405992,0.115055183537265,0.1965272740429863,0.1173662879856991,0.0321426500679636,0.0599687774935348,0.1180930629089647,0.3587437820415253,0.0021029819220609,51.46382436076823,-0.3642689204652833,486954.5,0
SE6 1YT,538824,173594,Unsurveyed/Urban,30.0,,2350.0,Lewisham,SE6,2231.0,0.093062394,0.10672591,0.3014773581567396,0.3038829605472284,0.1506201683748317,0.0552312869931099,0.0459675927168031,0.0466793278860091,0.0704712976603717,0.0256700076649062,51.444329416121086,-0.003813681912654904,486954.5,0
GU29 9JF,488315,120473,Podsols,30.0,,0.0,Chichester,GU29,948.0,0.875660662,1.004226057,0.2832278531193601,0.0664384637977466,0.0790600948983509,0.1434048879693393,0.2057064646442473,0.1162261676659309,0.0791454458932622,0.0267906220117623,50.97690614186893,-0.743420930344885,486954.5,0
BS3 5AZ,358791,170904,Unsurveyed/Urban,0.0,The Malago,330.0,,BS3,270.0,0.287999095,0.330283417,0.1140467900666786,0.3396620263340489,0.1773957971289816,0.057763425945682,0.0481336451898246,0.0414138509050638,0.2127691022900777,0.0088153621396424,51.43562565681293,-2.594221063434213,486954.5,0
TW3 3AS,513371,175710,Unsurveyed/Urban,20.0,,2310.0,Hounslow,TW3,2628.0,0.122599078,0.1405992,0.115055183537265,0.1965272740429863,0.1173662879856991,0.0321426500679636,0.0599687774935348,0.1180930629089647,0.3587437820415253,0.0021029819220609,51.46900980795247,-0.3692090692732347,486954.5,0
GU8 4LP,499580,136084,,50.0,,170.0,Waverley,GU8,964.0,0.919288779,1.054259699,0.2949624275737632,0.0911978319605879,0.0934258720252946,0.1731800300473049,0.1359646721618332,0.1141011245721788,0.0855328030909737,0.0116352385680633,51.115404218524894,-0.57872463616661,486954.5,0
EX31 3QA,252061,127466,Cambisols,0.0,,1890.0,North Devon,EX31,807.0,1.719408578,1.971853905,0.2529327077686979,0.0405170318565325,0.0478745779082766,0.1086695999923799,0.2290101297623288,0.1872691504990884,0.1150591172979198,0.0186676849147758,51.02747116056134,-4.110965438850483,486954.5,0
RH1 9FP,528212,150643,,0.0,Redhill Brook,0.0,Reigate and Banstead,RH1,2071.0,0.579308944,0.664363676,0.1621774950926168,0.0561813202622479,0.0653252227867551,0.1683374909963199,0.1132154204611988,0.2116018991990775,0.2030728946303897,0.020088256571394,51.24056673866214,-0.1646825519635956,486954.5,0
TN12 9PS,570858,146622,Planosols,20.0,,410.0,,TN12,2508.0,1.289936696,1.479326522,0.249519874335147,0.065014206056695,0.0587142647326201,0.189927577603291,0.2095629872969866,0.1403872435315415,0.0637272214009827,0.0231466250427358,51.19327688504901,0.44380654717392737,486954.5,0
DA1 9BU,553664,174039,Unsurveyed/Urban,20.0,,1370.0,Dartford,DA1,509.0,0.234504962,0.268935221,0.1289639521637293,0.2301892037162176,0.0914445895063969,0.1666318555024991,0.0864436675826518,0.1060709101434156,0.1703965664354016,0.0198592549496879,51.44449942177313,0.20975380380453953,486954.5,0
PO5 3HN,464280,98875,Unsurveyed/Urban,10.0,,0.0,,PO5,2025.0,0.148259219,0.170026789,0.4695581994640238,0.0511947080400083,0.0113921058283983,0.1177738822167068,0.1845186785360057,0.0927426868036039,0.0672327489760734,0.0055869901351796,50.785892548190645,-1.089510413981516,486954.5,0
GU31 4XR,475466,123203,Luvisols,60.0,,510.0,,GU31,951.0,0.846077838,0.970299852,0.2135334355888065,0.0709284949216864,0.0508761085329612,0.1235331033661387,0.2231759111597939,0.2106586441527013,0.0914939735520529,0.0158003287258587,51.00327544394552,-0.9258376370700654,486954.5,0
BS36 2PN,367518,181188,Unsurveyed/Urban,0.0,River Frome,1230.0,South Gloucestershire,BS36,276.0,0.376326477,0.431579116,0.1195828115197771,0.031520795939894,0.0437671281302063,0.323894495723151,0.2621072517104004,0.1030345025338696,0.0947533285678933,0.0213396858748079,51.528660423115866,-2.4696292919946923,486954.5,0
RG17 9SU,438558,165093,Planosols,140.0,,0.0,West Berkshire,RG17,2045.0,0.467464288,0.536097874,0.2232606789470544,0.0585620048208942,0.0344452718461336,0.1032549225763344,0.2398659449869855,0.2153719973090732,0.0985349221159273,0.026704257397597,51.38358072951279,-1.4473245328356426,486954.5,0
RG13 4PG,451500,167000,Luvisols,70.0,,1210.0,West Berkshire,RG13,,,,,,,,,,,,51.39970219155035,-1.2610913457122972,486954.5,0
GU22 8QJ,503420,159932,Unsurveyed/Urban,0.0,Basingstoke Canal,2460.0,,GU22,941.0,0.27017581,0.309843299,0.0553896102142053,0.1306596773897126,0.0925680538476107,0.2340943966374044,0.1351827369821834,0.1894315551293174,0.1493599632485967,0.0133140065509692,51.329091941958794,-0.5170110403745185,486954.5,0
DA1 3RD,551398,173945,,30.0,River Cray,830.0,Bexley,DA1,509.0,0.234504962,0.268935221,0.1289639521637293,0.2301892037162176,0.0914445895063969,0.1666318555024991,0.0864436675826518,0.1060709101434156,0.1703965664354016,0.0198592549496879,51.44426457674355,0.17713256255415147,486954.5,0
KT24 5NT,512206,153276,Arenosols,80.0,,1810.0,Guildford,KT24,1198.0,0.81706647,0.937029005,0.0848550771382895,0.0892848495109154,0.2163957796831304,0.270516265145277,0.1188355115638966,0.0771033242925951,0.1351994235157918,0.007809769150104,51.2676024669207,-0.39304809599322255,486954.5,0
BH7 6BN,413100,92800,,20.0,River Stour,0.0,"Bournemouth, Christchurch and Poole",BH7,201.0,0.207659745,0.238148562,0.2268000170649949,0.1379980102494368,0.1825223315948522,0.0647265411121967,0.0167663570348249,0.2527648549954032,0.1078879513759825,0.0105339365723086,50.73466848707294,-1.8157370367375394,486954.5,0
PL25 5BQ,201212,52329,Unsurveyed/Urban,0.0,St Austell River,750.0,Cornwall,PL25,1978.0,0.412285059,0.472817174,0.1237962935885579,0.0761724481332066,0.0430499837429971,0.1276144235045242,0.2447809297385235,0.1313182268730282,0.2484868039595244,0.0047808904596377,50.33726055631924,-4.794834876821169,486954.5,0
PL5 3PW,246481,58784,,60.0,Ham Brook,870.0,Plymouth,PL5,1991.0,0.149313365,0.171235706,0.0438527791927558,0.0464512216252017,0.1957671238739424,0.3750652508662202,0.184315419347172,0.1029446507263293,0.0505495559398141,0.0010539984285641,50.40881814244182,-4.1618763049699705,486954.5,0
ME8 0HL,580500,164900,Unsurveyed/Urban,0.0,,0.0,Medway,ME8,1523.0,0.294662786,0.337925478,0.0445567247836505,0.0426991738939727,0.1010792354899678,0.2861850851578061,0.315547076311805,0.174744238044421,0.0271830732896488,0.0080053930287278,51.35450009233076,0.590871696723784,486954.5,0
TN3 0NH,555450,141501,Luvisols,90.0,,360.0,,TN3,2527.0,0.262288262,0.300797693,0.334491457463768,0.0929608947421363,0.0409668021426692,0.1628073497046083,0.1636350002971661,0.1084921916194858,0.0625428540449304,0.0341034499852354,51.15165949156649,0.22127315513284657,486954.5,0
BS17 2DB,365916,181866,Unsurveyed/Urban,0.0,River Frome,810.0,South Gloucestershire,BS17,,,,,,,,,,,,51.53466161760848,-2.492787446390364,486954.5,0
RG30 9GA,470135,173949,Unsurveyed/Urban,40.0,,1640.0,Reading,RG30,2059.0,0.20329963,0.23314829,0.1574848811375089,0.1003643652036955,0.0786636027332062,0.2026430097541821,0.2172443434543595,0.077557260671667,0.1537723643393984,0.0122701727059821,51.46018083891415,-0.9918834793945704,486954.5,0
SW11 5UQ,527927,175960,Unsurveyed/Urban,0.0,River Thames,1630.0,,SW11,2402.0,0.158281064,0.181520051,0.5646683682823465,0.0446549426985812,0.0329784898800298,0.0633090880032636,0.1238319425818527,0.0523964903014858,0.1034882640051543,0.0146724142472858,51.468156298636444,-0.15966806299869835,486954.5,0
RH4 1YW,516746,149885,Unsurveyed/Urban,50.0,Pipp Brook,0.0,Mole Valley,RH4,2085.0,0.2174599,0.249387585,0.233268294746509,0.1315368911031289,0.1626104435183195,0.1201520995159669,0.090758431997356,0.1544029328713279,0.0757451973940896,0.0315257088533019,51.236213161018824,-0.3291069683629791,486954.5,0
SW13 9EG,522600,177600,Unsurveyed/Urban,0.0,River Thames,390.0,Richmond upon Thames,SW13,2404.0,0.304761299,0.349506665,0.2068266662024907,0.3716539347788268,0.0844608980545105,0.1015243294297217,0.0588729723114865,0.0987819390327218,0.0657564457078188,0.0121228144824228,51.484073421283114,-0.23575064906782456,486954.5,0
SO23 8ED,448446,129543,Unsurveyed/Urban,40.0,Upper Brook,0.0,Winchester,SO23,2330.0,0.552994172,0.634185342,0.1890148829969848,0.0539116473169409,0.0246989413460889,0.3195376829649178,0.1316940453881296,0.1718150328866671,0.0998817966834126,0.0094459704168582,51.06318645723251,-1.3100413663273125,486954.5,0
BS18 8UA,356024,161972,Luvisols,60.0,,440.0,Bath and North East Somerset,BS18,,,,,,,,,,,,51.35510878170647,-2.6329148026545934,486954.5,0
GU7 9AR,497539,143898,,40.0,,400.0,,GU7,963.0,1.222846862,1.40238649,0.2827259444703125,0.0965369256752301,0.0710227092579063,0.1352358774513686,0.1528258535146663,0.1662992861763241,0.0915640181137242,0.0037893853404676,51.18599758450596,-0.6057591796416787,486954.5,0
TA14 6RE,347496,117545,Luvisols,50.0,,1300.0,South Somerset,TA14,2458.0,1.463253275,1.678089618,0.321996523136201,0.1034203928037225,0.0878004491599324,0.0949289773651826,0.1691570707915635,0.093577903684664,0.0810811924573735,0.0480374906013601,50.95492997136174,-2.7488759505317466,486954.5,0
OX39 4LJ,473287,201900,Stagnosols,0.0,,860.0,,OX39,1808.0,1.212164697,1.390135958,0.1257745427166,0.034824844625374,0.0451577641977445,0.1509311227020618,0.4128361628978815,0.0929772456543274,0.1230750757480946,0.014423241457916,51.71105612060115,-0.940696182810315,486954.5,0
GU27 9EE,488980,132610,,130.0,,0.0,Waverley,GU27,946.0,0.535445095,0.614059692,0.1777452666837432,0.1268236741543986,0.0751493537521945,0.1635499662850489,0.1627902849414737,0.1698076910376351,0.1095799246343974,0.0145538385111081,51.085915362676104,-0.7309750911789251,486954.5,0
KT23 3NW,513730,155402,Unsurveyed/Urban,50.0,River Mole,2360.0,,KT23,1197.0,0.370164999,0.424513003,0.0577545758536845,0.1053525550964915,0.0655124756808515,0.290015313212508,0.2679914770747379,0.1170590546651175,0.0790269452076415,0.0172876032089671,51.286409560586,-0.37053690429979425,486954.5,0
SO5 9ZW,438500,119100,Planosols,50.0,,870.0,Test Valley,SO5,,,,,,,,,,,,50.97003632001295,-1.4530704776850345,486954.5,0
DA2 7BG,552700,172300,Unsurveyed/Urban,0.0,,2270.0,Dartford,DA2,519.0,0.282800816,0.324321922,0.1171834026941933,0.0855670369968179,0.1008555306780606,0.2755911909400403,0.1316621050697536,0.1550418733693015,0.1153088690128184,0.018789991239014,51.429135090968785,0.19514401477081747,486954.5,0
ME20 7JY,572094,158126,Unsurveyed/Urban,20.0,River Medway,830.0,,ME20,1517.0,0.457888563,0.52511623,0.0899357455899452,0.0320970643227103,0.069322732081838,0.2240659043582287,0.3451053689998261,0.1019936028657271,0.1287251808685834,0.0087544009131409,51.296252895010745,0.4670030771718503,486954.5,0
BN52 9AY,529099,105474,Unsurveyed/Urban,30.0,River Adur,5680.0,,BN52,,,,,,,,,,,,50.834408760611154,-0.16806381001358728,486954.5,0
BS40 7RN,350140,159106,,100.0,,1780.0,,BS40,280.0,2.116140296,2.426834179,0.3169344360955041,0.0747685866474291,0.0541462236087149,0.1650145207910978,0.1646210863732141,0.1391633797934687,0.0719865162644503,0.0133652504261208,51.32885346440924,-2.717004302752765,486954.5,0
BS48 4DH,345954,170359,,10.0,Parish Brook,360.0,North Somerset,BS48,282.0,0.766873235,0.879466348,0.0999391403834184,0.034984387394212,0.0347219258673652,0.2706781927644978,0.3130005715223792,0.1893712168801943,0.0466957680137158,0.010608797174217,51.42964388623038,-2.7787940220249436,486954.5,0
UB4 9QH,511904,182403,,30.0,Yeading Brook,0.0,Hillingdon,UB4,2640.0,0.146063811,0.167509049,0.0025500423899484,0.0885964540159818,0.3959848417198414,0.1911505974839702,0.1323347293099702,0.1453112975101074,0.038654308095508,0.0054177294746723,51.52945758701293,-0.38819951623266896,486954.5,0
ME16 0GA,573378,155298,Unsurveyed/Urban,80.0,,1470.0,,ME16,1512.0,0.253171001,0.290341826,0.1464578575278519,0.1040158882287333,0.0509544259987857,0.14143668199392,0.2220557514080678,0.1108175507998295,0.2104996839954882,0.0137621600473233,51.27045879405905,0.48402986116230334,486954.5,0
EX10 0NZ,314800,88800,,160.0,River Sid,1520.0,East Devon,EX10,769.0,0.644082588,0.738647452,0.2326110206470539,0.1217392492685852,0.0810661349705154,0.1293509859082431,0.1980133582677753,0.1344058435315292,0.0828859619072792,0.0199274454990183,50.69258529701199,-3.207593938481568,486954.5,0
BS48 2YR,347369,170657,,30.0,Land Yeo,4240.0,North Somerset,BS48,282.0,0.766873235,0.879466348,0.0999391403834184,0.034984387394212,0.0347219258673652,0.2706781927644978,0.3130005715223792,0.1893712168801943,0.0466957680137158,0.010608797174217,51.43245662421078,-2.7584868218687504,486954.5,0
PO9 3PZ,470032,107028,Unsurveyed/Urban,20.0,,830.0,,PO9,2029.0,0.362071869,0.415231632,0.0933711428245666,0.0428175429107254,0.029216306413472,0.434543367041582,0.1975914232474747,0.1017611909525199,0.0917994285295044,0.0088995980801547,50.858532332078525,-1.0063725193519888,486954.5,0
ME19 4HR,567698,155089,,0.0,,1770.0,Tonbridge and Malling,ME19,1515.0,0.299388284,0.343344778,0.1392453230660582,0.0263938676587822,0.0338857221262081,0.1578519265968542,0.1384693137938972,0.1710693763092183,0.3051083410592298,0.0279761293897518,51.270279550409036,0.40258586383668027,486954.5,0
RH12 9PY,517699,131139,Unsurveyed/Urban,50.0,River Arun,0.0,,RH12,2074.0,0.684508131,0.785008316,0.1830327811906041,0.0639503047784439,0.0444624772660082,0.1555928366452803,0.2154911979710132,0.1843608347276915,0.1277829857258079,0.0253265816951506,51.06752614930233,-0.32158641569741636,486954.5,0
BS31 1JU,366255,166856,Leptosols,60.0,,1270.0,Bath and North East Somerset,BS31,272.0,0.28463869,0.326429634,0.0890905875316364,0.0797592110501193,0.0632555949459781,0.3377968746788934,0.2817676439779196,0.0664582797230191,0.0697954131218772,0.0120763949705566,51.39972431596257,-2.486462227820724,486954.5,0
BS16 6PD,365346,177729,Unsurveyed/Urban,50.0,,0.0,South Gloucestershire,BS16,258.0,0.310576344,0.35617548,0.0719315789286385,0.2158582674142905,0.1198630033519329,0.1845585641000162,0.1387050634125803,0.1003150213925051,0.1501201659052365,0.0186483354947996,51.49743064008753,-2.500596754018728,486954.5,0
RH16 4LW,533200,123700,Unsurveyed/Urban,80.0,Scrase Stream,0.0,Mid Sussex,RH16,2078.0,0.31625469,0.362687527,0.0716636317809349,0.0588355545843663,0.0753170138429163,0.2577262015466287,0.2705115990939632,0.1066211792832766,0.1421656590775447,0.0171591607903691,50.99728567895976,-0.10321140906826452,486954.5,0
KT18 7PJ,520582,160648,Unsurveyed/Urban,0.0,,1360.0,Epsom and Ewell,KT18,1191.0,0.333818758,0.38283037,0.0774720617424807,0.0919767576148482,0.1647655297351486,0.2318862051259741,0.1466349771147118,0.1259045693894424,0.1339663262504398,0.0273935730269543,51.33215087690739,-0.27055656652448334,486954.5,0
SW19 2TE,526400,169800,Unsurveyed/Urban,20.0,,120.0,Merton,SW19,2410.0,0.308988468,0.354354471,0.264660062189143,0.2123536171880402,0.0610799536312745,0.106396396534114,0.160228825625078,0.1018433386722242,0.0794357783017512,0.0140020278583745,51.413139014724706,-0.18383721548853177,486954.5,0
TA1 3HZ,323571,124767,Unsurveyed/Urban,0.0,River Tone,590.0,,TA1,2453.0,0.679542937,0.779314127,0.2072244107938683,0.0930614811194713,0.075493261044675,0.0850422800897088,0.1901576779357012,0.1947779514588994,0.1279490442119274,0.0262938933457483,51.017179199830935,-3.090963431693238,486954.5,0
ME14 5ED,575794,156256,Unsurveyed/Urban,20.0,River Medway,660.0,,ME14,1510.0,0.699623237,0.802342637,0.2130394154071901,0.052081863519071,0.0634367074019607,0.1102851806861486,0.1992926908947488,0.1340932522252989,0.2081005471153736,0.0196703427502079,51.27832508635788,0.5190989468369814,486954.5,0
SO24 0RL,456553,131585,,0.0,,0.0,,SO24,2331.0,0.602818264,0.691324658,0.2561815519803414,0.0712810743963777,0.0352032360060847,0.1609508207616583,0.2454700220184076,0.1291994759158198,0.0831271286180417,0.0185866903032686,51.08080678190377,-1.194045213488899,486954.5,0
GU21 9DD,497146,158683,,40.0,,0.0,Woking,GU21,940.0,0.39151923,0.449002484,0.0860430262790932,0.106951409914956,0.0722542478928643,0.2110504506966043,0.2357436179545269,0.1590884531601633,0.1200162528579353,0.0088525412438563,51.31896968878842,-0.6073716294852873,486954.5,0
BS26 2EE,341802,154809,Leptosols,20.0,,0.0,,BS26,266.0,0.907799491,1.041083541,0.2845169026040896,0.0339151106785201,0.0529004507651089,0.1262819168155442,0.2270136438773706,0.152519519598637,0.1035487114702502,0.0193037441904792,51.28942612983903,-2.835960574013751,486954.5,0
EX38 8HY,243101,115052,Cambisols,0.0,,2070.0,Torridge,EX38,814.0,0.20434307,0.234344928,0.3761388896958407,0.0162108918289365,0.0158751453560438,0.0649450411607393,0.2169827025464264,0.1506613361780011,0.1401304491217832,0.0190555441122284,50.91354877174577,-4.233273718061529,486954.5,0
GU21 6YH,500495,158809,Unsurveyed/Urban,30.0,,930.0,Woking,GU21,940.0,0.39151923,0.449002484,0.0860430262790932,0.106951409914956,0.0722542478928643,0.2110504506966043,0.2357436179545269,0.1590884531601633,0.1200162528579353,0.0088525412438563,51.319521234916486,-0.5592950875850646,486954.5,0
PO16 8NT,461289,105778,Unsurveyed/Urban,10.0,Heavy Reach,0.0,Fareham,PO16,2003.0,0.20687827,0.23725235,0.0721361006951291,0.0765123847936095,0.2015783937351622,0.1987356346025854,0.2222727327000572,0.1477767195676511,0.0731243305227571,0.007863703383048,50.8482841072014,-1.130783411211979,486954.5,0
ME10 9EW,590552,163563,Unsurveyed/Urban,20.0,,2370.0,Swale,ME10,1506.0,0.30862412,0.353936629,0.15460490224789,0.0669561344520729,0.0584430986110312,0.1497367399139718,0.2808795172892707,0.1239464108542994,0.1560984690959554,0.0093347275355084,51.33921252632291,0.7343468693120704,486954.5,0
PO13 9SZ,458225,101798,Unsurveyed/Urban,10.0,,0.0,Gosport,PO13,2000.0,0.330857947,0.37943485,0.0181810857221165,0.0319703891368777,0.071519185518261,0.3263415754008577,0.2703933670136819,0.139789215072784,0.1368243259866048,0.0049808561488162,50.81281359638033,-1.174932296528527,486954.5,0
SE1 2YD,533721,180092,,10.0,,100.0,Southwark,SE1,2207.0,0.044146882,0.050628572,0.1889019326986313,0.0354877516016428,0.1131022358923201,0.1068875978664788,0.1068198045820465,0.1491913443923626,0.2392821590041381,0.0603271739623795,51.503949956866585,-0.07473976545089214,486954.5,0
OX9 3QJ,472930,206214,Cambisols,0.0,Cuttle Brook,570.0,South Oxfordshire,OX9,1814.0,0.576829207,0.661519861,0.2034463788766807,0.0532510469822961,0.0361404820331437,0.1705957275985523,0.3065890724615339,0.1377602557962535,0.072292716588694,0.0199243196628455,51.749883637865054,-0.944959842733501,486954.5,0
TN5 7NZ,570900,130700,Luvisols,130.0,,0.0,Rother,TN5,2540.0,0.448070803,0.513857017,0.3193739293635494,0.069922244160148,0.0488482999859965,0.1308679314336404,0.1556687779788399,0.1370970570205075,0.0883539346180292,0.0498678254392886,51.05022293630064,0.4368661523589285,486954.5,0
EX32 9FD,256592,132234,Unsurveyed/Urban,20.0,,310.0,,EX32,808.0,0.537000951,0.615843981,0.3316397023549197,0.0490158322526908,0.0292952303544745,0.0905549014198247,0.1862018278944447,0.1657563003699109,0.1340843670889922,0.0134518382647422,51.071467466694145,-4.048288900446477,486954.5,0
TR19 6EL,140170,26799,Histosols,0.0,,2120.0,Cornwall,TR19,2569.0,0.423330688,0.485484532,0.5534619617518152,0.0330549038574502,0.0385710725399712,0.0645259571678051,0.1330037769311764,0.0914939485994248,0.071637799575149,0.0142505795772078,50.084364031168136,-5.633539919217863,486954.5,0
BS6 9PZ,359117,174505,Unsurveyed/Urban,30.0,,490.0,"Bristol, City of",BS6,285.0,0.27454612,0.314855262,0.1497218116785112,0.6243154484546478,0.0629349759489274,0.0200940767818445,0.0460972563670082,0.0257278847306412,0.0590263577896409,0.0120821882487784,51.46802615243527,-2.589948850655217,486954.5,0
BA1 6BH,376267,166184,,0.0,Kennet and Avon Canal,3470.0,Bath and North East Somerset,BA1,120.0,0.407478671,0.467305106,0.5592017505617232,0.0322314647024295,0.0470896335031651,0.1099581906467656,0.1108238025250551,0.0552300475940385,0.0671649609877287,0.018300149479094,51.39419135717281,-2.3425012258997993,486954.5,0
BS31 1EN,365453,168482,Unsurveyed/Urban,20.0,,550.0,Bath and North East Somerset,BS31,272.0,0.28463869,0.326429634,0.0890905875316364,0.0797592110501193,0.0632555949459781,0.3377968746788934,0.2817676439779196,0.0664582797230191,0.0697954131218772,0.0120763949705566,51.41429567388927,-2.498149162368822,486954.5,0
RG4 6XH,476225,175125,Gleysols,0.0,Sonning Reach,990.0,,RG4,2061.0,0.237379503,0.272231805,0.1217092919667951,0.1098497135663398,0.1176302199614478,0.1481050101189018,0.2573314612264737,0.1190420546510233,0.1092323049327319,0.0170999435762863,51.46996682008318,-0.9039887038844714,486954.5,0
UB7 7PF,505529,179313,Unsurveyed/Urban,0.0,,0.0,Hillingdon,UB7,2643.0,0.160088511,0.18359287,0.0457600190157946,0.1684496453666374,0.1251707049172191,0.1980869917064676,0.1343900379907557,0.1666888715898423,0.1585830791321128,0.0028706502811703,51.50290994969782,-0.48098906635863314,486954.5,0
ME5 9QX,574629,162197,,180.0,,2730.0,,ME5,1520.0,0.410804724,0.471119494,0.0800164469812752,0.0309560999145226,0.0328728718931909,0.2455565581631173,0.3348500108289355,0.2027441562604905,0.0656336372925128,0.0073702186659549,51.332052099560364,0.5053182359163548,486954.5,0
TN14 7DL,548883,161431,,0.0,,3010.0,,TN14,2510.0,0.803215823,0.921144792,0.2324637815197947,0.1308614606697508,0.1192848195775977,0.208744703650634,0.138894628376203,0.0832053536635399,0.074499191282001,0.0120460612604786,51.332487811329976,0.13572790801706452,486954.5,0
BS10 6QP,357947,179430,Unsurveyed/Urban,0.0,Henbury Trym,0.0,,BS10,253.0,0.247768402,0.284146013,0.0470679159308036,0.0306385720803343,0.2316305287354641,0.358088034606557,0.1509749286994934,0.0668604408625475,0.104337896178799,0.0104016829060009,51.512220714690145,-2.6073797007556383,486954.5,0
TR11 2RQ,180006,32228,Unsurveyed/Urban,40.0,,370.0,Cornwall,TR11,2561.0,0.589466305,0.676012352,0.2596205141989022,0.1083911325100982,0.0770899799219655,0.1132455360545421,0.1698860084490751,0.1496539068629161,0.1110100188397645,0.011102903162736,50.14920693891222,-5.0807267169160815,486954.5,0
SE20 7YY,535020,169518,Unsurveyed/Urban,50.0,,0.0,,SE20,2219.0,0.064530206,0.074004597,0.3198769387804409,0.2069900841417803,0.0338043551288371,0.0778493293346433,0.1808949459790295,0.079039681215351,0.0902867085035054,0.0112579569164122,51.40861960086026,-0.060068216342576246,486954.5,0
PL26 8AS,195064,57493,,0.0,,1150.0,Cornwall,PL26,1979.0,0.623015508,0.714487282,0.2598449824271228,0.0956236742574315,0.0273127823009747,0.0912380054676103,0.1591926296139703,0.173540356985552,0.1888342861371671,0.0044132828101709,50.38153523184448,-4.883927188418117,486954.5,0
BA6 9EP,349824,138807,,20.0,River Brue,0.0,Mendip,BA6,135.0,0.664595375,0.762171948,0.2190680102551928,0.059668264109874,0.0434114390898334,0.1245748854409188,0.1616035377350343,0.1772889140813956,0.1886021707138418,0.025782778573909,51.14631410083115,-2.7186888348543765,486954.5,0
PO20 6EJ,488258,104107,Luvisols,0.0,,2590.0,Chichester,PO20,2008.0,0.552380328,0.633481373,0.1003421417165465,0.0516290782179906,0.0997195355850923,0.1857915864231356,0.200438867000607,0.1884306968336191,0.1456397571539706,0.028008337069038,50.82978073407301,-0.748184116418885,486954.5,0
BH15 4EU,399611,91493,Unsurveyed/Urban,10.0,Upton Lake,0.0,"Bournemouth, Christchurch and Poole",BH15,184.0,0.24593802,0.282046892,0.0778576531903136,0.1016210666798567,0.1236257610147386,0.1125269832588834,0.2478633442663744,0.1269228056644491,0.1850970613156095,0.0244853246097745,50.723060025206934,-2.0068758676663205,486954.5,0
RG27 9DZ,472560,154303,Planosols,0.0,River Whitewater,0.0,Hart,RG27,2056.0,0.50947831,0.584280437,0.1203997030003643,0.0673037751054011,0.0445833443625477,0.1352721198497342,0.1936744797806943,0.1911562280263576,0.2193323162655951,0.0282780336093054,51.28325465076269,-0.9609893612128771,486954.5,0
PO20 8RG,481186,96269,Gleysols,10.0,Earnley Rife,0.0,Chichester,PO20,2008.0,0.552380328,0.633481373,0.1003421417165465,0.0516290782179906,0.0997195355850923,0.1857915864231356,0.200438867000607,0.1884306968336191,0.1456397571539706,0.028008337069038,50.76034501628171,-0.8503075681100181,486954.5,0
RH11 8HD,525087,136374,,80.0,Ifield Brook,1030.0,Crawley,RH11,2073.0,0.311687554,0.357449839,0.0263523012515298,0.0171967492517961,0.029020346523988,0.3827191652196076,0.2770129567906237,0.1673838444875979,0.0775724591522072,0.0227421773226495,51.11301605834402,-0.21438742427084787,486954.5,0
GU1 2LB,501352,150024,Unsurveyed/Urban,80.0,River Wey,1820.0,,GU1,928.0,0.535788485,0.614453498,0.329575717721079,0.1164141090869413,0.0539501750782811,0.1172658094892104,0.1513084494813172,0.0804135215885872,0.138544091219137,0.0125281263354464,51.240401754585484,-0.549490664302239,486954.5,0
BN43 9FZ,521713,105211,Unsurveyed/Urban,10.0,,630.0,Adur,BN43,236.0,0.720091682,0.82581628,0.1482119088180101,0.0976962201072142,0.1100042358175116,0.1795962423294395,0.2183709031259729,0.0810888602249125,0.1597861472457242,0.0052454823312146,50.8336437026258,-0.27298552393431263,486954.5,0
SE18 4AW,542756,178485,,30.0,,0.0,Greenwich,SE18,2216.0,0.121884944,0.139780216,0.1971900127005602,0.0839922851707638,0.0723015147245377,0.1128481720457022,0.2317917144719908,0.0674317270751168,0.2232420485378878,0.0112025252734403,51.48730211639243,0.05469987643852617,486954.5,0
SM5 1WX,528685,163962,Unsurveyed/Urban,0.0,,0.0,Sutton,SM5,2287.0,0.147968155,0.169692991,0.0446991451320721,0.2529232677836551,0.3685911391174701,0.0598100376115228,0.0638668683924327,0.0849074176365962,0.1128995923804473,0.0123025319458033,51.360159647714816,-0.15311215040475493,486954.5,0
TR11 4WS,178614,32609,Cambisols,80.0,,0.0,Cornwall,TR11,2561.0,0.589466305,0.676012352,0.2596205141989022,0.1083911325100982,0.0770899799219655,0.1132455360545421,0.1698860084490751,0.1496539068629161,0.1110100188397645,0.011102903162736,50.1521102683953,-5.100402625321418,486954.5,0
EX2 4PQ,293177,91912,Unsurveyed/Urban,40.0,River Exe,0.0,Exeter,EX2,779.0,0.27718066,0.317876608,0.1428223408722685,0.0582818287863638,0.1299559293361937,0.146120728879846,0.1727928183570357,0.1661341127220361,0.1744992871498537,0.0093929538964021,50.71698762404343,-3.5145231159304964,486954.5,0
BN42 4EG,524290,105008,Unsurveyed/Urban,0.0,River Adur,0.0,Adur,BN42,235.0,0.626531065,0.718518997,0.0827417909956179,0.1757510259580881,0.2770190820347041,0.2712754237576862,0.1323795202503452,0.0291024540975983,0.0284971712596368,0.003233531646323,50.83127197126718,-0.23647796233095422,486954.5,0
RH11 7QN,526559,136681,,70.0,Gatwick Stream,3390.0,Crawley,RH11,2073.0,0.311687554,0.357449839,0.0263523012515298,0.0171967492517961,0.029020346523988,0.3827191652196076,0.2770129567906237,0.1673838444875979,0.0775724591522072,0.0227421773226495,51.115452371641396,-0.19326196727975223,486954.5,0
DT11 9NG,389929,104169,Cambisols,0.0,,830.0,Dorset,DT11,636.0,1.089455613,1.249410601,0.2717552731304682,0.0328449569999821,0.0236430560340591,0.1373349170610041,0.2141435214101724,0.1724857397717859,0.1163556103043824,0.0314369252881454,50.836960506352554,-2.1443879065271236,486954.5,0
SW8 2XF,529940,176846,Unsurveyed/Urban,10.0,,0.0,Lambeth,SW8,2426.0,0.182068535,0.208800024,0.3336386121292996,0.0143458577964217,0.1117986320803215,0.1604216460938007,0.1726700809166041,0.0794119881856735,0.1116386604669949,0.0160745223308838,51.47566032085727,-0.1303785169011106,486954.5,0
TA12 6WY,346312,119292,Luvisols,0.0,Mill Brook,670.0,South Somerset,TA12,2456.0,1.49183254,1.71086492,0.2178369317763718,0.0435279660854552,0.0497412675463833,0.0658045251146896,0.2767105240050706,0.1837416929749348,0.1051645015613421,0.0574725909357524,50.97052877593511,-2.7659893955022947,486954.5,0
SE16 1QG,536231,179478,Unsurveyed/Urban,10.0,,760.0,Southwark,SE16,2214.0,0.044937443,0.051535204,0.0497675902680166,0.023058762249471,0.0838226513615453,0.0997949421654764,0.1357303079636934,0.3166132072549811,0.1920564144999961,0.0991561242368199,51.497833543322464,-0.03883513257107981,486954.5,0
RH4 3HB,516310,149295,Unsurveyed/Urban,0.0,Pipp Brook,470.0,,RH4,2085.0,0.2174599,0.249387585,0.233268294746509,0.1315368911031289,0.1626104435183195,0.1201520995159669,0.090758431997356,0.1544029328713279,0.0757451973940896,0.0315257088533019,51.230999148857045,-0.335540785794507,486954.5,0
RG11 4QW,477200,164600,Planosols,0.0,,0.0,,RG11,,,,,,,,,,,,51.375216157264575,-0.892244085500581,486954.5,0
TN14 5WB,553007,154630,Unsurveyed/Urban,0.0,,0.0,Sevenoaks,TN14,2510.0,0.803215823,0.921144792,0.2324637815197947,0.1308614606697508,0.1192848195775977,0.208744703650634,0.138894628376203,0.0832053536635399,0.074499191282001,0.0120460612604786,51.2702858506149,0.19196565705779706,486954.5,0
TN33 9BU,575073,111975,,0.0,Watermill Stream,1130.0,Rother,TN33,2531.0,0.925936406,1.061883337,0.2966878058912769,0.0687876179805358,0.0890116949556724,0.1331614562964285,0.1933090251498713,0.135372296185824,0.0686283809928639,0.015041722547527,50.88074587205421,0.48733899445416273,486954.5,0
RG6 9DF,473353,173709,,40.0,,0.0,Wokingham,RG6,2067.0,0.236904822,0.27168743,0.0349238706140237,0.0378250627735627,0.250776360805688,0.1999719528069134,0.1669510919156795,0.2377671113262005,0.0644285343882354,0.0073560153696965,51.45761601298824,-0.9456222471747917,486954.5,0
BH22 9RY,407673,101461,Unsurveyed/Urban,20.0,,680.0,Dorset,BH22,192.0,0.337988526,0.387612347,0.0159298310579748,0.0307601731231142,0.0496731074943018,0.1781575465449616,0.442680537150279,0.1689962877196423,0.100309899456529,0.0134926174531971,50.81264913296616,-1.8924600237343892,486954.5,0
EX39 9DQ,245484,126857,Unsurveyed/Urban,0.0,River Torridge,0.0,,EX39,815.0,0.971334515,1.113946842,0.26603383097273,0.0645730128804127,0.0574302153900987,0.0903807323030911,0.1785989563325435,0.1643077173223675,0.1587670075025744,0.0199085272961819,51.0202675583178,-4.20442011279859,486954.5,0
BN24 6AH,565853,104185,,0.0,Salt Haven,410.0,,BN24,229.0,0.454377523,0.521089696,0.0792247030573409,0.0750280273677591,0.1056353301721593,0.2108692073582593,0.2009233755258268,0.238952348168495,0.0769398782695358,0.0124271300806235,50.81347161228216,0.35287091668897524,486954.5,0
SW15 6LF,522606,175539,Unsurveyed/Urban,10.0,Beverley Brook,520.0,,SW15,2406.0,0.130311175,0.149443596,0.230820802998854,0.1023080947183268,0.086526583920975,0.2264177775818287,0.1908474203625395,0.0375338806954286,0.1149590573409988,0.0105863823810484,51.465549424467085,-0.23637880060960323,486954.5,0
RG6 9RR,473352,173710,,40.0,,0.0,Wokingham,RG6,2067.0,0.236904822,0.27168743,0.0349238706140237,0.0378250627735627,0.250776360805688,0.1999719528069134,0.1669510919156795,0.2377671113262005,0.0644285343882354,0.0073560153696965,51.45762513237035,-0.9456364304513556,486954.5,0
TW15 3SU,506400,170800,,20.0,River Ash,1350.0,,TW15,2621.0,0.302938258,0.347415963,0.0385753667299198,0.0991331001244524,0.1842224750144458,0.3352771197064048,0.1514016779732669,0.0740518387718971,0.1027742168143227,0.0145642048652902,51.42622935475684,-0.4710043924260974,486954.5,0
BH22 8LA,407468,99353,Unsurveyed/Urban,30.0,,0.0,Dorset,BH22,192.0,0.337988526,0.387612347,0.0159298310579748,0.0307601731231142,0.0496731074943018,0.1781575465449616,0.442680537150279,0.1689962877196423,0.100309899456529,0.0134926174531971,50.79369552521431,-1.8954119429252567,486954.5,0
TW13 7LN,510698,172084,,20.0,River Ash,4250.0,,TW13,2619.0,0.258819013,0.296819086,0.0232304303008147,0.0372720037566418,0.2927858828805589,0.2328812416371614,0.2291237743992313,0.0946876337670288,0.0825312481480649,0.0074877851104979,51.43694775713543,-0.4088091036848194,486954.5,0
BN21 4AY,561338,98663,Unsurveyed/Urban,0.0,,1980.0,Eastbourne,BN21,226.0,0.223086095,0.255839823,0.3889483667683823,0.1287845488218411,0.0286050778587647,0.1119642423169584,0.1390480402645078,0.0997378565192615,0.0754009226241937,0.0275109448260899,50.76512853119959,0.28641444662647164,486954.5,0
SP5 3JJ,417071,121712,Luvisols,40.0,,750.0,Wiltshire,SP5,2350.0,0.575061309,0.659492399,0.2663259497222903,0.0658417268570419,0.0437425476443605,0.151692224865786,0.1932902565723013,0.1497058117401997,0.1093669791936351,0.0200345034043848,50.994553441376866,-1.758128017860895,486954.5,0
RH12 4YG,517699,131139,,50.0,River Arun,0.0,Horsham,RH12,2074.0,0.684508131,0.785008316,0.1830327811906041,0.0639503047784439,0.0444624772660082,0.1555928366452803,0.2154911979710132,0.1843608347276915,0.1277829857258079,0.0253265816951506,51.06752614930233,-0.32158641569741636,486954.5,0
BA6 8ZD,350085,139020,Unsurveyed/Urban,30.0,River Brue,0.0,Mendip,BA6,135.0,0.664595375,0.762171948,0.2190680102551928,0.059668264109874,0.0434114390898334,0.1245748854409188,0.1616035377350343,0.1772889140813956,0.1886021707138418,0.025782778573909,51.14825212268995,-2.714987530181707,486954.5,0
TA3 6UD,328490,118223,,80.0,,2160.0,Somerset West and Taunton,TA3,2470.0,0.996997967,1.143378228,0.3098390747367471,0.03908162185727,0.0314723157640072,0.1307648633855979,0.1790473279790248,0.1410797912360407,0.1029962728923305,0.0657187321489815,50.958977006426636,-3.019559254430932,486954.5,0
TW6 3XX,507942,174507,,0.0,Duke of Northumberland's River,2390.0,Hillingdon,TW6,2631.0,0.953458417,1.093446158,0.0390732069281372,0.1802020809784801,0.2086120051729804,0.1833598586371774,0.2713033473483225,0.0594883392903271,0.0564991387634307,0.0014620228811442,51.45925752673459,-0.44770473719668263,486954.5,0
BH1 2JX,408969,91287,Unsurveyed/Urban,20.0,The Bourne,1130.0,,BH1,178.0,0.222037787,0.254637602,0.3799442913594394,0.0861054251412266,0.0662507571013077,0.0332213514520574,0.0788298097261119,0.150605124394084,0.1889138369575105,0.0161294038682621,50.72114029722976,-1.874309903898394,486954.5,0
CT16 1UH,633000,142400,,0.0,,2060.0,Dover,CT16,459.0,0.653106478,0.748996239,0.3302220952266796,0.0437472385751446,0.0349777261494217,0.1634284767317871,0.2318610755431349,0.0817165662092435,0.0934180948575457,0.0206287267070425,51.133444721388464,1.32900736138574,486954.5,0
RH4 9GG,516691,149548,Unsurveyed/Urban,60.0,,0.0,,RH4,2085.0,0.2174599,0.249387585,0.233268294746509,0.1315368911031289,0.1626104435183195,0.1201520995159669,0.090758431997356,0.1544029328713279,0.0757451973940896,0.0315257088533019,51.23319542746368,-0.33000410019564247,486954.5,0
BN10 8HF,541492,101233,Arenosols,40.0,River Ouse,0.0,,BN10,215.0,0.371508736,0.426054029,0.0030444640233003,0.0452993716708796,0.0469907098986057,0.2673618281022486,0.3775781600066405,0.1703827665893235,0.0788608419745922,0.0104818577344094,50.79340061238517,0.006182255933446067,486954.5,0
CT21 4EW,612220,135497,Gleysols,90.0,,730.0,Folkestone and Hythe,CT21,465.0,0.21649707,0.248283391,0.1872645963120246,0.1446649634287798,0.0776498829020543,0.1687840189366018,0.1955935790404391,0.1317478950658207,0.0787972593169448,0.0154978049973345,51.07953155159292,1.0283985055227467,486954.5,0
DT7 3NS,333516,92612,,0.0,,370.0,Dorset,DT7,642.0,0.191995329,0.220184279,0.2884880983840109,0.0855540358338105,0.0716933770881065,0.1575895464775428,0.1413544746970398,0.1162578282111509,0.1158275579558865,0.0232350813524518,50.729304935076854,-2.943351333938173,486954.5,0
PL14 5LN,226073,71196,Podsols,300.0,,2470.0,,PL14,1966.0,0.771088366,0.884300349,0.295197231129101,0.0277369383449555,0.02772739041017,0.0926505990059125,0.2357231802336747,0.1917926989124882,0.0967507974252923,0.0324211645384053,50.51464839432001,-4.454590767243515,486954.5,0
CR7 8NN,532621,168961,,60.0,,3260.0,Croydon,CR7,450.0,0.046205395,0.052989318,0.3155316219241448,0.3466729058575093,0.1463906303613354,0.0335966658268386,0.0584079015547679,0.0482184416003623,0.0457738886221657,0.0054079442528756,51.40417964105049,-0.0947484950826673,486954.5,0
SE13 5JG,538300,175600,,10.0,Quaggy River,1290.0,Lewisham,SE13,2211.0,0.071172698,0.081622346,0.4500507368123126,0.0623592188080498,0.0237820486730793,0.0781671100440805,0.07034050687007,0.0564192957421796,0.2027374117071687,0.0561436713430591,51.46248364009477,-0.010565209803795113,486954.5,0
CR2 9AZ,534609,160907,,150.0,The Beck,6280.0,Croydon,CR2,445.0,0.163456179,0.187454983,0.1105335840235248,0.1723058945150478,0.2783596668367117,0.1713030834657873,0.1168137615065056,0.0658236108256284,0.0689560951602334,0.0159043036665607,51.33133406724123,-0.06923200562175337,486954.5,0
RG16 7LN,433163,178566,Cambisols,0.0,River Lambourn,0.0,West Berkshire,RG16,,,,,,,,,,,,51.50505948131714,-1.5235874044906914,486954.5,0
CR2 1AU,531406,166024,Unsurveyed/Urban,40.0,River Wandle,2100.0,,CR2,445.0,0.163456179,0.187454983,0.1105335840235248,0.1723058945150478,0.2783596668367117,0.1713030834657873,0.1168137615065056,0.0658236108256284,0.0689560951602334,0.0159043036665607,51.37806809152751,-0.11329195348485774,486954.5,0
EX6 7PB,283858,84840,,70.0,,110.0,,EX6,818.0,1.436920812,1.647890996,0.2975680196962504,0.0351912669461284,0.0353265767062218,0.1172313130579966,0.1575698410995367,0.2211432164560943,0.1139653332855619,0.0220044327522096,50.65162796282685,-3.644247829932918,486954.5,0
ME3 8RJ,581119,176554,Luvisols,40.0,,1980.0,Medway,ME3,1518.0,0.231962835,0.266019856,0.1136588869261715,0.066565689553059,0.0406019584003138,0.226238432747112,0.2815699498939784,0.1196675487697041,0.1394880780812437,0.0122094556284172,51.45898327439799,0.6056977135736215,486954.5,0
BN3 7NL,527616,106624,,0.0,West Arm,5330.0,Brighton and Hove,BN3,233.0,0.251871085,0.288851055,0.3825143846656721,0.1209374770847395,0.1478199644546077,0.1236015740252155,0.1457403284897892,0.0343961489427273,0.0348421327068108,0.0101479896304375,50.845073535181974,-0.18871208864077108,486954.5,0
CT2 0SF,617333,161446,Planosols,0.0,,3350.0,Canterbury,CT2,463.0,0.19176568,0.219920913,0.1285451353719367,0.0406240961764995,0.0798287744723373,0.2036660111998975,0.2815340541912302,0.1642785654051641,0.0864104585394053,0.015112904643529,51.31060721638466,1.1169754347552785,486954.5,0
RH12 9LS,517699,131139,Unsurveyed/Urban,50.0,,1600.0,,RH12,2074.0,0.684508131,0.785008316,0.1830327811906041,0.0639503047784439,0.0444624772660082,0.1555928366452803,0.2154911979710132,0.1843608347276915,0.1277829857258079,0.0253265816951506,51.06752614930233,-0.32158641569741636,486954.5,0
ME7 5LT,577508,167069,,80.0,Tower Reach,3320.0,Medway,ME7,1522.0,0.188486091,0.216159811,0.3435553685479657,0.1886557210095167,0.0881767864885272,0.0553648479496046,0.1199374769003605,0.0823864405161452,0.1084355489780087,0.0134878096098709,51.3749255848229,0.5490299534647332,486954.5,0
BN42 4BA,524516,105090,Unsurveyed/Urban,0.0,West Arm,0.0,,BN42,235.0,0.626531065,0.718518997,0.0827417909956179,0.1757510259580881,0.2770190820347041,0.2712754237576862,0.1323795202503452,0.0291024540975983,0.0284971712596368,0.003233531646323,50.831960480006686,-0.2332426123024185,486954.5,0
BA21 3XW,355196,115983,,0.0,,990.0,South Somerset,BA21,130.0,0.332165154,0.380933982,0.0939151693100024,0.0987933064563124,0.1223548612133613,0.1697528587159265,0.2272170184879415,0.137300025268993,0.1372371065477218,0.0134296539997407,50.94153650795622,-2.639065790880554,486954.5,0
KT20 5TS,523544,156658,,0.0,,6160.0,Reigate and Banstead,KT20,1194.0,0.282963774,0.324508805,0.0697274556250051,0.1475739014588556,0.1447839765286163,0.1412804727505605,0.1583844392306215,0.1914106051585301,0.0924100687195384,0.0544290805282721,51.2956557523157,-0.2294426703381433,486954.5,0
EX7 0EZ,296571,77333,Arenosols,30.0,Dawlish Water,0.0,Teignbridge,EX7,819.0,0.285069909,0.326924165,0.2507208257182719,0.0459149118615663,0.0517574966025063,0.1118170319220806,0.2075488086713501,0.2030959500940069,0.1151125231069058,0.0140324520233118,50.586539418060596,-3.462387570197097,486954.5,0
UB3 2FF,508784,181103,,40.0,Grand Union Canal,1590.0,,UB3,2639.0,0.216519585,0.248309212,0.0066289867113345,0.2243327944180951,0.2992633152216905,0.0876335856081827,0.2154099020461771,0.0614065372105449,0.1041274617017949,0.0011974170821801,51.51838217147074,-0.433559686521348,486954.5,0
SW19 6BU,523800,173583,Unsurveyed/Urban,50.0,Beverley Brook,2200.0,,SW19,2410.0,0.308988468,0.354354471,0.264660062189143,0.2123536171880402,0.0610799536312745,0.106396396534114,0.160228825625078,0.1018433386722242,0.0794357783017512,0.0140020278583745,51.44771081438467,-0.2198830869171326,486954.5,0
TW7 4BX,515532,176423,,0.0,Duke of Northumberland's River,1210.0,Hounslow,TW7,2632.0,0.18752616,0.215058942,0.0839725089695759,0.2328967838685037,0.2207267033001358,0.0933773298910956,0.1270024763001657,0.1317196032172047,0.1059669910188916,0.0043376034344267,51.4749814294247,-0.3378785927327935,486954.5,0
BH21 4ER,395004,99894,Luvisols,0.0,River Winterborne,1750.0,Dorset,BH21,191.0,0.906240404,1.039295547,0.1643938939937587,0.0457826096776067,0.0489926349143491,0.1292331028626527,0.3005148569401333,0.2147215617292759,0.063086794534889,0.0332745453473342,50.79858459799756,-2.072258051725702,486954.5,0
CR2 4YB,530600,160800,Unsurveyed/Urban,0.0,River Wandle,4750.0,Croydon,CR2,445.0,0.163456179,0.187454983,0.1105335840235248,0.1723058945150478,0.2783596668367117,0.1713030834657873,0.1168137615065056,0.0658236108256284,0.0689560951602334,0.0159043036665607,51.33130648141496,-0.12678217834019542,486954.5,0
TN9 2RR,558700,145700,Unsurveyed/Urban,30.0,River Medway,0.0,Tonbridge and Malling,TN9,2544.0,0.227920445,0.261383958,0.1957713209272154,0.0846426018599394,0.2291389053290961,0.1092867202673512,0.1051827403567972,0.1141068802045727,0.1496444704628501,0.0122263605921777,51.18849592586815,0.2695554389098421,486954.5,0
OX10 6BD,461332,186189,Cambisols,50.0,,1260.0,,OX10,1774.0,1.152101189,1.321253865,0.1846587362598563,0.0675886089718262,0.0497241107389338,0.2142213599593919,0.2122908889951563,0.1303004418355403,0.1285201137197038,0.012695739519591,51.571243524786645,-1.1164486597419556,486954.5,0
SE3 7YP,539769,176057,Unsurveyed/Urban,30.0,,850.0,Lewisham,SE3,2228.0,0.12491905,0.143259793,0.3105920613346326,0.0533892031356226,0.1464490632233907,0.2027879029975427,0.1165758273456166,0.0398639162349456,0.1022110427401189,0.0281309829881299,51.46622971110469,0.01074761594571681,486954.5,0
TW7 9EJ,517054,177215,,10.0,,960.0,Hounslow,TW7,2632.0,0.18752616,0.215058942,0.0839725089695759,0.2328967838685037,0.2207267033001358,0.0933773298910956,0.1270024763001657,0.1317196032172047,0.1059669910188916,0.0043376034344267,51.48178708181503,-0.31571166369209164,486954.5,0
ME10 2DA,590000,164600,,10.0,,0.0,Swale,ME10,1506.0,0.30862412,0.353936629,0.15460490224789,0.0669561344520729,0.0584430986110312,0.1497367399139718,0.2808795172892707,0.1239464108542994,0.1560984690959554,0.0093347275355084,51.34871096347713,0.7269845537023828,486954.5,0
OX9 8EX,459700,192800,Luvisols,50.0,,230.0,South Oxfordshire,OX9,1814.0,0.576829207,0.661519861,0.2034463788766807,0.0532510469822961,0.0361404820331437,0.1705957275985523,0.3065890724615339,0.1377602557962535,0.072292716588694,0.0199243196628455,51.63085319403306,-1.1388703957637063,486954.5,0
GU14 9JR,484620,156919,Unsurveyed/Urban,70.0,Hawley Lake Stream,310.0,,GU14,932.0,0.383784743,0.440132412,0.1089413074201578,0.1080285548740009,0.037975853632411,0.1765175310997526,0.2193854397056363,0.1861089781493171,0.1483220092567843,0.0147203258619397,51.305110416984924,-0.7874873781498469,486954.5,0
PL24 2YB,207178,54022,Unsurveyed/Urban,10.0,,0.0,Cornwall,PL24,1977.0,0.59131809,0.678136017,0.2258120906133423,0.0672153905421157,0.0723483889324629,0.0752465776952529,0.251118719938398,0.1809013011800064,0.1216115014470703,0.0057460296513512,50.354453065257246,-4.711965221638058,486954.5,0
ME10 4RH,590450,162180,,40.0,Milton Creek,4310.0,,ME10,1506.0,0.30862412,0.353936629,0.15460490224789,0.0669561344520729,0.0584430986110312,0.1497367399139718,0.2808795172892707,0.1239464108542994,0.1560984690959554,0.0093347275355084,51.32682528021171,0.7321454111538985,486954.5,0
ME12 4HW,597958,171696,Stagnosols,0.0,,0.0,Swale,ME12,1508.0,0.186653059,0.214057652,0.2009438822141978,0.1201871153843935,0.0556025574183427,0.1748306807749342,0.1682343499278262,0.1391876480656869,0.1185116597706181,0.0225021064440002,51.409723141583434,0.8450629830598283,486954.5,0
SO5 8BS,435500,121200,,0.0,Fish Lake,500.0,Test Valley,SO5,,,,,,,,,,,,50.989111477888635,-1.49558911398368,486954.5,0
ME9 7TN,583973,164481,Luvisols,50.0,,2950.0,Swale,ME9,1524.0,0.328223628,0.376413757,0.2376302377574645,0.0476430245197054,0.0621889375570212,0.1562138841781691,0.2048918090659816,0.1120960121979056,0.154880617706574,0.0244554770171783,51.349623593825214,0.6404765469508127,486954.5,0
CR9 6AR,533474,166196,,60.0,,0.0,Croydon,CR9,792.0,0.0,0.0,0.3077162999968771,0.2123456515731211,0.1293814323880922,0.0517939094354167,0.1092742121513769,0.062069014655613,0.1200730629591256,0.0073464168403771,51.379131798487144,-0.08353121740162063,486954.5,0
TA4 4QS,308229,141321,Cambisols,30.0,Lower Stream,830.0,,TA4,2471.0,0.77833076,0.892606078,0.3268986718791957,0.0605087192828707,0.0468408306475117,0.1172473865717617,0.1386253340812775,0.1284276329659054,0.1294025096146252,0.0520489149568519,51.16374846819695,-3.313837280967413,486954.5,0
SP11 6YW,437273,148063,Luvisols,0.0,,2090.0,Test Valley,SP11,2346.0,0.413990929,0.474773501,0.1897705761689611,0.0614140296059519,0.0429702551874512,0.1394064335668314,0.1946647982880574,0.1502937394358884,0.1961165679382254,0.0253635998086329,51.23054325290632,-1.467562631574344,486954.5,0
SM4 6QS,525329,167862,Unsurveyed/Urban,30.0,Pyl Brook,0.0,,SM4,2286.0,0.193064935,0.221410926,0.030540190024546,0.1108183880745902,0.6657095872288125,0.0800912462246297,0.0324841576155684,0.0293920702795422,0.0489788329030586,0.0019855276492521,51.39595940052281,-0.19991335239550773,486954.5,0
BH23 7HL,416275,94958,Luvisols,10.0,,0.0,"Bournemouth, Christchurch and Poole",BH23,193.0,0.432861128,0.496414242,0.0789296444923902,0.0614489088157031,0.091514787992371,0.1927747077388749,0.27372101478646,0.1862737184393007,0.0934049793443757,0.021932238390524,50.753994768331104,-1.7706526170378163,486954.5,0
BS15 9NX,364873,172748,Unsurveyed/Urban,110.0,River Avon,2010.0,,BS15,257.0,0.275271927,0.315687632,0.1210978455163686,0.0771522787704856,0.1028366049325547,0.2272726468081811,0.2048462040460128,0.1356992659741225,0.1094140597188201,0.0216810942334543,51.45261643457477,-2.5069133225104587,486954.5,0
SM2 7BG,524240,162499,Unsurveyed/Urban,70.0,Hogsmill River,0.0,Sutton,SM2,2284.0,0.268834667,0.308305248,0.0608064409726743,0.1451075788092372,0.1191503666198841,0.1295776202522819,0.2754085568088851,0.156175797146065,0.0990921630051314,0.0146814763858406,51.34799979206072,-0.2174313770459836,486954.5,0
TW13 4LQ,509917,172508,,0.0,,3920.0,Hounslow,TW13,2619.0,0.258819013,0.296819086,0.0232304303008147,0.0372720037566418,0.2927858828805589,0.2328812416371614,0.2291237743992313,0.0946876337670288,0.0825312481480649,0.0074877851104979,51.44091063583042,-0.41990902761584126,486954.5,0
EX4 4XY,292656,92951,Unsurveyed/Urban,40.0,,1320.0,Exeter,EX4,816.0,0.358391433,0.41101083,0.1781345604401778,0.0938182418190905,0.0727250681933979,0.134409254654084,0.1739546248543501,0.1234864037809699,0.20955317192491,0.0139186743330194,50.72623160735895,-3.522203037846132,486954.5,0
SO5 5WF,446100,119000,Unsurveyed/Urban,10.0,Barton River,0.0,,SO5,,,,,,,,,,,,50.968580502382196,-1.3448535804048383,486954.5,0
RH20 2BP,505409,118599,Luvisols,0.0,River Arun,690.0,Horsham,RH20,2083.0,0.674987837,0.774090242,0.1417143419867104,0.052641643064745,0.0929092919873067,0.1426749047506394,0.2600970305449495,0.1524573023580887,0.128280369933374,0.0292251153741859,50.95718858325744,-0.5005595256740744,486954.5,0
RG3 6LX,466612,174733,Unsurveyed/Urban,80.0,River Thames,0.0,Reading,RG3,,,,,,,,,,,,51.46765405611042,-1.0424374800527965,486954.5,0
CT2 9DX,612984,159387,Luvisols,70.0,,2110.0,Canterbury,CT2,463.0,0.19176568,0.219920913,0.1285451353719367,0.0406240961764995,0.0798287744723373,0.2036660111998975,0.2815340541912302,0.1642785654051641,0.0864104585394053,0.015112904643529,51.29376247917979,1.0534427730477347,486954.5,0
CR7 7XS,532904,165801,Unsurveyed/Urban,60.0,River Wandle,0.0,,CR7,450.0,0.046205395,0.052989318,0.3155316219241448,0.3466729058575093,0.1463906303613354,0.0335966658268386,0.0584079015547679,0.0482184416003623,0.0457738886221657,0.0054079442528756,51.375715675785834,-0.09186414748980762,486954.5,0
BS14 9NX,360683,168675,Unsurveyed/Urban,0.0,,780.0,"Bristol, City of",BS14,256.0,0.814820097,0.934452818,0.0157690812220012,0.0156641510867824,0.1360712505596333,0.2459666172361508,0.4481638368648634,0.0660318990502574,0.0670895133135523,0.0052436506667589,51.415719266182336,-2.5667562170355662,486954.5,0
RG20 4JD,449949,162999,Planosols,0.0,,0.0,Basingstoke and Deane,RG20,2049.0,1.263278182,1.448753977,0.2524780501259238,0.0795934768408989,0.0329125714908327,0.1538101900463795,0.1648313654710301,0.1312880260625096,0.1416728048757184,0.0434135150867067,51.36386781211668,-1.2839459861927909,486954.5,0
KT22 0WR,516274,156533,Unsurveyed/Urban,0.0,River Mole,620.0,Mole Valley,KT22,1196.0,0.208492262,0.239103309,0.0812211283171243,0.109188047578317,0.1226057337310616,0.1559203761130596,0.2139202173163145,0.1380988125935121,0.159951437578072,0.0190942467725385,51.29606182956185,-0.33370528073623057,486954.5,0
RG11 6PP,483801,164678,,0.0,,830.0,,RG11,,,,,,,,,,,,51.374982752464696,-0.797409698417891,486954.5,0
RG41 5QJ,477806,170242,Gleysols,50.0,,640.0,Wokingham,RG41,2063.0,0.529273587,0.606982077,0.0586760377678061,0.0658780110940363,0.0325978867789795,0.2347899045104684,0.2440598327393738,0.1986212285129299,0.1482016733829776,0.0171754252134281,51.425854610439394,-0.8823039602615078,486954.5,0
SO1 9XR,437670,115434,Luvisols,20.0,River Test,0.0,,SO1,,,,,,,,,,,,50.93712667246915,-1.4652687138518516,486954.5,0
EX4 1BA,291231,92125,,10.0,,1050.0,Exeter,EX4,816.0,0.358391433,0.41101083,0.1781345604401778,0.0938182418190905,0.0727250681933979,0.134409254654084,0.1739546248543501,0.1234864037809699,0.20955317192491,0.0139186743330194,50.71854104760479,-3.5421406960012076,486954.5,0
BH21 4EF,398415,100783,,30.0,River Stour,0.0,Dorset,BH21,191.0,0.906240404,1.039295547,0.1643938939937587,0.0457826096776067,0.0489926349143491,0.1292331028626527,0.3005148569401333,0.2147215617292759,0.063086794534889,0.0332745453473342,50.80659901535283,-2.023862050511824,486954.5,0
BA2 9DN,371676,163331,Cambisols,0.0,,680.0,Bath and North East Somerset,BA2,128.0,0.573299514,0.657471935,0.3671386607741415,0.0811915683626933,0.0670379917329496,0.154720475682329,0.1428615218283728,0.0852851916793031,0.0824084194208571,0.0193561705193532,51.36832728322864,-2.4082571934128496,486954.5,0
SL5 8TT,490800,168800,Podsols,80.0,,1760.0,Windsor and Maidenhead,SL5,2278.0,0.415718957,0.476755239,0.1607354472639593,0.0699950827563735,0.0314174278598964,0.2417381853665069,0.1823036672037497,0.113785532588605,0.1609871716535046,0.0390374853074043,51.41096189368069,-0.6958281007607519,486954.5,0
PL21 9QB,260665,59772,Cambisols,130.0,,0.0,South Hams,PL21,1974.0,1.126495249,1.291888434,0.2870089921203081,0.0366460561817425,0.0188324212074779,0.0800358841439265,0.1922521042868527,0.2867601131406936,0.0893876337997741,0.0090767951192243,50.4212357596406,-3.962758270556734,486954.5,0
SW17 0TU,526612,171662,Unsurveyed/Urban,10.0,River Wandle,1130.0,,SW17,2408.0,0.140258552,0.160851456,0.50850352468003,0.2603071889394248,0.0290887599244635,0.0351828566412214,0.0400038587332769,0.0523392536335476,0.0668651446524571,0.0077094127955784,51.42982564176425,-0.18012585071694567,486954.5,0
CR5 3AZ,529337,158143,Unsurveyed/Urban,100.0,,5010.0,Croydon,CR5,448.0,0.358878985,0.411569964,0.0389843497405942,0.2766687702892348,0.324993909044931,0.1745139678538858,0.0625124879448379,0.0539510274362386,0.0602449625553704,0.0081305251349072,51.30771634474686,-0.14586386842758206,486954.5,0
HA5 2QQ,510852,188516,Unsurveyed/Urban,0.0,Yeading Brook,0.0,,HA5,971.0,0.382260288,0.438384134,0.015252671330881,0.1530696549924348,0.3422301853683234,0.1752929531039188,0.1647180913464481,0.0962446331960245,0.0518734716840108,0.0013183389779583,51.58460777129035,-0.40143357080969533,486954.5,0
BN22 9RT,560137,102497,,10.0,Willingdon and West Langney Sewer,1320.0,Eastbourne,BN22,227.0,0.325855762,0.373698238,0.2092153129255375,0.182214637774475,0.078172873966735,0.152264084205502,0.2467372452120517,0.0723040430540966,0.0504230226939482,0.0086687801676537,50.79991142456282,0.27106734594434917,486954.5,0
RH4 1TB,516000,149900,Unsurveyed/Urban,60.0,Pipp Brook,350.0,,RH4,2085.0,0.2174599,0.249387585,0.233268294746509,0.1315368911031289,0.1626104435183195,0.1201520995159669,0.090758431997356,0.1544029328713279,0.0757451973940896,0.0315257088533019,51.23649998035599,-0.3397830351821963,486954.5,0
BN3 3BW,529099,105474,Unsurveyed/Urban,30.0,River Adur,0.0,,BN3,233.0,0.251871085,0.288851055,0.3825143846656721,0.1209374770847395,0.1478199644546077,0.1236015740252155,0.1457403284897892,0.0343961489427273,0.0348421327068108,0.0101479896304375,50.834408760611154,-0.16806381001358728,486954.5,0
SW9 8PT,531267,175429,Unsurveyed/Urban,0.0,,0.0,,SW9,2427.0,0.052000541,0.059635314,0.2707850960851926,0.0242710811443289,0.0397017735788459,0.1045230524334408,0.2911090441169792,0.0629374658342771,0.1936547476272975,0.0130177391796377,51.46262021889512,-0.11180787578929868,486954.5,0
PL16 0JP,241086,89203,Cambisols,140.0,River Wolf,0.0,Torridge,PL16,1968.0,1.089023058,1.248914538,0.4417946296214577,0.0335222490263088,0.0304474300764733,0.0876161850920246,0.1358929193082583,0.1057148989044646,0.1435193050713659,0.0214923828996464,50.68072912559668,-4.250722833724484,486954.5,0
RG7 4HF,463447,167154,Histosols,90.0,,1400.0,,RG7,2068.0,0.792604611,0.908975631,0.1939186193677976,0.065669344759418,0.0425794765678252,0.1688214883271913,0.1960055583120003,0.1557436554738225,0.1536594253316135,0.0236024318603314,51.39987868461114,-1.0893502714773242,486954.5,0
BS23 2LN,331938,162210,,40.0,Uphill Great Rhyne,2700.0,,BS23,263.0,0.444823956,0.510133465,0.3105308557678158,0.1151515526756242,0.0644419758798452,0.1109843408404046,0.0870093706095669,0.1780719843502133,0.1039332903909197,0.02987662948561,51.354868805996055,-2.9788082666267313,486954.5,0
SP11 0HH,434445,149993,Luvisols,100.0,,3350.0,Test Valley,SP11,2346.0,0.413990929,0.474773501,0.1897705761689611,0.0614140296059519,0.0429702551874512,0.1394064335668314,0.1946647982880574,0.1502937394358884,0.1961165679382254,0.0253635998086329,51.24807405318268,-1.5078782836490616,486954.5,0
SO30 2TX,451030,113026,Unsurveyed/Urban,0.0,Pudbrook Lake,160.0,,SO30,2332.0,0.38422303,0.440635048,0.0249020915596781,0.0385065930045543,0.0353344032383077,0.1655748576538032,0.2653570289025919,0.3484951414149392,0.1083856430145373,0.0134442412115879,50.914449946410784,-1.2754851301140493,486954.5,0
BS20 8RS,344569,175683,Unsurveyed/Urban,110.0,,2270.0,,BS20,260.0,0.560782723,0.643117416,0.1100846732826928,0.0630732615977742,0.0348033733211335,0.1864969894393466,0.2352693203860655,0.1313338321733093,0.2226365631921541,0.0163019866075237,51.47737607979971,-2.7995500121679076,486954.5,0
TW8 9QA,517929,178551,Unsurveyed/Urban,10.0,River Brent,0.0,Hounslow,TW8,2633.0,0.11518799,0.132100009,0.1187865889081171,0.1928834583952384,0.1145761907539587,0.078912237245786,0.1624345979342041,0.091476445345692,0.2357554421184356,0.0051750392985679,51.49361285497273,-0.30267099597878216,486954.5,0
SE21 7WG,533055,172559,Unsurveyed/Urban,40.0,Pool River,0.0,Southwark,SE21,2220.0,0.124090922,0.142310079,0.3526566050655779,0.0872344643984006,0.0262655446872702,0.2829498583451724,0.1486876584572323,0.0592733092927666,0.0183411968477182,0.0245913629058614,51.43641178784471,-0.08716326840712559,486954.5,0
CT9 4AR,635730,169899,,0.0,,6880.0,,CT9,472.0,0.249190289,0.285776663,0.3803760395422759,0.1334570551224755,0.0947704844084048,0.1179803175221491,0.1013876756561094,0.0771402755514463,0.0819453779806371,0.0129427742165016,51.37916529520337,1.3860594295686806,486954.5,0
BS32 4XL,360510,181772,Unsurveyed/Urban,70.0,,1630.0,South Gloucestershire,BS32,273.0,0.472643749,0.542037788,0.0523741317953599,0.0147642511911603,0.0727788058989567,0.1065860762949486,0.1235888854210018,0.4148944363524548,0.19721246943652,0.0178009436095976,51.53346307878757,-2.570712011533114,486954.5,0
SE9 3PN,544090,172449,Unsurveyed/Urban,50.0,,710.0,Greenwich,SE9,2234.0,0.137509629,0.157698934,0.0468624794563049,0.1639752542405547,0.3433016055333362,0.2851990768625607,0.0917653351590489,0.0282971230129873,0.031029212322371,0.009569913412836,51.43272677918723,0.07144241695695804,486954.5,0
GU34 9FW,471656,139156,Unsurveyed/Urban,110.0,River Wey,0.0,East Hampshire,GU34,954.0,0.470819961,0.53994623,0.1632858229545067,0.0905016918739522,0.0523570755868843,0.1458649485600037,0.1878902571027598,0.1960144499487493,0.1490317783635235,0.0150539756096201,51.14719033775492,-0.9769708662299622,486954.5,0
PL15 7JA,231024,81944,Cambisols,0.0,,0.0,Cornwall,PL15,1967.0,0.87097586,0.998853427,0.3269906011027643,0.0478296733700186,0.0333916015040847,0.0524381698306593,0.1974303632876276,0.1418599446309328,0.1757784014833849,0.0242812447905275,50.61267117744954,-4.389704897239741,486954.5,0
TA24 8AF,295786,145727,,60.0,,690.0,Somerset West and Taunton,TA24,2469.0,0.634179267,0.727290116,0.2929709829767691,0.1411389779197977,0.0533719459487458,0.1142980031174578,0.1490514452099841,0.1291528451868279,0.0861130675760679,0.0339027320643493,51.20121962606642,-3.493008486465278,486954.5,0
ME3 0EG,588607,176643,,10.0,,0.0,Medway,ME3,1518.0,0.231962835,0.266019856,0.1136588869261715,0.066565689553059,0.0406019584003138,0.226238432747112,0.2815699498939784,0.1196675487697041,0.1394880780812437,0.0122094556284172,51.45733936889411,0.7134026425317117,486954.5,0
BA12 7LJ,381633,141164,Cambisols,0.0,,1190.0,Wiltshire,BA12,123.0,0.839206404,0.962419547,0.3005047363141219,0.0292946066308487,0.0442715209470771,0.1478969087027853,0.2065738829589693,0.1771345727983489,0.0876740188566173,0.0066497527912312,51.16941910680032,-2.2640826662118387,486954.5,0
SN12 6XP,391551,161583,Stagnosols,50.0,Semington Brook,0.0,Wiltshire,SN12,2306.0,0.559076258,0.641160406,0.1348343375944772,0.0576265694766011,0.0456707606981205,0.1729803589072876,0.2273558947864404,0.2034686812103665,0.1479154161526104,0.0101479811740959,51.35325742927853,-2.1227157161928853,486954.5,0
RH20 1HE,500326,114597,,30.0,,440.0,Chichester,RH20,2083.0,0.674987837,0.774090242,0.1417143419867104,0.052641643064745,0.0929092919873067,0.1426749047506394,0.2600970305449495,0.1524573023580887,0.128280369933374,0.0292251153741859,50.92211881146118,-0.5740075299759277,486954.5,0
TA1 2PX,325177,124399,Gleysols,10.0,Black Brook,0.0,Somerset West and Taunton,TA1,2453.0,0.679542937,0.779314127,0.2072244107938683,0.0930614811194713,0.075493261044675,0.0850422800897088,0.1901576779357012,0.1947779514588994,0.1279490442119274,0.0262938933457483,51.01408218778487,-3.0679962315334417,486954.5,0
SP1 2TY,414803,129666,Unsurveyed/Urban,50.0,River Avon,0.0,Wiltshire,SP1,2344.0,0.904131604,1.036877131,0.2918668686939605,0.102224709833927,0.0657282240367973,0.1150460109015809,0.151593817972333,0.1506346903866489,0.111161829516085,0.0117438486586672,51.066139197487054,-1.790122381131954,486954.5,0
SE25 4NH,534770,168447,Unsurveyed/Urban,0.0,,1190.0,Croydon,SE25,2224.0,0.078657506,0.090206081,0.4590117846344579,0.0934898796687136,0.1097828777759384,0.068311607711651,0.1005215208281012,0.0809570120982744,0.0514843523721175,0.0364409649107456,51.399054500426374,-0.06406701260116222,486954.5,0
PL9 9RN,249559,52515,Unsurveyed/Urban,0.0,,840.0,,PL9,1995.0,0.383404293,0.439696104,0.0560456648340019,0.1112371797983836,0.1334236038901982,0.2577121430838567,0.2410862640678386,0.1073766255686555,0.0916164933773042,0.0015020253797612,50.353275054507456,-4.116080820469854,486954.5,0
RG12 1XT,486385,169705,Unsurveyed/Urban,0.0,,690.0,Bracknell Forest,RG12,2043.0,0.244585074,0.280495305,0.0319528931446908,0.0121523064490536,0.0123981400056177,0.2445458110573393,0.3349395740210024,0.2073591034867175,0.145131391929596,0.0115207799059823,51.419786284907616,-0.7590722316021853,486954.5,0
TN15 0ZB,553007,154630,,150.0,,1960.0,Sevenoaks,TN15,2511.0,0.656961578,0.753417349,0.2170427191795105,0.0748058757081177,0.0893654778458638,0.2341996719887311,0.1374400908507238,0.1409530350415147,0.0861453452717344,0.0200477841138037,51.2702858506149,0.19196565705779706,486954.5,0
SE12 0ER,540753,171940,,0.0,,0.0,,SE12,2210.0,0.101847951,0.116801371,0.1014545836586449,0.1488605929683803,0.1793427016587647,0.274575769968553,0.1609737597466129,0.0806786482536709,0.0314600515529825,0.0226538921923904,51.428990981355554,0.02326786184002821,486954.5,0
SW19 9FR,524321,170180,Unsurveyed/Urban,20.0,River Wandle,0.0,Merton,SW19,2410.0,0.308988468,0.354354471,0.264660062189143,0.2123536171880402,0.0610799536312745,0.106396396534114,0.160228825625078,0.1018433386722242,0.0794357783017512,0.0140020278583745,51.417013376583455,-0.21358305896422447,486954.5,0
SN14 7DZ,386029,173334,Leptosols,120.0,,2670.0,Wiltshire,SN14,2308.0,0.599505829,0.687525889,0.2491098914814878,0.0280291674488765,0.0499767865098815,0.1687732850532727,0.1963899924038723,0.205530261312349,0.092088193679387,0.0101024221108729,51.45880709189213,-2.2024783851500085,486954.5,0
TA1 4NX,320901,123395,Arenosols,30.0,,490.0,Somerset West and Taunton,TA1,2453.0,0.679542937,0.779314127,0.2072244107938683,0.0930614811194713,0.075493261044675,0.0850422800897088,0.1901576779357012,0.1947779514588994,0.1279490442119274,0.0262938933457483,51.00448265000779,-3.1287202021054736,486954.5,0
CT16 3BU,629255,143920,,50.0,River Dour,620.0,Dover,CT16,459.0,0.653106478,0.748996239,0.3302220952266796,0.0437472385751446,0.0349777261494217,0.1634284767317871,0.2318610755431349,0.0817165662092435,0.0934180948575457,0.0206287267070425,51.14860047793784,1.2765394379350627,486954.5,0
RH12 4SU,517435,135554,,60.0,Boldings Brook,420.0,Horsham,RH12,2074.0,0.684508131,0.785008316,0.1830327811906041,0.0639503047784439,0.0444624772660082,0.1555928366452803,0.2154911979710132,0.1843608347276915,0.1277829857258079,0.0253265816951506,51.107263309410484,-0.3239187156421941,486954.5,0
TR6 0HD,175809,53701,,0.0,,390.0,Cornwall,TR6,2582.0,0.219231246,0.251419002,0.1924509779625643,0.0602542271126857,0.1291118999023079,0.0855122841355209,0.2548252194833793,0.1368809022335139,0.13235473658461,0.0086097525854176,50.34045880059165,-5.152087109224688,486954.5,0
GU51 1JS,480433,155534,Podsols,0.0,,380.0,Hart,GU51,960.0,0.501156398,0.574736693,0.0337019857818095,0.1126346115859348,0.0474281127582521,0.1552649744885219,0.2327145682954146,0.1968720092670341,0.214499153286704,0.0068845845363287,51.29326558894822,-0.8478494252652483,486954.5,0
TW20 9PP,500320,170667,,0.0,,570.0,Runnymede,TW20,2627.0,0.639384488,0.733259573,0.175987057957387,0.1236827339782848,0.0879446523596848,0.195818182518778,0.122358748423602,0.1861548557913404,0.0882369941178991,0.0198167748530235,51.42614149672756,-0.5584619740841884,486954.5,0
GU51 3DJ,481244,154599,Unsurveyed/Urban,80.0,,0.0,,GU51,960.0,0.501156398,0.574736693,0.0337019857818095,0.1126346115859348,0.0474281127582521,0.1552649744885219,0.2327145682954146,0.1968720092670341,0.214499153286704,0.0068845845363287,51.28474502689329,-0.836433394812478,486954.5,0
UB3 2AP,509302,180896,Unsurveyed/Urban,40.0,Grand Union Canal,0.0,,UB3,2639.0,0.216519585,0.248309212,0.0066289867113345,0.2243327944180951,0.2992633152216905,0.0876335856081827,0.2154099020461771,0.0614065372105449,0.1041274617017949,0.0011974170821801,51.51642176016334,-0.4261612366848819,486954.5,0
GU15 1UA,490300,160400,Unsurveyed/Urban,120.0,,2090.0,Surrey Heath,GU15,933.0,0.434667849,0.498486227,0.0727349215534625,0.0698821616666516,0.0679505760236783,0.2341227859685903,0.2910377468812276,0.1216510295998235,0.1235034002743516,0.0191173780322143,51.33553103398316,-0.7051470519661445,486954.5,0
TA11 6LN,348647,128888,,0.0,River Cary,1090.0,South Somerset,TA11,2455.0,0.4501727,0.516267517,0.2170635020037821,0.0387541663501855,0.0279006647204636,0.0865828970648324,0.3303600373163393,0.1616233250127328,0.0957283987112857,0.0419870088203782,51.057024386767424,-2.7340991839788837,486954.5,0
BH15 2BH,401812,91376,Unsurveyed/Urban,10.0,Little Channel,1340.0,,BH15,184.0,0.24593802,0.282046892,0.0778576531903136,0.1016210666798567,0.1236257610147386,0.1125269832588834,0.2478633442663744,0.1269228056644491,0.1850970613156095,0.0244853246097745,50.722005624081206,-1.975695714287706,486954.5,0
BS35 3JT,362514,188497,,90.0,,0.0,,BS35,275.0,0.323735349,0.371266505,0.1759558078582848,0.0247340597169915,0.0460610313066375,0.2001435813953669,0.3065433891305203,0.1544455469960289,0.0614671503809497,0.03064943321522,51.59406432993862,-2.5425416889818515,486954.5,0
TN31 7WJ,591947,120455,Luvisols,10.0,,0.0,Rother,TN31,2529.0,0.585062603,0.670962092,0.3095582145825539,0.0774784172005603,0.1144023877111285,0.0926035257118304,0.1711173023362883,0.1139929652837775,0.1001321914081211,0.0207149957657397,50.951560443278524,0.7313874830954608,486954.5,0
SO9 7TW,442625,112690,,10.0,,890.0,,SO9,,,,,,,,,,,,50.912109028333354,-1.395075090558783,486954.5,0
PO22 7EY,495355,99992,,0.0,,1170.0,,PO22,2010.0,0.261585719,0.299992002,0.0512589121470728,0.0666218888479411,0.1444617641980892,0.1726788690407913,0.2993125305986305,0.1362204813546721,0.1070371289673132,0.0224084248454894,50.7916626209397,-0.6485097673987632,486954.5,0
RG11 7QT,483900,163700,Podsols,90.0,,280.0,Bracknell Forest,RG11,,,,,,,,,,,,51.36617624722403,-0.7962182372174165,486954.5,0
RG26 6JE,459880,162118,,100.0,Bishop's Wood Stream,650.0,Basingstoke and Deane,RG26,2055.0,0.409326983,0.46942479,0.0737208562456788,0.023459370044218,0.0287966094876581,0.2916979480456477,0.3317218168264688,0.1449894018253132,0.095392373780513,0.0102216237445022,51.35498885733643,-1.1414660260166272,486954.5,0
ME3 7AU,574571,168217,Unsurveyed/Urban,10.0,,580.0,Medway,ME3,1518.0,0.231962835,0.266019856,0.1136588869261715,0.066565689553059,0.0406019584003138,0.226238432747112,0.2815699498939784,0.1196675487697041,0.1394880780812437,0.0122094556284172,51.38614800219095,0.5074388696725781,486954.5,0
SE13 6LZ,538200,175300,Unsurveyed/Urban,0.0,Quaggy River,1340.0,,SE13,2211.0,0.071172698,0.081622346,0.4500507368123126,0.0623592188080498,0.0237820486730793,0.0781671100440805,0.07034050687007,0.0564192957421796,0.2027374117071687,0.0561436713430591,51.45981221143045,-0.01212092638794829,486954.5,0
TR7 1LT,180466,61878,Unsurveyed/Urban,0.0,River Gannel,960.0,Cornwall,TR7,2583.0,0.643192106,0.737626229,0.2020496099249693,0.1738309608330334,0.0445368839295935,0.105525475663386,0.1501484500392892,0.1474564617325693,0.1660687312803765,0.0103834265967823,50.41564391752747,-5.091514563905329,486954.5,0
SO20 6DY,435931,137107,,40.0,,1170.0,,SO20,2327.0,0.402786135,0.461923608,0.2487084889513605,0.0563929992085415,0.0527798176336433,0.2178825950567245,0.1244236595830187,0.1126841978322938,0.156609997149769,0.0305182445846484,51.132117136383535,-1.487873938782475,486954.5,0
TR1 3SZ,181836,45471,Unsurveyed/Urban,40.0,River Kenwyn,500.0,,TR1,2559.0,1.002348706,1.149514569,0.276684870718573,0.0273391922635733,0.0709631895622333,0.1496505263169253,0.1781005983830635,0.1409014494958585,0.1519086102809001,0.0044515629788728,50.26881376934261,-5.062760314602874,486954.5,0
BR8 7YD,551336,169302,Unsurveyed/Urban,70.0,,2670.0,Sevenoaks,BR8,251.0,0.236095815,0.270759644,0.0635345042910583,0.0396626086723483,0.0995075835688253,0.3065825137281592,0.2728581248849048,0.1750254467730796,0.0377801700870365,0.0050490479945878,51.40256332761591,0.17425991308572258,486954.5,0
BH13 7BX,406326,89670,,20.0,,80.0,"Bournemouth, Christchurch and Poole",BH13,182.0,0.185893546,0.213186626,0.114260934914199,0.1022018938679181,0.0484150189656663,0.1192709396512735,0.2324314936046413,0.1900673594783456,0.1694151617942335,0.0239371977237225,50.70663341285835,-1.911777870646852,486954.5,0
BN41 2LT,525174,106083,,0.0,West Arm,0.0,,BN41,234.0,0.330945317,0.379535047,0.1600439932208597,0.2441804769394203,0.159148462464899,0.2113060069669173,0.1051036809217502,0.0689349902739386,0.0431802916787567,0.0081020975334579,50.84074394162076,-0.22356494955665615,486954.5,0
BN9 7UA,541200,102600,Unsurveyed/Urban,0.0,River Ouse,2530.0,Lewes,BN9,243.0,0.411628055,0.472063707,0.0956695771408732,0.0966383319730607,0.0711756300182469,0.2488948182889177,0.2476637844840869,0.1354735477294446,0.093745290557135,0.0107390198082346,50.805757057454535,0.0025670681103318075,486954.5,0
TA20 1FD,332967,109798,Planosols,90.0,,0.0,,TA20,2465.0,0.642278183,0.736578123,0.2282938088201651,0.0542986230990081,0.0448505673577043,0.0995106243609438,0.2201906224409925,0.153018109487038,0.1487475945468142,0.0510900498873335,50.883766069927006,-2.954272565140657,486954.5,0
SM6 7NU,528535,164755,Unsurveyed/Urban,30.0,River Wandle,0.0,,SM6,2288.0,0.102078902,0.117066231,0.0535513857861554,0.2778093556708672,0.1317537891857046,0.0632310349939628,0.1826148748773587,0.1238437438636133,0.1575092235890645,0.0096865920332732,51.36732027375847,-0.15497898112073866,486954.5,0
CR4 6JT,530900,168300,,40.0,,3250.0,,CR4,447.0,0.126716228,0.145320834,0.132032724168072,0.3108975115078427,0.1944323265652803,0.0764377553369459,0.0796614761712746,0.1063296045242859,0.0910530866226763,0.009155515103622,51.39863881992607,-0.11971987700086949,486954.5,0
SW8 3BT,528703,175904,,10.0,,2400.0,,SW8,2426.0,0.182068535,0.208800024,0.3336386121292996,0.0143458577964217,0.1117986320803215,0.1604216460938007,0.1726700809166041,0.0794119881856735,0.1116386604669949,0.0160745223308838,51.46747724681755,-0.14852286647403698,486954.5,0
BS19 1PB,350600,171500,Leptosols,80.0,,1400.0,North Somerset,BS19,,,,,,,,,,,,51.44032750802174,-2.712130783825772,486954.5,0
RG29 1JH,474496,149607,,110.0,River Whitewater,0.0,Hart,RG29,2058.0,0.433554967,0.497209951,0.1890424768789127,0.0460431261336385,0.0804056899758896,0.151077535081141,0.2199257562168376,0.1513575930847087,0.1183542422285635,0.0437935804003081,51.240786807625376,-0.9342119248064791,486954.5,0
SE14 5AD,535851,176825,Unsurveyed/Urban,10.0,River Thames,0.0,,SE14,2212.0,0.080297138,0.092086446,0.4232524659192415,0.1220838536126615,0.0065515588099885,0.0595692483537452,0.1248059605694974,0.0838773335106072,0.1016911290043653,0.078168450219893,51.47408439845574,-0.04532585449678518,486954.5,0
CR3 6HJ,533482,154494,Unsurveyed/Urban,150.0,,2170.0,Tandridge,CR3,446.0,0.677867221,0.77739238,0.0708058615150145,0.1457716018003741,0.2345731516473692,0.1928096518885664,0.1323038762686892,0.1025887810521244,0.1103699496900396,0.0107771261378224,51.27396745656852,-0.08779583733660204,486954.5,0
DA14 6RY,545600,171900,Unsurveyed/Urban,0.0,,1300.0,,DA14,514.0,0.705300721,0.808853695,0.0996788551462019,0.0619499950233049,0.1746614891875226,0.1988926678919265,0.2562682064425959,0.1002541535788807,0.0867502969211426,0.0215443358084247,51.42740803297114,0.09292383577063698,486954.5,0
CT16 1QN,632210,141628,Unsurveyed/Urban,10.0,River Dour,0.0,Dover,CT16,459.0,0.653106478,0.748996239,0.3302220952266796,0.0437472385751446,0.0349777261494217,0.1634284767317871,0.2318610755431349,0.0817165662092435,0.0934180948575457,0.0206287267070425,51.126835127332654,1.31723877484277,486954.5,0
CR5 1PQ,530525,158220,,120.0,,0.0,Croydon,CR5,448.0,0.358878985,0.411569964,0.0389843497405942,0.2766687702892348,0.324993909044931,0.1745139678538858,0.0625124879448379,0.0539510274362386,0.0602449625553704,0.0081305251349072,51.30813737834673,-0.12880189205146714,486954.5,0
TN21 1AA,558163,121511,Luvisols,0.0,,2250.0,Wealden,TN21,2518.0,0.868260365,0.99573924,0.2135385698895131,0.0903225189793078,0.0587880105766209,0.1305670762430332,0.194344990025779,0.1883313092407197,0.0980101042868205,0.0260974207582054,50.97130326432045,0.25130065425062065,486954.5,0
RH16 1FL,533131,124714,Unsurveyed/Urban,50.0,Scrase Stream,0.0,Mid Sussex,RH16,2078.0,0.31625469,0.362687527,0.0716636317809349,0.0588355545843663,0.0753170138429163,0.2577262015466287,0.2705115990939632,0.1066211792832766,0.1421656590775447,0.0171591607903691,51.006414760873774,-0.10382259976467978,486954.5,0
BA16 0XP,350087,138997,,30.0,River Brue,650.0,Mendip,BA16,127.0,0.248139559,0.284571663,0.1637197362136152,0.0486394385105399,0.0462902423018923,0.1690688322471802,0.1873449772433696,0.1894262636346361,0.1766190570771731,0.0188914527715934,51.14804549748166,-2.7149557432223332,486954.5,0
BR8 8JF,551000,168200,Unsurveyed/Urban,80.0,,0.0,,BR8,251.0,0.236095815,0.270759644,0.0635345042910583,0.0396626086723483,0.0995075835688253,0.3065825137281592,0.2728581248849048,0.1750254467730796,0.0377801700870365,0.0050490479945878,51.39275113783682,0.16896471366282634,486954.5,0
KT9 1YU,518033,164512,Unsurveyed/Urban,40.0,,1440.0,Kingston upon Thames,KT9,1205.0,0.176250903,0.202128241,0.0331193935848453,0.0436699700385254,0.395964530175305,0.2660134410865241,0.0996007460123544,0.1176826165171987,0.0361415967391892,0.0078077058460576,51.36741388726189,-0.3058471381361649,486954.5,0
BH23 4PL,419514,94049,,20.0,Bure Brook,1180.0,"Bournemouth, Christchurch and Poole",BH23,193.0,0.432861128,0.496414242,0.0789296444923902,0.0614489088157031,0.091514787992371,0.1927747077388749,0.27372101478646,0.1862737184393007,0.0934049793443757,0.021932238390524,50.74572134145994,-1.7247851308500455,486954.5,0
PO9 9FE,472039,106225,Unsurveyed/Urban,0.0,,0.0,Havant,PO9,2029.0,0.362071869,0.415231632,0.0933711428245666,0.0428175429107254,0.029216306413472,0.434543367041582,0.1975914232474747,0.1017611909525199,0.0917994285295044,0.0088995980801547,50.851066382664314,-0.978020108574895,486954.5,0
EX31 4HQ,254935,140111,Histosols,0.0,Colam Stream,360.0,North Devon,EX31,807.0,1.719408578,1.971853905,0.2529327077686979,0.0405170318565325,0.0478745779082766,0.1086695999923799,0.2290101297623288,0.1872691504990884,0.1150591172979198,0.0186676849147758,51.14183485158894,-4.075092126355589,486954.5,0
DA14 4HX,546360,172491,,40.0,,1230.0,Bexley,DA14,514.0,0.705300721,0.808853695,0.0996788551462019,0.0619499950233049,0.1746614891875226,0.1988926678919265,0.2562682064425959,0.1002541535788807,0.0867502969211426,0.0215443358084247,51.432522869236436,0.10409177479542059,486954.5,0
SW9 7LD,531539,175842,Unsurveyed/Urban,10.0,River Thames,3900.0,,SW9,2427.0,0.052000541,0.059635314,0.2707850960851926,0.0242710811443289,0.0397017735788459,0.1045230524334408,0.2911090441169792,0.0629374658342771,0.1936547476272975,0.0130177391796377,51.46626860082716,-0.10774121083360058,486954.5,0
TN17 4DE,580995,132834,Planosols,0.0,,0.0,Tunbridge Wells,TN17,2513.0,1.392867255,1.597369451,0.3726623300892453,0.1095347439751933,0.0210086876079616,0.0926110460679846,0.208899722770351,0.1038204101219149,0.0366028954156775,0.0548601639516714,51.066302912341285,0.5818066719017192,486954.5,0
KT22 7EL,516995,157136,Unsurveyed/Urban,0.0,The Rye,1400.0,Mole Valley,KT22,1196.0,0.208492262,0.239103309,0.0812211283171243,0.109188047578317,0.1226057337310616,0.1559203761130596,0.2139202173163145,0.1380988125935121,0.159951437578072,0.0190942467725385,51.3013339989583,-0.32317148389869127,486954.5,0
DT1 1ES,369760,90320,,60.0,River Frome,490.0,Dorset,DT1,634.0,0.771774713,0.885087466,0.2260565383931023,0.0357537444456596,0.0317030799111395,0.0952124374118928,0.1644410803751779,0.1738179082423783,0.2577131809611954,0.0153020302594539,50.71171917766956,-2.4296601579406594,486954.5,0
SE12 0AP,540488,173326,Unsurveyed/Urban,50.0,Quaggy River,0.0,,SE12,2210.0,0.101847951,0.116801371,0.1014545836586449,0.1488605929683803,0.1793427016587647,0.274575769968553,0.1609737597466129,0.0806786482536709,0.0314600515529825,0.0226538921923904,51.44151124002536,0.020007901438254354,486954.5,0
SE1 2EZ,533631,179716,Unsurveyed/Urban,10.0,Upper Pool,490.0,,SE1,2207.0,0.044146882,0.050628572,0.1889019326986313,0.0354877516016428,0.1131022358923201,0.1068875978664788,0.1068198045820465,0.1491913443923626,0.2392821590041381,0.0603271739623795,51.500592342750664,-0.0761780076740407,486954.5,0
SW17 0QQ,527299,171435,,20.0,,0.0,Wandsworth,SW17,2408.0,0.140258552,0.160851456,0.50850352468003,0.2603071889394248,0.0290887599244635,0.0351828566412214,0.0400038587332769,0.0523392536335476,0.0668651446524571,0.0077094127955784,51.42763182716007,-0.170330518294133,486954.5,0
SL6 2NT,490740,176358,Planosols,30.0,,1680.0,Windsor and Maidenhead,SL6,2279.0,0.428118838,0.490975684,0.1217311523087976,0.0993805497911236,0.0512736585531822,0.1842891003727085,0.2964334803890767,0.0953515276740988,0.1241559033510816,0.0273846275599306,51.47891198972738,-0.6947552035856772,486954.5,0
KT22 9RR,514600,156700,Planosols,40.0,River Mole,1080.0,,KT22,1196.0,0.208492262,0.239103309,0.0812211283171243,0.109188047578317,0.1226057337310616,0.1559203761130596,0.2139202173163145,0.1380988125935121,0.159951437578072,0.0190942467725385,51.29790189335944,-0.35765069337049576,486954.5,0
PO6 1UR,467527,105038,Unsurveyed/Urban,0.0,,1070.0,Portsmouth,PO6,2026.0,0.182585756,0.209393183,0.0196686885341279,0.1571737283980127,0.2875828440853101,0.3046455601857843,0.069663103474921,0.1017128651583018,0.0571088035011186,0.0024444066624233,50.8409372810079,-1.0423238850853327,486954.5,0
KT17 2AW,522179,162742,Unsurveyed/Urban,40.0,,650.0,Epsom and Ewell,KT17,1190.0,0.427542713,0.490314972,0.0837965784921707,0.1214348538816654,0.2317710409686733,0.1376176206747767,0.1763060725017772,0.1215931687524796,0.1140550122080478,0.0134256525204091,51.35063014076635,-0.2469268273399692,486954.5,0
KT20 7TY,522486,154954,Unsurveyed/Urban,170.0,,4250.0,,KT20,1194.0,0.282963774,0.324508805,0.0697274556250051,0.1475739014588556,0.1447839765286163,0.1412804727505605,0.1583844392306215,0.1914106051585301,0.0924100687195384,0.0544290805282721,51.28056929813292,-0.24519334191508768,486954.5,0
BS99 3DY,360204,173429,Unsurveyed/Urban,20.0,River Frome,0.0,"Bristol, City of",BS99,301.0,0.0,0.0,0.0788796506789054,0.0576623294665004,0.110286970698766,0.1912230261974221,0.2351866058139096,0.0137517230932624,0.3017459639767935,0.0112637300744404,51.45842947678411,-2.574179627301349,486954.5,0
PL31 1ED,207143,66895,Unsurveyed/Urban,100.0,,0.0,Cornwall,PL31,1985.0,0.626163036,0.718096934,0.1416201706845269,0.0494055523026653,0.0231422479250172,0.1385625374627653,0.3000596021999195,0.1188307992667455,0.2271360524837445,0.0012430376746155,50.470080211462815,-4.719072588908524,486954.5,0
GU7 9TN,497259,144012,Unsurveyed/Urban,40.0,,360.0,Waverley,GU7,963.0,1.222846862,1.40238649,0.2827259444703125,0.0965369256752301,0.0710227092579063,0.1352358774513686,0.1528258535146663,0.1662992861763241,0.0915640181137242,0.0037893853404676,51.18707002022328,-0.6097334218358349,486954.5,0
RH1 6LJ,526486,149119,,0.0,,950.0,,RH1,2071.0,0.579308944,0.664363676,0.1621774950926168,0.0561813202622479,0.0653252227867551,0.1683374909963199,0.1132154204611988,0.2116018991990775,0.2030728946303897,0.020088256571394,51.22725489577716,-0.18993261920229412,486954.5,0
TN1 2RL,558843,140240,,100.0,,1800.0,,TN1,2505.0,0.293701562,0.336823126,0.5529199791630006,0.0251971929179168,0.0095052728136003,0.0454711842266233,0.128918558243138,0.0953935919298289,0.1328642387630986,0.0097299819427932,51.139398583377194,0.26919073669819993,486954.5,0
SW17 0ZU,526843,171761,Unsurveyed/Urban,0.0,River Wandle,0.0,Wandsworth,SW17,2408.0,0.140258552,0.160851456,0.50850352468003,0.2603071889394248,0.0290887599244635,0.0351828566412214,0.0400038587332769,0.0523392536335476,0.0668651446524571,0.0077094127955784,51.43066374516452,-0.1767693941144137,486954.5,0
SE11 5AG,530857,178489,Unsurveyed/Urban,10.0,,0.0,,SE11,2209.0,0.081484878,0.093448571,0.1591817798168676,0.0577526269721415,0.1428653008041883,0.0630507289215846,0.2024207787466886,0.0516299254173964,0.3040993013117054,0.0189995580094274,51.49021419124245,-0.11657397786224569,486954.5,0
TW14 0SZ,510800,175000,,0.0,River Crane,910.0,Hounslow,TW14,2620.0,0.175307077,0.201045842,0.0309096851533071,0.0522814593142818,0.2764068714740516,0.279412175485452,0.1838178184698884,0.090917438773324,0.0824523875242802,0.0038021638054146,51.46313702791219,-0.40643005321644043,486954.5,0
SO31 5WX,451208,108254,,50.0,,1150.0,,SO31,2333.0,0.492075759,0.564322826,0.0429366839129876,0.0627659577563801,0.053054252127388,0.1311661956835968,0.2201890187340075,0.287608165265289,0.1889561013222727,0.0133236251980779,50.87152592305853,-1.2736208512801916,486954.5,0
SO2 9AD,443886,111110,Unsurveyed/Urban,20.0,River Itchen,0.0,Southampton,SO2,,,,,,,,,,,,50.89780764260193,-1.3773292505497146,486954.5,0
PO38 3HB,452506,82425,,30.0,,270.0,Isle of Wight,PO38,2020.0,0.840693373,0.964124834,0.4255503542861788,0.0389812741943062,0.0378699888627172,0.0926248364924162,0.2411568106245302,0.0830395898914191,0.0694501938855706,0.0113269517628614,50.63915897705355,-1.2588515981487365,486954.5,0
GU22 2BJ,500740,158617,Unsurveyed/Urban,40.0,Basingstoke Canal,1020.0,,GU22,941.0,0.27017581,0.309843299,0.0553896102142053,0.1306596773897126,0.0925680538476107,0.2340943966374044,0.1351827369821834,0.1894315551293174,0.1493599632485967,0.0133140065509692,51.31775208618066,-0.5558347585114221,486954.5,0
SO1 9EE,438163,114427,Unsurveyed/Urban,0.0,,1290.0,Southampton,SO1,,,,,,,,,,,,50.92803947034251,-1.4583580072433064,486954.5,0
RG26 5AH,465906,159979,,60.0,,1220.0,Basingstoke and Deane,RG26,2055.0,0.409326983,0.46942479,0.0737208562456788,0.023459370044218,0.0287966094876581,0.2916979480456477,0.3317218168264688,0.1449894018253132,0.095392373780513,0.0102216237445022,51.33509237579568,-1.0553355980741612,486954.5,0
TR11 3QW,180400,32400,,0.0,,730.0,Cornwall,TR11,2561.0,0.589466305,0.676012352,0.2596205141989022,0.1083911325100982,0.0770899799219655,0.1132455360545421,0.1698860084490751,0.1496539068629161,0.1110100188397645,0.011102903162736,50.15089768192295,-5.075319267487399,486954.5,0
DT1 2WD,368744,90712,Unsurveyed/Urban,80.0,River Frome,0.0,Dorset,DT1,634.0,0.771774713,0.885087466,0.2260565383931023,0.0357537444456596,0.0317030799111395,0.0952124374118928,0.1644410803751779,0.1738179082423783,0.2577131809611954,0.0153020302594539,50.71519025428036,-2.444082851194006,486954.5,0
EX31 3UX,253500,132093,,0.0,,420.0,,EX31,807.0,1.719408578,1.971853905,0.2529327077686979,0.0405170318565325,0.0478745779082766,0.1086695999923799,0.2290101297623288,0.1872691504990884,0.1150591172979198,0.0186676849147758,51.06941894455203,-4.092333727283377,486954.5,0
RH20 3BA,513383,117347,,40.0,,760.0,Horsham,RH20,2083.0,0.674987837,0.774090242,0.1417143419867104,0.052641643064745,0.0929092919873067,0.1426749047506394,0.2600970305449495,0.1524573023580887,0.128280369933374,0.0292251153741859,50.944422537956584,-0.38746156277447213,486954.5,0
BH23 3LL,417804,92809,,0.0,River Mude,640.0,,BH23,193.0,0.432861128,0.496414242,0.0789296444923902,0.0614489088157031,0.091514787992371,0.1927747077388749,0.27372101478646,0.1862737184393007,0.0934049793443757,0.021932238390524,50.73462519705183,-1.7490810028727475,486954.5,0
SW9 8EE,531019,175460,Unsurveyed/Urban,20.0,River Thames,3880.0,,SW9,2427.0,0.052000541,0.059635314,0.2707850960851926,0.0242710811443289,0.0397017735788459,0.1045230524334408,0.2911090441169792,0.0629374658342771,0.1936547476272975,0.0130177391796377,51.4629562133871,-0.11536427125369503,486954.5,0
BS25 5RJ,341958,159130,,40.0,Churchill Rhyne,0.0,North Somerset,BS25,265.0,0.867994372,0.995434194,0.1463851592108645,0.0890623438414001,0.062138787336362,0.2358618913739108,0.2291212722910958,0.1210187941442952,0.1059279848458143,0.010483766956257,51.32829134830191,-2.834428296146083,486954.5,0
CT1 2NJ,614757,157692,,10.0,Great Stour,1230.0,Canterbury,CT1,452.0,0.471123682,0.540294543,0.2221130627858551,0.0552454979619016,0.0453374048355238,0.1145956390066039,0.2621398724555444,0.1557302503727352,0.1340934176750874,0.0107448549067484,51.27787801862047,1.0778153691971524,486954.5,0
TW9 2AR,518722,176279,,10.0,,0.0,Richmond upon Thames,TW9,2634.0,0.497989707,0.571105065,0.423467109963091,0.1262419456561208,0.0956337988423728,0.0631087107327913,0.0751435863055504,0.1010286915104928,0.0827015916983461,0.0326745652912342,51.473027481692355,-0.29201665108503394,486954.5,0
CR3 2SS,530300,159400,Unsurveyed/Urban,120.0,,5890.0,,CR3,446.0,0.677867221,0.77739238,0.0708058615150145,0.1457716018003741,0.2345731516473692,0.1928096518885664,0.1323038762686892,0.1025887810521244,0.1103699496900396,0.0107771261378224,51.31879351080039,-0.13159726397926585,486954.5,0
RG12 8NF,485549,169225,,60.0,,280.0,Bracknell Forest,RG12,2043.0,0.244585074,0.280495305,0.0319528931446908,0.0121523064490536,0.0123981400056177,0.2445458110573393,0.3349395740210024,0.2073591034867175,0.145131391929596,0.0115207799059823,51.41559793073964,-0.7712075975535777,486954.5,0
PO13 9XZ,458870,101036,,0.0,,1350.0,Gosport,PO13,2000.0,0.330857947,0.37943485,0.0181810857221165,0.0319703891368777,0.071519185518261,0.3263415754008577,0.2703933670136819,0.139789215072784,0.1368243259866048,0.0049808561488162,50.805896940172055,-1.1659002924737312,486954.5,0
CR7 6JY,530982,168299,Unsurveyed/Urban,40.0,,0.0,,CR7,450.0,0.046205395,0.052989318,0.3155316219241448,0.3466729058575093,0.1463906303613354,0.0335966658268386,0.0584079015547679,0.0482184416003623,0.0457738886221657,0.0054079442528756,51.39861092377341,-0.11854218970719384,486954.5,0
ME3 8SL,577988,175337,Stagnosols,0.0,,590.0,Medway,ME3,1518.0,0.231962835,0.266019856,0.1136588869261715,0.066565689553059,0.0406019584003138,0.226238432747112,0.2815699498939784,0.1196675487697041,0.1394880780812437,0.0122094556284172,51.44904383920064,0.5600659540691425,486954.5,0
RG24 0DF,466686,153121,,80.0,River Loddon,320.0,Basingstoke and Deane,RG24,2053.0,0.172952689,0.19834578,0.0357247344924473,0.0140952159407374,0.0145564655491574,0.0674536199789938,0.4477433293223413,0.1804908659171337,0.2331989073981327,0.006736861401056,51.27334462542977,-1.045420346879194,486954.5,0
RG1 2BQ,471566,173428,,40.0,River Kennet,0.0,Reading,RG1,2041.0,0.204131787,0.234102625,0.2666673595939557,0.0745990062662681,0.0612696952488025,0.0600449293618877,0.0932250050303687,0.1367433623750312,0.2876573970183793,0.0197932451053064,51.45531817848791,-0.9713947775523529,486954.5,0
ME12 3TS,594805,171763,Stagnosols,20.0,,1020.0,,ME12,1508.0,0.186653059,0.214057652,0.2009438822141978,0.1201871153843935,0.0556025574183427,0.1748306807749342,0.1682343499278262,0.1391876480656869,0.1185116597706181,0.0225021064440002,51.411415906939226,0.7998211648366114,486954.5,0
CR0 8RP,536449,165206,Unsurveyed/Urban,0.0,The Beck,1680.0,Croydon,CR0,444.0,0.12253422,0.14052482,0.189431537345722,0.1261590258548246,0.1891934538904903,0.1351295287805097,0.1755132244680827,0.0883192433303605,0.0890137261960232,0.0072402601339868,51.369528644358724,-0.04119045896080592,486954.5,0
KT4 7QG,520200,165200,Planosols,0.0,,1230.0,Kingston upon Thames,KT4,1200.0,0.308062161,0.353292163,0.0447855516193959,0.1095029960865838,0.5042882152618862,0.0909854125670634,0.0991953555642922,0.0637973710956692,0.0743757001880358,0.0130693976170735,51.37314329319171,-0.27450083176364976,486954.5,0
DA7 6BU,549686,175581,Unsurveyed/Urban,0.0,River Cray,0.0,,DA7,524.0,0.141800656,0.162619973,0.0899541756946852,0.106527410713407,0.5489697137986504,0.1290835605510202,0.0546016572784315,0.0282211338987922,0.0295993858636459,0.0130429622013673,51.459419001668046,0.15320835307926614,486954.5,0
CT6 6QL,620240,168368,Unsurveyed/Urban,30.0,,0.0,Canterbury,CT6,469.0,0.682559694,0.782773807,0.1580979898085142,0.0954153648444562,0.1004708622218079,0.1856859545364608,0.1730364540303254,0.13145626731184,0.1492332202473556,0.0066038869992395,51.37163637666764,1.1628965732003453,486954.5,0
TW17 0WL,508007,167313,Unsurveyed/Urban,0.0,,2520.0,Spelthorne,TW17,2623.0,0.483376183,0.554345969,0.0680255411284265,0.0869388004351949,0.1003824400354635,0.3454815602728582,0.2199570737523529,0.1041639610280859,0.0655941894317194,0.0094564339158983,51.39458349377459,-0.44896032281952614,486954.5,0
BA12 6FL,381740,131597,Stagnosols,0.0,Shreen Water,940.0,Wiltshire,BA12,123.0,0.839206404,0.962419547,0.3005047363141219,0.0292946066308487,0.0442715209470771,0.1478969087027853,0.2065738829589693,0.1771345727983489,0.0876740188566173,0.0066497527912312,51.083396604165706,-2.262064519699824,486954.5,0
TN5 6UH,563481,132391,,0.0,,2240.0,,TN5,2540.0,0.448070803,0.513857017,0.3193739293635494,0.069922244160148,0.0488482999859965,0.1308679314336404,0.1556687779788399,0.1370970570205075,0.0883539346180292,0.0498678254392886,51.0675739532229,0.3318780262793545,486954.5,0
SE24 9PW,532627,175039,Unsurveyed/Urban,30.0,River Thames,0.0,Southwark,SE24,2223.0,0.087932539,0.100842884,0.5111269748995553,0.1423644430375694,0.0187590343456126,0.1041513553469117,0.0817449610285772,0.0370785002176298,0.0906391760081862,0.0141355551159574,51.45879872102704,-0.0923884780262004,486954.5,0
BH23 2ZX,415856,92673,Unsurveyed/Urban,0.0,Mill Stream,0.0,"Bournemouth, Christchurch and Poole",BH23,193.0,0.432861128,0.496414242,0.0789296444923902,0.0614489088157031,0.091514787992371,0.1927747077388749,0.27372101478646,0.1862737184393007,0.0934049793443757,0.021932238390524,50.733458270925915,-1.7766899286357416,486954.5,0
RH16 4YL,533300,123500,,70.0,,1580.0,,RH16,2078.0,0.31625469,0.362687527,0.0716636317809349,0.0588355545843663,0.0753170138429163,0.2577262015466287,0.2705115990939632,0.1066211792832766,0.1421656590775447,0.0171591607903691,50.99546508321742,-0.10186054516645808,486954.5,0
ME9 9TW,595379,162916,Luvisols,10.0,,1360.0,Swale,ME9,1524.0,0.328223628,0.376413757,0.2376302377574645,0.0476430245197054,0.0621889375570212,0.1562138841781691,0.2048918090659816,0.1120960121979056,0.154880617706574,0.0244554770171783,51.33176478619113,0.8032049813098544,486954.5,0
TR19 7HA,137167,31413,Histosols,120.0,,670.0,Cornwall,TR19,2569.0,0.423330688,0.485484532,0.5534619617518152,0.0330549038574502,0.0385710725399712,0.0645259571678051,0.1330037769311764,0.0914939485994248,0.071637799575149,0.0142505795772078,50.124454676386996,-5.678602901216813,486954.5,0
SE3 8LZ,542201,175960,Unsurveyed/Urban,0.0,Quaggy River,0.0,Greenwich,SE3,2228.0,0.12491905,0.143259793,0.3105920613346326,0.0533892031356226,0.1464490632233907,0.2027879029975427,0.1165758273456166,0.0398639162349456,0.1022110427401189,0.0281309829881299,51.46475277479851,0.04569634649729486,486954.5,0
GU21 4WF,500740,158617,Unsurveyed/Urban,0.0,Basingstoke Canal,1020.0,Woking,GU21,940.0,0.39151923,0.449002484,0.0860430262790932,0.106951409914956,0.0722542478928643,0.2110504506966043,0.2357436179545269,0.1590884531601633,0.1200162528579353,0.0088525412438563,51.31775208618066,-0.5558347585114221,486954.5,0
BR7 5HN,542844,170358,Unsurveyed/Urban,60.0,,0.0,Bromley,BR7,250.0,0.150267848,0.172330328,0.1875181912114387,0.0495869175012141,0.1771542139845146,0.2166219309807374,0.1638545659099802,0.0722851744171545,0.1023024804693332,0.030676525525627,51.41425267842478,0.052688117608889744,486954.5,0
GU51 1LE,480302,155156,,0.0,,780.0,Hart,GU51,960.0,0.501156398,0.574736693,0.0337019857818095,0.1126346115859348,0.0474281127582521,0.1552649744885219,0.2327145682954146,0.1968720092670341,0.214499153286704,0.0068845845363287,51.28988584276688,-0.8498126591827134,486954.5,0
DA7 6HB,550079,176119,Unsurveyed/Urban,50.0,,1910.0,,DA7,524.0,0.141800656,0.162619973,0.0899541756946852,0.106527410713407,0.5489697137986504,0.1290835605510202,0.0546016572784315,0.0282211338987922,0.0295993858636459,0.0130429622013673,51.46414903610235,0.15908909865992105,486954.5,0
SL6 9YX,489079,180680,,30.0,White Brook,1740.0,,SL6,2279.0,0.428118838,0.490975684,0.1217311523087976,0.0993805497911236,0.0512736585531822,0.1842891003727085,0.2964334803890767,0.0953515276740988,0.1241559033510816,0.0273846275599306,51.518027043264624,-0.7175769519702689,486954.5,0
SO3 4ST,448773,113588,,30.0,,0.0,Eastleigh,SO3,,,,,,,,,,,,50.9196980015834,-1.307512754530635,486954.5,0
ME5 8LW,577137,164551,Luvisols,0.0,,4910.0,,ME5,1520.0,0.410804724,0.471119494,0.0800164469812752,0.0309560999145226,0.0328728718931909,0.2455565581631173,0.3348500108289355,0.2027441562604905,0.0656336372925128,0.0073702186659549,51.35242264157804,0.5424517394135951,486954.5,0
PO22 9AT,492389,100854,Unsurveyed/Urban,10.0,,1210.0,Arun,PO22,2010.0,0.261585719,0.299992002,0.0512589121470728,0.0666218888479411,0.1444617641980892,0.1726788690407913,0.2993125305986305,0.1362204813546721,0.1070371289673132,0.0224084248454894,50.79989193459026,-0.6903616954479236,486954.5,0
BA1 4LB,372169,167274,,80.0,,800.0,,BA1,120.0,0.407478671,0.467305106,0.5592017505617232,0.0322314647024295,0.0470896335031651,0.1099581906467656,0.1108238025250551,0.0552300475940385,0.0671649609877287,0.018300149479094,51.40380492139439,-2.401485843097962,486954.5,0
PO21 9AU,493770,99105,,0.0,Aldingbourne Rife,0.0,,PO21,2009.0,0.402392128,0.461471751,0.0993558473881589,0.140833918709728,0.1114780769990367,0.1202264016608426,0.233652561381036,0.1603059526567674,0.1140037680381234,0.0201434731663067,50.78394662759796,-0.6712166481756973,486954.5,0
GU7 1NH,498129,144511,Unsurveyed/Urban,40.0,River Wey,0.0,Waverley,GU7,963.0,1.222846862,1.40238649,0.2827259444703125,0.0965369256752301,0.0710227092579063,0.1352358774513686,0.1528258535146663,0.1662992861763241,0.0915640181137242,0.0037893853404676,51.191407127419055,-0.5971526715343615,486954.5,0
TN2 3XJ,559924,142133,,0.0,,400.0,,TN2,2516.0,0.357409092,0.409884261,0.1467206657310778,0.0505282353830835,0.0182419696848466,0.1094431561504993,0.3757427413952581,0.2254839707810933,0.0674572941721565,0.0063819667019845,51.156106235271565,0.28547009932476164,486954.5,0
BA1 2DT,374542,165399,Unsurveyed/Urban,50.0,,0.0,Bath and North East Somerset,BA1,120.0,0.407478671,0.467305106,0.5592017505617232,0.0322314647024295,0.0470896335031651,0.1099581906467656,0.1108238025250551,0.0552300475940385,0.0671649609877287,0.018300149479094,51.38705793805982,-2.3672374271131,486954.5,0
PO36 8AG,460085,84340,,0.0,,810.0,Isle of Wight,PO36,2018.0,0.169006321,0.193820002,0.2885563956491894,0.0681466191126291,0.0681974386797436,0.1200810211431654,0.1628731711718974,0.148205300196874,0.1344130789391871,0.0095269751073137,50.65564761448317,-1.1513752951164467,486954.5,0
TN21 8WG,558877,121543,Luvisols,170.0,,810.0,Wealden,TN21,2518.0,0.868260365,0.99573924,0.2135385698895131,0.0903225189793078,0.0587880105766209,0.1305670762430332,0.194344990025779,0.1883313092407197,0.0980101042868205,0.0260974207582054,50.97139444935524,0.2614754872690964,486954.5,0
DT2 9BE,353679,88790,Leptosols,80.0,River Bride,910.0,,DT2,637.0,0.66753152,0.765539181,0.3145002225550305,0.0323880584801044,0.0313901576745571,0.1155982197323239,0.1742367238923372,0.1829548563458556,0.1216235429202466,0.0273082183995443,50.696899004298835,-2.6572130884817806,486954.5,0
BA9 9QA,371062,128496,Unsurveyed/Urban,0.0,,430.0,,BA9,138.0,1.010895744,1.159316492,0.2087571264989253,0.0571440186939144,0.0393830708297017,0.1227010767111092,0.1312416533292585,0.1852182688755912,0.2079180831578859,0.0476367019036134,51.055071314589384,-2.4142551378048394,486954.5,0
TN17 9EW,577605,136035,Luvisols,0.0,Crane Brook,1600.0,Tunbridge Wells,TN17,2513.0,1.392867255,1.597369451,0.3726623300892453,0.1095347439751933,0.0210086876079616,0.0926110460679846,0.208899722770351,0.1038204101219149,0.0366028954156775,0.0548601639516714,51.096116512183066,0.5350471887803465,486954.5,0
TN23 4XW,600070,142088,,40.0,Great Stour,430.0,Ashford,TN23,2520.0,0.3896673,0.446878651,0.2283776284727528,0.070697817445368,0.0372286458492588,0.1153228056161757,0.2204186368338864,0.1502486660349533,0.1549896924525448,0.0227161072950599,51.14308660650898,0.8588283029570626,486954.5,0
BS16 2SP,364573,177111,,0.0,River Frome,910.0,South Gloucestershire,BS16,258.0,0.310576344,0.35617548,0.0719315789286385,0.2158582674142905,0.1198630033519329,0.1845585641000162,0.1387050634125803,0.1003150213925051,0.1501201659052365,0.0186483354947996,51.491826056836,-2.5116693983235603,486954.5,0
SW16 1WD,530045,171870,Unsurveyed/Urban,50.0,,4050.0,Lambeth,SW16,2407.0,0.133132761,0.152679449,0.3309872485359821,0.2421546673652876,0.1642600816552692,0.0591110602992602,0.0568237379041603,0.0755854544030274,0.04947023068062,0.0216075191563928,51.43091818890188,-0.1306950570129228,486954.5,0
BN3 3UF,529099,105474,Unsurveyed/Urban,30.0,River Adur,0.0,Brighton and Hove,BN3,233.0,0.251871085,0.288851055,0.3825143846656721,0.1209374770847395,0.1478199644546077,0.1236015740252155,0.1457403284897892,0.0343961489427273,0.0348421327068108,0.0101479896304375,50.834408760611154,-0.16806381001358728,486954.5,0
BH15 9FA,401109,90659,Unsurveyed/Urban,10.0,Little Channel,0.0,,BH15,184.0,0.24593802,0.282046892,0.0778576531903136,0.1016210666798567,0.1236257610147386,0.1125269832588834,0.2478633442663744,0.1269228056644491,0.1850970613156095,0.0244853246097745,50.715559505672836,-1.9856565438584781,486954.5,0
TA18 7ND,344127,110930,Cambisols,50.0,Gould's Brook,0.0,South Somerset,TA18,2462.0,0.668630875,0.766799944,0.2885915072679607,0.0294379596683725,0.0497092344299902,0.1445691465052449,0.1737892320513575,0.1547488215902056,0.118921511141702,0.0402325873451661,50.8951338390194,-2.79582000978444,486954.5,0
KT10 9AE,515400,165700,Unsurveyed/Urban,0.0,,740.0,Elmbridge,KT10,1183.0,0.293163323,0.336205862,0.121138480279362,0.1070846445452211,0.206500983760507,0.1821500183151375,0.1291561449871452,0.0922311805763504,0.1334366358715638,0.0283019116647127,51.378632089096094,-0.3432675664355612,486954.5,0
SO21 3BY,454610,142270,,120.0,,5230.0,,SO21,2328.0,1.493616841,1.712911194,0.1864979305273114,0.079821903254585,0.0491543478208134,0.2271433476994471,0.1567137359120574,0.1657648361726817,0.1086559016198719,0.0262479969932317,51.17706566371903,-1.220164302880016,486954.5,0
BS37 9WW,371389,182380,Unsurveyed/Urban,80.0,River Frome,0.0,,BS37,277.0,0.206063463,0.236317912,0.104074122636628,0.0167590413077527,0.0311945376807781,0.1339963826278826,0.3643525534484923,0.2593488821633212,0.0637784281749432,0.0264960519602016,51.539588115533135,-2.413926853971836,486954.5,0
GU21 5GZ,500740,158617,Unsurveyed/Urban,40.0,Basingstoke Canal,0.0,Woking,GU21,940.0,0.39151923,0.449002484,0.0860430262790932,0.106951409914956,0.0722542478928643,0.2110504506966043,0.2357436179545269,0.1590884531601633,0.1200162528579353,0.0088525412438563,51.31775208618066,-0.5558347585114221,486954.5,0
ME12 3FR,594605,172265,Stagnosols,0.0,,0.0,Swale,ME12,1508.0,0.186653059,0.214057652,0.2009438822141978,0.1201871153843935,0.0556025574183427,0.1748306807749342,0.1682343499278262,0.1391876480656869,0.1185116597706181,0.0225021064440002,51.41599292505668,0.7972242463834605,486954.5,0
PO10 8HL,476671,105765,,10.0,Ham Brook,1240.0,Chichester,PO10,1997.0,0.775511816,0.889373255,0.1847749577394117,0.0849021206284196,0.0437443675161075,0.2173209975954698,0.2010180398128928,0.1640250541229697,0.0884239549551447,0.0157905076295839,50.84633606448766,-0.9123287138618782,486954.5,0
ME2 3UG,570717,169535,Luvisols,80.0,,2600.0,,ME2,1516.0,0.262422794,0.300951978,0.1845015243603578,0.0665097478423119,0.1236931142666502,0.2841339418159898,0.1382438863657302,0.1011210343319755,0.0916685918004635,0.0101281592165207,51.39915953041195,0.4527399822105217,486954.5,0
OX9 7DQ,469687,199674,,0.0,Haseley Brook,130.0,South Oxfordshire,OX9,1814.0,0.576829207,0.661519861,0.2034463788766807,0.0532510469822961,0.0361404820331437,0.1705957275985523,0.3065890724615339,0.1377602557962535,0.072292716588694,0.0199243196628455,51.69150292077741,-0.9932352678460719,486954.5,0
TA1 4DY,322451,124361,Unsurveyed/Urban,0.0,Gaol Stream,100.0,Somerset West and Taunton,TA1,2453.0,0.679542937,0.779314127,0.2072244107938683,0.0930614811194713,0.075493261044675,0.0850422800897088,0.1901576779357012,0.1947779514588994,0.1279490442119274,0.0262938933457483,51.01337886082179,-3.1068402950689173,486954.5,0
SE25 6ZA,533661,168470,,60.0,,2260.0,,SE25,2224.0,0.078657506,0.090206081,0.4590117846344579,0.0934898796687136,0.1097828777759384,0.068311607711651,0.1005215208281012,0.0809570120982744,0.0514843523721175,0.0364409649107456,51.399523333656326,-0.07999060427444313,486954.5,0
TA22 9NF,293944,127711,,0.0,River Haddeo,620.0,Somerset West and Taunton,TA22,2467.0,0.946925667,1.085954263,0.3638356249899353,0.0781928032680537,0.0587926363729848,0.1122764153908436,0.1464920311050742,0.1430726180722401,0.056331357026071,0.0410065137747971,51.038936318544074,-3.514058717296004,486954.5,0
TN21 8HN,558260,121511,,150.0,,2240.0,Wealden,TN21,2518.0,0.868260365,0.99573924,0.2135385698895131,0.0903225189793078,0.0587880105766209,0.1305670762430332,0.194344990025779,0.1883313092407197,0.0980101042868205,0.0260974207582054,50.97127664203106,0.2526810585071657,486954.5,0
BS40 7XN,351506,156992,Luvisols,0.0,,0.0,Mendip,BS40,280.0,2.116140296,2.426834179,0.3169344360955041,0.0747685866474291,0.0541462236087149,0.1650145207910978,0.1646210863732141,0.1391633797934687,0.0719865162644503,0.0133652504261208,51.30996473711129,-2.69711202930401,486954.5,0
PL11 2LW,243459,55143,,20.0,River Tamar,820.0,,PL11,1963.0,0.506781288,0.581187435,0.1990224320005959,0.0786018838963292,0.0696998525594786,0.1572512678572928,0.2936952194613401,0.1427310542988229,0.0573636376280286,0.0016346522981118,50.37530033365426,-4.202855244353311,486954.5,0
TA1 9JL,322271,125483,,20.0,Mill Lease Stream,0.0,Somerset West and Taunton,TA1,2453.0,0.679542937,0.779314127,0.2072244107938683,0.0930614811194713,0.075493261044675,0.0850422800897088,0.1901576779357012,0.1947779514588994,0.1279490442119274,0.0262938933457483,51.02344188702417,-3.109646517852499,486954.5,0
TR11 4NY,181589,32045,,0.0,,1580.0,Cornwall,TR11,2561.0,0.589466305,0.676012352,0.2596205141989022,0.1083911325100982,0.0770899799219655,0.1132455360545421,0.1698860084490751,0.1496539068629161,0.1110100188397645,0.011102903162736,50.14814880645421,-5.0584972388808245,486954.5,0
BN4 1AF,526200,105200,Unsurveyed/Urban,10.0,,2780.0,Brighton and Hove,BN4,,,,,,,,,,,,50.832584809328516,-0.2093043761311473,486954.5,0
PO21 2BX,493243,99508,Unsurveyed/Urban,0.0,Aldingbourne Rife,1580.0,Arun,PO21,2009.0,0.402392128,0.461471751,0.0993558473881589,0.140833918709728,0.1114780769990367,0.1202264016608426,0.233652561381036,0.1603059526567674,0.1140037680381234,0.0201434731663067,50.78765455609167,-0.6785880273565537,486954.5,0
CT20 3TP,620041,135932,Unsurveyed/Urban,60.0,,1400.0,Folkestone and Hythe,CT20,464.0,0.390230451,0.447524485,0.5219022076637068,0.0759524985628212,0.0376417602936728,0.0663837625825514,0.125144566952946,0.0894580956124722,0.0704269829173779,0.0130901254144515,51.08049372651319,1.1401439520922054,486954.5,0
BN52 9BH,529099,105474,Unsurveyed/Urban,30.0,River Adur,0.0,Brighton and Hove,BN52,,,,,,,,,,,,50.834408760611154,-0.16806381001358728,486954.5,0
SO31 7GW,450019,110011,Planosols,10.0,River Hamble,0.0,Fareham,SO31,2333.0,0.492075759,0.564322826,0.0429366839129876,0.0627659577563801,0.053054252127388,0.1311661956835968,0.2201890187340075,0.287608165265289,0.1889561013222727,0.0133236251980779,50.88742828434355,-1.2902772215411868,486954.5,0
SE10 9YS,540202,178646,Unsurveyed/Urban,10.0,,2960.0,Greenwich,SE10,2208.0,0.129692964,0.148734618,0.3628269435215654,0.0191697709414614,0.0352307010941568,0.0943562011139183,0.1104937043329631,0.0570704328964798,0.3112221344871721,0.0096301116122826,51.489387248321655,0.01800365388910216,486954.5,0
RG11 3BJ,482512,166687,Luvisols,0.0,,280.0,,RG11,,,,,,,,,,,,51.39323163426846,-0.815458521120678,486954.5,0
SE17 9DR,532118,178403,Unsurveyed/Urban,10.0,,2400.0,Southwark,SE17,2215.0,0.034492895,0.039557177,0.1910467655558933,0.0367776852549206,0.0658388701247109,0.1250356094517037,0.2513033529353061,0.0243611770804278,0.2808390392640167,0.0247975003330205,51.4891483947618,-0.09845383685412677,486954.5,0
BN7 1AS,540702,110130,Unsurveyed/Urban,0.0,Papermill Cut,880.0,Lewes,BN7,241.0,0.546136197,0.626320472,0.2639828327620805,0.0606963660296425,0.0694101384727975,0.2428172470430668,0.1417355133866334,0.1303974652671417,0.0653394320468066,0.0256210049918307,50.873550361388595,-0.0016070207921837945,486954.5,0
UB8 2WB,505009,183132,,30.0,River Colne,1320.0,Hillingdon,UB8,2644.0,0.164634946,0.188806818,0.0844537071439579,0.1361419499157103,0.1302934348486026,0.17250330783839,0.1861597054349652,0.1200397537437139,0.1637350108963942,0.0066731301782655,51.53733300927729,-0.48734133827447407,486954.5,0
BS18 1SB,366009,167397,Unsurveyed/Urban,0.0,,670.0,Bath and North East Somerset,BS18,,,,,,,,,,,,51.40457386305889,-2.490050268447971,486954.5,0
W4 1ZT,520717,178385,Unsurveyed/Urban,10.0,,1580.0,Hounslow,W4,2666.0,0.223571615,0.256396629,0.3822048776915658,0.2100828586859058,0.055834723081815,0.0552055942955549,0.1036680468342057,0.1569640385441165,0.0328630551353425,0.0031768057314934,51.4915331411412,-0.26258728286510835,486954.5,0
CR9 6BU,533682,166322,Unsurveyed/Urban,60.0,,3290.0,,CR9,792.0,0.0,0.0,0.3077162999968771,0.2123456515731211,0.1293814323880922,0.0517939094354167,0.1092742121513769,0.062069014655613,0.1200730629591256,0.0073464168403771,51.38021521221674,-0.08049694234005297,486954.5,0
SE17 9DX,532118,178403,Unsurveyed/Urban,10.0,,2400.0,Southwark,SE17,2215.0,0.034492895,0.039557177,0.1910467655558933,0.0367776852549206,0.0658388701247109,0.1250356094517037,0.2513033529353061,0.0243611770804278,0.2808390392640167,0.0247975003330205,51.4891483947618,-0.09845383685412677,486954.5,0
BH12 3YJ,406189,93423,Podsols,50.0,,0.0,"Bournemouth, Christchurch and Poole",BH12,181.0,0.239504116,0.274668355,0.0784193486048281,0.0969446036284312,0.1225400775151011,0.2284785085899204,0.2587387043587668,0.152755346658734,0.0528863248431129,0.0092370858011053,50.74038429573929,-1.9136562055103594,486954.5,0
TA1 3XU,322267,125484,,20.0,Mill Lease Stream,0.0,Somerset West and Taunton,TA1,2453.0,0.679542937,0.779314127,0.2072244107938683,0.0930614811194713,0.075493261044675,0.0850422800897088,0.1901576779357012,0.1947779514588994,0.1279490442119274,0.0262938933457483,51.02345033588538,-3.1097037536711603,486954.5,0
BH21 1JQ,401020,100069,Unsurveyed/Urban,20.0,River Allen,0.0,Dorset,BH21,191.0,0.906240404,1.039295547,0.1643938939937587,0.0457826096776067,0.0489926349143491,0.1292331028626527,0.3005148569401333,0.2147215617292759,0.063086794534889,0.0332745453473342,50.80018012901801,-1.9868940372032389,486954.5,0
TA7 8RL,334116,137623,,0.0,King's Sedgemoor Drain,0.0,,TA7,2474.0,1.567533783,1.797680697,0.2374666099188153,0.0446289791943771,0.0266861444486121,0.1356054565218618,0.2345577464664139,0.1608742937180919,0.1300143378196276,0.0301664319122,51.134073311361,-2.9430024395933114,486954.5,0
EX37 9ER,262955,117963,Cambisols,0.0,,1080.0,North Devon,EX37,813.0,0.722802397,0.828924985,0.483329465416046,0.0377696510865299,0.0234304111131034,0.0620024828841734,0.1449393586286384,0.1297187523605882,0.1057678251142093,0.0130420533967108,50.94477010876286,-3.9521319613478836,486954.5,0
PL28 8NQ,188112,73710,Cambisols,50.0,,1030.0,,PL28,1981.0,0.334575047,0.383697698,0.1889592086645556,0.0718049324914684,0.0866155987313714,0.1428612799868603,0.137482908013227,0.2248702873224838,0.1322240572805748,0.0151817275094584,50.52471362673799,-4.990750168981292,486954.5,0
TW10 7YN,517053,171720,,10.0,River Thames,0.0,,TW10,2616.0,0.358062235,0.410633299,0.3264836614429772,0.0777856613037938,0.1416536135410759,0.1723698464484971,0.1333706479025049,0.0763663045262016,0.0501564182554265,0.0218138465795229,51.43240017291491,-0.31754289289124443,486954.5,0
ME10 1JG,590076,163538,Unsurveyed/Urban,0.0,,3870.0,,ME10,1506.0,0.30862412,0.353936629,0.15460490224789,0.0669561344520729,0.0584430986110312,0.1497367399139718,0.2808795172892707,0.1239464108542994,0.1560984690959554,0.0093347275355084,51.339147209637915,0.7275079789911687,486954.5,0
SO40 3XZ,435426,113919,Unsurveyed/Urban,10.0,,830.0,New Forest,SO40,2335.0,0.287009916,0.329149006,0.0489006999408467,0.1153628403755316,0.0676981813514409,0.167956826500835,0.3258819066929052,0.1862254342195718,0.0721934292834184,0.0157806816354501,50.923645579124845,-1.497349809152693,486954.5,0
TN2 9TP,546600,120788,,20.0,River Uck,140.0,,TN2,2516.0,0.357409092,0.409884261,0.1467206657310778,0.0505282353830835,0.0182419696848466,0.1094431561504993,0.3757427413952581,0.2254839707810933,0.0674572941721565,0.0063819667019845,50.96786288401645,0.08644206089800584,486954.5,0
SE1 1XS,532693,180068,Unsurveyed/Urban,10.0,Upper Pool,1030.0,,SE1,2207.0,0.044146882,0.050628572,0.1889019326986313,0.0354877516016428,0.1131022358923201,0.1068875978664788,0.1068198045820465,0.1491913443923626,0.2392821590041381,0.0603271739623795,51.50397635247262,-0.08955132850679261,486954.5,0
BS99 5WR,360204,173429,,20.0,River Frome,820.0,"Bristol, City of",BS99,301.0,0.0,0.0,0.0788796506789054,0.0576623294665004,0.110286970698766,0.1912230261974221,0.2351866058139096,0.0137517230932624,0.3017459639767935,0.0112637300744404,51.45842947678411,-2.574179627301349,486954.5,0
DA12 5AG,565090,172537,,30.0,River Thames,2370.0,Gravesham,DA12,512.0,0.065538259,0.075160653,0.1413648899658839,0.1313097376272043,0.1076383357379605,0.2444664062210858,0.1619856580089231,0.1411290757356079,0.0659517105337273,0.006154186169607,51.42779328342803,0.37332190348164596,486954.5,0
BN2 8WQ,536888,102381,Unsurveyed/Urban,0.0,River Ouse,0.0,,BN2,224.0,0.352781871,0.404577666,0.3725730146583231,0.0411599344247331,0.1070617303456833,0.1821683818606329,0.1174502708460555,0.1065365992606857,0.0595871355079352,0.0134629330959509,50.80482278381102,-0.05867308419025569,486954.5,0
EX7 9JF,296235,76868,Cambisols,30.0,Dawlish Water,490.0,,EX7,819.0,0.285069909,0.326924165,0.2507208257182719,0.0459149118615663,0.0517574966025063,0.1118170319220806,0.2075488086713501,0.2030959500940069,0.1151125231069058,0.0140324520233118,50.58229941722434,-3.467002280034474,486954.5,0
GU32 1YH,468640,124206,Cambisols,170.0,River Meon,0.0,,GU32,952.0,0.688673204,0.789784908,0.2398791270715806,0.1172419464180081,0.0447916076885976,0.1130146410472608,0.1654023294695889,0.2142431150781879,0.099167209349776,0.0062600238769997,51.01314691302073,-1.0229161256993826,486954.5,0
GU27 9FS,488979,132609,Podsols,130.0,,350.0,Waverley,GU27,946.0,0.535445095,0.614059692,0.1777452666837432,0.1268236741543986,0.0751493537521945,0.1635499662850489,0.1627902849414737,0.1698076910376351,0.1095799246343974,0.0145538385111081,51.08590652769892,-0.7309896107968787,486954.5,0
ME3 8AN,578521,175607,Stagnosols,0.0,,1070.0,,ME3,1518.0,0.231962835,0.266019856,0.1136588869261715,0.066565689553059,0.0406019584003138,0.226238432747112,0.2815699498939784,0.1196675487697041,0.1394880780812437,0.0122094556284172,51.45130147331248,0.5678643065175369,486954.5,0
TA6 6WT,330074,134912,,0.0,Stock Moor Rhyne,400.0,Sedgemoor,TA6,2473.0,0.546897277,0.627193295,0.1981503799358965,0.0530397360387618,0.0515414639844998,0.1522946696392358,0.1221114616793891,0.1987868334350141,0.201685047869845,0.0223904074173575,51.10921945703613,-3.0002354053292035,486954.5,0
SW18 1DR,525820,174771,,10.0,River Wandle,0.0,Wandsworth,SW18,2409.0,0.093891655,0.107676924,0.3721412948513332,0.2225231142521542,0.0473588514270823,0.0388587976101911,0.1142317891578372,0.0635793979183816,0.1324650380170741,0.008841716765946,51.45794266492334,-0.19040819123418,486954.5,0
RH15 8YZ,529752,118802,Planosols,30.0,,170.0,Mid Sussex,RH15,2077.0,0.408111418,0.468030754,0.0868717961215624,0.040209468729161,0.0366954146395113,0.3021263418783442,0.2555870993009638,0.1517598090560966,0.1098321831731307,0.0169178871012297,50.95405149950136,-0.1540657696577474,486954.5,0
BA14 0ZW,385789,157986,,40.0,River Biss,520.0,,BA14,125.0,0.20826038,0.238837382,0.1680116126927888,0.046180643862032,0.0633714919303482,0.1202408744481996,0.2275408424379026,0.1726454281362602,0.1934838898180081,0.0085252166744601,51.32079836810575,-2.2053133737999793,486954.5,0
SO15 3GE,439999,113032,,10.0,Tanner's Brook,0.0,,SO15,2322.0,0.191870458,0.220041075,0.2300030679697899,0.2350407046954292,0.0906312722374255,0.1031892147317824,0.0810142468989149,0.1113095933056723,0.136624433143881,0.0121874670171045,50.91537171720357,-1.432387816549146,486954.5,0
BS37 6HJ,372065,182127,Unsurveyed/Urban,90.0,River Frome,0.0,South Gloucestershire,BS37,277.0,0.206063463,0.236317912,0.104074122636628,0.0167590413077527,0.0311945376807781,0.1339963826278826,0.3643525534484923,0.2593488821633212,0.0637784281749432,0.0264960519602016,51.53734734782528,-2.4041599306457235,486954.5,0
EX1 9JG,292653,92961,Unsurveyed/Urban,40.0,,1330.0,Exeter,EX1,768.0,0.287597215,0.329822533,0.2102957957350281,0.0571713076827558,0.0719133134784656,0.1140543216951682,0.2114854763895149,0.1006985459242297,0.2186892709431161,0.0156919681517214,50.7263209473071,-3.522248439526604,486954.5,0
ME8 8AH,579385,166161,Cambisols,0.0,,4180.0,Medway,ME8,1523.0,0.294662786,0.337925478,0.0445567247836505,0.0426991738939727,0.1010792354899678,0.2861850851578061,0.315547076311805,0.174744238044421,0.0271830732896488,0.0080053930287278,51.36617997051407,0.5755115167484463,486954.5,0
TA9 3BD,331590,147443,,10.0,River Brue,3240.0,Sedgemoor,TA9,2476.0,0.611403755,0.70117068,0.2173486207798,0.0661933476247841,0.0327077968907209,0.1722275663023383,0.1903889972957968,0.1200863866549923,0.1684643011494644,0.0325829833021031,51.22206472158838,-2.980971310990613,486954.5,0
BA2 4PF,375308,164200,,30.0,,1820.0,Bath and North East Somerset,BA2,128.0,0.573299514,0.657471935,0.3671386607741415,0.0811915683626933,0.0670379917329496,0.154720475682329,0.1428615218283728,0.0852851916793031,0.0824084194208571,0.0193561705193532,51.37631116552006,-2.3561459725437826,486954.5,0
BN9 7EH,540100,101200,Unsurveyed/Urban,30.0,,4220.0,,BN9,243.0,0.411628055,0.472063707,0.0956695771408732,0.0966383319730607,0.0711756300182469,0.2488948182889177,0.2476637844840869,0.1354735477294446,0.093745290557135,0.0107390198082346,50.79344187567458,-0.013567884925498794,486954.5,0
DT6 5LJ,347272,98445,Cambisols,30.0,,1440.0,,DT6,641.0,0.578095675,0.662972274,0.2993070472007461,0.0458210877599037,0.052228177559013,0.1316798943693696,0.1997376991272372,0.1552881218385192,0.0967651744250381,0.019172797720173,50.78316864415732,-2.7493053138777506,486954.5,0
W4 3LJ,520030,177824,Unsurveyed/Urban,0.0,River Thames,0.0,Hounslow,W4,2666.0,0.223571615,0.256396629,0.3822048776915658,0.2100828586859058,0.055834723081815,0.0552055942955549,0.1036680468342057,0.1569640385441165,0.0328630551353425,0.0031768057314934,51.48663732770508,-0.2726685246780035,486954.5,0
RG27 8UY,476700,157000,,0.0,,870.0,,RG27,2056.0,0.50947831,0.584280437,0.1203997030003643,0.0673037751054011,0.0445833443625477,0.1352721198497342,0.1936744797806943,0.1911562280263576,0.2193323162655951,0.0282780336093054,51.30695943378675,-0.901061086252569,486954.5,0
UB7 0AY,505876,177723,Luvisols,0.0,River Colne,2090.0,Hillingdon,UB7,2643.0,0.160088511,0.18359287,0.0457600190157946,0.1684496453666374,0.1251707049172191,0.1980869917064676,0.1343900379907557,0.1666888715898423,0.1585830791321128,0.0028706502811703,51.488553746454826,-0.4764681093907977,486954.5,0
BS18 3AA,368195,166632,Unsurveyed/Urban,60.0,River Avon,0.0,,BS18,,,,,,,,,,,,51.39782274705116,-2.4585562084716828,486954.5,0
TN11 0HZ,563552,150381,Planosols,30.0,,0.0,Tonbridge and Malling,TN11,2507.0,0.252008739,0.28900892,0.2581351193563199,0.0793286369658363,0.1186204937025443,0.2217801805535735,0.1172956578594093,0.1017421566224073,0.0730049242971868,0.030092830642722,51.22918528690881,0.3410568051613075,486954.5,0
BN99 9AB,517706,104201,,10.0,,1030.0,,BN99,299.0,0.0,0.0,0.0713476307614955,0.1327152895293562,0.1244018582841051,0.3066605502970644,0.0416822961455771,0.2139240071805778,0.1048688755289102,0.0043994922729134,50.82539309526648,-0.330184564724251,486954.5,0
BH10 7DG,408925,95716,Unsurveyed/Urban,20.0,,1470.0,"Bournemouth, Christchurch and Poole",BH10,179.0,0.296266422,0.339764561,0.0205228073931753,0.1113073250553457,0.2708075430799297,0.2739194161951286,0.1463303647472575,0.0932091153586621,0.0816035861275127,0.0022998420429881,50.76096926600993,-1.8748273020626902,486954.5,0
RG5 4RP,476855,174539,Unsurveyed/Urban,50.0,,1470.0,Wokingham,RG5,2066.0,0.325439149,0.373220458,0.0189264900308087,0.0163519573794244,0.0998751861371005,0.336158539616121,0.2774804875481854,0.1645475665909609,0.0815921317970806,0.0050676409003181,51.46461368178965,-0.8950477006022286,486954.5,0
GU12 4XQ,486977,150005,,90.0,,1050.0,,GU12,931.0,0.307832623,0.353028924,0.0885591432878513,0.1038776594737169,0.0839265591309614,0.2117689999829163,0.2443938502684931,0.1556875108437653,0.1051479919639339,0.0066382850483615,51.24260089508138,-0.7553643215391981,486954.5,0
TR18 4DW,147440,29956,Unsurveyed/Urban,0.0,Larriggan River,840.0,Cornwall,TR18,2568.0,0.33717857,0.386683472,0.4203845240055326,0.044137403493917,0.131533450440009,0.1215671470821187,0.1469415943484935,0.0764026009668754,0.0543173729612526,0.0047159067018009,50.11583704337295,-5.534206374233917,486954.5,0
PL5 4DZ,247006,59760,Unsurveyed/Urban,40.0,,500.0,Plymouth,PL5,1991.0,0.149313365,0.171235706,0.0438527791927558,0.0464512216252017,0.1957671238739424,0.3750652508662202,0.184315419347172,0.1029446507263293,0.0505495559398141,0.0010539984285641,50.41772627149912,-4.154891431028809,486954.5,0
TN16 1ZD,545452,154184,,110.0,,400.0,Sevenoaks,TN16,2512.0,0.596756463,0.684372858,0.1336962324614262,0.0762374344165219,0.0644939955152606,0.1793493210681235,0.3402547715131617,0.1076016960361518,0.083289069720153,0.015077479269201,51.26825484721494,0.08356251333529921,486954.5,0
EX39 3RL,244511,126599,Unsurveyed/Urban,30.0,,0.0,Torridge,EX39,815.0,0.971334515,1.113946842,0.26603383097273,0.0645730128804127,0.0574302153900987,0.0903807323030911,0.1785989563325435,0.1643077173223675,0.1587670075025744,0.0199085272961819,51.017686838631136,-4.218171090019442,486954.5,0
SO1 3QP,439769,113267,Unsurveyed/Urban,10.0,Tanner's Brook,800.0,,SO1,,,,,,,,,,,,50.91750067128041,-1.4356338397343051,486954.5,0
BN14 7EG,513891,103389,Unsurveyed/Urban,10.0,,2350.0,,BN14,219.0,0.888007863,1.018386086,0.0902994492022026,0.1776208220775864,0.3371424677403926,0.1631009267667286,0.0969520504227999,0.058910864225266,0.0686032980453607,0.0073701215196629,50.818856368592876,-0.38457826580075805,486954.5,0
PO2 8PE,464542,103016,Unsurveyed/Urban,0.0,,1550.0,Portsmouth,PO2,2007.0,0.308771139,0.354105234,0.2909531642100123,0.2671607607830878,0.0901683762510737,0.0855206467678627,0.1399162635998129,0.0596445510866711,0.0606972643206834,0.0059389729807959,50.82309685122935,-1.0850675423041463,486954.5,0
RG24 8BQ,465674,154314,Planosols,0.0,Petty's Brook,1480.0,Basingstoke and Deane,RG24,2053.0,0.172952689,0.19834578,0.0357247344924473,0.0140952159407374,0.0145564655491574,0.0674536199789938,0.4477433293223413,0.1804908659171337,0.2331989073981327,0.006736861401056,51.284187740228404,-1.059706665238533,486954.5,0
BN21 4HU,560956,98597,Unsurveyed/Urban,10.0,,2020.0,Eastbourne,BN21,226.0,0.223086095,0.255839823,0.3889483667683823,0.1287845488218411,0.0286050778587647,0.1119642423169584,0.1390480402645078,0.0997378565192615,0.0754009226241937,0.0275109448260899,50.76464150166316,0.28097340715792113,486954.5,0
RG14 7DB,447189,165961,Unsurveyed/Urban,100.0,,1190.0,West Berkshire,RG14,2044.0,0.731637807,0.839057618,0.1384060567604335,0.0473941188105189,0.0385154193789537,0.1402170398361145,0.1979914753535,0.1701846132124259,0.2519009095110142,0.015390367137039,51.39073469381263,-1.323193684149426,486954.5,0
PO4 9DJ,466145,99206,Unsurveyed/Urban,10.0,Shut Lake,0.0,Portsmouth,PO4,2022.0,0.108219761,0.124108697,0.3177479723784742,0.2984056277935437,0.0205079676021192,0.0823666090912138,0.0973740489706558,0.0937074558132051,0.0854377923273772,0.0044525260234107,50.78865927182144,-1.0629983280469208,486954.5,0
CR2 5NE,532000,160400,,0.0,River Wandle,5630.0,Croydon,CR2,445.0,0.163456179,0.187454983,0.1105335840235248,0.1723058945150478,0.2783596668367117,0.1713030834657873,0.1168137615065056,0.0658236108256284,0.0689560951602334,0.0159043036665607,51.32738880258871,-0.1068466525806803,486954.5,0
PO9 2AR,471692,106724,Unsurveyed/Urban,10.0,,700.0,,PO9,2029.0,0.362071869,0.415231632,0.0933711428245666,0.0428175429107254,0.029216306413472,0.434543367041582,0.1975914232474747,0.1017611909525199,0.0917994285295044,0.0088995980801547,50.85559596001901,-0.9828510223898207,486954.5,0
SW14 9DP,520531,175904,,0.0,River Thames,920.0,Richmond upon Thames,SW14,2405.0,0.456766054,0.523828914,0.2414998171679613,0.3292762678901956,0.1364798775468457,0.099278537841897,0.0440879547541968,0.0483526935235864,0.0868290888119503,0.0141957624633665,51.46927511359536,-0.26611093305856653,486954.5,0
CT5 1LA,610899,166932,,10.0,,2570.0,Canterbury,CT5,468.0,0.52085715,0.59732993,0.1749018355848136,0.1651274980511245,0.1025400759613158,0.1586167863276664,0.1817310743690684,0.0896823439704176,0.1174261978027049,0.0099741879328885,51.36228583477989,1.0280448950745928,486954.5,0
SE1 9WZ,533378,178838,,0.0,Upper Pool,0.0,Southwark,SE1,2207.0,0.044146882,0.050628572,0.1889019326986313,0.0354877516016428,0.1131022358923201,0.1068875978664788,0.1068198045820465,0.1491913443923626,0.2392821590041381,0.0603271739623795,51.492761970704315,-0.08015233038892611,486954.5,0
TW12 2FY,513447,169655,Unsurveyed/Urban,10.0,,1000.0,Richmond upon Thames,TW12,2618.0,0.373882452,0.428776256,0.0913235304480279,0.3239368292768245,0.0551848420880706,0.1022307515726925,0.2283405656406177,0.1235703664299615,0.0599177841802024,0.0154953303636025,51.41457280910916,-0.3700539455076088,486954.5,0
BH18 9YH,399707,95591,Unsurveyed/Urban,50.0,,0.0,,BH18,187.0,0.362141992,0.41531205,0.0290757255385992,0.0364959268721196,0.0511799542048255,0.2320333523291102,0.3452069493548362,0.2602181019458634,0.0383710753066832,0.0074189144479623,50.75991192909227,-2.0055204135536684,486954.5,0
SE3 8EX,541900,176700,,50.0,,2770.0,Greenwich,SE3,2228.0,0.12491905,0.143259793,0.3105920613346326,0.0533892031356226,0.1464490632233907,0.2027879029975427,0.1165758273456166,0.0398639162349456,0.1022110427401189,0.0281309829881299,51.47147774851273,0.041663020105673895,486954.5,0
TN23 2QJ,600141,142029,Unsurveyed/Urban,0.0,Great Stour,520.0,Ashford,TN23,2520.0,0.3896673,0.446878651,0.2283776284727528,0.070697817445368,0.0372286458492588,0.1153228056161757,0.2204186368338864,0.1502486660349533,0.1549896924525448,0.0227161072950599,51.14253194115775,0.8598092033369912,486954.5,0
GU27 2RR,490521,133119,Podsols,0.0,,0.0,Waverley,GU27,946.0,0.535445095,0.614059692,0.1777452666837432,0.1268236741543986,0.0751493537521945,0.1635499662850489,0.1627902849414737,0.1698076910376351,0.1095799246343974,0.0145538385111081,51.09025037834619,-0.7088521656219448,486954.5,0
TN11 0DJ,563473,149969,Luvisols,0.0,River Bourne,740.0,Tonbridge and Malling,TN11,2507.0,0.252008739,0.28900892,0.2581351193563199,0.0793286369658363,0.1186204937025443,0.2217801805535735,0.1172956578594093,0.1017421566224073,0.0730049242971868,0.030092830642722,51.225506336678116,0.3397385765050776,486954.5,0
TW5 9XS,513939,175863,Unsurveyed/Urban,20.0,River Crane,2230.0,,TW5,2630.0,0.115134278,0.132038411,0.0207368891596256,0.1117839591055145,0.2984647432992429,0.1078759883111104,0.2086595526678059,0.0696193386417194,0.1818584688145034,0.0010010600004776,51.47027098164095,-0.3609859842304068,486954.5,0
TW7 6SR,517054,177215,Unsurveyed/Urban,0.0,,0.0,,TW7,2632.0,0.18752616,0.215058942,0.0839725089695759,0.2328967838685037,0.2207267033001358,0.0933773298910956,0.1270024763001657,0.1317196032172047,0.1059669910188916,0.0043376034344267,51.48178708181503,-0.31571166369209164,486954.5,0
BN16 9SF,503071,101978,Unsurveyed/Urban,10.0,River Arun,800.0,,BN16,221.0,0.623293673,0.714806288,0.0276420798256557,0.0351985681990142,0.1387721065933926,0.2217326510273485,0.2525705709328981,0.2028085920049127,0.106374306233811,0.0149011251829669,50.80819687768565,-0.5385181062594173,486954.5,0
SN15 3QQ,392042,173675,Unsurveyed/Urban,60.0,,740.0,Wiltshire,SN15,2309.0,1.309775736,1.50207835,0.1983239291589648,0.0298963080407562,0.0574074958328999,0.1805007520862239,0.151929482543714,0.2222477131984286,0.154245383243537,0.0054489358954752,51.46199089504056,-2.1159401881375093,486954.5,0
DT11 8JY,393859,111027,Leptosols,70.0,The Tarrant,0.0,Dorset,DT11,636.0,1.089455613,1.249410601,0.2717552731304682,0.0328449569999821,0.0236430560340591,0.1373349170610041,0.2141435214101724,0.1724857397717859,0.1163556103043824,0.0314369252881454,50.8986864295092,-2.0886951284707402,486954.5,0
SO2 4FR,444702,114115,Unsurveyed/Urban,60.0,River Itchen,0.0,Southampton,SO2,,,,,,,,,,,,50.92476563775163,-1.3653596036594828,486954.5,0
SO51 0NR,434297,126563,Leptosols,0.0,River Test,0.0,Test Valley,SO51,2341.0,0.347563488,0.398593115,0.1502120861115957,0.0638050943815857,0.0572264787512577,0.1213976021371629,0.3272578101010732,0.1449976748327403,0.1139317586722354,0.0211714950123487,51.03740768865695,-1.5122228099662813,486954.5,0
SO19 2FL,444728,111693,Unsurveyed/Urban,0.0,River Itchen,1670.0,Southampton,SO19,2326.0,0.141632014,0.162426571,0.0576116346563558,0.1545155806277242,0.1432217695447321,0.2914286665237085,0.1560640522011254,0.1128383180620809,0.0786127145568936,0.005707263827379,50.90298544471923,-1.365285877048615,486954.5,0
KT16 0NU,502047,163659,Podsols,0.0,,860.0,,KT16,1189.0,0.20491077,0.234995979,0.1631097733105209,0.041130444840938,0.0750542380658393,0.1869837289158066,0.183564485813879,0.1998850854293328,0.1308216964902167,0.0194505471334664,51.362840819076375,-0.5356432769789874,486954.5,0
SW20 8RL,523709,169636,Unsurveyed/Urban,20.0,,2510.0,Merton,SW20,2420.0,0.239428644,0.274581803,0.1773584803759779,0.3215180624017313,0.1868726809040716,0.0592248039926862,0.1214280664608164,0.0649198394617212,0.055338397096365,0.0133396693066301,51.41225805127871,-0.22256904141325462,486954.5,0
KT1 1NP,518212,169316,Unsurveyed/Urban,0.0,Hogsmill River,1150.0,Kingston upon Thames,KT1,1182.0,0.220904575,0.253338011,0.3068132436366452,0.1344974873349783,0.0602500187626468,0.0383111470140949,0.1291405112432729,0.1497904265703022,0.1742871846827178,0.0069099807553416,51.4105535363824,-0.3016791916221971,486954.5,0
BN16 3LU,504983,103033,,0.0,,0.0,Arun,BN16,221.0,0.623293673,0.714806288,0.0276420798256557,0.0351985681990142,0.1387721065933926,0.2217326510273485,0.2525705709328981,0.2028085920049127,0.106374306233811,0.0149011251829669,50.81733782932538,-0.5110899734371877,486954.5,0
CT20 3DA,620095,135084,Unsurveyed/Urban,10.0,Royal Military Canal,0.0,Folkestone and Hythe,CT20,464.0,0.390230451,0.447524485,0.5219022076637068,0.0759524985628212,0.0376417602936728,0.0663837625825514,0.125144566952946,0.0894580956124722,0.0704269829173779,0.0130901254144515,51.07285917879645,1.1403977711717523,486954.5,0
SW4 9HL,529026,174522,Unsurveyed/Urban,0.0,River Thames,3290.0,Lambeth,SW4,2422.0,0.168513084,0.193254347,0.494626739741746,0.0403006204993124,0.0711697507874777,0.1198968174370655,0.0700485109247569,0.0386930417467064,0.140128046519618,0.0251364723433168,51.45498400269688,-0.14437925472716687,486954.5,0
RH19 1PA,537995,139117,Unsurveyed/Urban,110.0,Felbridge Water,1250.0,,RH19,2081.0,0.393782548,0.451598105,0.130529673927497,0.1235643028528647,0.0666386575548102,0.1891799122249898,0.1943486061119075,0.1625809042789077,0.1126894650816053,0.0204684779674174,51.1347067321394,-0.029046210019326318,486954.5,0
PO38 2DH,450836,77084,Luvisols,110.0,,320.0,Isle of Wight,PO38,2020.0,0.840693373,0.964124834,0.4255503542861788,0.0389812741943062,0.0378699888627172,0.0926248364924162,0.2411568106245302,0.0830395898914191,0.0694501938855706,0.0113269517628614,50.5912797645115,-1.2831958328138164,486954.5,0
SW17 0TH,527162,170948,Unsurveyed/Urban,20.0,River Wandle,0.0,Wandsworth,SW17,2408.0,0.140258552,0.160851456,0.50850352468003,0.2603071889394248,0.0290887599244635,0.0351828566412214,0.0400038587332769,0.0523392536335476,0.0668651446524571,0.0077094127955784,51.423285886174504,-0.17247465513505453,486954.5,0
BA14 6RF,386630,161663,Cambisols,40.0,,240.0,Wiltshire,BA14,125.0,0.20826038,0.238837382,0.1680116126927888,0.046180643862032,0.0633714919303482,0.1202408744481996,0.2275408424379026,0.1726454281362602,0.1934838898180081,0.0085252166744601,51.353881273361715,-2.193384387905614,486954.5,0
BS34 6EX,361488,181413,,60.0,Stoke Brook,0.0,South Gloucestershire,BS34,274.0,0.315642193,0.361985103,0.0240228722516676,0.0156403658946971,0.1858685031627644,0.1930260451427104,0.2159522243819542,0.1305305744584269,0.2146409320608421,0.0203184826469369,51.53030307839023,-2.556573756615662,486954.5,0
SW9 0TS,530828,176241,,10.0,River Thames,3140.0,Lambeth,SW9,2427.0,0.052000541,0.059635314,0.2707850960851926,0.0242710811443289,0.0397017735788459,0.1045230524334408,0.2911090441169792,0.0629374658342771,0.1936547476272975,0.0130177391796377,51.47001893558799,-0.11782334134449594,486954.5,0
BS1 1XU,358664,172903,Unsurveyed/Urban,10.0,,760.0,,BS1,252.0,0.302440883,0.346845563,0.1144532095949663,0.0836747125812655,0.0429062307469991,0.1313764311797082,0.0640905395041311,0.1573463602872409,0.3839553421222686,0.0221971739834201,51.45358951002505,-2.596282110697498,486954.5,0
SE24 9YJ,532008,174437,Unsurveyed/Urban,20.0,,5290.0,,SE24,2223.0,0.087932539,0.100842884,0.5111269748995553,0.1423644430375694,0.0187590343456126,0.1041513553469117,0.0817449610285772,0.0370785002176298,0.0906391760081862,0.0141355551159574,51.45353334705452,-0.1015174307625329,486954.5,0
TN8 6JE,543941,147988,Unsurveyed/Urban,60.0,Kent Brook,0.0,Sevenoaks,TN8,2543.0,0.404783065,0.464213729,0.2296775030314826,0.1001186861927387,0.0530495963661096,0.1833865068449238,0.1604837463083298,0.1399051031171028,0.1193829290737311,0.0139959290655812,51.21296060510932,0.05943019578091993,486954.5,0
CT5 4WE,611096,166539,,10.0,,0.0,Canterbury,CT5,468.0,0.52085715,0.59732993,0.1749018355848136,0.1651274980511245,0.1025400759613158,0.1586167863276664,0.1817310743690684,0.0896823439704176,0.1174261978027049,0.0099741879328885,51.35868393520776,1.0306373490376899,486954.5,0
BN2 4GL,532363,106424,Unsurveyed/Urban,30.0,,8820.0,Brighton and Hove,BN2,224.0,0.352781871,0.404577666,0.3725730146583231,0.0411599344247331,0.1070617303456833,0.1821683818606329,0.1174502708460555,0.1065365992606857,0.0595871355079352,0.0134629330959509,50.842210459698606,-0.1213959259586367,486954.5,0
TQ1 2XA,292955,63613,,0.0,,0.0,Torbay,TQ1,2545.0,0.284766788,0.32657654,0.3948242067709441,0.0993596460998123,0.0581668271657467,0.0630310513066344,0.1112308141165635,0.1152017768986909,0.1493626692016946,0.0088230084399133,50.462546333757125,-3.5095067691009434,486954.5,0
SO15 4HT,439097,113279,Unsurveyed/Urban,10.0,,200.0,Southampton,SO15,2322.0,0.191870458,0.220041075,0.2300030679697899,0.2350407046954292,0.0906312722374255,0.1031892147317824,0.0810142468989149,0.1113095933056723,0.136624433143881,0.0121874670171045,50.91765436414278,-1.4451916797514472,486954.5,0
SW9 6FG,531442,176576,Unsurveyed/Urban,10.0,River Thames,3330.0,,SW9,2427.0,0.052000541,0.059635314,0.2707850960851926,0.0242710811443289,0.0397017735788459,0.1045230524334408,0.2911090441169792,0.0629374658342771,0.1936547476272975,0.0130177391796377,51.47288728884209,-0.10886408028253132,486954.5,0
TN39 5DY,573321,109560,Unsurveyed/Urban,50.0,Watermill Stream,2430.0,,TN39,2537.0,0.369327794,0.423552878,0.1517558015135385,0.1017775659192177,0.1208490536334519,0.1893519381539156,0.2388240544744055,0.1193274597450824,0.0736475642549882,0.0044665623054,50.859576951647654,0.46131509633611356,486954.5,0
TN2 5YW,559924,142133,Planosols,70.0,,0.0,Tunbridge Wells,TN2,2516.0,0.357409092,0.409884261,0.1467206657310778,0.0505282353830835,0.0182419696848466,0.1094431561504993,0.3757427413952581,0.2254839707810933,0.0674572941721565,0.0063819667019845,51.156106235271565,0.28547009932476164,486954.5,0
PL24 2PU,207921,54301,Cambisols,20.0,,0.0,Cornwall,PL24,1977.0,0.59131809,0.678136017,0.2258120906133423,0.0672153905421157,0.0723483889324629,0.0752465776952529,0.251118719938398,0.1809013011800064,0.1216115014470703,0.0057460296513512,50.3572023839381,-4.701675152036834,486954.5,0
SP7 8NJ,386955,122702,Unsurveyed/Urban,200.0,River Nadder,2950.0,,SP7,2352.0,0.950478427,1.090028643,0.3229114901295717,0.0412468416901948,0.0392753013281748,0.1063423719652716,0.196417283644223,0.1546432689773054,0.1149910704336943,0.024172371831564,51.003555035742316,-2.1872904260376127,486954.5,0
BA12 9AY,387440,145108,Unsurveyed/Urban,0.0,The Were,0.0,Wiltshire,BA12,123.0,0.839206404,0.962419547,0.3005047363141219,0.0292946066308487,0.0442715209470771,0.1478969087027853,0.2065738829589693,0.1771345727983489,0.0876740188566173,0.0066497527912312,51.20504135437791,-2.1811652861450472,486954.5,0
PO10 7YZ,474902,105976,Unsurveyed/Urban,40.0,,410.0,Havant,PO10,1997.0,0.775511816,0.889373255,0.1847749577394117,0.0849021206284196,0.0437443675161075,0.2173209975954698,0.2010180398128928,0.1640250541229697,0.0884239549551447,0.0157905076295839,50.84846454704399,-0.9374079663234568,486954.5,0
SO5 5RT,445568,118965,Unsurveyed/Urban,0.0,,0.0,Eastleigh,SO5,,,,,,,,,,,,50.96830802031251,-1.3524337613479283,486954.5,0
BS30 9UB,366108,170897,Unsurveyed/Urban,0.0,Siston Brook,640.0,South Gloucestershire,BS30,271.0,0.424251473,0.486540509,0.1124291012836419,0.0456667362640474,0.0398061535665014,0.1940759681394832,0.2858493643101163,0.2163459350405074,0.0782581464067303,0.0275685949889717,51.43604921309307,-2.4889629381812854,486954.5,0
BN9 9BQ,544714,101325,Unsurveyed/Urban,0.0,River Ouse,240.0,Lewes,BN9,243.0,0.411628055,0.472063707,0.0956695771408732,0.0966383319730607,0.0711756300182469,0.2488948182889177,0.2476637844840869,0.1354735477294446,0.093745290557135,0.0107390198082346,50.793432612179984,0.05190265636599269,486954.5,0
BA2 4NB,375697,163728,Unsurveyed/Urban,40.0,Kennet and Avon Canal,0.0,Bath and North East Somerset,BA2,128.0,0.573299514,0.657471935,0.3671386607741415,0.0811915683626933,0.0670379917329496,0.154720475682329,0.1428615218283728,0.0852851916793031,0.0824084194208571,0.0193561705193532,51.3720840478891,-2.3505247639394122,486954.5,0
BS5 7BP,362079,174093,Unsurveyed/Urban,50.0,River Frome,0.0,"Bristol, City of",BS5,284.0,0.256038874,0.293630764,0.121961112832359,0.3923343663319789,0.0881446687039877,0.0867455263876649,0.1442008033926837,0.0678957266851638,0.0839723733889217,0.0147454222772401,51.46452867365546,-2.54726532452056,486954.5,0
DT2 9UD,367960,94966,Leptosols,110.0,River Cerne,900.0,,DT2,637.0,0.66753152,0.765539181,0.3145002225550305,0.0323880584801044,0.0313901576745571,0.1155982197323239,0.1742367238923372,0.1829548563458556,0.1216235429202466,0.0273082183995443,50.75340092267673,-2.4555583851825475,486954.5,0
CT8 8RQ,632709,170048,,10.0,,4950.0,Thanet,CT8,471.0,0.320340651,0.367373393,0.3170605576816702,0.1445250730921108,0.0541463618068432,0.1352077656093514,0.1634654402250507,0.0690740410208174,0.1037224163857815,0.0127983441783746,51.38174816015237,1.342824946313707,486954.5,0
SE19 2HS,533915,170282,Unsurveyed/Urban,90.0,,2430.0,Bromley,SE19,2217.0,0.060944012,0.069891875,0.353160784907582,0.0635128677928617,0.0751770909718219,0.1674243886190053,0.1868413335969971,0.0721863636015127,0.0541021405703047,0.0275950299399141,51.41574708201328,-0.07565799774892773,486954.5,0
PO20 1EH,488764,103794,Luvisols,10.0,,1360.0,Chichester,PO20,2008.0,0.552380328,0.633481373,0.1003421417165465,0.0516290782179906,0.0997195355850923,0.1857915864231356,0.200438867000607,0.1884306968336191,0.1456397571539706,0.028008337069038,50.82688948958355,-0.7410768968652536,486954.5,0
TN34 1TD,581230,109683,Unsurveyed/Urban,0.0,,0.0,,TN34,2532.0,0.189215961,0.216996842,0.5132950494063998,0.0535259309153275,0.0560260826152733,0.0788416095713469,0.159313560746738,0.0820708484934475,0.0466715336254893,0.0102553846259775,50.85825932028271,0.5736349764692262,486954.5,0
SO19 9QQ,445366,109923,Luvisols,20.0,,210.0,Southampton,SO19,2326.0,0.141632014,0.162426571,0.0576116346563558,0.1545155806277242,0.1432217695447321,0.2914286665237085,0.1560640522011254,0.1128383180620809,0.0786127145568936,0.005707263827379,50.88702024829952,-1.3564326661837562,486954.5,0
SE26 6UG,534865,171020,Unsurveyed/Urban,60.0,,0.0,Bromley,SE26,2225.0,0.096642284,0.110831403,0.282001728511297,0.0617451055631599,0.0672276415746967,0.1519011230264673,0.2337037108130772,0.0735306729595709,0.0903945840876983,0.0394954334640323,51.42215409325002,-0.061724577096628944,486954.5,0
BS16 6QN,365304,177221,,0.0,,1480.0,,BS16,258.0,0.310576344,0.35617548,0.0719315789286385,0.2158582674142905,0.1198630033519329,0.1845585641000162,0.1387050634125803,0.1003150213925051,0.1501201659052365,0.0186483354947996,51.49286056297426,-2.501151640036859,486954.5,0
UB3 2LG,509788,180948,Unsurveyed/Urban,40.0,Grand Union Canal,0.0,,UB3,2639.0,0.216519585,0.248309212,0.0066289867113345,0.2243327944180951,0.2992633152216905,0.0876335856081827,0.2154099020461771,0.0614065372105449,0.1041274617017949,0.0011974170821801,51.51679499558364,-0.4191438113014788,486954.5,0
BS11 9TX,353214,176677,,0.0,River Avon,0.0,,BS11,254.0,0.281113542,0.32238692,0.0403095210313422,0.2173761983961776,0.1765370030229464,0.3668873043236952,0.0784541487076664,0.0558126872810972,0.0554066485794446,0.0092164886576301,51.48709584981527,-2.6752117077291273,486954.5,0
BS23 1EN,332104,160524,Unsurveyed/Urban,10.0,Uphill Great Rhyne,0.0,North Somerset,BS23,263.0,0.444823956,0.510133465,0.3105308557678158,0.1151515526756242,0.0644419758798452,0.1109843408404046,0.0870093706095669,0.1780719843502133,0.1039332903909197,0.02987662948561,51.33973090071263,-2.9761025616065453,486954.5,0
HA5 2QD,510293,189507,Unsurveyed/Urban,60.0,,2690.0,Hillingdon,HA5,971.0,0.382260288,0.438384134,0.015252671330881,0.1530696549924348,0.3422301853683234,0.1752929531039188,0.1647180913464481,0.0962446331960245,0.0518734716840108,0.0013183389779583,51.593624303519874,-0.4091873598781995,486954.5,0
SO4 3RS,435980,113524,,0.0,Bartley Water,1420.0,New Forest,SO4,,,,,,,,,,,,50.92005956341363,-1.4895069726188397,486954.5,0
BN41 2TF,524990,106813,Unsurveyed/Urban,50.0,West Arm,3100.0,,BN41,234.0,0.330945317,0.379535047,0.1600439932208597,0.2441804769394203,0.159148462464899,0.2113060069669173,0.1051036809217502,0.0689349902739386,0.0431802916787567,0.0081020975334579,50.84734503849504,-0.2259280544637513,486954.5,0
SP2 9LJ,412426,131193,Unsurveyed/Urban,80.0,,960.0,,SP2,2347.0,0.542377295,0.622009685,0.2502103821586885,0.1344641498308539,0.0682581428048269,0.1499358548235394,0.134043612380814,0.1469194723632687,0.1067225068313884,0.00944587880662,51.07992600946127,-1.8239925372794823,486954.5,0
RH15 9XS,529441,119365,Planosols,30.0,,490.0,Mid Sussex,RH15,2077.0,0.408111418,0.468030754,0.0868717961215624,0.040209468729161,0.0366954146395113,0.3021263418783442,0.2555870993009638,0.1517598090560966,0.1098321831731307,0.0169178871012297,50.959181418245784,-0.15829105823744705,486954.5,0
SW19 6FZ,524321,170180,Unsurveyed/Urban,0.0,River Wandle,3040.0,Merton,SW19,2410.0,0.308988468,0.354354471,0.264660062189143,0.2123536171880402,0.0610799536312745,0.106396396534114,0.160228825625078,0.1018433386722242,0.0794357783017512,0.0140020278583745,51.417013376583455,-0.21358305896422447,486954.5,0
RG21 8WS,462324,153509,Unsurveyed/Urban,110.0,,1740.0,,RG21,2050.0,0.191921943,0.220100119,0.0882086480353733,0.1053659061947685,0.0286249386253851,0.123784684069765,0.3551219617486985,0.1223329045781145,0.1719892547936644,0.0045717019542301,51.27732595835006,-1.1078749903465763,486954.5,0
EX4 4FJ,292082,92376,Unsurveyed/Urban,30.0,,0.0,Exeter,EX4,816.0,0.358391433,0.41101083,0.1781345604401778,0.0938182418190905,0.0727250681933979,0.134409254654084,0.1739546248543501,0.1234864037809699,0.20955317192491,0.0139186743330194,50.720956222271454,-3.5301638979783587,486954.5,0
TW10 7WS,517837,175249,Unsurveyed/Urban,10.0,,0.0,,TW10,2616.0,0.358062235,0.410633299,0.3264836614429772,0.0777856613037938,0.1416536135410759,0.1723698464484971,0.1333706479025049,0.0763663045262016,0.0501564182554265,0.0218138465795229,51.463955105769045,-0.30509604261417606,486954.5,0
BN23 7QQ,563539,103379,Gleysols,0.0,Mountney Sewer,450.0,Eastbourne,BN23,228.0,0.481045062,0.551672591,0.0112169760958368,0.0376414061019232,0.0359082066405116,0.1103133595783585,0.3598719860101237,0.2686899952394281,0.1697724430017615,0.0065856273320563,50.80688703001934,0.3196944017472691,486954.5,0
RG20 5NN,452931,158654,Planosols,110.0,,500.0,Basingstoke and Deane,RG20,2049.0,1.263278182,1.448753977,0.2524780501259238,0.0795934768408989,0.0329125714908327,0.1538101900463795,0.1648313654710301,0.1312880260625096,0.1416728048757184,0.0434135150867067,51.32453280819126,-1.241762695783598,486954.5,0
SE12 8WX,542733,174310,,60.0,,0.0,Greenwich,SE12,2210.0,0.101847951,0.116801371,0.1014545836586449,0.1488605929683803,0.1793427016587647,0.274575769968553,0.1609737597466129,0.0806786482536709,0.0314600515529825,0.0226538921923904,51.44979248279364,0.05268428188813701,486954.5,0
PO14 1QL,456054,105574,,0.0,,0.0,,PO14,2001.0,0.48345223,0.554433181,0.0266190842628092,0.0342004411024202,0.0788847029050199,0.1759427337813243,0.455298681325941,0.1565146024419607,0.0660086907773471,0.0065310634031771,50.846979763421245,-1.2051676816145975,486954.5,0
TN16 3EZ,543944,159108,,0.0,River Darent,4940.0,Bromley,TN16,2512.0,0.596756463,0.684372858,0.1336962324614262,0.0762374344165219,0.0644939955152606,0.1793493210681235,0.3402547715131617,0.1076016960361518,0.083289069720153,0.015077479269201,51.312884213597016,0.06394478971354522,486954.5,0
GU16 6ZU,486025,159807,,0.0,,420.0,Surrey Heath,GU16,934.0,0.358953091,0.411654951,0.028837655463836,0.0556765967328358,0.0279132494100843,0.2553386171041663,0.3821048175419143,0.1456644353490442,0.0861714484053686,0.0182931799927501,51.33086222309094,-0.7666412652723206,486954.5,0
BN7 1SH,540678,110166,Unsurveyed/Urban,0.0,Papermill Cut,0.0,,BN7,241.0,0.546136197,0.626320472,0.2639828327620805,0.0606963660296425,0.0694101384727975,0.2428172470430668,0.1417355133866334,0.1303974652671417,0.0653394320468066,0.0256210049918307,50.87387972889474,-0.0019340688684709422,486954.5,0
ME3 9ET,577633,172238,Luvisols,0.0,,0.0,Medway,ME3,1518.0,0.231962835,0.266019856,0.1136588869261715,0.066565689553059,0.0406019584003138,0.226238432747112,0.2815699498939784,0.1196675487697041,0.1394880780812437,0.0122094556284172,51.421318070470974,0.5534092833112496,486954.5,0
CR4 2DS,528275,170256,Unsurveyed/Urban,0.0,River Wandle,2500.0,Merton,CR4,447.0,0.126716228,0.145320834,0.132032724168072,0.3108975115078427,0.1944323265652803,0.0764377553369459,0.0796614761712746,0.1063296045242859,0.0910530866226763,0.009155515103622,51.41681637213725,-0.15672594263161468,486954.5,0
BH19 1PJ,402834,79773,,20.0,,740.0,Dorset,BH19,188.0,0.291072785,0.33380839,0.2660510461477386,0.1129588923225882,0.0675515529414283,0.1572488071434564,0.1743882799246254,0.1296523547699597,0.0732408634211071,0.0189082033290961,50.617658899438865,-1.961303053150385,486954.5,0
BA11 5WZ,376700,148600,Cambisols,110.0,River Frome,0.0,Mendip,BA11,122.0,0.77660139,0.890622801,0.2744624942282496,0.02880035547671,0.0360568703866541,0.1092096896235664,0.2280279896698018,0.1611647482517171,0.1363473736849308,0.0259304786783699,51.23610120094961,-2.335123067100292,486954.5,0
TQ12 4QA,291598,70504,Cambisols,40.0,,0.0,,TQ12,2548.0,0.572427731,0.656472157,0.2858120761459928,0.0722436205983062,0.046843225110336,0.121060715487246,0.1268186386316623,0.2360083686448636,0.1032197820067565,0.0079935733748363,50.52424560616049,-3.530619404554327,486954.5,0
RH77 1AF,528138,139315,Planosols,70.0,Gatwick Stream,0.0,Crawley,RH77,2295.0,0.0,0.0,0.0011098779134295,0.0110987791342952,0.0776914539400665,0.3773584905660377,0.1442841287458379,0.1997780244173141,0.1775804661487236,0.0110987791342952,51.138774740789415,-0.1697799091187027,486954.5,0
CR0 5NJ,533166,164734,Unsurveyed/Urban,60.0,River Wandle,0.0,Croydon,CR0,444.0,0.12253422,0.14052482,0.189431537345722,0.1261590258548246,0.1891934538904903,0.1351295287805097,0.1755132244680827,0.0883192433303605,0.0890137261960232,0.0072402601339868,51.36606558127645,-0.08850145678588582,486954.5,0
TQ9 6UQ,278800,61900,,30.0,Bidwell Brook,0.0,,TQ9,2558.0,1.18210954,1.355668072,0.327517246554531,0.0348184298111514,0.092093288047209,0.139546323884917,0.1587047507510021,0.1495655475638956,0.0902823193691233,0.0074720940181704,50.44439079999187,-3.708292024366315,486954.5,0
TR7 3DN,183031,62092,Unsurveyed/Urban,0.0,,830.0,Cornwall,TR7,2583.0,0.643192106,0.737626229,0.2020496099249693,0.1738309608330334,0.0445368839295935,0.105525475663386,0.1501484500392892,0.1474564617325693,0.1660687312803765,0.0103834265967823,50.41851897794238,-5.055588299552101,486954.5,0
SN15 3RT,394771,171371,Stagnosols,60.0,,1170.0,Wiltshire,SN15,2309.0,1.309775736,1.50207835,0.1983239291589648,0.0298963080407562,0.0574074958328999,0.1805007520862239,0.151929482543714,0.2222477131984286,0.154245383243537,0.0054489358954752,51.44130675781349,-2.076623695809334,486954.5,0
BH9 2PY,408415,94104,Unsurveyed/Urban,40.0,,0.0,,BH9,203.0,0.293575591,0.336678659,0.1023960203351811,0.419632760691546,0.1416399091590151,0.0664921412241328,0.0816112282264522,0.0860930648664549,0.0868146960182065,0.0153201794790111,50.74648071500044,-1.8820944301698268,486954.5,0
TR20 8TJ,145194,29693,Cambisols,50.0,,0.0,Cornwall,TR20,2571.0,0.47590384,0.545776529,0.4098898579663956,0.0220677862164124,0.063029417067399,0.0911744020493782,0.1843870187874763,0.1219755201733257,0.0738318435639294,0.0336441541756831,50.11251652505796,-5.5653841574130025,486954.5,0
BN1 2WB,531040,104624,Unsurveyed/Urban,0.0,River Adur,0.0,Brighton and Hove,BN1,214.0,0.393678702,0.451479012,0.4133781699105935,0.067869146497792,0.094435578216796,0.1207046072234547,0.0878514381613901,0.0896130620380274,0.1029660542004174,0.0231819437515286,50.82633336363249,-0.14081904804802858,486954.5,0
CR0 7JX,534573,165817,Unsurveyed/Urban,0.0,,2970.0,Croydon,CR0,444.0,0.12253422,0.14052482,0.189431537345722,0.1261590258548246,0.1891934538904903,0.1351295287805097,0.1755132244680827,0.0883192433303605,0.0890137261960232,0.0072402601339868,51.375466680683076,-0.06789296270300142,486954.5,0
PL31 1JG,206736,66969,Unsurveyed/Urban,0.0,,0.0,Cornwall,PL31,1985.0,0.626163036,0.718096934,0.1416201706845269,0.0494055523026653,0.0231422479250172,0.1385625374627653,0.3000596021999195,0.1188307992667455,0.2271360524837445,0.0012430376746155,50.47061086834007,-4.724839323574813,486954.5,0
BR3 3DF,537538,167427,Unsurveyed/Urban,0.0,The Beck,1000.0,Bromley,BR3,246.0,0.110157651,0.12633111,0.0889537665212773,0.206826793658451,0.1947982121329925,0.0817765893932923,0.2226863018317632,0.1059058957754152,0.0931382707649322,0.005914169921876,51.38922475977757,-0.02469696712890021,486954.5,0
OX49 5RP,470646,196857,,120.0,,1920.0,South Oxfordshire,OX49,1811.0,0.550236656,0.631022965,0.3179308946985361,0.0754355396227625,0.0257480268197303,0.113926519296358,0.1941137987223381,0.1627206031721328,0.0847593370517529,0.0253652806163888,51.66605909550331,-0.9799327791685953,486954.5,0
SL6 2XG,489079,180680,Arenosols,30.0,,1740.0,,SL6,2279.0,0.428118838,0.490975684,0.1217311523087976,0.0993805497911236,0.0512736585531822,0.1842891003727085,0.2964334803890767,0.0953515276740988,0.1241559033510816,0.0273846275599306,51.518027043264624,-0.7175769519702689,486954.5,0
PL4 7YW,249400,55500,,30.0,River Plym,1520.0,Plymouth,PL4,1990.0,0.164096101,0.188188859,0.4927749962989284,0.1635240211716728,0.0764434867853432,0.0421345813111391,0.0349792129763385,0.0557152324423717,0.1250672894684616,0.0093611795457444,50.380060755529776,-4.119509462612682,486954.5,0
HA4 8EE,510370,187892,Unsurveyed/Urban,0.0,Yeading Brook,0.0,Hillingdon,HA4,970.0,0.271704918,0.311596912,0.0028319743244675,0.0934643184657571,0.491357942034793,0.1841117778726989,0.0800973391465034,0.0683584599110773,0.0787827038724519,0.0009954843722505,51.57909384823319,-0.4085834674470008,486954.5,0
PL25 9HE,203781,52688,Gleysols,0.0,,0.0,,PL25,1978.0,0.412285059,0.472817174,0.1237962935885579,0.0761724481332066,0.0430499837429971,0.1276144235045242,0.2447809297385235,0.1313182268730282,0.2484868039595244,0.0047808904596377,50.3413471008739,-4.758965521583772,486954.5,0
RH17 5WU,533131,124714,Unsurveyed/Urban,50.0,,0.0,,RH17,2079.0,0.340572645,0.39057587,0.2256625352672017,0.0837639766716246,0.0670212400277601,0.1853703301522306,0.1776950191403848,0.1025870342046739,0.1061946890097279,0.0517051755263961,51.006414760873774,-0.10382259976467978,486954.5,0
BN12 6RT,511016,103522,Unsurveyed/Urban,0.0,Ferring Rife,1160.0,Worthing,BN12,217.0,0.336153478,0.385507876,0.0188278876850972,0.0235673647047599,0.2214112580438796,0.5023543421728778,0.1567918224807409,0.0390159186554882,0.0339872813983482,0.0040441248588078,50.8206096462644,-0.42533472452828136,486954.5,0
BA2 1RX,371966,164835,Unsurveyed/Urban,50.0,,1650.0,Bath and North East Somerset,BA2,128.0,0.573299514,0.657471935,0.3671386607741415,0.0811915683626933,0.0670379917329496,0.154720475682329,0.1428615218283728,0.0852851916793031,0.0824084194208571,0.0193561705193532,51.38186484658036,-2.4042106577271762,486954.5,0
PO15 5EA,453750,107210,Arenosols,30.0,,450.0,Fareham,PO15,2002.0,1.036815329,1.189041616,0.020414676825882,0.0224814487950343,0.0403983924330718,0.1810110134651809,0.3131281404920386,0.2653105497224038,0.148837408819754,0.0084183694466344,50.86190834020845,-1.23765127910822,486954.5,0
PL6 8QF,251130,57789,Unsurveyed/Urban,0.0,,430.0,,PL6,1992.0,0.533207534,0.61149361,0.0263862005613224,0.0128402454015719,0.0709530797813385,0.1812879640152337,0.4986367980537173,0.133772289725071,0.0729249597969727,0.0031984626647722,50.40107310546616,-4.096102045083884,486954.5,0
SP11 6JH,437750,149093,,100.0,River Anton,3220.0,,SP11,2346.0,0.413990929,0.474773501,0.1897705761689611,0.0614140296059519,0.0429702551874512,0.1394064335668314,0.1946647982880574,0.1502937394358884,0.1961165679382254,0.0253635998086329,51.23977321204517,-1.4606231822334075,486954.5,0
SO2 6LP,446922,111863,Unsurveyed/Urban,50.0,,2620.0,Southampton,SO2,,,,,,,,,,,,50.90434033629746,-1.334064982522283,486954.5,0
BH15 3AY,401273,92481,,0.0,,0.0,"Bournemouth, Christchurch and Poole",BH15,184.0,0.24593802,0.282046892,0.0778576531903136,0.1016210666798567,0.1236257610147386,0.1125269832588834,0.2478633442663744,0.1269228056644491,0.1850970613156095,0.0244853246097745,50.73194383718664,-1.9833278715718707,486954.5,0
BR5 2JZ,546711,168728,Unsurveyed/Urban,50.0,River Cray,0.0,Bromley,BR5,248.0,0.226141618,0.259343962,0.029647379262504,0.0436758737362099,0.3066428760106346,0.3288165101893583,0.1319212679042394,0.0703314272975003,0.0803962949059256,0.0085683706936274,51.39861973056711,0.10758156375801846,486954.5,0
BR8 7YE,551292,169309,Unsurveyed/Urban,70.0,,2620.0,Sevenoaks,BR8,251.0,0.236095815,0.270759644,0.0635345042910583,0.0396626086723483,0.0995075835688253,0.3065825137281592,0.2728581248849048,0.1750254467730796,0.0377801700870365,0.0050490479945878,51.40263795125388,0.17363082820665782,486954.5,0
DA3 7DP,560884,168506,Unsurveyed/Urban,70.0,River Darent,0.0,Sevenoaks,DA3,520.0,0.85107518,0.976030909,0.0621685499156292,0.0440428440023435,0.0442763940835076,0.199989279841055,0.4108504125852188,0.1305105189552755,0.098677373715092,0.0094846269018783,51.39278635023242,0.31104769904769863,486954.5,0
EX2 8GJ,291677,91211,,10.0,River Exe,720.0,Exeter,EX2,779.0,0.27718066,0.317876608,0.1428223408722685,0.0582818287863638,0.1299559293361937,0.146120728879846,0.1727928183570357,0.1661341127220361,0.1744992871498537,0.0093929538964021,50.710408086234395,-3.535556694579703,486954.5,0
EX10 8JR,313168,87873,Unsurveyed/Urban,40.0,River Sid,0.0,East Devon,EX10,769.0,0.644082588,0.738647452,0.2326110206470539,0.1217392492685852,0.0810661349705154,0.1293509859082431,0.1980133582677753,0.1344058435315292,0.0828859619072792,0.0199274454990183,50.684009310224276,-3.2304754585169038,486954.5,0
BA15 1ZP,375350,164483,,20.0,River Avon,1780.0,Bath and North East Somerset,BA15,126.0,0.362766239,0.416027949,0.2537711138084961,0.0575548582423318,0.026423828745121,0.1112711592188852,0.2997231630105468,0.133206623283952,0.1072844006757203,0.0107648530149466,51.37885758779715,-2.3555622854335705,486954.5,0
BN41 1EE,526216,104960,Unsurveyed/Urban,10.0,,0.0,Brighton and Hove,BN41,234.0,0.330945317,0.379535047,0.1600439932208597,0.2441804769394203,0.159148462464899,0.2113060069669173,0.1051036809217502,0.0689349902739386,0.0431802916787567,0.0081020975334579,50.83042417946203,-0.20915984813571817,486954.5,0
BR3 4ET,536928,169373,,0.0,The Beck,0.0,,BR3,246.0,0.110157651,0.12633111,0.0889537665212773,0.206826793658451,0.1947982121329925,0.0817765893932923,0.2226863018317632,0.1059058957754152,0.0931382707649322,0.005914169921876,51.40685951750816,-0.03270812168724064,486954.5,0
SW15 9GH,523857,175007,,0.0,Beverley Brook,0.0,,SW15,2406.0,0.130311175,0.149443596,0.230820802998854,0.1023080947183268,0.086526583920975,0.2264177775818287,0.1908474203625395,0.0375338806954286,0.1149590573409988,0.0105863823810484,51.46049611604732,-0.2185651458479709,486954.5,0
GU11 2HW,487500,153500,Unsurveyed/Urban,80.0,,0.0,,GU11,930.0,0.261272995,0.299633363,0.1517444063507586,0.0870803925535847,0.0462603048245189,0.0715834295370203,0.2572459499407178,0.1984262874247996,0.1746773583190238,0.012981871049576,51.27393997192003,-0.7470200662828445,486954.5,0
DA14 5DW,547042,170483,,40.0,River Cray,560.0,,DA14,514.0,0.705300721,0.808853695,0.0996788551462019,0.0619499950233049,0.1746614891875226,0.1988926678919265,0.2562682064425959,0.1002541535788807,0.0867502969211426,0.0215443358084247,51.41430364319046,0.11306312056804109,486954.5,0
TR3 6EB,179161,43078,Stagnosols,80.0,,730.0,Cornwall,TR3,2579.0,0.52399978,0.600933964,0.2889053159699925,0.0238545865070792,0.0474557153918118,0.1173407854287837,0.2888587348539422,0.147673319026229,0.0743908621474103,0.011520680674751,50.24632947666701,-5.098843786734648,486954.5,0
SE28 8PB,547843,180945,Unsurveyed/Urban,0.0,,300.0,,SE28,2227.0,0.095689905,0.109739195,0.0023000628206399,0.0004405800149938,4.382203668646075e-06,0.0042384052723765,0.1803836259806138,0.4959255951160378,0.3113589935713375,0.0053483550203317,51.508099991767914,0.1289435601862345,486954.5,0
ME8 8LX,581848,165910,Unsurveyed/Urban,40.0,,4080.0,Medway,ME8,1523.0,0.294662786,0.337925478,0.0445567247836505,0.0426991738939727,0.1010792354899678,0.2861850851578061,0.315547076311805,0.174744238044421,0.0271830732896488,0.0080053930287278,51.36314278190077,0.6107255330415893,486954.5,0
BN7 1UH,541424,109930,Unsurveyed/Urban,20.0,River Ouse,710.0,,BN7,241.0,0.546136197,0.626320472,0.2639828327620805,0.0606963660296425,0.0694101384727975,0.2428172470430668,0.1417355133866334,0.1303974652671417,0.0653394320468066,0.0256210049918307,50.87157692082917,0.008570598882409212,486954.5,0
TW1 3TN,516240,173174,Unsurveyed/Urban,10.0,,1790.0,Richmond upon Thames,TW1,2615.0,0.254566884,0.291942654,0.1633639719075219,0.3274836912960837,0.1782913235956496,0.0391084313824185,0.1166450012667638,0.0914200084552904,0.0698842160616499,0.0138033560346219,51.4456355344048,-0.32875590767146395,486954.5,0
DA7 4XW,548487,176085,Unsurveyed/Urban,50.0,,3070.0,,DA7,524.0,0.141800656,0.162619973,0.0899541756946852,0.106527410713407,0.5489697137986504,0.1290835605510202,0.0546016572784315,0.0282211338987922,0.0295993858636459,0.0130429622013673,51.46426308900444,0.1361742142800972,486954.5,0
OX9 2EZ,469032,205229,,0.0,Cuttle Brook,1050.0,South Oxfordshire,OX9,1814.0,0.576829207,0.661519861,0.2034463788766807,0.0532510469822961,0.0361404820331437,0.1705957275985523,0.3065890724615339,0.1377602557962535,0.072292716588694,0.0199243196628455,51.7415218590881,-1.0016107660371312,486954.5,0
EX23 9NH,225466,105902,Cambisols,0.0,,710.0,,EX23,804.0,1.113297261,1.276752704,0.2614449664733989,0.0940318480991801,0.0595215614836419,0.08047905135657,0.1816219480756686,0.1565057033549896,0.149433476305257,0.0169614448512936,50.82627928512013,-4.479526172900437,486954.5,0
UB10 9LA,506884,184381,Unsurveyed/Urban,0.0,River Pinn,370.0,Hillingdon,UB10,2636.0,0.22219304,0.254815649,0.0280990354025461,0.1187032829034376,0.2794856753416589,0.214947242577836,0.1735347576248253,0.1095911861218577,0.0724232272210551,0.003215592806783,51.54820768827927,-0.459938487424178,486954.5,0
RH4 1TH,517084,150357,Unsurveyed/Urban,50.0,,90.0,Mole Valley,RH4,2085.0,0.2174599,0.249387585,0.233268294746509,0.1315368911031289,0.1626104435183195,0.1201520995159669,0.090758431997356,0.1544029328713279,0.0757451973940896,0.0315257088533019,51.240386317496245,-0.32411350569507247,486954.5,0
BH23 7BB,415626,97110,Luvisols,0.0,,1000.0,New Forest,BH23,193.0,0.432861128,0.496414242,0.0789296444923902,0.0614489088157031,0.091514787992371,0.1927747077388749,0.27372101478646,0.1862737184393007,0.0934049793443757,0.021932238390524,50.77336441540734,-1.7797620168634045,486954.5,0
CR0 4XB,530226,166531,,40.0,River Wandle,1410.0,,CR0,444.0,0.12253422,0.14052482,0.189431537345722,0.1261590258548246,0.1891934538904903,0.1351295287805097,0.1755132244680827,0.0883192433303605,0.0890137261960232,0.0072402601339868,51.38289608082596,-0.13005125645083923,486954.5,0
SO23 5DD,449331,130038,Unsurveyed/Urban,50.0,River Itchen,0.0,Winchester,SO23,2330.0,0.552994172,0.634185342,0.1890148829969848,0.0539116473169409,0.0246989413460889,0.3195376829649178,0.1316940453881296,0.1718150328866671,0.0998817966834126,0.0094459704168582,51.06756203725127,-1.2973458624263352,486954.5,0
CT1 3PF,615566,156925,Unsurveyed/Urban,0.0,,0.0,,CT1,452.0,0.471123682,0.540294543,0.2221130627858551,0.0552454979619016,0.0453374048355238,0.1145956390066039,0.2621398724555444,0.1557302503727352,0.1340934176750874,0.0107448549067484,51.27068606196275,1.0889345875468945,486954.5,0
KT10 9ER,514181,163531,Unsurveyed/Urban,0.0,,600.0,Elmbridge,KT10,1183.0,0.293163323,0.336205862,0.121138480279362,0.1070846445452211,0.206500983760507,0.1821500183151375,0.1291561449871452,0.0922311805763504,0.1334366358715638,0.0283019116647127,51.3593833863284,-0.36147098754692264,486954.5,0
SW19 3FG,524321,170180,,20.0,,3040.0,Merton,SW19,2410.0,0.308988468,0.354354471,0.264660062189143,0.2123536171880402,0.0610799536312745,0.106396396534114,0.160228825625078,0.1018433386722242,0.0794357783017512,0.0140020278583745,51.417013376583455,-0.21358305896422447,486954.5,0
BH14 4DA,403680,91738,Unsurveyed/Urban,30.0,,2310.0,"Bournemouth, Christchurch and Poole",BH14,183.0,0.274131815,0.314380128,0.1002388386605616,0.1990059808976704,0.1484031550310357,0.1279744372334423,0.1723811214509467,0.1071200896021695,0.1300346253130863,0.0148417518110872,50.72525250940032,-1.9492296029626348,486954.5,0
BR3 5BU,537708,170382,Unsurveyed/Urban,0.0,Ravensbourne River,0.0,Bromley,BR3,246.0,0.110157651,0.12633111,0.0889537665212773,0.206826793658451,0.1947982121329925,0.0817765893932923,0.2226863018317632,0.1059058957754152,0.0931382707649322,0.005914169921876,51.415737939005126,-0.02110935704929113,486954.5,0
SW4 9ZR,529353,175449,Unsurveyed/Urban,20.0,River Thames,3280.0,,SW4,2422.0,0.168513084,0.193254347,0.494626739741746,0.0403006204993124,0.0711697507874777,0.1198968174370655,0.0700485109247569,0.0386930417467064,0.140128046519618,0.0251364723433168,51.463240203470086,-0.13933679051969228,486954.5,0
UB3 9JW,510140,179496,Unsurveyed/Urban,30.0,,570.0,,UB3,2639.0,0.216519585,0.248309212,0.0066289867113345,0.2243327944180951,0.2992633152216905,0.0876335856081827,0.2154099020461771,0.0614065372105449,0.1041274617017949,0.0011974170821801,51.50367597036989,-0.4145260130341975,486954.5,0
SO1 1JA,442671,111962,Unsurveyed/Urban,10.0,,0.0,Southampton,SO1,,,,,,,,,,,,50.90555955288789,-1.3945057211806586,486954.5,0
BS20 8DP,345118,176526,Unsurveyed/Urban,0.0,,2470.0,North Somerset,BS20,260.0,0.560782723,0.643117416,0.1100846732826928,0.0630732615977742,0.0348033733211335,0.1864969894393466,0.2352693203860655,0.1313338321733093,0.2226365631921541,0.0163019866075237,51.48500882581825,-2.7917769863905177,486954.5,0
UB4 0QJ,510247,181691,Unsurveyed/Urban,40.0,Yeading Brook,0.0,Hillingdon,UB4,2640.0,0.146063811,0.167509049,0.0025500423899484,0.0885964540159818,0.3959848417198414,0.1911505974839702,0.1323347293099702,0.1453112975101074,0.038654308095508,0.0054177294746723,51.52338376735271,-0.4122992845664886,486954.5,0
KT8 2HP,512589,167587,Unsurveyed/Urban,20.0,,470.0,Elmbridge,KT8,1204.0,0.311100729,0.356776856,0.0911615487856836,0.0629324207433546,0.1926880898404873,0.2173438331940904,0.2064020568829391,0.1410694900323242,0.0604977118312498,0.0279048486898707,51.3961564279128,-0.383042141535817,486954.5,0
GU2 5AG,498651,150664,,0.0,,1380.0,Guildford,GU2,938.0,0.475979145,0.54586289,0.114996643747338,0.1887114028739877,0.223945534409435,0.1352027990279835,0.1368273947335128,0.096139624077474,0.093559261388522,0.0106173397417468,51.246627715214146,-0.5879942552235985,486954.5,0
RH5 5DE,519600,141700,,80.0,Beam Brook,0.0,Mole Valley,RH5,2086.0,1.110894622,1.273997308,0.2938548406559816,0.113962493641975,0.0952705630903018,0.1421751455791171,0.0988178506338979,0.1402789728515072,0.0724347586162143,0.0432053749310046,51.16205654388777,-0.29096987864373547,486954.5,0
SW17 9UX,527625,171548,,0.0,River Wandle,1910.0,Wandsworth,SW17,2408.0,0.140258552,0.160851456,0.50850352468003,0.2603071889394248,0.0290887599244635,0.0351828566412214,0.0400038587332769,0.0523392536335476,0.0668651446524571,0.0077094127955784,51.42857410079052,-0.1656032664339449,486954.5,0
SP5 5AX,389059,118525,Luvisols,240.0,,1820.0,Dorset,SP5,2350.0,0.575061309,0.659492399,0.2663259497222903,0.0658417268570419,0.0437425476443605,0.151692224865786,0.1932902565723013,0.1497058117401997,0.1093669791936351,0.0200345034043848,50.96603879243541,-2.157177540172787,486954.5,0
TN21 8HE,558307,121307,Luvisols,140.0,,1110.0,,TN21,2518.0,0.868260365,0.99573924,0.2135385698895131,0.0903225189793078,0.0587880105766209,0.1305670762430332,0.194344990025779,0.1883313092407197,0.0980101042868205,0.0260974207582054,50.969430730765104,0.2532611890086028,486954.5,0
RG4 5AT,472266,174707,,40.0,,630.0,,RG4,2061.0,0.237379503,0.272231805,0.1217092919667951,0.1098497135663398,0.1176302199614478,0.1481050101189018,0.2573314612264737,0.1190420546510233,0.1092323049327319,0.0170999435762863,51.46672766593899,-0.9610609733202528,486954.5,0
RG24 9DJ,464254,153978,Unsurveyed/Urban,0.0,,1730.0,Basingstoke and Deane,RG24,2053.0,0.172952689,0.19834578,0.0357247344924473,0.0140952159407374,0.0145564655491574,0.0674536199789938,0.4477433293223413,0.1804908659171337,0.2331989073981327,0.006736861401056,51.28132855960624,-1.080125068930266,486954.5,0
TN27 9LX,584549,144671,Planosols,0.0,River Sherway,640.0,Maidstone,TN27,2524.0,0.950798818,1.090396074,0.3079175306311941,0.0634692744115683,0.0437768001178898,0.1453284004393507,0.1756248256636702,0.1346070108974418,0.0953681609686472,0.0339079968702376,51.17149850687677,0.6385258372539505,486954.5,0
SO21 2NF,442481,131881,,110.0,,6260.0,,SO21,2328.0,1.493616841,1.712911194,0.1864979305273114,0.079821903254585,0.0491543478208134,0.2271433476994471,0.1567137359120574,0.1657648361726817,0.1086559016198719,0.0262479969932317,51.08468008593629,-1.394883865463521,486954.5,0
TW13 6NW,512528,171759,,0.0,,2810.0,Hounslow,TW13,2619.0,0.258819013,0.296819086,0.0232304303008147,0.0372720037566418,0.2927858828805589,0.2328812416371614,0.2291237743992313,0.0946876337670288,0.0825312481480649,0.0074877851104979,51.4336665059508,-0.3825957536886563,486954.5,0
BH12 9HY,406189,93423,,50.0,,340.0,"Bournemouth, Christchurch and Poole",BH12,181.0,0.239504116,0.274668355,0.0784193486048281,0.0969446036284312,0.1225400775151011,0.2284785085899204,0.2587387043587668,0.152755346658734,0.0528863248431129,0.0092370858011053,50.74038429573929,-1.9136562055103594,486954.5,0
SW1P 2UP,529548,177433,Unsurveyed/Urban,0.0,River Thames,1430.0,,SW1P,2414.0,0.26538235,0.304346058,0.2083840758367512,0.055344889197968,0.059586422522183,0.1461926138332278,0.2118126343798219,0.135198756530211,0.1723326702783572,0.0111479374214797,51.481025349292594,-0.13580465224948773,486954.5,0
TQ7 1RL,273739,44341,Cambisols,0.0,,550.0,South Hams,TQ7,2556.0,0.694439812,0.796398176,0.3029266737852337,0.040044808644731,0.0464495339676901,0.114345383266109,0.2217427014296275,0.1526830364904951,0.1103873821044394,0.0114204803116739,50.285486731700885,-3.7736384573468507,486954.5,0
SW19 5NA,523675,171259,,50.0,,1760.0,Merton,SW19,2410.0,0.308988468,0.354354471,0.264660062189143,0.2123536171880402,0.0610799536312745,0.106396396534114,0.160228825625078,0.1018433386722242,0.0794357783017512,0.0140020278583745,51.426851782223096,-0.22249190188538692,486954.5,0
TW20 0LU,500337,171200,Arenosols,0.0,,1250.0,Runnymede,TW20,2627.0,0.639384488,0.733259573,0.175987057957387,0.1236827339782848,0.0879446523596848,0.195818182518778,0.122358748423602,0.1861548557913404,0.0882369941178991,0.0198167748530235,51.43092948094342,-0.5580667491225467,486954.5,0
TW1 9HX,515984,173661,,10.0,,1450.0,,TW1,2615.0,0.254566884,0.291942654,0.1633639719075219,0.3274836912960837,0.1782913235956496,0.0391084313824185,0.1166450012667638,0.0914200084552904,0.0698842160616499,0.0138033560346219,51.4500649920979,-0.3322784771812603,486954.5,0
TN9 9QT,559913,145919,Unsurveyed/Urban,0.0,,0.0,Tonbridge and Malling,TN9,2544.0,0.227920445,0.261383958,0.1957713209272154,0.0846426018599394,0.2291389053290961,0.1092867202673512,0.1051827403567972,0.1141068802045727,0.1496444704628501,0.0122263605921777,51.19012577962315,0.28699567360558104,486954.5,0
SW16 1JH,530013,172283,Unsurveyed/Urban,50.0,River Wandle,0.0,Lambeth,SW16,2407.0,0.133132761,0.152679449,0.3309872485359821,0.2421546673652876,0.1642600816552692,0.0591110602992602,0.0568237379041603,0.0755854544030274,0.04947023068062,0.0216075191563928,51.434637065425825,-0.1310036438783224,486954.5,0
GU5 0DR,500913,145718,Luvisols,0.0,,380.0,Guildford,GU5,959.0,0.288714802,0.331104204,0.3113493605627295,0.1072658190186304,0.1496853835439965,0.1555648406747226,0.0986520179583823,0.0730039335038997,0.0809395095236791,0.0235391352139598,51.20177269080594,-0.5569880101470989,486954.5,0
EX14 0UX,313892,106574,Luvisols,260.0,,1460.0,East Devon,EX14,773.0,0.741308698,0.850148399,0.2272233184584751,0.0340884150742716,0.0336257535229518,0.0842333405213597,0.1938930368702157,0.3125660163906148,0.0932520744861828,0.0211180446759282,50.85224925967775,-3.2246127547953396,486954.5,0
SW11 3RX,526746,176088,,10.0,River Thames,520.0,Wandsworth,SW11,2402.0,0.158281064,0.181520051,0.5646683682823465,0.0446549426985812,0.0329784898800298,0.0633090880032636,0.1238319425818527,0.0523964903014858,0.1034882640051543,0.0146724142472858,51.469572125815134,-0.1766153789398612,486954.5,0
PO2 7NZ,465000,101400,Unsurveyed/Urban,10.0,,2410.0,Portsmouth,PO2,2007.0,0.308771139,0.354105234,0.2909531642100123,0.2671607607830878,0.0901683762510737,0.0855206467678627,0.1399162635998129,0.0596445510866711,0.0606972643206834,0.0059389729807959,50.80851566825496,-1.0788520216194206,486954.5,0
EX4 3PT,292161,92877,Unsurveyed/Urban,0.0,River Exe,1160.0,Exeter,EX4,816.0,0.358391433,0.41101083,0.1781345604401778,0.0938182418190905,0.0727250681933979,0.134409254654084,0.1739546248543501,0.1234864037809699,0.20955317192491,0.0139186743330194,50.72547462282787,-3.5291918210770508,486954.5,0
BR5 2LX,546278,168672,Unsurveyed/Urban,70.0,,0.0,Bromley,BR5,248.0,0.226141618,0.259343962,0.029647379262504,0.0436758737362099,0.3066428760106346,0.3288165101893583,0.1319212679042394,0.0703314272975003,0.0803962949059256,0.0085683706936274,51.39822825672315,0.1013386287810048,486954.5,0
KT10 8AY,513575,165993,Unsurveyed/Urban,10.0,River Mole,0.0,Elmbridge,KT10,1183.0,0.293163323,0.336205862,0.121138480279362,0.1070846445452211,0.206500983760507,0.1821500183151375,0.1291561449871452,0.0922311805763504,0.1334366358715638,0.0283019116647127,51.38163324773456,-0.3693849375708373,486954.5,0
KT9 2PF,517700,162900,Cambisols,50.0,,1190.0,,KT9,1205.0,0.176250903,0.202128241,0.0331193935848453,0.0436699700385254,0.395964530175305,0.2660134410865241,0.0996007460123544,0.1176826165171987,0.0361415967391892,0.0078077058460576,51.35299464491808,-0.31116138896852497,486954.5,0
TW2 7LH,514224,173585,Unsurveyed/Urban,20.0,,340.0,,TW2,2626.0,0.233074644,0.267294902,0.1042327961095243,0.2276742004499895,0.3975273364511029,0.0648623661379294,0.1027642055930458,0.0368716235230658,0.0585961184859928,0.0074713532493492,51.44973931193455,-0.35761967524598004,486954.5,0
BH2 5LP,408470,91198,Unsurveyed/Urban,10.0,,0.0,"Bournemouth, Christchurch and Poole",BH2,189.0,0.212916829,0.244177496,0.3925668033391585,0.0898406805531199,0.0550222246572098,0.0813413000745295,0.0909973832697773,0.1205465897283296,0.1542917788527206,0.0153932395251544,50.72034734076869,-1.8813807503021487,486954.5,0
TR3 6EW,181338,41861,,0.0,,0.0,Cornwall,TR3,2579.0,0.52399978,0.600933964,0.2889053159699925,0.0238545865070792,0.0474557153918118,0.1173407854287837,0.2888587348539422,0.147673319026229,0.0743908621474103,0.011520680674751,50.23620996310631,-5.067653577226222,486954.5,0
PO2 8HJ,464800,102300,,0.0,,1840.0,Portsmouth,PO2,2007.0,0.308771139,0.354105234,0.2909531642100123,0.2671607607830878,0.0901683762510737,0.0855206467678627,0.1399162635998129,0.0596445510866711,0.0606972643206834,0.0059389729807959,50.81663027030903,-1.081531492303214,486954.5,0
SE1 2HF,533091,180233,Unsurveyed/Urban,0.0,Upper Pool,630.0,Southwark,SE1,2207.0,0.044146882,0.050628572,0.1889019326986313,0.0354877516016428,0.1131022358923201,0.1068875978664788,0.1068198045820465,0.1491913443923626,0.2392821590041381,0.0603271739623795,51.50536561476593,-0.08375818070011097,486954.5,0
SW9 7DW,531800,175700,Unsurveyed/Urban,20.0,River Thames,4190.0,,SW9,2427.0,0.052000541,0.059635314,0.2707850960851926,0.0242710811443289,0.0397017735788459,0.1045230524334408,0.2911090441169792,0.0629374658342771,0.1936547476272975,0.0130177391796377,51.464931837041306,-0.10403892982353002,486954.5,0
TW6 3HZ,507500,175700,Unsurveyed/Urban,20.0,River Colne,3170.0,,TW6,2631.0,0.953458417,1.093446158,0.0390732069281372,0.1802020809784801,0.2086120051729804,0.1833598586371774,0.2713033473483225,0.0594883392903271,0.0564991387634307,0.0014620228811442,51.470064519808076,-0.45370187722460253,486954.5,0
DA13 9JZ,563460,170308,Cambisols,60.0,River Thames,4640.0,,DA13,513.0,0.739847338,0.848472481,0.1039241788666069,0.0580082818403872,0.0663518928906272,0.3338329729489862,0.2879704531999854,0.0876942189727371,0.0541082779086349,0.0081097233720349,51.40824000225737,0.3488696634480698,486954.5,0
BN1 2XQ,531040,104624,Unsurveyed/Urban,30.0,River Adur,7560.0,,BN1,214.0,0.393678702,0.451479012,0.4133781699105935,0.067869146497792,0.094435578216796,0.1207046072234547,0.0878514381613901,0.0896130620380274,0.1029660542004174,0.0231819437515286,50.82633336363249,-0.14081904804802858,486954.5,0
PO30 5QH,447402,89224,,0.0,,1360.0,Isle of Wight,PO30,2012.0,0.908647678,1.04205626,0.2489440610148489,0.0819050177291289,0.0777454451117743,0.0995404826010382,0.2240656608800955,0.1220223333088511,0.1383993437520063,0.0073776556022564,50.70073302004407,-1.330154891987148,486954.5,0
RH1 5AF,527844,147885,Planosols,60.0,,380.0,Reigate and Banstead,RH1,2071.0,0.579308944,0.664363676,0.1621774950926168,0.0561813202622479,0.0653252227867551,0.1683374909963199,0.1132154204611988,0.2116018991990775,0.2030728946303897,0.020088256571394,51.21586228510565,-0.17093444688999562,486954.5,0
BS18 4XH,358358,159327,,70.0,,600.0,Bath and North East Somerset,BS18,,,,,,,,,,,,51.331503366126164,-2.5990886125720274,486954.5,0
HA4 9UX,511100,187500,Unsurveyed/Urban,50.0,Yeading Brook,0.0,Hillingdon,HA4,970.0,0.271704918,0.311596912,0.0028319743244675,0.0934643184657571,0.491357942034793,0.1841117778726989,0.0800973391465034,0.0683584599110773,0.0787827038724519,0.0009954843722505,51.575427357449065,-0.39817670697868474,486954.5,0
SO18 4EG,444531,113298,Unsurveyed/Urban,0.0,River Itchen,1130.0,,SO18,2325.0,0.202881264,0.232668499,0.044279459630559,0.1789000385103419,0.121941862014858,0.2413578677420588,0.1446678127330223,0.1420108214349827,0.1195226479337356,0.0073194900004413,50.91743251913728,-1.3678919104478984,486954.5,0
TA6 4HW,331339,136689,Unsurveyed/Urban,0.0,Bridgwater and Taunton Canal,2580.0,Sedgemoor,TA6,2473.0,0.546897277,0.627193295,0.1981503799358965,0.0530397360387618,0.0515414639844998,0.1522946696392358,0.1221114616793891,0.1987868334350141,0.201685047869845,0.0223904074173575,51.12534918428311,-2.982507309067922,486954.5,0
RH10 0FS,526911,136846,Unsurveyed/Urban,70.0,Gatwick Stream,3070.0,,RH10,2072.0,0.234058011,0.268422647,0.0215307146442801,0.0163095386499516,0.0659915329212113,0.4323546944867543,0.2010936874847897,0.1364642146109411,0.1028380942747485,0.023417522927323,51.11685754219729,-0.1881777143932201,486954.5,0
GU12 4FX,486560,150681,,90.0,,0.0,Rushmoor,GU12,931.0,0.307832623,0.353028924,0.0885591432878513,0.1038776594737169,0.0839265591309614,0.2117689999829163,0.2443938502684931,0.1556875108437653,0.1051479919639339,0.0066382850483615,51.248741314050655,-0.7611734603447203,486954.5,0
TQ9 6WA,278943,61438,,50.0,Bidwell Brook,770.0,South Hams,TQ9,2558.0,1.18210954,1.355668072,0.327517246554531,0.0348184298111514,0.092093288047209,0.139546323884917,0.1587047507510021,0.1495655475638956,0.0902823193691233,0.0074720940181704,50.440267376534955,-3.706129639884279,486954.5,0
RG4 7BD,470425,175493,Unsurveyed/Urban,0.0,River Thames,730.0,Reading,RG4,2061.0,0.237379503,0.272231805,0.1217092919667951,0.1098497135663398,0.1176302199614478,0.1481050101189018,0.2573314612264737,0.1190420546510233,0.1092323049327319,0.0170999435762863,51.47402561962475,-0.9874028415527139,486954.5,0
PO1 3HH,463701,100612,Unsurveyed/Urban,0.0,,1340.0,Portsmouth,PO1,1996.0,0.198087311,0.227170693,0.1407614503027495,0.0772302937570538,0.0207405322066391,0.2458554264597249,0.2057897213903466,0.0984548802424565,0.1981192521767278,0.0130484434643013,50.80157447496224,-1.0974221719085335,486954.5,0
BH23 2JX,414902,93972,Unsurveyed/Urban,10.0,,790.0,"Bournemouth, Christchurch and Poole",BH23,193.0,0.432861128,0.496414242,0.0789296444923902,0.0614489088157031,0.091514787992371,0.1927747077388749,0.27372101478646,0.1862737184393007,0.0934049793443757,0.021932238390524,50.74516470551137,-1.7901556370541014,486954.5,0
SW19 5AG,524151,172310,Unsurveyed/Urban,30.0,,0.0,,SW19,2410.0,0.308988468,0.354354471,0.264660062189143,0.2123536171880402,0.0610799536312745,0.106396396534114,0.160228825625078,0.1018433386722242,0.0794357783017512,0.0140020278583745,51.43619335887556,-0.2152808038803401,486954.5,0
RG27 9GE,472785,153914,,80.0,River Whitewater,0.0,,RG27,2056.0,0.50947831,0.584280437,0.1203997030003643,0.0673037751054011,0.0445833443625477,0.1352721198497342,0.1936744797806943,0.1911562280263576,0.2193323162655951,0.0282780336093054,51.27972875799507,-0.957842918957754,486954.5,0
SE22 8WS,533992,174568,,30.0,,4090.0,Southwark,SE22,2221.0,0.134067288,0.153751184,0.6828582338275256,0.1029495239402633,0.0341810583978244,0.0508491873478869,0.0423206548238963,0.019378104763048,0.0371398702534093,0.0303233666461459,51.454244953298044,-0.07293113903571616,486954.5,0
TQ9 6SL,284818,57406,,0.0,,450.0,South Hams,TQ9,2558.0,1.18210954,1.355668072,0.327517246554531,0.0348184298111514,0.092093288047209,0.139546323884917,0.1587047507510021,0.1495655475638956,0.0902823193691233,0.0074720940181704,50.40520519834782,-3.6221926024821207,486954.5,0
BS17 6DR,373157,181793,Unsurveyed/Urban,110.0,River Frome,0.0,South Gloucestershire,BS17,,,,,,,,,,,,51.53439749651486,-2.388390330409862,486954.5,0
GU31 4SR,475081,124089,,80.0,Tilmore Brook,0.0,East Hampshire,GU31,951.0,0.846077838,0.970299852,0.2135334355888065,0.0709284949216864,0.0508761085329612,0.1235331033661387,0.2231759111597939,0.2106586441527013,0.0914939735520529,0.0158003287258587,51.01129146664126,-0.9311405867650172,486954.5,0
EX7 9WA,295966,76636,Cambisols,10.0,,210.0,Teignbridge,EX7,819.0,0.285069909,0.326924165,0.2507208257182719,0.0459149118615663,0.0517574966025063,0.1118170319220806,0.2075488086713501,0.2030959500940069,0.1151125231069058,0.0140324520233118,50.5801658412973,-3.4707354886552886,486954.5,0
RG24 7JA,466500,152000,,100.0,River Loddon,1010.0,Basingstoke and Deane,RG24,2053.0,0.172952689,0.19834578,0.0357247344924473,0.0140952159407374,0.0145564655491574,0.0674536199789938,0.4477433293223413,0.1804908659171337,0.2331989073981327,0.006736861401056,51.26328788593901,-1.048294472693972,486954.5,0
SO5 8PR,437200,121500,,30.0,,120.0,,SO5,,,,,,,,,,,,50.991702013598626,-1.4713388596975214,486954.5,0
KT21 9BE,518560,158066,,70.0,The Rye,2410.0,Mole Valley,KT21,1195.0,0.17601682,0.20185979,0.05244771083382,0.0897427447143924,0.203470953460355,0.2925080574576899,0.1486023208951582,0.1230303779857744,0.0845135358699136,0.0056842987828963,51.30936919281611,-0.30042440143517846,486954.5,0
TW16 6PF,510102,168971,Unsurveyed/Urban,20.0,,3010.0,,TW16,2622.0,0.437642933,0.501898117,0.0485951132131141,0.0832689736855068,0.149041656060404,0.3335762521515147,0.1850471450356585,0.1005695584003557,0.0871671410092614,0.0127341604441844,51.40908366346095,-0.41834626545273196,486954.5,0
RG42 6BW,486932,171398,Planosols,0.0,The Cut,0.0,Bracknell Forest,RG42,2064.0,0.337862815,0.387468179,0.0780778412655091,0.0245796748627595,0.0255564917838296,0.2838916210204248,0.1635973948972995,0.2875180504428123,0.1164058129855177,0.0203731127418472,51.43492189068427,-0.7507928440785782,486954.5,0
DT2 8US,372639,86448,Leptosols,60.0,,0.0,Dorset,DT2,637.0,0.66753152,0.765539181,0.3145002225550305,0.0323880584801044,0.0313901576745571,0.1155982197323239,0.1742367238923372,0.1829548563458556,0.1216235429202466,0.0273082183995443,50.677043431042286,-2.3885973375635836,486954.5,0
ME13 0ET,599782,155845,Leptosols,80.0,,5680.0,Swale,ME13,1509.0,0.546781282,0.627060269,0.4029079099410222,0.0509948273444853,0.0380167499492074,0.1298140832678249,0.1436049511326524,0.1184149878849974,0.0914407878283952,0.0248057026514148,51.266734876177225,0.8623696210004237,486954.5,0
TN15 8BB,560724,157282,Luvisols,0.0,,260.0,,TN15,2511.0,0.656961578,0.753417349,0.2170427191795105,0.0748058757081177,0.0893654778458638,0.2341996719887311,0.1374400908507238,0.1409530350415147,0.0861453452717344,0.0200477841138037,51.29199055386871,0.30368705214059194,486954.5,0
BH14 9BX,405106,92096,Unsurveyed/Urban,0.0,,1880.0,,BH14,183.0,0.274131815,0.314380128,0.1002388386605616,0.1990059808976704,0.1484031550310357,0.1279744372334423,0.1723811214509467,0.1071200896021695,0.1300346253130863,0.0148417518110872,50.72846137902405,-1.9290222525980578,486954.5,0
RH4 1LJ,517015,150073,Unsurveyed/Urban,50.0,Pipp Brook,0.0,Mole Valley,RH4,2085.0,0.2174599,0.249387585,0.233268294746509,0.1315368911031289,0.1626104435183195,0.1201520995159669,0.090758431997356,0.1544029328713279,0.0757451973940896,0.0315257088533019,51.237847861912115,-0.3251942027125538,486954.5,0
PL34 0DU,205836,87866,,100.0,,720.0,,PL34,1988.0,0.593396312,0.680519366,0.3374533979951936,0.0928830457468228,0.0550840026846218,0.0723688540561605,0.1757544003983633,0.1223661477841044,0.1326208621100262,0.0114692892247071,50.6580226912266,-4.748412686095619,486954.5,0
SN16 0JW,389811,184889,,90.0,,480.0,,SN16,2310.0,1.408987739,1.61585676,0.2908650357776949,0.0360960954885944,0.0381013436445687,0.0948893408700908,0.1763560104706342,0.1951625735514052,0.154319194767889,0.0142104054291225,51.56278439227814,-2.1483813028951135,486954.5,0
BH20 7JH,385399,96645,Luvisols,0.0,,3410.0,Dorset,BH20,190.0,0.963182521,1.104597965,0.1707971167689574,0.0435141861195241,0.0613331667595139,0.214785818040969,0.271527732017592,0.1579971986040702,0.0596579766758493,0.0203868050135238,50.76920359817989,-2.208416733907734,486954.5,0
BN21 4DE,559875,99669,Unsurveyed/Urban,0.0,,0.0,Eastbourne,BN21,226.0,0.223086095,0.255839823,0.3889483667683823,0.1287845488218411,0.0286050778587647,0.1119642423169584,0.1390480402645078,0.0997378565192615,0.0754009226241937,0.0275109448260899,50.774572647156305,0.2661232711975081,486954.5,0
KT18 5BA,520934,160353,Unsurveyed/Urban,50.0,,1710.0,Epsom and Ewell,KT18,1191.0,0.333818758,0.38283037,0.0774720617424807,0.0919767576148482,0.1647655297351486,0.2318862051259741,0.1466349771147118,0.1259045693894424,0.1339663262504398,0.0273935730269543,51.32942485576228,-0.265606495083593,486954.5,0
BN50 9XQ,531040,104624,Unsurveyed/Urban,30.0,,0.0,Brighton and Hove,BN50,297.0,0.0,0.0,0.584458403778266,0.0034482231893742,0.0337350679756298,0.0014052063344852,0.0472763771067599,0.1786413695132236,0.1400478140397421,0.0109875380625187,50.82633336363249,-0.14081904804802858,486954.5,0
BH22 8SG,408515,98030,,20.0,,950.0,Dorset,BH22,192.0,0.337988526,0.387612347,0.0159298310579748,0.0307601731231142,0.0496731074943018,0.1781575465449616,0.442680537150279,0.1689962877196423,0.100309899456529,0.0134926174531971,50.78178415728861,-1.88058743991717,486954.5,0
PO36 0ET,459152,86140,Luvisols,0.0,River Yar,810.0,Isle of Wight,PO36,2018.0,0.169006321,0.193820002,0.2885563956491894,0.0681466191126291,0.0681974386797436,0.1200810211431654,0.1628731711718974,0.148205300196874,0.1344130789391871,0.0095269751073137,50.671928179818664,-1.1642852368378418,486954.5,0
