postcode,easting,northing,soilType,elevation,nearestWatercourse,distanceToWatercourse,localAuthority,longitude,latitude
RG6 3AP,475996,170644,Gleysols,40.0,River Loddon,630.0,Wokingham,-0.9082459979129939,51.4297138073653
DA11 9BB,561117,175837,Gleysols,0.0,River Thames,210.0,Gravesham,0.3177246147778164,51.458583659282
BS5 6TQ,361138,175498,Unsurveyed/Urban,20.0,River Frome,590.0,"Bristol, City of",-2.5609653344108056,51.47709710903442
RG2 0HZ,471700,169500,Unsurveyed/Urban,40.0,Burghfield Brook,370.0,Reading,-0.9702607485994728,51.41998811580138
DA4 0WE,553664,174039,Unsurveyed/Urban,20.0,River Darent,1370.0,Dartford,0.20975380380453953,51.44449942177314
RG31 6XX,465674,175638,Unsurveyed/Urban,80.0,River Thames,1460.0,West Berkshire,-1.0557711423774727,51.475899713684356
TN31 7BT,591126,120435,Cambisols,20.0,River Tillingham,450.0,Rother,0.719702476291382,50.951653410270886
SW9 8FZ,531426,175489,Unsurveyed/Urban,20.0,River Thames,4100.0,Lambeth,-0.10949813211665128,51.46312255308213
DT8 3JH,345607,105006,Planosols,120.0,Unknown,640.0,South Somerset,-2.7738954176452943,50.842009087822866
BR3 4TX,535666,168653,Unsurveyed/Urban,40.0,Unknown,860.0,Bromley,-0.05111627880112569,51.40069232658979
PO19 9LB,485922,104179,Unsurveyed/Urban,10.0,River Lavant,620.0,Chichester,-0.781328255352065,50.83077904589572
SW15 3JU,524100,174200,Unsurveyed/Urban,40.0,Beverley Brook,2070.0,Wandsworth,-0.21535206329083317,51.453190302565105
RG7 6DT,457443,172010,Luvisols,70.0,River Pang,2410.0,West Berkshire,-1.1748609467364282,51.444175866940746
RG14 9FB,447245,166993,Unsurveyed/Urban,80.0,River Kennet,390.0,West Berkshire,-1.3222518730331896,51.40000875281196
RH10 0PU,526911,136846,Unsurveyed/Urban,70.0,Gatwick Stream,3080.0,Crawley,-0.1881777143932201,51.116857542197295
SE4 2FS,536024,175703,Unsurveyed/Urban,40.0,Ravensbourne River,1910.0,Lewisham,-0.04326788953003819,51.46396028285255
BH11 8PJ,405014,95518,Unsurveyed/Urban,50.0,Unknown,1550.0,"Bournemouth, Christchurch and Poole",-1.9302802209396337,50.7592349327003
BA3 6RN,379601,156054,Leptosols,90.0,River Frome,390.0,Mendip,-2.293998685676827,51.30323702141341
BR3 5DY,538035,169493,Unsurveyed/Urban,30.0,Ravensbourne River,1840.0,Bromley,-0.016755780854432856,51.40766975114125
BS19 4QB,344024,166226,Luvisols,10.0,Stowey Rhyne,1330.0,North Somerset,-2.8058986759922604,51.39229752061662
EX34 9QP,253196,147251,Arenosols,40.0,Unknown,1000.0,North Devon,-4.102851294727491,51.205550673719856
RG5 4JT,476279,172880,Gleysols,50.0,River Loddon,760.0,Wokingham,-0.9036949902753321,51.44977727859681
ME14 1HW,575653,156656,Unsurveyed/Urban,20.0,River Medway,270.0,Maidstone,0.5172759144929556,51.28196178787172
BH15 1DW,401619,91092,Unsurveyed/Urban,10.0,Little Channel,1000.0,"Bournemouth, Christchurch and Poole",-1.9784309649570229,50.7194522376356
BA1 7AN,376587,167141,Unsurveyed/Urban,130.0,By Brook,760.0,Bath and North East Somerset,-2.3379654353295254,51.402809548606825
SN11 8QQ,402606,169544,Cambisols,100.0,River's Brook,700.0,Wiltshire,-1.9639090459779311,51.424898903202084
BA3 4QE,367387,152440,Leptosols,140.0,Wellow Brook,570.0,Mendip,-2.46886589676814,51.27017051112806
BS2 9DT,359775,173346,Unsurveyed/Urban,20.0,River Frome,470.0,"Bristol, City of",-2.580344467226785,51.45765280756029
TW11 8UR,515000,172000,Unsurveyed/Urban,10.0,Longford River,1440.0,Richmond upon Thames,-0.3469718424803272,51.435336737170815
TN38 9SH,578462,110802,Unsurveyed/Urban,30.0,Hollington Stream,510.0,Hastings,0.5348926281825858,50.86917218024503
TW16 5PU,511580,169386,Unsurveyed/Urban,10.0,Portlane Brook,730.0,Spelthorne,-0.3969740584670945,51.412525134202376
SO4 1YU,444347,101269,Unsurveyed/Urban,20.0,Dark Water,540.0,New Forest,-1.3719634567146954,50.809283006447124
ME15 7DJ,576713,154485,Unsurveyed/Urban,60.0,River Medway,1310.0,Maidstone,0.5313868242709323,51.26213206101979
SE11 6EW,530811,178769,Unsurveyed/Urban,10.0,River Thames,1930.0,Lambeth,-0.11713248918254711,51.49274107799197
SN4 8NP,407616,183005,Unsurveyed/Urban,120.0,Woodbridge Brook,1260.0,Wiltshire,-1.8915666878272765,51.545888914688646
BA5 2XB,354432,145448,Cambisols,30.0,St Andrew's Stream,1100.0,Mendip,-2.653662500083571,51.206412179522765
BN17 5NE,503100,101800,Unsurveyed/Urban,10.0,River Arun,750.0,Arun,-0.5381566014274676,50.806591573101684
RH16 2JZ,534618,125581,Unsurveyed/Urban,50.0,Scrase Stream,900.0,Mid Sussex,-0.0823192521961474,51.01386090672674
TQ4 6LL,288888,57190,Cambisols,60.0,River Dart,120.0,Torbay,-3.5648788217601863,50.40404788210971
PL12 6QP,237151,65313,Cambisols,110.0,Unknown,470.0,Cornwall,-4.295909451077183,50.4649737034576
TN2 5GN,560096,138180,Luvisols,120.0,Unknown,1870.0,Tunbridge Wells,0.28617206459073535,51.12054105221783
EX32 0AT,256354,130908,Cambisols,30.0,River Taw,1340.0,North Devon,-4.0511566511099195,51.05949198536143
BS22 9TY,333228,161055,Gleysols,10.0,Uphill Great Rhyne,1100.0,North Somerset,-2.960068627500467,51.34463819278389
ME8 9TP,580459,163458,Unsurveyed/Urban,160.0,Unknown,5960.0,Medway,0.5895529414082947,51.341560332475034
BN5 0FP,522090,114406,Cambisols,0.0,Unknown,1350.0,Horsham,-0.2645674902673998,50.91621188619746
BR5 3WB,547415,168503,Unsurveyed/Urban,40.0,River Cray,1030.0,Bromley,0.11760077549608039,51.396415655768976
SW19 2WH,524321,170180,Unsurveyed/Urban,20.0,River Wandle,3040.0,Merton,-0.21358305896422447,51.41701337658346
BH8 9AX,410816,92773,Unsurveyed/Urban,40.0,The Bourne,3250.0,"Bournemouth, Christchurch and Poole",-1.8481022154284168,50.73447226142577
RH18 5GT,542573,134825,Luvisols,80.0,River Medway,750.0,Wealden,0.03464763352341193,51.095016698091136
BH17 8PH,402899,93967,Podsols,20.0,Unknown,1770.0,"Bournemouth, Christchurch and Poole",-1.9602773963704403,50.74530138262173
PO10 8JZ,477248,105716,Luvisols,10.0,Ham Brook,690.0,Chichester,-0.9041448764692153,50.845818868881075
TN21 0LU,557285,121003,Luvisols,150.0,Waldron Gill,990.0,Wealden,0.238586265052888,50.96697890483138
RG3 3EH,469712,172049,Unsurveyed/Urban,50.0,Unknown,620.0,Reading,-0.9983448381801955,51.44315169886873
GU1 2TG,501959,150651,Unsurveyed/Urban,70.0,River Wey,2060.0,Guildford,-0.5406199069283156,51.24592978272447
SE23 3YY,535421,172625,Unsurveyed/Urban,50.0,Pool River,1790.0,Lewisham,-0.05311996523542348,51.436444790404096
PO7 8NX,470073,110148,Unsurveyed/Urban,40.0,River Ems,1170.0,Havant,-1.0051932406655721,50.8865795388451
DA12 4SY,566303,171775,Unsurveyed/Urban,60.0,Unknown,2040.0,Gravesham,0.3903965252573389,51.42059329976208
BA15 2YH,380992,161217,Leptosols,110.0,River Avon,3020.0,Wiltshire,-2.2743228612534874,51.34970923207893
RH5 4ES,516777,145965,Luvisols,90.0,River Mole,400.0,Mole Valley,-0.3299385468439824,51.20097357865466
RG7 3LR,464948,166969,Planosols,80.0,Clayhill Brook,2200.0,West Berkshire,-1.067810510540503,51.39804588360719
SE24 9QB,532267,174279,Unsurveyed/Urban,30.0,River Thames,5570.0,Southwark,-0.09785110046258913,51.4520530779527
BN7 1PZ,540608,110487,Unsurveyed/Urban,60.0,River Ouse,660.0,Lewes,-0.0028049975760151276,50.87678156287157
GU10 4JL,480528,142813,Planosols,120.0,River Wey,1590.0,East Hampshire,-0.8493432005388254,51.17888972623501
UB4 9WA,511387,182394,Unsurveyed/Urban,30.0,Yeading Brook,2290.0,Hillingdon,-0.39565221766005343,51.529478811807294
PO8 9PD,469561,113112,Luvisols,70.0,River Meon,3800.0,East Hampshire,-1.0119070753858008,50.91329080217303
RG18 0NG,456818,174344,Planosols,110.0,River Pang,3020.0,West Berkshire,-1.1834787176519133,51.46522289552341
RG9 9HX,476113,182461,Luvisols,40.0,River Thames,380.0,Wokingham,-0.9040202117128596,51.53593115891799
PL19 0JU,249191,77321,Cambisols,180.0,River Wallabrook,1160.0,West Devon,-4.131251664837099,50.576109073607
SO31 8LB,447916,109562,Unsurveyed/Urban,20.0,Unknown,250.0,Eastleigh,-1.3202308937696854,50.88356883027069
TA1 2XJ,324936,125263,Unsurveyed/Urban,20.0,River Tone,1810.0,Somerset West and Taunton,-3.071610203146494,51.02181864002575
SE24 9LA,532456,174445,Unsurveyed/Urban,30.0,River Thames,5560.0,Southwark,-0.09507059658667853,51.453500706773006
CR5 1NX,529653,156531,Luvisols,160.0,Unknown,4190.0,Reigate and Banstead,-0.14191805699889312,51.2931574062242
BN11 1TJ,514636,102514,Unsurveyed/Urban,10.0,Unknown,2360.0,Worthing,-0.3742799134822562,50.81084423082809
RG26 3EJ,461457,162380,Podsols,100.0,Silchester Brook,850.0,Basingstoke and Deane,-1.1187767885885007,51.35717632168054
BS18 5TZ,362985,155648,Luvisols,120.0,Unknown,1270.0,Bath and North East Somerset,-2.5322958231619035,51.29874512563956
SN8 2BJ,420313,169078,Leptosols,130.0,River Kennet,320.0,Wiltshire,-1.70926615902237,51.42035442542411
SM7 3NQ,527402,159804,Unsurveyed/Urban,150.0,Unknown,5080.0,Reigate and Banstead,-0.17301599748354432,51.323080081072334
TQ7 3YG,273513,44195,Cambisols,80.0,Ayleston Brook,590.0,South Hams,-3.776760250732138,50.28412589422618
TR1 1AP,183886,45087,Cambisols,30.0,Truro River,1280.0,Cornwall,-5.033817162135357,50.266119232548014
BH15 1TB,401428,90877,Unsurveyed/Urban,10.0,Little Channel,710.0,"Bournemouth, Christchurch and Poole",-1.9811373433290251,50.71751927591432
ME15 7JU,577502,153434,Unsurveyed/Urban,80.0,River Len,1910.0,Maidstone,0.5421623634144732,51.2524460195575
SN11 0PF,399163,166589,Stagnosols,100.0,Unknown,1420.0,Wiltshire,-2.0134201567758265,51.398333400869205
SN10 2JG,402332,163037,Luvisols,130.0,Kennet and Avon Canal,4230.0,Wiltshire,-1.9678905055368117,51.366391549548034
CR9 2UL,532502,165815,Unsurveyed/Urban,60.0,River Wandle,3130.0,Croydon,-0.09763132067194151,51.37593536342802
BS11 0LZ,354089,178147,Unsurveyed/Urban,10.0,River Trym,1950.0,"Bristol, City of",-2.662802454197445,51.50038432651281
EX5 7AS,300505,95065,Cambisols,30.0,Unknown,520.0,East Devon,-3.411608062542679,50.74663504269369
RG26 4YS,459080,162046,Podsols,100.0,Bishop's Wood Stream,1050.0,Basingstoke and Deane,-1.1529651991532208,51.354425118519146
OX44 7TX,460305,198606,Luvisols,60.0,Unknown,1010.0,South Oxfordshire,-1.1291309986976563,51.682985797790735
TW9 1BY,517900,175000,Unsurveyed/Urban,10.0,River Thames,630.0,Richmond upon Thames,-0.304272518956657,51.46170409134175
BS15 9QA,364937,173284,Unsurveyed/Urban,110.0,River Avon,2460.0,South Gloucestershire,-2.5060456310217347,51.45743968806252
BS16 3LQ,363164,174857,Unsurveyed/Urban,60.0,River Frome,1610.0,"Bristol, City of",-2.531727328682898,51.47146977680583
RG6 9LL,473353,173709,Unsurveyed/Urban,40.0,River Thames,910.0,Wokingham,-0.9456222471747919,51.45761601298824
TR11 3XU,181428,32307,Unsurveyed/Urban,0.0,Unknown,1520.0,Cornwall,-5.060897721853221,50.15044241615791
CT6 8LG,616881,168125,Unsurveyed/Urban,10.0,Plenty Brook,1080.0,Swale,1.1145653522435361,51.37074646989739
PO19 3SR,485922,104179,Unsurveyed/Urban,10.0,River Lavant,620.0,Chichester,-0.781328255352065,50.83077904589572
KT5 8SY,518791,166867,Unsurveyed/Urban,30.0,Hogsmill River,380.0,Kingston upon Thames,-0.2941770336407719,51.38842195596721
RG18 9NU,448830,173674,Luvisols,120.0,Unknown,2090.0,West Berkshire,-1.29855074906018,51.45994303589196
TN22 2BW,546415,124359,Luvisols,60.0,Batt's Bridge Stream,1140.0,Wealden,0.08524674980951424,50.99999999283286
TQ13 9RU,277671,75138,Histosols,190.0,River Lemon,760.0,Teignbridge,-3.7285249433391923,50.56315163160146
SO16 3JD,441926,116171,Unsurveyed/Urban,70.0,Unknown,1150.0,Southampton,-1.404617810952202,50.943460766867936
RG14 7HP,447469,166537,Unsurveyed/Urban,80.0,Kennet and Avon Canal,740.0,West Berkshire,-1.3190930146704458,51.3958902072865
SL6 5JG,486106,181317,Stagnosols,70.0,Twyford Brook,3680.0,Windsor and Maidenhead,-0.760257726605756,51.52421365108099
KT13 0RG,507663,163164,Unsurveyed/Urban,30.0,River Wey,1160.0,Elmbridge,-0.45515863077722957,51.357356009025274
SW17 7QL,528062,172940,Unsurveyed/Urban,30.0,River Wandle,2000.0,Wandsworth,-0.15881792672672002,51.44098540030315
BS22 7GB,336196,163963,Cambisols,10.0,River Banwell,1100.0,North Somerset,-2.9179840657944327,51.37112419001503
RG45 7AR,485581,169271,Unsurveyed/Urban,60.0,Unknown,260.0,Bracknell Forest,-0.7707364659847732,51.41600662566079
GU4 8JP,500530,146153,Planosols,50.0,Littlebrook,300.0,Guildford,-0.5623464131798561,51.20575039422327
GU51 4FL,481569,155037,Unsurveyed/Urban,70.0,Unknown,160.0,Hart,-0.8316743862303707,51.28863622810493
BA7 7NW,363999,132198,Cambisols,110.0,River Cary,1870.0,South Somerset,-2.515393693387182,51.08795801924703
BS19 2XS,346115,170403,Unsurveyed/Urban,20.0,Parish Brook,490.0,North Somerset,-2.776485116495515,51.43005484519351
SO40 0SG,430311,107932,Planosols,40.0,Unknown,1100.0,New Forest,-1.5706159876028238,50.870100023297546
SE16 1WH,536300,179400,Unsurveyed/Urban,10.0,River Thames,680.0,Southwark,-0.03787184120629965,51.497116002919554
BA11 3DQ,377196,148287,Unsurveyed/Urban,100.0,River Frome,880.0,Mendip,-2.327998659198453,51.23330693147527
RG13 1JS,447301,167598,Unsurveyed/Urban,80.0,River Kennet,390.0,West Berkshire,-1.3213664738562576,51.40544364164922
RG41 3HU,479751,169283,Unsurveyed/Urban,50.0,Emm Brook,350.0,Wokingham,-0.8545504037115093,51.416963432669895
RG9 1UQ,475501,182564,Luvisols,40.0,River Thames,1040.0,South Oxfordshire,-0.9128200670820359,51.53693916745758
DA5 3DP,549608,173648,Unsurveyed/Urban,20.0,River Cray,1640.0,Bexley,0.1512697758243007,51.442071223159786
EX13 5TN,329700,97100,Luvisols,40.0,Mill Brook,770.0,East Devon,-2.998268359437629,50.76920767928356
RG12 1DE,486989,169337,Unsurveyed/Urban,70.0,Bull Brook,1170.0,Bracknell Forest,-0.750478408851011,51.416385922009326
DA3 8NS,558534,165423,Leptosols,90.0,River Darent,4840.0,Sevenoaks,0.27592461809543173,51.36574789999824
RG3 6AL,468091,173994,Unsurveyed/Urban,70.0,River Thames,1030.0,Reading,-1.0212910315404393,51.46083456129432
TW2 6SS,515400,173200,Unsurveyed/Urban,10.0,Longford River,1010.0,Richmond upon Thames,-0.34082914704725153,51.44604082615151
TA6 4YA,331689,137624,Luvisols,10.0,Bridgwater and Taunton Canal,3560.0,Sedgemoor,-2.9776843197907397,51.13379742975704
BA14 0EP,385240,156703,Unsurveyed/Urban,50.0,Lambrok Stream,1060.0,Wiltshire,-2.213137913993487,51.309247942174004
DA15 8AD,546002,172751,Unsurveyed/Urban,40.0,Wyncham Stream,790.0,Bexley,0.09905252987952382,51.43495138714547
SW8 1DU,530384,177748,Unsurveyed/Urban,10.0,River Thames,1780.0,Lambeth,-0.12365636107878496,51.48366424086758
SW18 1YU,525769,173689,Unsurveyed/Urban,10.0,River Wandle,1050.0,Wandsworth,-0.1915261790832816,51.44822999601658
KT15 1YN,505258,164668,Unsurveyed/Urban,20.0,The Bourne,1220.0,Runnymede,-0.489240853297672,51.37132496558544
BH31 9AD,410557,107663,Gleysols,30.0,Ebblake Stream,380.0,Dorset,-1.8513487880052624,50.86837551542752
PO21 2EH,493327,99837,Unsurveyed/Urban,10.0,Aldingbourne Rife,1250.0,Arun,-0.6773132534424501,50.79059882050229
EX1 3GH,295587,93264,Arenosols,50.0,Pin Brook,1700.0,Mid Devon,-3.4807806918499375,50.7295800932484
BS12 1EX,363965,190691,Unsurveyed/Urban,40.0,Unknown,310.0,South Gloucestershire,-2.521822279470206,51.61388541394948
SO3 3BE,446686,114258,Unsurveyed/Urban,60.0,Unknown,1800.0,Eastleigh,-1.3371152961187873,50.9258947033099
SW18 4WZ,525769,173689,Unsurveyed/Urban,10.0,River Wandle,1070.0,Wandsworth,-0.1915261790832816,51.44822999601658
TN13 9QL,553007,154630,Unsurveyed/Urban,150.0,Unknown,1960.0,Sevenoaks,0.19196565705779706,51.270285850614904
SO20 6QJ,436699,129340,Luvisols,100.0,Unknown,2130.0,Test Valley,-1.4776856555727877,51.062229961160746
SL5 8YY,493767,167833,Podsols,60.0,Unknown,1470.0,Windsor and Maidenhead,-0.6534350791432679,51.401787145711765
RG1 9RE,471613,170786,Unsurveyed/Urban,50.0,Foudry Brook,550.0,Reading,-0.9712521709432029,51.4315604010268
PO19 4HD,487591,104757,Unsurveyed/Urban,10.0,River Lavant,1830.0,Chichester,-0.7574974076700881,50.83572566307193
TN3 0JA,554287,139177,Planosols,40.0,River Grom,1380.0,Tunbridge Wells,0.20366282368664748,51.131091971655366
BS1 9TE,358267,172797,Unsurveyed/Urban,20.0,The Malago,1430.0,"Bristol, City of",-2.6019826974039417,51.45260725378381
KT17 1SA,522031,162541,Unsurveyed/Urban,40.0,Hogsmill River,690.0,Epsom and Ewell,-0.24911986410233328,51.34885542486354
EX6 7HN,281830,86602,Histosols,240.0,Beadon Brook,760.0,Teignbridge,-3.673484951083934,50.66705819480927
SW11 3TX,526534,175823,Unsurveyed/Urban,10.0,River Thames,650.0,Wandsworth,-0.17976069110028126,51.46723797886487
BS37 4YN,371389,182380,Unsurveyed/Urban,80.0,River Frome,260.0,South Gloucestershire,-2.4139268539718364,51.53958811553314
BH17 7TW,402902,93893,Podsols,30.0,Unknown,1750.0,"Bournemouth, Christchurch and Poole",-1.960235436311524,50.74463591360781
SE1 6UB,533378,178838,Unsurveyed/Urban,10.0,Upper Pool,1400.0,Southwark,-0.08015233038892611,51.492761970704315
TQ13 8PR,274734,88024,Histosols,290.0,Wray Brook,990.0,Teignbridge,-3.7743264245853285,50.67835491159855
BN12 6JN,511251,103830,Unsurveyed/Urban,10.0,Ferring Rife,1540.0,Worthing,-0.42190658050021895,50.82333323415475
BS37 7BX,372337,184979,Luvisols,90.0,Unknown,110.0,South Gloucestershire,-2.4004635739738185,51.56300360454494
RG24 4EE,462321,153521,Unsurveyed/Urban,110.0,River Loddon,1750.0,Basingstoke and Deane,-1.1079159052715435,51.27743417452417
GU22 7YB,499800,157800,Unsurveyed/Urban,40.0,Hoe Stream,2100.0,Woking,-0.5695469886162843,51.310573598281174
PO33 4DL,456062,90400,Planosols,40.0,Blackbridge Brook,610.0,Isle of Wight,-1.2073631506069533,50.71053868745309
DT11 7RQ,388637,106506,Unsurveyed/Urban,40.0,River Stour,1740.0,Dorset,-2.162808850967463,50.85795164575046
TQ4 5LD,288409,60415,Unsurveyed/Urban,20.0,Unknown,960.0,Teignbridge,-3.5725764123290324,50.432948967305606
TN9 2DR,559635,145833,Unsurveyed/Urban,30.0,Botany Stream,530.0,Tonbridge and Malling,0.2829826490943946,51.18943074030112
RG4 9RJ,470936,180104,Luvisols,50.0,Berry Brook,5430.0,South Oxfordshire,-0.9791212604608243,51.515414979584534
SL6 3GS,489271,180741,Stagnosols,30.0,White Brook,3120.0,Windsor and Maidenhead,-0.7147951425735901,51.5185451114606
RH15 0NG,532787,119523,Unsurveyed/Urban,40.0,Unknown,780.0,Mid Sussex,-0.11061783746455217,50.9598407859173
SE5 5DJ,532295,176697,Unsurveyed/Urban,10.0,River Thames,3960.0,Southwark,-0.09654441943418424,51.47377603886827
PL23 1AQ,212630,51760,Cambisols,10.0,River Fowey,580.0,Cornwall,-4.634285380891017,50.33589319776793
SE5 7WG,532295,176697,Unsurveyed/Urban,10.0,River Thames,3960.0,Southwark,-0.09654441943418424,51.47377603886827
TW3 9BZ,513939,175863,Unsurveyed/Urban,20.0,River Crane,640.0,Hounslow,-0.3609859842304068,51.47027098164096
DA14 4BQ,546322,171893,Unsurveyed/Urban,60.0,Wyncham Stream,1610.0,Bexley,0.10329871226390838,51.42715934123303
TA4 2RP,309991,130604,Luvisols,130.0,Unknown,300.0,Somerset West and Taunton,-3.2859670231238955,51.0676852661342
BS12 3BB,357417,189110,Luvisols,10.0,Foss Ditch,1060.0,South Gloucestershire,-2.6161919714861197,51.59921240892589
EX14 1JR,316126,100593,Unsurveyed/Urban,100.0,The Gissage,530.0,East Devon,-3.191514225561142,50.798805458772705
BN3 6NU,529849,105989,Unsurveyed/Urban,70.0,River Adur,6520.0,Brighton and Hove,-0.1572367888808036,50.838869874200945
SW2 4PT,530300,173400,Unsurveyed/Urban,50.0,River Thames,4980.0,Lambeth,-0.126466456573242,51.444609391684224
BH20 9BF,392582,88553,Histosols,10.0,Unknown,1350.0,Dorset,-2.106392814292848,50.69657295433318
BH25 5WW,424066,95449,Unsurveyed/Urban,40.0,Unknown,360.0,New Forest,-1.6601776108195576,50.75814083839775
TR11 3DG,180777,32994,Unsurveyed/Urban,0.0,Penryn River,1390.0,Cornwall,-5.070391975347234,50.156371715847186
SE12 0WZ,542733,174310,Unsurveyed/Urban,30.0,Quaggy River,1130.0,Greenwich,0.05268428188813701,51.44979248279364
SO32 3PP,460787,114640,Stagnosols,70.0,River Meon,950.0,Winchester,-1.136441663665372,50.928018674379764
CR3 6LU,534215,155966,Unsurveyed/Urban,140.0,Unknown,3780.0,Tandridge,-0.07674147093690631,51.28702390748994
BS4 5RQ,363026,170256,Cambisols,60.0,River Avon,620.0,"Bristol, City of",-2.5332316860251076,51.43009247115962
SE6 4TX,537700,173900,Unsurveyed/Urban,20.0,Ravensbourne River,190.0,Lewisham,-0.019857851577764207,51.447353329056504
SN11 0HS,399833,171004,Unsurveyed/Urban,70.0,River Marden,300.0,Wiltshire,-2.003792959772994,51.43803199825783
GU14 7DW,488100,154812,Unsurveyed/Urban,70.0,Blackwater River,620.0,Rushmoor,-0.7380978475780661,51.285642023643085
PL8 1BX,254764,48063,Cambisols,30.0,Long Brook,610.0,South Hams,-4.0412490803337,50.31457053175888
TQ12 5YB,287235,66079,Cambisols,60.0,Unknown,1080.0,Teignbridge,-3.590807356809417,50.483641555422764
KT2 5ED,518292,169669,Unsurveyed/Urban,10.0,River Thames,370.0,Kingston upon Thames,-0.3004118105802479,51.41370950716167
SE9 3UG,544579,172463,Unsurveyed/Urban,50.0,Wyncham Stream,350.0,Bexley,0.07847775939556773,51.43272812244299
BS40 8EW,354125,165034,Leptosols,100.0,Unknown,840.0,North Somerset,-2.6605801013327595,51.382488882031474
TQ1 9EW,290155,66144,Unsurveyed/Urban,60.0,Unknown,840.0,Teignbridge,-3.5496845907152466,50.48478109262565
UB4 9QS,512104,182257,Unsurveyed/Urban,30.0,Yeading Brook,1800.0,Hillingdon,-0.38536399275723215,51.52810573140532
SE15 1SS,535100,177600,Unsurveyed/Urban,10.0,River Thames,2590.0,Southwark,-0.05583637538300965,51.48122846068446
BA14 0FL,386254,155213,Planosols,40.0,River Biss,660.0,Wiltshire,-2.198532925394773,51.29587589082689
PO36 9YX,459022,83943,Luvisols,20.0,Scotchells Brook,980.0,Isle of Wight,-1.1664743844293775,50.652186347641646
BS11 9AX,351511,178193,Unsurveyed/Urban,10.0,River Avon,1040.0,"Bristol, City of",-2.6999454507519323,51.500582090857726
HA6 9EH,509824,190617,Unsurveyed/Urban,70.0,Yeading Brook,1090.0,Hillingdon,-0.4156079888237876,51.60369236731387
PO2 0BN,464918,102300,Unsurveyed/Urban,10.0,Unknown,1960.0,Gosport,-1.079856711116087,50.81661707784019
BS8 2LS,357849,173808,Unsurveyed/Urban,60.0,River Trym,1140.0,"Bristol, City of",-2.6081187256054497,51.46166612653166
PO21 3JW,489605,98725,Unsurveyed/Urban,10.0,Pagham Rife,1260.0,Arun,-0.7303748717652923,50.78118811774969
GU14 6DY,487584,153965,Unsurveyed/Urban,70.0,Unknown,800.0,Rushmoor,-0.7457023712565217,51.27810727231521
SO1 5EN,440646,113435,Unsurveyed/Urban,20.0,Unknown,1110.0,Southampton,-1.4231399851234685,50.918950376660895
GU11 9WF,486560,150681,Unsurveyed/Urban,90.0,Blackwater River,1660.0,Rushmoor,-0.7611734603447202,51.248741314050655
CR2 6TG,532904,165801,Unsurveyed/Urban,60.0,River Wandle,3530.0,Croydon,-0.09186414748980762,51.375715675785834
PO33 1HX,459774,91459,Luvisols,30.0,Monktonmead Brook,390.0,Isle of Wight,-1.1546250883072533,50.71969177351063
GU14 7XB,487203,154118,Unsurveyed/Urban,80.0,Blackwater River,1650.0,Rushmoor,-0.7511260403334922,51.27954105945357
SW14 7WA,520532,175905,Unsurveyed/Urban,0.0,River Thames,970.0,Richmond upon Thames,-0.26609620247215904,51.469283888193544
PL2 2YS,245918,57109,Unsurveyed/Urban,40.0,River Tamar,1140.0,Plymouth,-4.16910603836184,50.393617929963796
DA6 7HG,548921,175088,Unsurveyed/Urban,50.0,Unknown,1590.0,Bexley,0.14199772480275805,51.45519087731182
BN3 3FW,528984,105133,Unsurveyed/Urban,20.0,River Adur,5530.0,Brighton and Hove,-0.16981589123806645,50.83136950150129
TR13 0AL,163907,32403,Histosols,100.0,Unknown,1750.0,Cornwall,-5.305797845575379,50.1445862832778
BA3 2EX,366461,153957,Arenosols,100.0,Wellow Brook,1130.0,Bath and North East Somerset,-2.4822817523550134,51.2837566641831
RG26 5XY,470135,173949,Unsurveyed/Urban,40.0,River Thames,1640.0,Reading,-0.9918834793945704,51.460180838914155
BH24 2QX,410896,103536,Podsols,20.0,Moors River,1610.0,Dorset,-1.846652923850057,50.8312575033854
RG20 9NJ,448395,157694,Luvisols,130.0,Unknown,2150.0,Basingstoke and Deane,-1.3069844440128515,51.31630450957374
GU1 4PA,499682,150238,Luvisols,40.0,River Wey,610.0,Guildford,-0.5733463066379993,51.24261932511494
BS24 0AP,332359,155705,Gleysols,10.0,River Axe,1810.0,North Somerset,-2.9715264280201605,51.29643638089858
SE6 1JL,539687,173170,Unsurveyed/Urban,30.0,Ravensbourne River,2750.0,Lewisham,0.008428917038198792,51.44030734466832
PO2 7EE,464964,101641,Unsurveyed/Urban,10.0,Unknown,2250.0,Portsmouth,-1.0793202996163487,50.8106866197897
RH14 9UN,508932,125106,Planosols,20.0,Par Brook,1070.0,Horsham,-0.44846967659245757,51.0150252847634
TR13 9EJ,163081,25349,Cambisols,10.0,Unknown,960.0,Cornwall,-5.312960547931762,50.08092217545896
SO40 9GR,436244,112544,Unsurveyed/Urban,10.0,Bartley Water,220.0,New Forest,-1.4858484299663755,50.9112309275122
SL5 7ET,492580,168602,Planosols,80.0,Blackmoor Stream,1080.0,Windsor and Maidenhead,-0.6702934568073529,51.40889457081557
GU21 6JN,500603,158784,Unsurveyed/Urban,40.0,Basingstoke Canal,930.0,Woking,-0.5577528745675526,51.319277445861836
SW9 9RF,530614,175776,Unsurveyed/Urban,20.0,River Thames,3400.0,Lambeth,-0.12107425528051739,51.4658895233622
GU14 6BW,487306,154024,Unsurveyed/Urban,80.0,Unknown,1080.0,Rushmoor,-0.749672610363567,51.27868027628208
UB3 2SU,508684,181677,Unsurveyed/Urban,50.0,River Pinn,2290.0,Hillingdon,-0.43482348924373065,51.523560554541135
DA3 7NA,561606,168772,Unsurveyed/Urban,80.0,River Darent,6200.0,Dartford,0.32153710705793326,51.394971155571554
EX17 5LH,275049,104819,Stagnosols,90.0,Knighty Brook,660.0,Mid Devon,-3.7755749394021487,50.82938132887579
BA3 3UG,367893,154490,Arenosols,140.0,River Somer,440.0,Bath and North East Somerset,-2.4617979292065733,51.288631946511394
BS20 7AT,347429,176572,Gleysols,10.0,Unknown,470.0,North Somerset,-2.758505117400852,51.48564242399458
KT15 3JB,505266,162861,Luvisols,20.0,The Bourne,1050.0,Runnymede,-0.4896603172713668,51.35508117919887
DA6 8BA,548500,175300,Unsurveyed/Urban,50.0,River Shuttle,1580.0,Bexley,0.1360318256705967,51.45720624413321
BN20 0EF,555343,98209,Leptosols,110.0,Cuckmere River,4180.0,Wealden,0.20128179083553008,50.76268367997784
TN24 8ZA,601227,143045,Unsurveyed/Urban,50.0,Great Stour,640.0,Ashford,0.8758810239504051,51.15127592062266
SN15 3AL,392491,172748,Leptosols,60.0,River Avon,800.0,Wiltshire,-2.1094572257348276,51.45366198994716
SM1 2HR,524919,164529,Unsurveyed/Urban,50.0,Pyl Brook,2760.0,Epsom and Ewell,-0.206974549534921,51.36609527157379
BA4 5LG,362026,143686,Leptosols,150.0,River Sheppey,1660.0,Mendip,-2.544777460445395,51.19112605108956
EX20 4HU,252549,91441,Cambisols,250.0,River Lew,1050.0,West Devon,-4.089482267040298,50.70386099065955
TN21 8AN,558399,120720,Luvisols,140.0,Waldron Gill,3200.0,Wealden,0.2543149876749163,50.96413107596993
DA15 8UB,546143,172855,Unsurveyed/Urban,30.0,Wyncham Stream,870.0,Bexley,0.10112243068172204,51.435849559220614
BN3 1WE,529752,105134,Unsurveyed/Urban,30.0,West Arm,3950.0,Brighton and Hove,-0.1589160493544955,50.83120700360573
PO22 7DW,495033,99573,Unsurveyed/Urban,0.0,Aldingbourne Rife,440.0,Arun,-0.6531850598053041,50.787948597389224
PO19 2XQ,487551,104560,Unsurveyed/Urban,10.0,River Lavant,1810.0,Chichester,-0.7581123006002838,50.833960603175676
SO2 7GR,443883,111442,Unsurveyed/Urban,20.0,River Itchen,1440.0,Southampton,-1.3773321103216203,50.900793168030454
BH21 3YU,399096,96984,Podsols,70.0,Unknown,1130.0,Dorset,-2.014186862622284,50.77243786796292
PL30 4JL,211335,73554,Histosols,140.0,De Lank River,1850.0,Cornwall,-4.6634328907517615,50.53126453318133
BH1 9HH,409722,92041,Unsurveyed/Urban,40.0,The Bourne,1960.0,"Bournemouth, Christchurch and Poole",-1.8636232749384183,50.72790878459806
RG23 8ET,460672,152034,Unsurveyed/Urban,100.0,River Loddon,2850.0,Basingstoke and Deane,-1.1318058536491065,51.264242544626754
PO19 4HW,487355,105467,Unsurveyed/Urban,20.0,River Lavant,1740.0,Chichester,-0.7606789358153031,50.842144457810804
SO30 0WF,448725,114221,Luvisols,30.0,Unknown,520.0,Eastleigh,-1.3081111810633856,50.925393794122016
SE27 0JX,531800,172100,Unsurveyed/Urban,50.0,Pool River,5060.0,Lambeth,-0.10537863521832706,51.43258000649985
OX9 8PF,457300,195900,Luvisols,50.0,Unknown,1590.0,South Oxfordshire,-1.1730341468417218,51.658972205172816
TW3 1DU,514461,175819,Unsurveyed/Urban,20.0,River Crane,1180.0,Hounslow,-0.35348819613623117,51.46977027666652
PL2 2EU,245842,57289,Unsurveyed/Urban,10.0,Ham Brook,410.0,Plymouth,-4.170248343910876,50.39521560135006
GU51 1AN,479885,155364,Podsols,70.0,Unknown,840.0,Hart,-0.8557449037822015,51.29181432610965
TR1 1WJ,182961,43918,Cambisols,10.0,Truro River,570.0,Cornwall,-5.046106871808877,50.25528150908907
TN9 9NH,559913,145919,Unsurveyed/Urban,30.0,Botany Stream,580.0,Tonbridge and Malling,0.28699567360558104,51.19012577962315
SO50 7BW,449519,118631,Unsurveyed/Urban,40.0,Unknown,620.0,Eastleigh,-1.2962167722922848,50.964979488895935
GU17 7WS,482300,160800,Unsurveyed/Urban,60.0,Blackwater River,360.0,Hart,-0.819865824552516,51.34033967448223
RH2 0ES,526314,151212,Unsurveyed/Urban,110.0,Redhill Brook,3590.0,Reigate and Banstead,-0.19165717061596918,51.24610355818921
TQ2 7JU,289420,66123,Unsurveyed/Urban,50.0,Unknown,720.0,Torbay,-3.5600345414419072,50.48445392343034
ME13 9HY,604737,160779,Luvisols,20.0,Unknown,690.0,Swale,0.9361240773907674,51.30928526508964
SN11 8NL,400143,171140,Planosols,70.0,Abberd Brook,1100.0,Wiltshire,-1.999333086911374,51.43925491971111
SP11 9QY,426777,150993,Luvisols,130.0,River Bourne,6680.0,Wiltshire,-1.6176628290928867,51.25747574111995
RG12 8GF,485193,167323,Planosols,70.0,Unknown,710.0,Bracknell Forest,-0.7767818070721323,51.398553331413204
SO4 0SF,428800,92200,Luvisols,10.0,Danes Stream,1180.0,New Forest,-1.5933173547589825,50.72870980277233
BA12 7PF,381304,145836,Cambisols,130.0,Unknown,800.0,Wiltshire,-2.269033012778158,51.211418267639836
BN21 2SB,559694,100536,Unsurveyed/Urban,50.0,Unknown,700.0,Eastbourne,0.263934553564598,50.782412946335285
RG41 4DZ,479611,167102,Unsurveyed/Urban,70.0,Unknown,750.0,Wokingham,-0.8570520518437463,51.39737629362484
RG41 3HS,479565,169295,Unsurveyed/Urban,50.0,Emm Brook,540.0,Wokingham,-0.8572218682406204,51.41709740820689
SE6 9EH,537721,172900,Unsurveyed/Urban,30.0,Pool River,1680.0,Lewisham,-0.019944586833221336,51.438362049628346
DT4 7EY,368106,79730,Unsurveyed/Urban,10.0,Unknown,600.0,Dorset,-2.452169317042339,50.61640011700034
SN11 8FW,400432,171739,Luvisols,80.0,Abberd Brook,660.0,Wiltshire,-1.9951746971113107,51.444640771985014
BA2 6YJ,376263,165296,Leptosols,140.0,Kennet and Avon Canal,2760.0,Bath and North East Somerset,-2.3424990534244285,51.38620676199357
RG20 5QY,452530,158812,Planosols,100.0,Unknown,80.0,Basingstoke and Deane,-1.2474937535968427,51.325990476043756
SW19 9JT,524321,170180,Unsurveyed/Urban,30.0,River Wandle,3070.0,Merton,-0.21358305896422447,51.41701337658346
SL6 1NT,488760,181045,Stagnosols,30.0,White Brook,1410.0,Windsor and Maidenhead,-0.7220813654314028,51.521358249807996
BA14 4EW,385783,157995,Unsurveyed/Urban,40.0,River Biss,510.0,Wiltshire,-2.2053998348326376,51.32087914209868
BH7 7UZ,409725,92040,Podsols,50.0,The Bourne,1960.0,"Bournemouth, Christchurch and Poole",-1.8635807969274336,50.72789974234374
SO45 6JJ,442632,107108,Unsurveyed/Urban,10.0,Unknown,520.0,New Forest,-1.3956250560443602,50.86191566675299
SL5 9FT,493767,167833,Podsols,60.0,Unknown,1470.0,Windsor and Maidenhead,-0.6534350791432679,51.401787145711765
KT20 5RE,523291,155971,Unsurveyed/Urban,170.0,Unknown,5510.0,Reigate and Banstead,-0.2333065025883205,51.289536123247274
SW12 0BW,529064,173831,Unsurveyed/Urban,30.0,River Thames,3760.0,Wandsworth,-0.14408449949786925,51.44876545918395
BN1 2WD,531040,104624,Unsurveyed/Urban,20.0,West Arm,7560.0,Brighton and Hove,-0.14081904804802858,50.8263333636325
KT5 9XT,518842,168682,Unsurveyed/Urban,10.0,River Thames,260.0,Richmond upon Thames,-0.29283727336826804,51.4047238379748
PO19 9NB,485922,104179,Unsurveyed/Urban,10.0,River Lavant,620.0,Chichester,-0.781328255352065,50.83077904589572
BA2 2DN,374144,163639,Leptosols,120.0,River Avon,1350.0,Wiltshire,-2.372828155722797,51.37121489476791
SM7 1DQ,524365,158973,Unsurveyed/Urban,170.0,Unknown,4830.0,Reigate and Banstead,-0.21686726256501693,51.316283039768244
PO7 8XQ,467346,110204,Stagnosols,40.0,Unknown,930.0,Winchester,-1.0439448564655314,50.887406857895215
CT6 8DJ,615876,168074,Unsurveyed/Urban,10.0,Unknown,1550.0,Canterbury,1.1001182048803466,51.370671203220446
KT14 9BQ,506041,161877,Unsurveyed/Urban,20.0,Rive Ditch,710.0,Elmbridge,-0.47882763461511224,51.346092517244024
SN6 6EZ,409247,193573,Stagnosols,90.0,River Key,1230.0,Wiltshire,-1.8677716317697168,51.64088488802561
SW4 6DY,529448,175902,Unsurveyed/Urban,10.0,River Thames,2850.0,Lambeth,-0.1378043013135137,51.467289508877265
TW1 2PY,517487,174436,Gleysols,10.0,River Thames,460.0,Richmond upon Thames,-0.31040188172762956,51.45672086681772
TN22 1DP,547207,122054,Unsurveyed/Urban,60.0,River Uck,1110.0,Wealden,0.09559261446915811,50.97908482488976
SO53 4RA,442664,120314,Arenosols,30.0,Unknown,40.0,Eastleigh,-1.3936295725665335,50.98065976492106
BR7 5SX,540421,169620,Unsurveyed/Urban,70.0,Ravens Bourne,590.0,Lewisham,0.0175771277946659,51.40822573546142
SM4 5JW,525968,168223,Unsurveyed/Urban,20.0,River Wandle,560.0,Merton,-0.19060527475324804,51.39906237489349
CT4 5HP,619216,153064,Cambisols,70.0,Nail Bourne,5940.0,Canterbury,1.1388135841481994,51.23462953798275
BS49 4ER,342817,165333,Unsurveyed/Urban,10.0,Congresbury Yeo,1500.0,North Somerset,-2.823100156911902,51.38414821358832
RG29 1BE,473017,151400,Planosols,80.0,River Whitewater,960.0,Hart,-0.955029894889034,51.25709744105813
BN16 4LH,506762,104906,Gleysols,10.0,Unknown,870.0,Arun,-0.4853009251063404,50.83385003290689
KT17 4ED,521657,160859,Unsurveyed/Urban,60.0,Unknown,1630.0,Epsom and Ewell,-0.25506170520129184,51.333818500402785
PL4 9QY,249929,54294,Unsurveyed/Urban,10.0,River Plym,250.0,Cornwall,-4.111593155867366,50.36935763304786
BH8 9HH,410847,93874,Unsurveyed/Urban,30.0,River Stour,1400.0,"Bournemouth, Christchurch and Poole",-1.847630878082102,50.744372551954015
RG30 4YW,468455,173894,Unsurveyed/Urban,60.0,River Thames,1110.0,Reading,-1.0160717801380008,51.45989170938058
GU17 7NF,480989,160166,Unsurveyed/Urban,80.0,Unknown,1830.0,Hart,-0.8388267013468798,51.33482812842685
SM1 9HB,525907,163866,Planosols,60.0,Pyl Brook,4120.0,Sutton,-0.19302439016956285,51.359918800946424
PO13 9QU,455657,101294,Unsurveyed/Urban,10.0,River Alver,1980.0,Gosport,-1.211454567799101,50.808533751729726
RG16 9RY,451048,173861,Planosols,120.0,Unknown,2240.0,West Berkshire,-1.266601512142808,51.46142907403091
TW16 5BS,510520,170184,Unsurveyed/Urban,20.0,Portlane Brook,540.0,Spelthorne,-0.4119610194901301,51.419905052458674
EX9 7HE,308200,85200,Cambisols,30.0,Unknown,400.0,East Devon,-3.300114794326571,50.65921431286404
DA11 9ET,562432,174118,Unsurveyed/Urban,30.0,River Thames,1230.0,Gravesham,0.33584731959933195,51.44276457944626
TQ10 9DD,270282,59667,Cambisols,130.0,River Avon,700.0,South Hams,-3.8274204365924183,50.42249671539362
EX4 7YG,292269,92680,Unsurveyed/Urban,50.0,River Exe,970.0,Exeter,-3.5276046882621057,50.723723755502775
SE6 9HG,537721,172900,Unsurveyed/Urban,20.0,Pool River,1680.0,Lewisham,-0.019944586833221336,51.438362049628346
SW9 8BE,530642,175436,Unsurveyed/Urban,20.0,River Thames,3710.0,Lambeth,-0.12079692887810521,51.462827595844104
PO6 2HU,467183,104889,Unsurveyed/Urban,0.0,Unknown,890.0,Portsmouth,-1.0472360627989306,50.83963756264286
RG25 1LR,474021,151080,Luvisols,90.0,Basingstoke Canal,810.0,Hart,-0.9407110161626848,51.254091279859516
GU3 3PH,496851,154258,Podsols,40.0,Congo Stream,190.0,Guildford,-0.6128028461355058,51.279243008781926
SO2 9GY,444534,110797,Unsurveyed/Urban,20.0,Unknown,310.0,Southampton,-1.3681536062933028,50.89494370945268
EX21 5NT,251338,105956,Cambisols,70.0,River Torridge,1230.0,West Devon,-4.1124889921925005,50.83399135758914
PO6 9BB,465600,105430,Unsurveyed/Urban,10.0,Heavy Reach,2540.0,Portsmouth,-1.069617920104319,50.84468317074386
TW16 6NT,510010,169645,Unsurveyed/Urban,20.0,River Ash,2830.0,Spelthorne,-0.41945961106172713,51.415159530017974
PO9 5NN,472669,108842,Unsurveyed/Urban,30.0,River Ems,1950.0,Havant,-0.9685532721741258,50.87451712564037
TN31 6UG,584472,124490,Planosols,30.0,Unknown,380.0,Rother,0.6271325501340774,50.990245180983
BS35 4LW,355281,185331,Gleysols,10.0,The Pill,420.0,South Gloucestershire,-2.6465460293349854,51.565070333459005
W4 9DZ,520717,178385,Unsurveyed/Urban,10.0,River Thames,1580.0,Hounslow,-0.26258728286510835,51.4915331411412
BA16 0DP,348659,136747,Unsurveyed/Urban,20.0,Old Rhyne,590.0,Mendip,-2.7350477810253673,51.12768850904644
TN20 6UF,559337,127227,Luvisols,110.0,Unknown,2210.0,Wealden,0.27051364111740084,51.022339266546446
BN2 3QR,532109,105518,Unsurveyed/Urban,20.0,River Adur,8670.0,Brighton and Hove,-0.12532780044783515,50.83412562710129
GU1 9DD,499049,150522,Luvisols,30.0,River Wey,1030.0,Guildford,-0.5823331546052322,51.24528236546133
CT7 9SF,629636,169347,Unsurveyed/Urban,10.0,Brooksend Stream,3270.0,Thanet,1.2982898667940725,51.376705935041514
TW19 5LZ,501551,174378,Unsurveyed/Urban,20.0,Colne Brook,1060.0,Windsor and Maidenhead,-0.5396988528850449,51.45927931914361
PL26 6QY,201627,44993,Unsurveyed/Urban,20.0,Unknown,510.0,Cornwall,-4.785155995321778,50.271503684346364
PO12 9FD,460019,100900,Unsurveyed/Urban,10.0,Fareham Lake,2050.0,Gosport,-1.1496180756612655,50.80455641807793
BS39 4AG,361756,163757,Stagnosols,40.0,River Chew,510.0,Bath and North East Somerset,-2.5507960747349756,51.371574109944305
UB10 0WG,505009,183132,Unsurveyed/Urban,30.0,River Pinn,1320.0,Hillingdon,-0.48734133827447407,51.5373330092773
PO33 1GG,460524,91271,Planosols,40.0,Monktonmead Brook,870.0,Isle of Wight,-1.144032863237762,50.71792385539066
SO2 7BJ,444996,112595,Unsurveyed/Urban,40.0,River Itchen,1510.0,Southampton,-1.3613639299836162,50.91107529614189
RG26 5GP,465395,159735,Planosols,60.0,Unknown,1270.0,Basingstoke and Deane,-1.0627144384073555,51.33295759209424
RG40 4PX,479132,165321,Luvisols,60.0,Unknown,1310.0,Wokingham,-0.8643321694663062,51.38143226259143
EX1 1DD,291900,92200,Unsurveyed/Urban,50.0,River Exe,1750.0,Exeter,-3.532689552980522,50.71934021501486
BS37 7EG,370911,184708,Stagnosols,70.0,Unknown,1180.0,South Gloucestershire,-2.421012065026591,51.560494965991545
CT14 0PB,632541,156106,Luvisols,10.0,The Delf,1640.0,Dover,1.3313281567745967,51.25666668929454
BS20 6YN,347240,175698,Gleysols,10.0,Unknown,430.0,North Somerset,-2.76109592444378,51.47776691479569
SW15 6DY,523355,174767,Unsurveyed/Urban,20.0,Beverley Brook,1160.0,Wandsworth,-0.22587095714145577,51.458448699697925
CT15 4DT,627642,150598,Cambisols,80.0,North Stream,6910.0,Dover,1.257743230623555,51.20919505231634
BH31 6TH,409751,108085,Podsols,30.0,River Crane,900.0,Dorset,-1.8627913793067286,50.87218431160175
TN27 9DF,582925,144892,Planosols,30.0,Unknown,1790.0,Maidstone,0.6154335172697135,51.17400499906854
SP11 9LS,425786,149317,Leptosols,120.0,River Bourne,4930.0,Wiltshire,-1.6319840067817424,51.24245119686734
SP6 1DB,413934,114142,Luvisols,30.0,Ashford Water,150.0,New Forest,-1.8031146624580743,50.92656603368306
TN22 5GL,548368,119797,Planosols,30.0,Ridgewood Stream,850.0,Wealden,0.11119923047695403,50.95850530881632
TR4 8YN,175000,44600,Histosols,80.0,Unknown,4060.0,Cornwall,-5.158017095881327,50.2584266587052
RG22 4AR,462369,150542,Unsurveyed/Urban,100.0,River Loddon,2040.0,Basingstoke and Deane,-1.1077464521086617,51.25064552771584
SO45 5QX,441081,107085,Planosols,30.0,Unknown,1430.0,New Forest,-1.417664070232764,50.86182082840426
TA2 7LD,323364,126887,Luvisols,40.0,Kingston Stream,700.0,Somerset West and Taunton,-3.0943627564201104,51.036211579955385
EX20 2EQ,265779,101876,Cambisols,120.0,River Taw,1090.0,West Devon,-3.906049076836562,50.800854152600245
TW18 1LQ,504822,170522,Unsurveyed/Urban,20.0,River Ash,2500.0,Spelthorne,-0.4937749392704186,51.42402429966587
RG4 8PD,471300,175700,Unsurveyed/Urban,40.0,River Thames,1210.0,Reading,-0.9747649165873207,51.475777142782604
CT12 5HT,635000,164200,Luvisols,20.0,Unknown,1540.0,Thanet,1.3718277434284813,51.328312954748164
EX10 9PE,313286,89973,Unsurveyed/Urban,40.0,River Sid,590.0,East Devon,-3.22929911731645,50.702907275722175
SM4 5QE,525000,167100,Unsurveyed/Urban,30.0,Pyl Brook,630.0,Merton,-0.2049079559040018,51.38918365703293
SE9 3LP,542715,172795,Unsurveyed/Urban,50.0,Quaggy River,360.0,Greenwich,0.05181511572333734,51.436183558831765
SW9 0ST,530699,176238,Unsurveyed/Urban,10.0,River Thames,3060.0,Lambeth,-0.11968062416335583,51.470021758503655
BS34 5QU,358631,180982,Stagnosols,70.0,Henbury Trym,1220.0,South Gloucestershire,-2.597706506197773,51.52622529811889
TQ12 6YA,284743,69923,Cambisols,50.0,Unknown,630.0,Teignbridge,-3.6271050954579835,50.51771142480975
SW15 2SN,524100,174900,Unsurveyed/Urban,20.0,River Thames,1000.0,Wandsworth,-0.21510668610830558,51.459481318291985
RH19 2NE,539241,140906,Luvisols,90.0,Unknown,850.0,Tandridge,-0.010557735324173659,51.15048240224787
PL12 5ZX,242804,58863,Arenosols,60.0,River Tamar,780.0,Cornwall,-4.213616404856105,50.40855520584508
BN52 9SH,529121,104388,Unsurveyed/Urban,10.0,River Adur,5640.0,Brighton and Hove,-0.1681336928637116,50.824642997815104
RH1 6QA,527512,149380,Luvisols,210.0,Redhill Brook,3590.0,Reigate and Banstead,-0.17515408936086374,51.22937250995678
TW3 2AG,513727,175141,Unsurveyed/Urban,20.0,River Crane,1640.0,Hounslow,-0.3642689204652829,51.46382436076823
SE6 1YT,538824,173594,Unsurveyed/Urban,30.0,Quaggy River,2350.0,Lewisham,-0.003813681912654904,51.444329416121086
GU29 9JF,488315,120473,Podsols,30.0,Unknown,350.0,Chichester,-0.743420930344885,50.97690614186893
BS3 5AZ,358791,170904,Unsurveyed/Urban,50.0,The Malago,330.0,"Bristol, City of",-2.594221063434213,51.43562565681293
TW3 3AS,513371,175710,Unsurveyed/Urban,20.0,Duke of Northumberland's River,2310.0,Hounslow,-0.3692090692732347,51.46900980795247
GU8 4LP,499580,136084,Planosols,50.0,River Lox,170.0,Waverley,-0.57872463616661,51.1154042185249
EX31 3QA,252061,127466,Cambisols,110.0,Unknown,1890.0,North Devon,-4.110965438850483,51.02747116056134
RH1 9FP,528212,150643,Luvisols,210.0,Redhill Brook,3290.0,Reigate and Banstead,-0.1646825519635956,51.240566738662146
TN12 9PS,570858,146622,Planosols,20.0,Lesser Teise,410.0,Maidstone,0.44380654717392737,51.19327688504901
DA1 9BU,553664,174039,Unsurveyed/Urban,20.0,River Cray,1370.0,Dartford,0.20975380380453953,51.44449942177314
PO5 3HN,464280,98875,Unsurveyed/Urban,10.0,Unknown,660.0,Gosport,-1.089510413981516,50.785892548190645
GU31 4XR,475466,123203,Luvisols,60.0,Tilmore Brook,510.0,East Hampshire,-0.9258376370700654,51.00327544394552
BS36 2PN,367518,181188,Unsurveyed/Urban,60.0,River Frome,1230.0,South Gloucestershire,-2.469629291994692,51.528660423115866
RG17 9SU,438558,165093,Planosols,140.0,Unknown,800.0,West Berkshire,-1.4473245328356426,51.38358072951279
RG13 4PG,451500,167000,Luvisols,70.0,River Kennet,1210.0,West Berkshire,-1.2610913457122972,51.39970219155035
GU22 8QJ,503420,159932,Unsurveyed/Urban,40.0,Basingstoke Canal,2460.0,Woking,-0.5170110403745185,51.3290919419588
DA1 3RD,551398,173945,Luvisols,30.0,River Cray,830.0,Bexley,0.17713256255415147,51.44426457674356
KT24 5NT,512206,153276,Arenosols,80.0,Unknown,1810.0,Guildford,-0.39304809599322255,51.26760246692071
BH7 6BN,413100,92800,Unsurveyed/Urban,20.0,River Stour,310.0,"Bournemouth, Christchurch and Poole",-1.8157370367375394,50.734668487072945
PL25 5BQ,201212,52329,Unsurveyed/Urban,60.0,St Austell River,750.0,Cornwall,-4.794834876821169,50.33726055631924
PL5 3PW,246481,58784,Cambisols,60.0,Ham Brook,870.0,Plymouth,-4.16187630496997,50.408818142441824
ME8 0HL,580500,164900,Unsurveyed/Urban,160.0,Unknown,3910.0,Medway,0.590871696723784,51.35450009233077
TN3 0NH,555450,141501,Luvisols,90.0,River Medway,360.0,Sevenoaks,0.22127315513284654,51.1516594915665
BS17 2DB,365916,181866,Unsurveyed/Urban,50.0,River Frome,810.0,South Gloucestershire,-2.492787446390364,51.53466161760848
RG30 9GA,470135,173949,Unsurveyed/Urban,40.0,River Thames,1640.0,Reading,-0.9918834793945704,51.460180838914155
SW11 5UQ,527927,175960,Unsurveyed/Urban,10.0,River Thames,1630.0,Wandsworth,-0.15966806299869837,51.46815629863645
RH4 1YW,516746,149885,Unsurveyed/Urban,50.0,Pipp Brook,1970.0,Mole Valley,-0.32910696836297904,51.23621316101883
SW13 9EG,522600,177600,Unsurveyed/Urban,10.0,River Thames,390.0,Richmond upon Thames,-0.23575064906782456,51.484073421283114
SO23 8ED,448446,129543,Unsurveyed/Urban,40.0,Upper Brook,430.0,Winchester,-1.3100413663273125,51.06318645723252
BS18 8UA,356024,161972,Luvisols,60.0,Babylon Brook,440.0,Bath and North East Somerset,-2.632914802654594,51.35510878170647
GU7 9AR,497539,143898,Luvisols,40.0,River Wey,400.0,Guildford,-0.6057591796416788,51.18599758450597
TA14 6RE,347496,117545,Luvisols,50.0,Trutts Brook,1300.0,South Somerset,-2.7488759505317466,50.95492997136175
OX39 4LJ,473287,201900,Stagnosols,90.0,Unknown,860.0,South Oxfordshire,-0.940696182810315,51.71105612060115
GU27 9EE,488980,132610,Podsols,130.0,River Wey,360.0,Waverley,-0.7309750911789248,51.085915362676104
KT23 3NW,513730,155402,Unsurveyed/Urban,50.0,River Mole,2360.0,Mole Valley,-0.3705369042997943,51.286409560586
SO5 9ZW,438500,119100,Planosols,50.0,Tanner's Brook,870.0,Test Valley,-1.4530704776850345,50.97003632001296
DA2 7BG,552700,172300,Unsurveyed/Urban,60.0,River Cray,2270.0,Dartford,0.19514401477081747,51.42913509096879
ME20 7JY,572094,158126,Unsurveyed/Urban,20.0,River Medway,830.0,Tonbridge and Malling,0.46700307717185036,51.296252895010745
BN52 9AY,529099,105474,Unsurveyed/Urban,30.0,River Adur,5680.0,Brighton and Hove,-0.16806381001358728,50.83440876061117
BS40 7RN,350140,159106,Cambisols,100.0,Unknown,1780.0,North Somerset,-2.717004302752765,51.32885346440925
BS48 4DH,345954,170359,Unsurveyed/Urban,10.0,Parish Brook,360.0,North Somerset,-2.7787940220249436,51.42964388623038
UB4 9QH,511904,182403,Unsurveyed/Urban,30.0,Yeading Brook,2290.0,Hillingdon,-0.38819951623266896,51.529457587012935
ME16 0GA,573378,155298,Unsurveyed/Urban,80.0,River Medway,1470.0,Maidstone,0.48402986116230334,51.27045879405905
EX10 0NZ,314800,88800,Luvisols,160.0,River Sid,1520.0,East Devon,-3.207593938481568,50.69258529701199
BS48 2YR,347369,170657,Unsurveyed/Urban,30.0,Land Yeo,4240.0,North Somerset,-2.7584868218687504,51.432456624210786
PO9 3PZ,470032,107028,Unsurveyed/Urban,20.0,Unknown,830.0,Havant,-1.0063725193519888,50.85853233207853
ME19 4HR,567698,155089,Luvisols,90.0,Unknown,1770.0,Tonbridge and Malling,0.40258586383668027,51.270279550409036
RH12 9PY,517699,131139,Unsurveyed/Urban,50.0,River Arun,1590.0,Horsham,-0.32158641569741586,51.06752614930234
BS31 1JU,366255,166856,Leptosols,60.0,River Chew,1270.0,Bath and North East Somerset,-2.486462227820724,51.39972431596257
BS16 6PD,365346,177729,Unsurveyed/Urban,50.0,Folly Brook,1410.0,South Gloucestershire,-2.500596754018728,51.49743064008753
RH16 4LW,533200,123700,Unsurveyed/Urban,80.0,Scrase Stream,1270.0,Mid Sussex,-0.10321140906826452,50.99728567895977
KT18 7PJ,520582,160648,Unsurveyed/Urban,50.0,Unknown,1360.0,Epsom and Ewell,-0.27055656652448334,51.3321508769074
SW19 2TE,526400,169800,Unsurveyed/Urban,20.0,River Wandle,120.0,Merton,-0.18383721548853177,51.413139014724706
TA1 3HZ,323571,124767,Unsurveyed/Urban,60.0,River Tone,590.0,Somerset West and Taunton,-3.090963431693238,51.017179199830935
ME14 5ED,575794,156256,Unsurveyed/Urban,20.0,River Medway,660.0,Maidstone,0.5190989468369814,51.27832508635789
SO24 0RL,456553,131585,Leptosols,70.0,River Itchen,820.0,Winchester,-1.194045213488899,51.08080678190376
GU21 9DD,497146,158683,Unsurveyed/Urban,40.0,Basingstoke Canal,1130.0,Woking,-0.6073716294852873,51.31896968878843
BS26 2EE,341802,154809,Leptosols,20.0,Ellenge Stream,880.0,Sedgemoor,-2.835960574013751,51.289426129839036
EX38 8HY,243101,115052,Cambisols,180.0,Unknown,2070.0,Torridge,-4.233273718061529,50.91354877174577
GU21 6YH,500495,158809,Unsurveyed/Urban,30.0,Basingstoke Canal,930.0,Woking,-0.5592950875850646,51.31952123491649
PO16 8NT,461289,105778,Unsurveyed/Urban,10.0,Heavy Reach,2280.0,Fareham,-1.130783411211979,50.84828410720141
ME10 9EW,590552,163563,Unsurveyed/Urban,20.0,Unknown,2370.0,Swale,0.7343468693120704,51.33921252632292
PO13 9SZ,458225,101798,Unsurveyed/Urban,10.0,River Alver,860.0,Gosport,-1.1749322965285272,50.81281359638034
SE1 2YD,533721,180092,Unsurveyed/Urban,10.0,Upper Pool,100.0,Southwark,-0.07473976545089214,51.503949956866585
OX9 3QJ,472930,206214,Cambisols,90.0,Cuttle Brook,570.0,South Oxfordshire,-0.944959842733501,51.74988363786506
TN5 7NZ,570900,130700,Luvisols,130.0,Kent Ditch,1240.0,Rother,0.43686615235892845,51.05022293630064
EX32 9FD,256592,132234,Unsurveyed/Urban,20.0,Coney Gut,310.0,North Devon,-4.048288900446477,51.071467466694145
TR19 6EL,140170,26799,Histosols,120.0,Unknown,2120.0,Cornwall,-5.6335399192178635,50.084364031168136
BS6 9PZ,359117,174505,Unsurveyed/Urban,30.0,River Trym,490.0,"Bristol, City of",-2.589948850655217,51.46802615243527
BA1 6BH,376267,166184,Leptosols,140.0,Kennet and Avon Canal,3470.0,Bath and North East Somerset,-2.3425012258997993,51.39419135717281
BS31 1EN,365453,168482,Unsurveyed/Urban,20.0,River Chew,550.0,Bath and North East Somerset,-2.498149162368822,51.41429567388927
RG4 6XH,476225,175125,Gleysols,40.0,Sonning Reach,990.0,Wokingham,-0.9039887038844714,51.46996682008319
UB7 7PF,505529,179313,Unsurveyed/Urban,50.0,River Pinn,1670.0,Hillingdon,-0.48098906635863314,51.50290994969783
ME5 9QX,574629,162197,Cambisols,180.0,River Medway,2730.0,Tonbridge and Malling,0.5053182359163547,51.332052099560364
TN14 7DL,548883,161431,Luvisols,160.0,River Darent,3010.0,Sevenoaks,0.13572790801706452,51.33248781132998
BS10 6QP,357947,179430,Unsurveyed/Urban,50.0,Henbury Trym,1070.0,"Bristol, City of",-2.6073797007556387,51.512220714690145
TR11 2RQ,180006,32228,Unsurveyed/Urban,40.0,Unknown,370.0,Cornwall,-5.0807267169160815,50.14920693891223
SE20 7YY,535020,169518,Unsurveyed/Urban,50.0,Unknown,1070.0,Bromley,-0.060068216342576246,51.40861960086027
PL26 8AS,195064,57493,Unsurveyed/Urban,170.0,Unknown,1150.0,Cornwall,-4.883927188418117,50.38153523184449
BA6 9EP,349824,138807,Gleysols,20.0,River Brue,1820.0,Mendip,-2.7186888348543765,51.14631410083115
PO20 6EJ,488258,104107,Luvisols,10.0,River Lavant,2590.0,Chichester,-0.7481841164188846,50.82978073407301
BH15 4EU,399611,91493,Unsurveyed/Urban,10.0,Upton Lake,570.0,"Bournemouth, Christchurch and Poole",-2.006875867666321,50.72306002520694
RG27 9DZ,472560,154303,Planosols,80.0,River Whitewater,1720.0,Hart,-0.9609893612128771,51.28325465076269
PO20 8RG,481186,96269,Gleysols,10.0,Earnley Rife,460.0,Chichester,-0.8503075681100181,50.76034501628171
RH11 8HD,525087,136374,Unsurveyed/Urban,80.0,Ifield Brook,1030.0,Crawley,-0.21438742427084787,51.11301605834403
GU1 2LB,501352,150024,Unsurveyed/Urban,80.0,River Wey,1820.0,Guildford,-0.549490664302239,51.240401754585484
BN43 9FZ,521713,105211,Unsurveyed/Urban,10.0,West Arm,630.0,Adur,-0.27298552393431263,50.8336437026258
SE18 4AW,542756,178485,Unsurveyed/Urban,30.0,Woolwich Reach,1830.0,Greenwich,0.05469987643852618,51.487302116392435
SM5 1WX,528685,163962,Unsurveyed/Urban,40.0,River Wandle,3140.0,Sutton,-0.15311215040475493,51.360159647714816
TR11 4WS,178614,32609,Cambisols,80.0,Unknown,1420.0,Cornwall,-5.100402625321418,50.1521102683953
EX2 4PQ,293177,91912,Unsurveyed/Urban,40.0,River Exe,1750.0,Exeter,-3.5145231159304964,50.71698762404344
BN42 4EG,524290,105008,Unsurveyed/Urban,0.0,River Adur,850.0,Adur,-0.23647796233095417,50.83127197126719
RH11 7QN,526559,136681,Unsurveyed/Urban,70.0,Gatwick Stream,3390.0,Crawley,-0.19326196727975223,51.115452371641396
DT11 9NG,389929,104169,Cambisols,40.0,River Stour,830.0,Dorset,-2.144387906527124,50.836960506352554
SW8 2XF,529940,176846,Unsurveyed/Urban,10.0,River Thames,1510.0,Lambeth,-0.1303785169011098,51.47566032085727
TA12 6WY,346312,119292,Luvisols,20.0,Mill Brook,670.0,South Somerset,-2.7659893955022947,50.970528775935115
SE16 1QG,536231,179478,Unsurveyed/Urban,10.0,River Thames,760.0,Southwark,-0.03883513257107981,51.49783354332247
RH4 3HB,516310,149295,Unsurveyed/Urban,190.0,Pipp Brook,470.0,Mole Valley,-0.335540785794507,51.230999148857045
RG11 4QW,477200,164600,Planosols,60.0,Unknown,1220.0,Wokingham,-0.8922440855005811,51.375216157264575
TN14 5WB,553007,154630,Unsurveyed/Urban,150.0,Unknown,1940.0,Sevenoaks,0.19196565705779706,51.270285850614904
TN33 9BU,575073,111975,Planosols,30.0,Watermill Stream,1130.0,Rother,0.48733899445416284,50.88074587205422
RG6 9DF,473353,173709,Unsurveyed/Urban,40.0,River Thames,910.0,Wokingham,-0.9456222471747919,51.45761601298824
BH22 9RY,407673,101461,Unsurveyed/Urban,20.0,Uddens Water,680.0,Dorset,-1.8924600237343892,50.81264913296616
EX39 9DQ,245484,126857,Unsurveyed/Urban,10.0,River Torridge,770.0,Torridge,-4.204420112798589,51.0202675583178
BN24 6AH,565853,104185,Gleysols,0.0,Salt Haven,410.0,Wealden,0.35287091668897524,50.813471612282164
SW15 6LF,522606,175539,Unsurveyed/Urban,10.0,Beverley Brook,520.0,Richmond upon Thames,-0.23637880060960328,51.46554942446709
RG6 9RR,473352,173710,Unsurveyed/Urban,40.0,River Thames,910.0,Wokingham,-0.9456364304513554,51.45762513237036
TW15 3SU,506400,170800,Unsurveyed/Urban,20.0,River Ash,1350.0,Spelthorne,-0.4710043924260974,51.42622935475684
BH22 8LA,407468,99353,Unsurveyed/Urban,30.0,Unknown,1450.0,Dorset,-1.8954119429252567,50.79369552521432
TW13 7LN,510698,172084,Unsurveyed/Urban,20.0,River Ash,4250.0,Hounslow,-0.4088091036848194,51.43694775713543
BN21 4AY,561338,98663,Unsurveyed/Urban,10.0,Unknown,1980.0,Eastbourne,0.28641444662647164,50.7651285311996
SP5 3JJ,417071,121712,Luvisols,40.0,Dockens Water,750.0,Wiltshire,-1.758128017860895,50.99455344137687
RH12 4YG,517699,131139,Unsurveyed/Urban,50.0,River Arun,1590.0,Horsham,-0.32158641569741586,51.06752614930234
BA6 8ZD,350085,139020,Unsurveyed/Urban,30.0,River Brue,1820.0,Mendip,-2.7149875301817064,51.14825212268995
TA3 6UD,328490,118223,Cambisols,80.0,River Ding,2160.0,Somerset West and Taunton,-3.019559254430932,50.95897700642664
TW6 3XX,507942,174507,Unsurveyed/Urban,20.0,Duke of Northumberland's River,2390.0,Hillingdon,-0.44770473719668263,51.459257526734596
BH1 2JX,408969,91287,Unsurveyed/Urban,20.0,The Bourne,1130.0,"Bournemouth, Christchurch and Poole",-1.8743099038983941,50.72114029722976
CT16 1UH,633000,142400,Unsurveyed/Urban,10.0,River Dour,2060.0,Dover,1.3290073613857403,51.133444721388464
RH4 9GG,516691,149548,Unsurveyed/Urban,60.0,River Mole,1970.0,Mole Valley,-0.3300041001956421,51.23319542746368
BN10 8HF,541492,101233,Arenosols,40.0,River Ouse,3210.0,Lewes,0.006182255933446066,50.79340061238517
CT21 4EW,612220,135497,Gleysols,90.0,Royal Military Canal,730.0,Folkestone and Hythe,1.0283985055227467,51.07953155159293
DT7 3NS,333516,92612,Cambisols,120.0,Mill Brook,370.0,Dorset,-2.943351333938173,50.729304935076854
PL14 5LN,226073,71196,Podsols,300.0,River Seaton,2470.0,Cornwall,-4.454590767243515,50.51464839432001
CR7 8NN,532621,168961,Unsurveyed/Urban,60.0,Unknown,3260.0,Croydon,-0.0947484950826673,51.40417964105049
SE13 5JG,538300,175600,Unsurveyed/Urban,10.0,Quaggy River,1290.0,Lewisham,-0.010565209803795113,51.46248364009477
CR2 9AZ,534609,160907,Unsurveyed/Urban,150.0,The Beck,6280.0,Croydon,-0.06923200562175337,51.33133406724124
RG16 7LN,433163,178566,Cambisols,130.0,River Lambourn,3010.0,West Berkshire,-1.5235874044906914,51.50505948131715
CR2 1AU,531406,166024,Unsurveyed/Urban,40.0,River Wandle,2100.0,Croydon,-0.11329195348485777,51.37806809152751
EX6 7PB,283858,84840,Cambisols,70.0,Bramble Brook,110.0,Teignbridge,-3.644247829932918,50.65162796282686
ME3 8RJ,581119,176554,Luvisols,40.0,River Medway,1980.0,Medway,0.6056977135736215,51.45898327439799
BN3 7NL,527616,106624,Unsurveyed/Urban,30.0,West Arm,5330.0,Brighton and Hove,-0.18871208864077108,50.84507353518198
CT2 0SF,617333,161446,Planosols,20.0,Unknown,3350.0,Canterbury,1.1169754347552785,51.31060721638467
RH12 9LS,517699,131139,Unsurveyed/Urban,50.0,River Arun,1600.0,Horsham,-0.32158641569741586,51.06752614930234
ME7 5LT,577508,167069,Leptosols,80.0,Tower Reach,3320.0,Medway,0.5490299534647333,51.374925584822904
BN42 4BA,524516,105090,Unsurveyed/Urban,10.0,West Arm,1890.0,Adur,-0.2332426123024185,50.83196048000669
BA21 3XW,355196,115983,Unsurveyed/Urban,50.0,Unknown,990.0,South Somerset,-2.6390657908805544,50.94153650795623
KT20 5TS,523544,156658,Unsurveyed/Urban,170.0,Unknown,6160.0,Reigate and Banstead,-0.2294426703381433,51.29565575231571
EX7 0EZ,296571,77333,Arenosols,30.0,Dawlish Water,700.0,Teignbridge,-3.4623875701970976,50.586539418060596
UB3 2FF,508784,181103,Unsurveyed/Urban,40.0,Grand Union Canal,1590.0,Hillingdon,-0.433559686521348,51.51838217147075
SW19 6BU,523800,173583,Unsurveyed/Urban,50.0,Beverley Brook,2200.0,Wandsworth,-0.2198830869171326,51.44771081438466
TW7 4BX,515532,176423,Unsurveyed/Urban,10.0,Duke of Northumberland's River,1210.0,Hounslow,-0.3378785927327935,51.4749814294247
BH21 4ER,395004,99894,Luvisols,30.0,River Winterborne,1750.0,Dorset,-2.072258051725702,50.79858459799757
CR2 4YB,530600,160800,Unsurveyed/Urban,160.0,River Wandle,4750.0,Croydon,-0.12678217834019542,51.33130648141496
TN9 2RR,558700,145700,Unsurveyed/Urban,30.0,River Medway,230.0,Tonbridge and Malling,0.2695554389098421,51.18849592586815
OX10 6BD,461332,186189,Cambisols,50.0,River Thames,1260.0,South Oxfordshire,-1.1164486597419556,51.571243524786645
SE3 7YP,539769,176057,Unsurveyed/Urban,30.0,Quaggy River,850.0,Lewisham,0.010747615945716812,51.46622971110469
TW7 9EJ,517054,177215,Unsurveyed/Urban,10.0,River Thames,960.0,Hounslow,-0.31571166369209164,51.48178708181503
ME10 2DA,590000,164600,Unsurveyed/Urban,10.0,Unknown,2850.0,Swale,0.7269845537023827,51.34871096347714
OX9 8EX,459700,192800,Luvisols,50.0,Unknown,230.0,South Oxfordshire,-1.1388703957637063,51.63085319403306
GU14 9JR,484620,156919,Unsurveyed/Urban,70.0,Hawley Lake Stream,310.0,Rushmoor,-0.7874873781498468,51.30511041698493
PL24 2YB,207178,54022,Unsurveyed/Urban,10.0,Unknown,600.0,Cornwall,-4.711965221638061,50.354453065257246
ME10 4RH,590450,162180,Unsurveyed/Urban,40.0,Milton Creek,4310.0,Swale,0.7321454111538984,51.32682528021171
ME12 4HW,597958,171696,Stagnosols,60.0,Bells Creek,3190.0,Swale,0.8450629830598283,51.409723141583434
SO5 8BS,435500,121200,Unsurveyed/Urban,20.0,Fish Lake,500.0,Test Valley,-1.49558911398368,50.989111477888635
ME9 7TN,583973,164481,Luvisols,50.0,Unknown,2950.0,Swale,0.6404765469508127,51.349623593825214
CR9 6AR,533474,166196,Unsurveyed/Urban,60.0,Unknown,2490.0,Croydon,-0.08353121740162063,51.37913179848715
TA4 4QS,308229,141321,Cambisols,30.0,Lower Stream,830.0,Somerset West and Taunton,-3.3138372809674124,51.16374846819695
SP11 6YW,437273,148063,Luvisols,90.0,River Anton,2090.0,Test Valley,-1.467562631574344,51.23054325290633
SM4 6QS,525329,167862,Unsurveyed/Urban,30.0,Pyl Brook,640.0,Merton,-0.19991335239550773,51.39595940052281
BH23 7HL,416275,94958,Luvisols,10.0,Unknown,2210.0,"Bournemouth, Christchurch and Poole",-1.7706526170378163,50.753994768331104
BS15 9NX,364873,172748,Unsurveyed/Urban,110.0,River Avon,2010.0,South Gloucestershire,-2.506913322510459,51.45261643457477
SM2 7BG,524240,162499,Unsurveyed/Urban,70.0,Hogsmill River,1860.0,Sutton,-0.2174313770459836,51.34799979206072
TW13 4LQ,509917,172508,Unsurveyed/Urban,20.0,River Ash,3920.0,Hounslow,-0.41990902761584126,51.44091063583042
EX4 4XY,292656,92951,Unsurveyed/Urban,40.0,Shobrooke Lake,1320.0,Exeter,-3.5222030378461326,50.72623160735895
SO5 5WF,446100,119000,Unsurveyed/Urban,10.0,Barton River,300.0,Eastleigh,-1.3448535804048383,50.968580502382196
RH20 2BP,505409,118599,Luvisols,10.0,River Arun,690.0,Horsham,-0.5005595256740744,50.95718858325744
RG3 6LX,466612,174733,Unsurveyed/Urban,80.0,River Thames,1460.0,Reading,-1.0424374800527965,51.46765405611042
CT2 9DX,612984,159387,Luvisols,70.0,Unknown,2110.0,Canterbury,1.0534427730477347,51.2937624791798
CR7 7XS,532904,165801,Unsurveyed/Urban,60.0,River Wandle,3200.0,Croydon,-0.09186414748980762,51.375715675785834
BS14 9NX,360683,168675,Unsurveyed/Urban,60.0,Unknown,780.0,"Bristol, City of",-2.5667562170355662,51.41571926618234
RG20 4JD,449949,162999,Planosols,90.0,Unknown,640.0,Basingstoke and Deane,-1.2839459861927907,51.36386781211668
KT22 0WR,516274,156533,Unsurveyed/Urban,40.0,River Mole,620.0,Mole Valley,-0.3337052807362306,51.29606182956186
RG11 6PP,483801,164678,Podsols,80.0,Unknown,830.0,Wokingham,-0.797409698417891,51.3749827524647
RG41 5QJ,477806,170242,Gleysols,50.0,Emm Brook,640.0,Wokingham,-0.8823039602615079,51.4258546104394
SO1 9XR,437670,115434,Luvisols,20.0,River Test,930.0,Test Valley,-1.4652687138518516,50.93712667246915
EX4 1BA,291231,92125,Cambisols,10.0,Shobrooke Lake,1050.0,Exeter,-3.5421406960012076,50.71854104760479
BH21 4EF,398415,100783,Luvisols,30.0,River Stour,710.0,Dorset,-2.023862050511824,50.80659901535283
BA2 9DN,371676,163331,Cambisols,30.0,River Avon,680.0,Bath and North East Somerset,-2.4082571934128496,51.368327283228645
SL5 8TT,490800,168800,Podsols,80.0,Bull Brook,1760.0,Windsor and Maidenhead,-0.695828100760752,51.41096189368069
PL21 9QB,260665,59772,Cambisols,130.0,Unknown,500.0,South Hams,-3.962758270556734,50.4212357596406
SW17 0TU,526612,171662,Unsurveyed/Urban,10.0,River Wandle,1130.0,Wandsworth,-0.1801258507169453,51.42982564176426
CR5 3AZ,529337,158143,Unsurveyed/Urban,100.0,Unknown,5010.0,Croydon,-0.1458638684275821,51.307716344746865
HA5 2QQ,510852,188516,Unsurveyed/Urban,50.0,Yeading Brook,700.0,Hillingdon,-0.40143357080969533,51.58460777129035
BN22 9RT,560137,102497,Unsurveyed/Urban,10.0,Willingdon and West Langney Sewer,1320.0,Eastbourne,0.2710673459443492,50.79991142456283
RH4 1TB,516000,149900,Unsurveyed/Urban,60.0,Pipp Brook,350.0,Mole Valley,-0.33978303518219627,51.236499980355994
BN3 3BW,529099,105474,Unsurveyed/Urban,30.0,River Adur,3950.0,Brighton and Hove,-0.16806381001358728,50.83440876061117
SW9 8PT,531267,175429,Unsurveyed/Urban,20.0,River Thames,4480.0,Lambeth,-0.11180787578929868,51.46262021889512
PL16 0JP,241086,89203,Cambisols,140.0,River Wolf,380.0,Torridge,-4.250722833724484,50.68072912559668
RG7 4HF,463447,167154,Histosols,90.0,Clayhill Brook,1400.0,West Berkshire,-1.0893502714773242,51.39987868461114
BS23 2LN,331938,162210,Unsurveyed/Urban,40.0,Uphill Great Rhyne,2700.0,North Somerset,-2.9788082666267313,51.354868805996055
SP11 0HH,434445,149993,Luvisols,100.0,Unknown,3350.0,Test Valley,-1.5078782836490618,51.24807405318268
SO30 2TX,451030,113026,Unsurveyed/Urban,10.0,Pudbrook Lake,160.0,Eastleigh,-1.2754851301140493,50.91444994641079
BS20 8RS,344569,175683,Unsurveyed/Urban,110.0,Walton Brook,2270.0,North Somerset,-2.7995500121679076,51.47737607979972
TW8 9QA,517929,178551,Unsurveyed/Urban,10.0,River Brent,380.0,Hounslow,-0.30267099597878216,51.49361285497273
SE21 7WG,533055,172559,Unsurveyed/Urban,40.0,Pool River,3990.0,Southwark,-0.08716326840712559,51.43641178784471
CT9 4AR,635730,169899,Unsurveyed/Urban,40.0,Unknown,6880.0,Thanet,1.3860594295686806,51.37916529520338
BS32 4XL,360510,181772,Unsurveyed/Urban,70.0,Patchway Brook,1630.0,South Gloucestershire,-2.5707120115331135,51.53346307878757
SE9 3PN,544090,172449,Unsurveyed/Urban,50.0,Wyncham Stream,710.0,Greenwich,0.07144241695695802,51.432726779187234
GU34 9FW,471656,139156,Unsurveyed/Urban,110.0,River Wey,280.0,East Hampshire,-0.9769708662299617,51.147190337754914
PL15 7JA,231024,81944,Cambisols,170.0,Unknown,640.0,Cornwall,-4.389704897239743,50.61267117744955
TA24 8AF,295786,145727,Unsurveyed/Urban,60.0,Unknown,690.0,Somerset West and Taunton,-3.4930084864652784,51.20121962606641
ME3 0EG,588607,176643,Unsurveyed/Urban,10.0,River Medway,1260.0,Medway,0.7134026425317117,51.45733936889412
BA12 7LJ,381633,141164,Cambisols,170.0,Unknown,1190.0,Wiltshire,-2.2640826662118387,51.16941910680032
SN12 6XP,391551,161583,Stagnosols,50.0,Semington Brook,1810.0,Wiltshire,-2.1227157161928853,51.353257429278536
RH20 1HE,500326,114597,Stagnosols,30.0,Unknown,440.0,Chichester,-0.5740075299759277,50.922118811461175
TA1 2PX,325177,124399,Gleysols,10.0,Black Brook,1810.0,Somerset West and Taunton,-3.0679962315334417,51.01408218778487
SP1 2TY,414803,129666,Unsurveyed/Urban,50.0,River Avon,410.0,Wiltshire,-1.7901223811319538,51.06613919748706
SE25 4NH,534770,168447,Unsurveyed/Urban,40.0,Unknown,1190.0,Croydon,-0.06406701260116222,51.399054500426374
PL9 9RN,249559,52515,Unsurveyed/Urban,10.0,River Tamar,840.0,Cornwall,-4.116080820469854,50.353275054507456
RG12 1XT,486385,169705,Unsurveyed/Urban,60.0,Unknown,690.0,Bracknell Forest,-0.7590722316021854,51.419786284907616
TN15 0ZB,553007,154630,Unsurveyed/Urban,150.0,Unknown,1960.0,Sevenoaks,0.19196565705779706,51.270285850614904
SE12 0ER,540753,171940,Unsurveyed/Urban,50.0,Quaggy River,570.0,Lewisham,0.02326786184002821,51.428990981355554
SW19 9FR,524321,170180,Unsurveyed/Urban,20.0,River Wandle,3070.0,Merton,-0.21358305896422447,51.41701337658346
SN14 7DZ,386029,173334,Leptosols,120.0,By Brook,2670.0,Wiltshire,-2.2024783851500085,51.45880709189214
TA1 4NX,320901,123395,Arenosols,30.0,River Tone,490.0,Somerset West and Taunton,-3.1287202021054736,51.00448265000778
CT16 3BU,629255,143920,Unsurveyed/Urban,50.0,River Dour,620.0,Dover,1.2765394379350627,51.14860047793784
RH12 4SU,517435,135554,Planosols,60.0,Boldings Brook,420.0,Horsham,-0.3239187156421941,51.107263309410484
TR6 0HD,175809,53701,Histosols,100.0,Unknown,390.0,Cornwall,-5.152087109224688,50.34045880059165
GU51 1JS,480433,155534,Podsols,70.0,Unknown,380.0,Hart,-0.8478494252652478,51.29326558894823
TW20 9PP,500320,170667,Unsurveyed/Urban,20.0,Unknown,570.0,Runnymede,-0.5584619740841884,51.42614149672757
GU51 3DJ,481244,154599,Unsurveyed/Urban,80.0,Unknown,420.0,Hart,-0.8364333948124781,51.28474502689329
UB3 2AP,509302,180896,Unsurveyed/Urban,40.0,Grand Union Canal,2290.0,Hillingdon,-0.4261612366848819,51.51642176016334
GU15 1UA,490300,160400,Unsurveyed/Urban,120.0,Unknown,2090.0,Surrey Heath,-0.7051470519661445,51.33553103398315
TA11 6LN,348647,128888,Unsurveyed/Urban,40.0,River Cary,1090.0,South Somerset,-2.7340991839788837,51.05702438676743
BH15 2BH,401812,91376,Unsurveyed/Urban,10.0,Little Channel,1340.0,"Bournemouth, Christchurch and Poole",-1.975695714287706,50.722005624081206
BS35 3JT,362514,188497,Leptosols,90.0,Unknown,1700.0,South Gloucestershire,-2.5425416889818515,51.59406432993862
TN31 7WJ,591947,120455,Luvisols,10.0,Rock Channel,320.0,Rother,0.7313874830954608,50.951560443278524
SO9 7TW,442625,112690,Unsurveyed/Urban,10.0,River Itchen,890.0,Southampton,-1.3950750905587828,50.912109028333354
PO22 7EY,495355,99992,Unsurveyed/Urban,0.0,Aldingbourne Rife,1170.0,Arun,-0.6485097673987632,50.791662620939704
RG11 7QT,483900,163700,Podsols,90.0,Unknown,280.0,Bracknell Forest,-0.7962182372174165,51.36617624722404
RG26 6JE,459880,162118,Podsols,100.0,Bishop's Wood Stream,650.0,Basingstoke and Deane,-1.1414660260166272,51.35498885733643
ME3 7AU,574571,168217,Unsurveyed/Urban,10.0,Unknown,580.0,Medway,0.5074388696725781,51.38614800219095
SE13 6LZ,538200,175300,Unsurveyed/Urban,10.0,Quaggy River,1340.0,Lewisham,-0.01212092638794829,51.45981221143046
TR7 1LT,180466,61878,Unsurveyed/Urban,110.0,River Gannel,960.0,Cornwall,-5.091514563905329,50.415643917527476
SO20 6DY,435931,137107,Leptosols,40.0,River Test,1170.0,Test Valley,-1.487873938782475,51.132117136383535
TR1 3SZ,181836,45471,Unsurveyed/Urban,40.0,River Kenwyn,500.0,Cornwall,-5.062760314602875,50.268813769342614
BR8 7YD,551336,169302,Unsurveyed/Urban,70.0,River Cray,2670.0,Sevenoaks,0.17425991308572258,51.40256332761591
BH13 7BX,406326,89670,Unsurveyed/Urban,20.0,Unknown,80.0,"Bournemouth, Christchurch and Poole",-1.911777870646852,50.70663341285835
BN41 2LT,525174,106083,Unsurveyed/Urban,30.0,West Arm,2760.0,Adur,-0.22356494955665573,50.84074394162076
BN9 7UA,541200,102600,Unsurveyed/Urban,70.0,River Ouse,2530.0,Lewes,0.002567068110331807,50.80575705745454
TA20 1FD,332967,109798,Planosols,90.0,Unknown,710.0,South Somerset,-2.954272565140657,50.883766069927006
SM6 7NU,528535,164755,Unsurveyed/Urban,30.0,River Wandle,3060.0,Croydon,-0.15497898112073866,51.36732027375847
CR4 6JT,530900,168300,Unsurveyed/Urban,40.0,Unknown,3250.0,Croydon,-0.11971987700086949,51.39863881992607
SW8 3BT,528703,175904,Unsurveyed/Urban,10.0,River Thames,2400.0,Wandsworth,-0.14852286647403695,51.46747724681756
BS19 1PB,350600,171500,Leptosols,80.0,Land Yeo,1400.0,North Somerset,-2.712130783825773,51.44032750802175
RG29 1JH,474496,149607,Luvisols,110.0,River Whitewater,1980.0,Hart,-0.9342119248064791,51.240786807625376
SE14 5AD,535851,176825,Unsurveyed/Urban,10.0,River Thames,2780.0,Lewisham,-0.045325854496785174,51.47408439845575
CR3 6HJ,533482,154494,Unsurveyed/Urban,150.0,Unknown,2170.0,Tandridge,-0.08779583733660204,51.27396745656853
DA14 6RY,545600,171900,Unsurveyed/Urban,50.0,Wyncham Stream,1300.0,Bexley,0.09292383577063698,51.42740803297113
CT16 1QN,632210,141628,Unsurveyed/Urban,10.0,River Dour,1340.0,Dover,1.31723877484277,51.126835127332654
CR5 1PQ,530525,158220,Luvisols,120.0,Unknown,4300.0,Croydon,-0.12880189205146714,51.308137378346736
TN21 1AA,558163,121511,Luvisols,150.0,Unknown,2250.0,Wealden,0.25130065425062054,50.97130326432045
RH16 1FL,533131,124714,Unsurveyed/Urban,50.0,Scrase Stream,310.0,Mid Sussex,-0.10382259976467938,51.00641476087378
BA16 0XP,350087,138997,Gleysols,30.0,River Brue,650.0,Mendip,-2.7149557432223332,51.148045497481654
BR8 8JF,551000,168200,Unsurveyed/Urban,80.0,River Cray,770.0,Bexley,0.16896471366282637,51.39275113783682
KT9 1YU,518033,164512,Unsurveyed/Urban,40.0,The Rythe,1440.0,Kingston upon Thames,-0.3058471381361645,51.3674138872619
BH23 4PL,419514,94049,Unsurveyed/Urban,20.0,Bure Brook,1180.0,"Bournemouth, Christchurch and Poole",-1.7247851308500455,50.745721341459955
PO9 9FE,472039,106225,Unsurveyed/Urban,10.0,Unknown,630.0,Havant,-0.978020108574895,50.85106638266432
EX31 4HQ,254935,140111,Histosols,150.0,Colam Stream,360.0,North Devon,-4.075092126355588,51.141834851588946
DA14 4HX,546360,172491,Unsurveyed/Urban,40.0,Wyncham Stream,1230.0,Bexley,0.10409177479542059,51.432522869236436
SW9 7LD,531539,175842,Unsurveyed/Urban,10.0,River Thames,3900.0,Lambeth,-0.10774121083360058,51.46626860082716
TN17 4DE,580995,132834,Planosols,90.0,Unknown,1020.0,Tunbridge Wells,0.5818066719017191,51.06630291234129
KT22 7EL,516995,157136,Unsurveyed/Urban,50.0,The Rye,1400.0,Mole Valley,-0.32317148389869127,51.3013339989583
DT1 1ES,369760,90320,Podsols,60.0,River Frome,490.0,Dorset,-2.4296601579406594,50.71171917766956
SE12 0AP,540488,173326,Unsurveyed/Urban,50.0,Quaggy River,1280.0,Lewisham,0.02000790143825435,51.44151124002536
SE1 2EZ,533631,179716,Unsurveyed/Urban,10.0,Upper Pool,490.0,Southwark,-0.0761780076740407,51.500592342750664
SW17 0QQ,527299,171435,Unsurveyed/Urban,20.0,River Wandle,1750.0,Wandsworth,-0.170330518294133,51.42763182716008
SL6 2NT,490740,176358,Planosols,30.0,The Cut,1680.0,Windsor and Maidenhead,-0.6947552035856772,51.47891198972738
KT22 9RR,514600,156700,Planosols,40.0,River Mole,1080.0,Mole Valley,-0.35765069337049576,51.29790189335944
PO6 1UR,467527,105038,Unsurveyed/Urban,10.0,Unknown,1070.0,Portsmouth,-1.0423238850853327,50.84093728100791
KT17 2AW,522179,162742,Unsurveyed/Urban,40.0,Hogsmill River,650.0,Epsom and Ewell,-0.2469268273399692,51.350630140766356
KT20 7TY,522486,154954,Unsurveyed/Urban,170.0,Unknown,4250.0,Reigate and Banstead,-0.24519334191508768,51.280569298132924
BS99 3DY,360204,173429,Unsurveyed/Urban,20.0,River Frome,390.0,"Bristol, City of",-2.574179627301349,51.45842947678411
PL31 1ED,207143,66895,Unsurveyed/Urban,100.0,Unknown,400.0,Cornwall,-4.719072588908524,50.470080211462815
GU7 9TN,497259,144012,Unsurveyed/Urban,40.0,River Wey,360.0,Waverley,-0.6097334218358349,51.18707002022328
RH1 6LJ,526486,149119,Luvisols,210.0,Redhill Brook,950.0,Reigate and Banstead,-0.18993261920229412,51.227254895777165
TN1 2RL,558843,140240,Luvisols,100.0,Unknown,1800.0,Tonbridge and Malling,0.2691907366981999,51.1393985833772
SW17 0ZU,526843,171761,Unsurveyed/Urban,10.0,River Wandle,1180.0,Wandsworth,-0.1767693941144137,51.43066374516452
SE11 5AG,530857,178489,Unsurveyed/Urban,10.0,River Thames,1950.0,Lambeth,-0.11657397786224566,51.49021419124245
TW14 0SZ,510800,175000,Unsurveyed/Urban,20.0,River Crane,910.0,Hounslow,-0.40643005321644043,51.4631370279122
SO31 5WX,451208,108254,Unsurveyed/Urban,50.0,Unknown,1150.0,Fareham,-1.2736208512801914,50.87152592305853
SO2 9AD,443886,111110,Unsurveyed/Urban,20.0,River Itchen,1760.0,Southampton,-1.3773292505497146,50.89780764260194
PO38 3HB,452506,82425,Luvisols,30.0,River Yar,270.0,Isle of Wight,-1.2588515981487365,50.639158977053555
GU22 2BJ,500740,158617,Unsurveyed/Urban,40.0,Basingstoke Canal,1020.0,Woking,-0.5558347585114221,51.31775208618066
SO1 9EE,438163,114427,Unsurveyed/Urban,10.0,Tanner's Brook,1290.0,Southampton,-1.4583580072433062,50.92803947034251
RG26 5AH,465906,159979,Planosols,60.0,Unknown,1220.0,Basingstoke and Deane,-1.0553355980741612,51.33509237579568
TR11 3QW,180400,32400,Unsurveyed/Urban,50.0,Unknown,730.0,Cornwall,-5.075319267487398,50.150897681922956
DT1 2WD,368744,90712,Unsurveyed/Urban,80.0,River Frome,560.0,Dorset,-2.444082851194006,50.71519025428036
EX31 3UX,253500,132093,Stagnosols,20.0,Unknown,420.0,North Devon,-4.092333727283377,51.069418944552034
RH20 3BA,513383,117347,Planosols,40.0,Lancing Brook,760.0,Horsham,-0.38746156277447213,50.944422537956584
BH23 3LL,417804,92809,Luvisols,0.0,River Mude,640.0,"Bournemouth, Christchurch and Poole",-1.7490810028727475,50.73462519705183
SW9 8EE,531019,175460,Unsurveyed/Urban,20.0,River Thames,3880.0,Lambeth,-0.11536427125369503,51.4629562133871
BS25 5RJ,341958,159130,Luvisols,40.0,Churchill Rhyne,1800.0,North Somerset,-2.834428296146083,51.32829134830192
CT1 2NJ,614757,157692,Luvisols,10.0,Great Stour,1230.0,Canterbury,1.0778153691971524,51.27787801862048
TW9 2AR,518722,176279,Unsurveyed/Urban,10.0,River Thames,1870.0,Richmond upon Thames,-0.29201665108503394,51.473027481692355
CR3 2SS,530300,159400,Unsurveyed/Urban,120.0,Unknown,5890.0,Reigate and Banstead,-0.13159726397926585,51.31879351080038
RG12 8NF,485549,169225,Unsurveyed/Urban,60.0,Unknown,280.0,Bracknell Forest,-0.7712075975535778,51.41559793073964
PO13 9XZ,458870,101036,Unsurveyed/Urban,10.0,River Alver,1350.0,Gosport,-1.1659002924737312,50.805896940172055
CR7 6JY,530982,168299,Unsurveyed/Urban,40.0,Unknown,3210.0,Croydon,-0.11854218970719384,51.39861092377341
ME3 8SL,577988,175337,Stagnosols,30.0,Unknown,590.0,Medway,0.5600659540691425,51.44904383920064
RG24 0DF,466686,153121,Unsurveyed/Urban,80.0,River Loddon,320.0,Basingstoke and Deane,-1.045420346879194,51.27334462542977
RG1 2BQ,471566,173428,Unsurveyed/Urban,40.0,River Kennet,1240.0,Reading,-0.9713947775523527,51.45531817848791
ME12 3TS,594805,171763,Stagnosols,20.0,Unknown,1020.0,Swale,0.7998211648366114,51.41141590693924
CR0 8RP,536449,165206,Unsurveyed/Urban,50.0,The Beck,1680.0,Croydon,-0.04119045896080592,51.369528644358724
KT4 7QG,520200,165200,Planosols,20.0,Hogsmill River,1230.0,Kingston upon Thames,-0.27450083176364976,51.37314329319171
DA7 6BU,549686,175581,Unsurveyed/Urban,50.0,River Cray,2650.0,Bexley,0.15320835307926614,51.459419001668046
CT6 6QL,620240,168368,Unsurveyed/Urban,30.0,Eastern Monkton Stream,1420.0,Canterbury,1.1628965732003453,51.371636376667645
TW17 0WL,508007,167313,Unsurveyed/Urban,10.0,River Ash,2520.0,Spelthorne,-0.4489603228195257,51.39458349377459
BA12 6FL,381740,131597,Stagnosols,90.0,Shreen Water,940.0,Wiltshire,-2.262064519699824,51.08339660416571
TN5 6UH,563481,132391,Luvisols,70.0,River Rother,2240.0,Wealden,0.3318780262793545,51.067573953222904
SE24 9PW,532627,175039,Unsurveyed/Urban,30.0,River Thames,5320.0,Southwark,-0.0923884780262004,51.458798721027044
BH23 2ZX,415856,92673,Unsurveyed/Urban,0.0,Mill Stream,200.0,"Bournemouth, Christchurch and Poole",-1.7766899286357416,50.733458270925915
RH16 4YL,533300,123500,Unsurveyed/Urban,70.0,Scrase Stream,1580.0,Mid Sussex,-0.10186054516645808,50.99546508321742
ME9 9TW,595379,162916,Luvisols,10.0,Unknown,1360.0,Swale,0.8032049813098544,51.33176478619114
TR19 7HA,137167,31413,Histosols,120.0,Unknown,670.0,Cornwall,-5.678602901216814,50.124454676387
SE3 8LZ,542201,175960,Unsurveyed/Urban,60.0,Quaggy River,2190.0,Greenwich,0.04569634649729486,51.46475277479852
GU21 4WF,500740,158617,Unsurveyed/Urban,40.0,Basingstoke Canal,1020.0,Woking,-0.5558347585114221,51.31775208618066
BR7 5HN,542844,170358,Unsurveyed/Urban,60.0,Quaggy River,590.0,Bromley,0.05268811760888974,51.41425267842479
GU51 1LE,480302,155156,Podsols,70.0,Unknown,780.0,Hart,-0.8498126591827134,51.28988584276688
DA7 6HB,550079,176119,Unsurveyed/Urban,50.0,Unknown,1910.0,Bexley,0.15908909865992105,51.46414903610235
SL6 9YX,489079,180680,Stagnosols,30.0,White Brook,1740.0,Windsor and Maidenhead,-0.717576951970269,51.518027043264624
SO3 4ST,448773,113588,Planosols,30.0,Unknown,560.0,Eastleigh,-1.3075127545306353,50.9196980015834
ME5 8LW,577137,164551,Luvisols,140.0,River Medway,4910.0,Tonbridge and Malling,0.5424517394135951,51.35242264157804
PO22 9AT,492389,100854,Unsurveyed/Urban,10.0,Aldingbourne Rife,1210.0,Arun,-0.6903616954479236,50.79989193459027
BA1 4LB,372169,167274,Cambisols,80.0,River Avon,800.0,Bath and North East Somerset,-2.401485843097962,51.403804921394396
PO21 9AU,493770,99105,Unsurveyed/Urban,10.0,Aldingbourne Rife,1120.0,Arun,-0.6712166481756973,50.78394662759796
GU7 1NH,498129,144511,Unsurveyed/Urban,40.0,River Wey,1250.0,Waverley,-0.597152671534361,51.191407127419055
TN2 3XJ,559924,142133,Luvisols,40.0,Unknown,400.0,Tonbridge and Malling,0.285470099324762,51.156106235271565
BA1 2DT,374542,165399,Unsurveyed/Urban,50.0,Kennet and Avon Canal,1260.0,Bath and North East Somerset,-2.3672374271131,51.387057938059826
PO36 8AG,460085,84340,Luvisols,10.0,Unknown,810.0,Isle of Wight,-1.1513752951164467,50.65564761448317
TN21 8WG,558877,121543,Luvisols,170.0,Unknown,810.0,Wealden,0.2614754872690964,50.971394449355245
DT2 9BE,353679,88790,Leptosols,80.0,River Bride,910.0,Dorset,-2.6572130884817806,50.696899004298835
BA9 9QA,371062,128496,Unsurveyed/Urban,70.0,River Pitt,430.0,South Somerset,-2.4142551378048394,51.055071314589384
TN17 9EW,577605,136035,Luvisols,80.0,Crane Brook,1600.0,Tunbridge Wells,0.5350471887803465,51.096116512183066
TN23 4XW,600070,142088,Unsurveyed/Urban,40.0,Great Stour,430.0,Ashford,0.8588283029570626,51.14308660650899
BS16 2SP,364573,177111,Unsurveyed/Urban,50.0,River Frome,910.0,South Gloucestershire,-2.5116693983235603,51.491826056836
SW16 1WD,530045,171870,Unsurveyed/Urban,50.0,River Wandle,4050.0,Lambeth,-0.13069505701292283,51.43091818890188
BN3 3UF,529099,105474,Unsurveyed/Urban,30.0,River Adur,3950.0,Brighton and Hove,-0.16806381001358728,50.83440876061117
BH15 9FA,401109,90659,Unsurveyed/Urban,10.0,Little Channel,380.0,"Bournemouth, Christchurch and Poole",-1.9856565438584777,50.71555950567284
TA18 7ND,344127,110930,Cambisols,50.0,Gould's Brook,340.0,South Somerset,-2.79582000978444,50.89513383901941
KT10 9AE,515400,165700,Unsurveyed/Urban,20.0,The Rythe,740.0,Elmbridge,-0.3432675664355612,51.378632089096094
SO21 3BY,454610,142270,Luvisols,120.0,River Dever,5230.0,Winchester,-1.220164302880016,51.177065663719034
BS37 9WW,371389,182380,Unsurveyed/Urban,80.0,River Frome,260.0,South Gloucestershire,-2.4139268539718364,51.53958811553314
GU21 5GZ,500740,158617,Unsurveyed/Urban,40.0,Basingstoke Canal,1070.0,Woking,-0.5558347585114221,51.31775208618066
ME12 3FR,594605,172265,Stagnosols,10.0,Unknown,1100.0,Swale,0.7972242463834605,51.41599292505669
PO10 8HL,476671,105765,Luvisols,10.0,Ham Brook,1240.0,Chichester,-0.9123287138618784,50.84633606448766
ME2 3UG,570717,169535,Luvisols,80.0,Unknown,2600.0,Gravesham,0.4527399822105217,51.39915953041195
OX9 7DQ,469687,199674,Cambisols,110.0,Haseley Brook,130.0,South Oxfordshire,-0.9932352678460721,51.69150292077742
TA1 4DY,322451,124361,Unsurveyed/Urban,60.0,Gaol Stream,100.0,Somerset West and Taunton,-3.1068402950689173,51.01337886082179
SE25 6ZA,533661,168470,Unsurveyed/Urban,60.0,Unknown,2260.0,Croydon,-0.07999060427444313,51.399523333656326
TA22 9NF,293944,127711,Cambisols,150.0,River Haddeo,620.0,Somerset West and Taunton,-3.5140587172960034,51.03893631854409
TN21 8HN,558260,121511,Luvisols,150.0,Unknown,2240.0,Wealden,0.25268105850716566,50.97127664203106
BS40 7XN,351506,156992,Luvisols,130.0,Congresbury Yeo,1280.0,Mendip,-2.6971120293040105,51.309964737111294
PL11 2LW,243459,55143,Cambisols,20.0,River Tamar,820.0,Cornwall,-4.2028552443533105,50.37530033365426
TA1 9JL,322271,125483,Luvisols,20.0,Mill Lease Stream,1810.0,Somerset West and Taunton,-3.109646517852499,51.02344188702417
TR11 4NY,181589,32045,Unsurveyed/Urban,10.0,Unknown,1580.0,Cornwall,-5.0584972388808245,50.148148806454216
BN4 1AF,526200,105200,Unsurveyed/Urban,10.0,River Adur,2780.0,Brighton and Hove,-0.20930437613114727,50.83258480932852
PO21 2BX,493243,99508,Unsurveyed/Urban,10.0,Aldingbourne Rife,1580.0,Arun,-0.6785880273565537,50.78765455609168
CT20 3TP,620041,135932,Unsurveyed/Urban,60.0,Seabrook Stream,1400.0,Folkestone and Hythe,1.1401439520922054,51.08049372651319
BN52 9BH,529099,105474,Unsurveyed/Urban,30.0,River Adur,3950.0,Brighton and Hove,-0.16806381001358728,50.83440876061117
SO31 7GW,450019,110011,Planosols,10.0,River Hamble,370.0,Fareham,-1.2902772215411868,50.88742828434355
SE10 9YS,540202,178646,Unsurveyed/Urban,10.0,Woolwich Reach,2960.0,Greenwich,0.01800365388910216,51.489387248321655
RG11 3BJ,482512,166687,Luvisols,60.0,Unknown,280.0,Wokingham,-0.8154585211206781,51.39323163426846
SE17 9DR,532118,178403,Unsurveyed/Urban,10.0,Upper Pool,2400.0,Southwark,-0.09845383685412677,51.489148394761806
BN7 1AS,540702,110130,Unsurveyed/Urban,70.0,Papermill Cut,880.0,Lewes,-0.0016070207921837945,50.873550361388595
UB8 2WB,505009,183132,Unsurveyed/Urban,30.0,River Colne,1320.0,Hillingdon,-0.48734133827447407,51.5373330092773
BS18 1SB,366009,167397,Unsurveyed/Urban,40.0,River Chew,670.0,Bath and North East Somerset,-2.490050268447971,51.40457386305889
W4 1ZT,520717,178385,Unsurveyed/Urban,10.0,River Thames,1580.0,Hounslow,-0.26258728286510835,51.4915331411412
CR9 6BU,533682,166322,Unsurveyed/Urban,60.0,Unknown,3290.0,Croydon,-0.08049694234005296,51.38021521221674
SE17 9DX,532118,178403,Unsurveyed/Urban,10.0,Upper Pool,2400.0,Southwark,-0.09845383685412677,51.489148394761806
BH12 3YJ,406189,93423,Podsols,50.0,Unknown,260.0,"Bournemouth, Christchurch and Poole",-1.9136562055103599,50.7403842957393
TA1 3XU,322267,125484,Luvisols,20.0,Mill Lease Stream,1810.0,Somerset West and Taunton,-3.1097037536711603,51.023450335885386
BH21 1JQ,401020,100069,Unsurveyed/Urban,20.0,River Allen,660.0,Dorset,-1.986894037203238,50.80018012901801
TA7 8RL,334116,137623,Luvisols,10.0,King's Sedgemoor Drain,1470.0,South Somerset,-2.9430024395933114,51.134073311361
EX37 9ER,262955,117963,Cambisols,160.0,Unknown,1080.0,North Devon,-3.9521319613478827,50.94477010876286
PL28 8NQ,188112,73710,Cambisols,50.0,Unknown,1030.0,Cornwall,-4.990750168981292,50.52471362673799
TW10 7YN,517053,171720,Unsurveyed/Urban,10.0,River Thames,360.0,Richmond upon Thames,-0.31754289289124443,51.43240017291491
ME10 1JG,590076,163538,Unsurveyed/Urban,20.0,Unknown,3870.0,Swale,0.7275079789911691,51.33914720963792
SO40 3XZ,435426,113919,Unsurveyed/Urban,10.0,Unknown,830.0,New Forest,-1.4973498091526931,50.923645579124845
TN2 9TP,546600,120788,Luvisols,20.0,River Uck,140.0,Wealden,0.08644206089800584,50.96786288401645
SE1 1XS,532693,180068,Unsurveyed/Urban,10.0,Upper Pool,1030.0,Southwark,-0.08955132850679261,51.50397635247262
BS99 5WR,360204,173429,Unsurveyed/Urban,20.0,River Frome,820.0,"Bristol, City of",-2.574179627301349,51.45842947678411
DA12 5AG,565090,172537,Unsurveyed/Urban,30.0,River Thames,2370.0,Gravesham,0.373321903481646,51.42779328342804
BN2 8WQ,536888,102381,Unsurveyed/Urban,30.0,River Ouse,4320.0,Lewes,-0.05867308419025569,50.80482278381103
EX7 9JF,296235,76868,Cambisols,30.0,Dawlish Water,490.0,Teignbridge,-3.4670022800344737,50.58229941722434
GU32 1YH,468640,124206,Cambisols,170.0,River Meon,3120.0,East Hampshire,-1.0229161256993828,51.01314691302073
GU27 9FS,488979,132609,Podsols,130.0,River Wey,350.0,Waverley,-0.7309896107968787,51.08590652769892
ME3 8AN,578521,175607,Stagnosols,30.0,Unknown,1070.0,Gravesham,0.5678643065175369,51.45130147331248
TA6 6WT,330074,134912,Luvisols,10.0,Stock Moor Rhyne,400.0,Sedgemoor,-3.000235405329203,51.10921945703613
SW18 1DR,525820,174771,Unsurveyed/Urban,10.0,River Wandle,2170.0,Wandsworth,-0.19040819123417965,51.45794266492334
RH15 8YZ,529752,118802,Planosols,30.0,Unknown,170.0,Mid Sussex,-0.15406576965774743,50.954051499501354
BA14 0ZW,385789,157986,Unsurveyed/Urban,40.0,River Biss,520.0,Wiltshire,-2.2053133737999793,51.32079836810576
SO15 3GE,439999,113032,Unsurveyed/Urban,10.0,Tanner's Brook,1060.0,Southampton,-1.432387816549146,50.91537171720357
BS37 6HJ,372065,182127,Unsurveyed/Urban,90.0,River Frome,740.0,South Gloucestershire,-2.4041599306457235,51.53734734782529
EX1 9JG,292653,92961,Unsurveyed/Urban,40.0,Shobrooke Lake,1330.0,Exeter,-3.5222484395266034,50.72632094730711
ME8 8AH,579385,166161,Cambisols,160.0,Unknown,4180.0,Medway,0.5755115167484463,51.366179970514075
TA9 3BD,331590,147443,Gleysols,10.0,River Brue,3240.0,Sedgemoor,-2.980971310990613,51.222064721588396
BA2 4PF,375308,164200,Leptosols,30.0,Kennet and Avon Canal,1820.0,Bath and North East Somerset,-2.3561459725437826,51.37631116552006
BN9 7EH,540100,101200,Unsurveyed/Urban,30.0,River Ouse,4220.0,Lewes,-0.013567884925498794,50.79344187567458
DT6 5LJ,347272,98445,Cambisols,30.0,Temple Brook,1440.0,South Somerset,-2.7493053138777506,50.78316864415733
W4 3LJ,520030,177824,Unsurveyed/Urban,10.0,River Thames,1080.0,Hounslow,-0.2726685246780032,51.48663732770509
RG27 8UY,476700,157000,Luvisols,60.0,Unknown,870.0,Hart,-0.901061086252569,51.30695943378675
UB7 0AY,505876,177723,Luvisols,20.0,River Colne,2090.0,Hillingdon,-0.4764681093907977,51.488553746454826
BS18 3AA,368195,166632,Unsurveyed/Urban,60.0,River Avon,1110.0,Bath and North East Somerset,-2.4585562084716828,51.39782274705116
TN11 0HZ,563552,150381,Planosols,30.0,River Bourne,900.0,Tonbridge and Malling,0.3410568051613075,51.229185286908816
BN99 9AB,517706,104201,Unsurveyed/Urban,10.0,Unknown,1030.0,Adur,-0.330184564724251,50.82539309526648
BH10 7DG,408925,95716,Unsurveyed/Urban,20.0,River Stour,1470.0,"Bournemouth, Christchurch and Poole",-1.8748273020626907,50.76096926600994
RG5 4RP,476855,174539,Unsurveyed/Urban,50.0,River Loddon,1470.0,Wokingham,-0.8950477006022286,51.46461368178965
GU12 4XQ,486977,150005,Unsurveyed/Urban,90.0,Blackwater River,1050.0,Rushmoor,-0.7553643215391981,51.24260089508138
TR18 4DW,147440,29956,Unsurveyed/Urban,10.0,Larriggan River,840.0,Cornwall,-5.534206374233917,50.11583704337295
PL5 4DZ,247006,59760,Unsurveyed/Urban,40.0,River Tamar,500.0,Plymouth,-4.15489143102881,50.41772627149913
TN16 1ZD,545452,154184,Luvisols,110.0,River Darent,400.0,Sevenoaks,0.08356251333529921,51.268254847214955
EX39 3RL,244511,126599,Unsurveyed/Urban,30.0,Unknown,760.0,Torridge,-4.2181710900194425,51.01768683863114
SO1 3QP,439769,113267,Unsurveyed/Urban,10.0,Tanner's Brook,800.0,Southampton,-1.4356338397343051,50.9175006712804
BN14 7EG,513891,103389,Unsurveyed/Urban,10.0,Unknown,2350.0,Worthing,-0.3845782658007581,50.818856368592876
PO2 8PE,464542,103016,Unsurveyed/Urban,0.0,Unknown,1550.0,Portsmouth,-1.0850675423041463,50.82309685122935
RG24 8BQ,465674,154314,Planosols,90.0,Petty's Brook,1480.0,Basingstoke and Deane,-1.059706665238533,51.28418774022841
BN21 4HU,560956,98597,Unsurveyed/Urban,10.0,Unknown,2020.0,Eastbourne,0.28097340715792113,50.76464150166316
RG14 7DB,447189,165961,Unsurveyed/Urban,100.0,River Kennet,1190.0,West Berkshire,-1.323193684149426,51.39073469381263
PO4 9DJ,466145,99206,Unsurveyed/Urban,10.0,Shut Lake,660.0,Portsmouth,-1.0629983280469208,50.78865927182144
CR2 5NE,532000,160400,Unsurveyed/Urban,50.0,River Wandle,5630.0,Croydon,-0.1068466525806803,51.32738880258871
PO9 2AR,471692,106724,Unsurveyed/Urban,10.0,Unknown,700.0,Havant,-0.9828510223898207,50.85559596001901
SW14 9DP,520531,175904,Unsurveyed/Urban,10.0,River Thames,920.0,Richmond upon Thames,-0.26611093305856653,51.469275113595366
CT5 1LA,610899,166932,Luvisols,10.0,Unknown,2570.0,Canterbury,1.0280448950745928,51.3622858347799
SE1 9WZ,533378,178838,Unsurveyed/Urban,10.0,Upper Pool,1700.0,Southwark,-0.08015233038892611,51.492761970704315
TW12 2FY,513447,169655,Unsurveyed/Urban,10.0,River Thames,1000.0,Richmond upon Thames,-0.3700539455076088,51.41457280910917
BH18 9YH,399707,95591,Unsurveyed/Urban,50.0,Unknown,1860.0,"Bournemouth, Christchurch and Poole",-2.0055204135536684,50.759911929092276
SE3 8EX,541900,176700,Unsurveyed/Urban,50.0,Quaggy River,2770.0,Greenwich,0.041663020105673895,51.47147774851273
TN23 2QJ,600141,142029,Unsurveyed/Urban,40.0,Great Stour,520.0,Ashford,0.8598092033369911,51.14253194115775
GU27 2RR,490521,133119,Podsols,150.0,Unknown,770.0,Waverley,-0.7088521656219448,51.0902503783462
TN11 0DJ,563473,149969,Luvisols,30.0,River Bourne,740.0,Tonbridge and Malling,0.33973857650507794,51.22550633667812
TW5 9XS,513939,175863,Unsurveyed/Urban,20.0,River Crane,2230.0,Hounslow,-0.3609859842304068,51.47027098164096
TW7 6SR,517054,177215,Unsurveyed/Urban,10.0,River Thames,1180.0,Hounslow,-0.31571166369209164,51.48178708181503
BN16 9SF,503071,101978,Unsurveyed/Urban,10.0,River Arun,800.0,Arun,-0.5385181062594173,50.80819687768565
SN15 3QQ,392042,173675,Unsurveyed/Urban,60.0,River Avon,740.0,Wiltshire,-2.1159401881375097,51.46199089504056
DT11 8JY,393859,111027,Leptosols,70.0,The Tarrant,830.0,Dorset,-2.0886951284707402,50.8986864295092
SO2 4FR,444702,114115,Unsurveyed/Urban,60.0,River Itchen,1880.0,Southampton,-1.3653596036594824,50.924765637751634
SO51 0NR,434297,126563,Leptosols,40.0,River Test,860.0,Test Valley,-1.5122228099662813,51.037407688656955
SO19 2FL,444728,111693,Unsurveyed/Urban,30.0,River Itchen,1670.0,Southampton,-1.365285877048615,50.90298544471923
KT16 0NU,502047,163659,Podsols,40.0,Unknown,860.0,Runnymede,-0.5356432769789873,51.362840819076375
SW20 8RL,523709,169636,Unsurveyed/Urban,20.0,Pyl Brook,2510.0,Merton,-0.22256904141325465,51.41225805127872
KT1 1NP,518212,169316,Unsurveyed/Urban,10.0,Hogsmill River,1150.0,Kingston upon Thames,-0.3016791916221971,51.41055353638241
BN16 3LU,504983,103033,Unsurveyed/Urban,10.0,Unknown,680.0,Arun,-0.5110899734371873,50.81733782932539
CT20 3DA,620095,135084,Unsurveyed/Urban,10.0,Royal Military Canal,1450.0,Folkestone and Hythe,1.1403977711717523,51.072859178796456
SW4 9HL,529026,174522,Unsurveyed/Urban,30.0,River Thames,3290.0,Lambeth,-0.14437925472716687,51.45498400269689
RH19 1PA,537995,139117,Unsurveyed/Urban,110.0,Felbridge Water,1250.0,Mid Sussex,-0.029046210019326318,51.1347067321394
PO38 2DH,450836,77084,Luvisols,110.0,River Yar,320.0,Isle of Wight,-1.2831958328138164,50.591279764511505
SW17 0TH,527162,170948,Unsurveyed/Urban,20.0,River Wandle,2060.0,Wandsworth,-0.17247465513505453,51.423285886174504
BA14 6RF,386630,161663,Cambisols,40.0,Unknown,240.0,Wiltshire,-2.193384387905614,51.353881273361715
BS34 6EX,361488,181413,Unsurveyed/Urban,60.0,Stoke Brook,860.0,South Gloucestershire,-2.556573756615662,51.53030307839023
SW9 0TS,530828,176241,Unsurveyed/Urban,10.0,River Thames,3140.0,Lambeth,-0.11782334134449592,51.470018935587994
BS1 1XU,358664,172903,Unsurveyed/Urban,10.0,The Malago,760.0,"Bristol, City of",-2.5962821106974983,51.45358951002505
SE24 9YJ,532008,174437,Unsurveyed/Urban,20.0,River Thames,5290.0,Lambeth,-0.1015174307625329,51.45353334705452
TN8 6JE,543941,147988,Unsurveyed/Urban,60.0,Kent Brook,1140.0,Sevenoaks,0.05943019578091993,51.21296060510932
CT5 4WE,611096,166539,Luvisols,10.0,Unknown,1080.0,Canterbury,1.0306373490376899,51.358683935207765
BN2 4GL,532363,106424,Unsurveyed/Urban,30.0,West Arm,8820.0,Brighton and Hove,-0.1213959259586367,50.84221045969861
TQ1 2XA,292955,63613,Cambisols,90.0,Unknown,840.0,Torbay,-3.5095067691009434,50.462546333757125
SO15 4HT,439097,113279,Unsurveyed/Urban,10.0,Tanner's Brook,200.0,Southampton,-1.4451916797514472,50.917654364142784
SW9 6FG,531442,176576,Unsurveyed/Urban,10.0,River Thames,3330.0,Lambeth,-0.10886408028253132,51.472887288842095
TN39 5DY,573321,109560,Unsurveyed/Urban,50.0,Watermill Stream,2430.0,Rother,0.46131509633611395,50.859576951647654
TN2 5YW,559924,142133,Planosols,70.0,Unknown,240.0,Tunbridge Wells,0.285470099324762,51.156106235271565
PL24 2PU,207921,54301,Cambisols,20.0,Unknown,310.0,Cornwall,-4.701675152036834,50.35720238393811
SP7 8NJ,386955,122702,Unsurveyed/Urban,200.0,River Nadder,2950.0,Dorset,-2.1872904260376127,51.003555035742316
BA12 9AY,387440,145108,Unsurveyed/Urban,120.0,The Were,200.0,Wiltshire,-2.1811652861450472,51.20504135437791
PO10 7YZ,474902,105976,Unsurveyed/Urban,40.0,River Ems,410.0,Havant,-0.9374079663234568,50.84846454704399
SO5 5RT,445568,118965,Unsurveyed/Urban,20.0,Barton River,740.0,Eastleigh,-1.3524337613479283,50.968308020312506
BS30 9UB,366108,170897,Unsurveyed/Urban,40.0,Siston Brook,640.0,South Gloucestershire,-2.4889629381812854,51.43604921309307
BN9 9BQ,544714,101325,Unsurveyed/Urban,20.0,River Ouse,240.0,Lewes,0.0519026563659927,50.79343261217999
BA2 4NB,375697,163728,Unsurveyed/Urban,40.0,Kennet and Avon Canal,2460.0,Bath and North East Somerset,-2.3505247639394122,51.3720840478891
BS5 7BP,362079,174093,Unsurveyed/Urban,50.0,River Frome,750.0,"Bristol, City of",-2.54726532452056,51.46452867365546
DT2 9UD,367960,94966,Leptosols,110.0,River Cerne,900.0,Dorset,-2.4555583851825475,50.75340092267673
CT8 8RQ,632709,170048,Cambisols,10.0,Minster Stream,4950.0,Thanet,1.342824946313707,51.38174816015238
SE19 2HS,533915,170282,Unsurveyed/Urban,90.0,Unknown,2430.0,Bromley,-0.07565799774892773,51.41574708201328
PO20 1EH,488764,103794,Luvisols,10.0,Unknown,1360.0,Chichester,-0.7410768968652536,50.82688948958356
TN34 1TD,581230,109683,Unsurveyed/Urban,20.0,Unknown,530.0,Hastings,0.5736349764692261,50.858259320282734
SO19 9QQ,445366,109923,Luvisols,20.0,Unknown,210.0,Southampton,-1.3564326661837562,50.88702024829952
SE26 6UG,534865,171020,Unsurveyed/Urban,60.0,Pool River,1970.0,Bromley,-0.061724577096628944,51.42215409325002
BS16 6QN,365304,177221,Unsurveyed/Urban,60.0,River Frome,1480.0,South Gloucestershire,-2.501151640036859,51.492860562974265
UB3 2LG,509788,180948,Unsurveyed/Urban,40.0,Grand Union Canal,2290.0,Hillingdon,-0.4191438113014788,51.51679499558364
BS11 9TX,353214,176677,Unsurveyed/Urban,30.0,River Avon,1080.0,"Bristol, City of",-2.6752117077291273,51.487095849815276
BS23 1EN,332104,160524,Unsurveyed/Urban,10.0,Uphill Great Rhyne,1490.0,North Somerset,-2.9761025616065453,51.33973090071264
HA5 2QD,510293,189507,Unsurveyed/Urban,60.0,Yeading Brook,2690.0,Hillingdon,-0.4091873598781995,51.59362430351988
SO4 3RS,435980,113524,Unsurveyed/Urban,0.0,Bartley Water,1420.0,New Forest,-1.4895069726188397,50.92005956341363
BN41 2TF,524990,106813,Unsurveyed/Urban,50.0,West Arm,3100.0,Brighton and Hove,-0.2259280544637513,50.84734503849504
SP2 9LJ,412426,131193,Unsurveyed/Urban,80.0,River Wylye,960.0,Wiltshire,-1.8239925372794823,51.07992600946127
RH15 9XS,529441,119365,Planosols,30.0,Unknown,490.0,Mid Sussex,-0.15829105823744666,50.95918141824579
SW19 6FZ,524321,170180,Unsurveyed/Urban,30.0,River Wandle,3040.0,Merton,-0.21358305896422447,51.41701337658346
RG21 8WS,462324,153509,Unsurveyed/Urban,110.0,River Loddon,1740.0,Basingstoke and Deane,-1.1078749903465768,51.27732595835006
EX4 4FJ,292082,92376,Unsurveyed/Urban,30.0,Shobrooke Lake,1750.0,Exeter,-3.5301638979783587,50.72095622227146
TW10 7WS,517837,175249,Unsurveyed/Urban,10.0,River Thames,630.0,Richmond upon Thames,-0.30509604261417606,51.463955105769045
BN23 7QQ,563539,103379,Gleysols,10.0,Mountney Sewer,450.0,Eastbourne,0.31969440174726904,50.80688703001934
RG20 5NN,452931,158654,Planosols,110.0,Unknown,500.0,Basingstoke and Deane,-1.241762695783598,51.32453280819126
SE12 8WX,542733,174310,Unsurveyed/Urban,60.0,Quaggy River,570.0,Greenwich,0.05268428188813701,51.44979248279364
PO14 1QL,456054,105574,Unsurveyed/Urban,20.0,Unknown,1760.0,Fareham,-1.2051676816145978,50.84697976342125
TN16 3EZ,543944,159108,Leptosols,180.0,River Darent,4940.0,Bromley,0.06394478971354522,51.31288421359702
GU16 6ZU,486025,159807,Unsurveyed/Urban,60.0,Blackwater River,420.0,Surrey Heath,-0.7666412652723207,51.330862223090946
BN7 1SH,540678,110166,Unsurveyed/Urban,70.0,Papermill Cut,2630.0,Lewes,-0.001934068868470942,50.87387972889474
ME3 9ET,577633,172238,Luvisols,50.0,Unknown,1780.0,Medway,0.5534092833112496,51.42131807047098
CR4 2DS,528275,170256,Unsurveyed/Urban,20.0,River Wandle,2500.0,Merton,-0.1567259426316147,51.41681637213726
BH19 1PJ,402834,79773,Planosols,20.0,Unknown,740.0,Dorset,-1.961303053150385,50.61765889943887
BA11 5WZ,376700,148600,Cambisols,110.0,River Frome,1170.0,Mendip,-2.335123067100292,51.23610120094961
TQ12 4QA,291598,70504,Cambisols,40.0,Arch Brook,1400.0,Teignbridge,-3.5306194045543275,50.5242456061605
RH77 1AF,528138,139315,Planosols,70.0,Gatwick Stream,580.0,Crawley,-0.1697799091187027,51.13877474078942
CR0 5NJ,533166,164734,Unsurveyed/Urban,60.0,River Wandle,3130.0,Croydon,-0.08850145678588581,51.36606558127645
TQ9 6UQ,278800,61900,Cambisols,30.0,Bidwell Brook,120.0,South Hams,-3.708292024366315,50.44439079999187
TR7 3DN,183031,62092,Unsurveyed/Urban,110.0,Unknown,830.0,Cornwall,-5.055588299552101,50.418518977942384
SN15 3RT,394771,171371,Stagnosols,60.0,Cocklemore Brook,1170.0,Wiltshire,-2.076623695809334,51.44130675781349
BH9 2PY,408415,94104,Unsurveyed/Urban,40.0,River Stour,1850.0,"Bournemouth, Christchurch and Poole",-1.8820944301698268,50.746480715000445
TR20 8TJ,145194,29693,Cambisols,50.0,Larriggan River,990.0,Cornwall,-5.5653841574130025,50.11251652505797
BN1 2WB,531040,104624,Unsurveyed/Urban,20.0,River Adur,3950.0,Brighton and Hove,-0.14081904804802858,50.8263333636325
CR0 7JX,534573,165817,Unsurveyed/Urban,50.0,Unknown,2970.0,Croydon,-0.06789296270300142,51.37546668068308
PL31 1JG,206736,66969,Unsurveyed/Urban,110.0,Unknown,190.0,Cornwall,-4.724839323574814,50.470610868340074
BR3 3DF,537538,167427,Unsurveyed/Urban,50.0,The Beck,1000.0,Bromley,-0.024696967128900214,51.38922475977757
OX49 5RP,470646,196857,Cambisols,120.0,Unknown,1920.0,South Oxfordshire,-0.9799327791685956,51.66605909550331
SL6 2XG,489079,180680,Arenosols,30.0,Twyford Brook,1740.0,Windsor and Maidenhead,-0.717576951970269,51.518027043264624
PL4 7YW,249400,55500,Cambisols,30.0,River Plym,1520.0,Plymouth,-4.119509462612682,50.38006075552978
HA4 8EE,510370,187892,Unsurveyed/Urban,40.0,Yeading Brook,670.0,Hillingdon,-0.40858346744700075,51.57909384823319
PL25 9HE,203781,52688,Gleysols,40.0,Unknown,300.0,Cornwall,-4.758965521583772,50.341347100873904
RH17 5WU,533131,124714,Unsurveyed/Urban,50.0,Scrase Stream,310.0,Mid Sussex,-0.10382259976467938,51.00641476087378
BN12 6RT,511016,103522,Unsurveyed/Urban,10.0,Ferring Rife,1160.0,Worthing,-0.42533472452828136,50.8206096462644
BA2 1RX,371966,164835,Unsurveyed/Urban,50.0,River Avon,1650.0,Bath and North East Somerset,-2.4042106577271762,51.38186484658037
PO15 5EA,453750,107210,Arenosols,30.0,River Meon,450.0,Fareham,-1.23765127910822,50.86190834020845
PL6 8QF,251130,57789,Unsurveyed/Urban,10.0,River Tamar,430.0,Cornwall,-4.096102045083884,50.40107310546616
SP11 6JH,437750,149093,Luvisols,100.0,River Anton,3220.0,Test Valley,-1.4606231822334075,51.23977321204517
SO2 6LP,446922,111863,Unsurveyed/Urban,50.0,Unknown,2620.0,Southampton,-1.3340649825222828,50.904340336297466
BH15 3AY,401273,92481,Unsurveyed/Urban,10.0,Unknown,760.0,"Bournemouth, Christchurch and Poole",-1.9833278715718703,50.73194383718664
BR5 2JZ,546711,168728,Unsurveyed/Urban,50.0,River Cray,550.0,Bromley,0.10758156375801886,51.39861973056712
BR8 7YE,551292,169309,Unsurveyed/Urban,70.0,River Cray,2620.0,Sevenoaks,0.17363082820665782,51.40263795125388
DA3 7DP,560884,168506,Unsurveyed/Urban,70.0,River Darent,4720.0,Sevenoaks,0.31104769904769863,51.39278635023243
EX2 8GJ,291677,91211,Cambisols,10.0,River Exe,720.0,Exeter,-3.535556694579703,50.7104080862344
EX10 8JR,313168,87873,Unsurveyed/Urban,40.0,River Sid,400.0,East Devon,-3.2304754585169038,50.684009310224276
BA15 1ZP,375350,164483,Leptosols,20.0,River Avon,1780.0,Bath and North East Somerset,-2.3555622854335705,51.37885758779715
BN41 1EE,526216,104960,Unsurveyed/Urban,10.0,River Adur,2710.0,Brighton and Hove,-0.20915984813571817,50.830424179462035
BR3 4ET,536928,169373,Unsurveyed/Urban,30.0,The Beck,750.0,Bromley,-0.032708121687240646,51.40685951750816
SW15 9GH,523857,175007,Unsurveyed/Urban,10.0,Beverley Brook,1600.0,Wandsworth,-0.21856514584797088,51.460496116047324
GU11 2HW,487500,153500,Unsurveyed/Urban,80.0,Unknown,900.0,Rushmoor,-0.7470200662828445,51.27393997192003
DA14 5DW,547042,170483,Unsurveyed/Urban,40.0,River Cray,560.0,Bexley,0.11306312056804109,51.41430364319046
TR3 6EB,179161,43078,Stagnosols,80.0,River Allen,730.0,Cornwall,-5.098843786734648,50.246329476667015
SE28 8PB,547843,180945,Unsurveyed/Urban,0.0,Unknown,300.0,Bexley,0.1289435601862345,51.508099991767914
ME8 8LX,581848,165910,Unsurveyed/Urban,40.0,Unknown,4080.0,Medway,0.6107255330415893,51.36314278190077
BN7 1UH,541424,109930,Unsurveyed/Urban,20.0,River Ouse,710.0,Lewes,0.00857059888240921,50.87157692082917
TW1 3TN,516240,173174,Unsurveyed/Urban,10.0,River Thames,1790.0,Richmond upon Thames,-0.32875590767146395,51.4456355344048
DA7 4XW,548487,176085,Unsurveyed/Urban,50.0,Unknown,3070.0,Bexley,0.1361742142800972,51.46426308900444
OX9 2EZ,469032,205229,Stagnosols,70.0,Cuttle Brook,1050.0,South Oxfordshire,-1.0016107660371312,51.74152185908811
EX23 9NH,225466,105902,Cambisols,140.0,Small Brook,710.0,Cornwall,-4.479526172900436,50.82627928512014
UB10 9LA,506884,184381,Unsurveyed/Urban,40.0,River Pinn,370.0,Hillingdon,-0.459938487424178,51.54820768827928
RH4 1TH,517084,150357,Unsurveyed/Urban,50.0,River Mole,90.0,Mole Valley,-0.32411350569507247,51.24038631749625
BH23 7BB,415626,97110,Luvisols,10.0,River Avon,1000.0,New Forest,-1.7797620168634043,50.77336441540734
CR0 4XB,530226,166531,Unsurveyed/Urban,40.0,River Wandle,1410.0,Croydon,-0.13005125645083923,51.38289608082596
SO23 5DD,449331,130038,Unsurveyed/Urban,50.0,River Itchen,740.0,Winchester,-1.2973458624263352,51.06756203725127
CT1 3PF,615566,156925,Unsurveyed/Urban,20.0,Unknown,1080.0,Swale,1.0889345875468945,51.27068606196275
KT10 9ER,514181,163531,Unsurveyed/Urban,30.0,The Rythe,600.0,Elmbridge,-0.36147098754692264,51.3593833863284
SW19 3FG,524321,170180,Unsurveyed/Urban,20.0,River Wandle,3040.0,Merton,-0.21358305896422447,51.41701337658346
BH14 4DA,403680,91738,Unsurveyed/Urban,30.0,Unknown,2310.0,"Bournemouth, Christchurch and Poole",-1.9492296029626348,50.72525250940033
BR3 5BU,537708,170382,Unsurveyed/Urban,30.0,Ravensbourne River,380.0,Bromley,-0.02110935704929113,51.415737939005126
SW4 9ZR,529353,175449,Unsurveyed/Urban,20.0,River Thames,3280.0,Wandsworth,-0.13933679051969228,51.463240203470086
UB3 9JW,510140,179496,Unsurveyed/Urban,30.0,River Pinn,570.0,Hillingdon,-0.4145260130341975,51.50367597036989
SO1 1JA,442671,111962,Unsurveyed/Urban,10.0,River Itchen,1260.0,Southampton,-1.3945057211806584,50.905559552887894
BS20 8DP,345118,176526,Unsurveyed/Urban,40.0,Unknown,2470.0,North Somerset,-2.791776986390518,51.485008825818255
UB4 0QJ,510247,181691,Unsurveyed/Urban,40.0,Yeading Brook,2290.0,Hillingdon,-0.4122992845664886,51.52338376735271
KT8 2HP,512589,167587,Unsurveyed/Urban,20.0,Unknown,470.0,Elmbridge,-0.383042141535817,51.3961564279128
GU2 5AG,498651,150664,Luvisols,40.0,Hoe Stream,1380.0,Guildford,-0.5879942552235985,51.246627715214146
RH5 5DE,519600,141700,Stagnosols,80.0,Beam Brook,1010.0,Mole Valley,-0.29096987864373547,51.16205654388777
SW17 9UX,527625,171548,Unsurveyed/Urban,20.0,River Wandle,1910.0,Wandsworth,-0.1656032664339449,51.42857410079052
SP5 5AX,389059,118525,Luvisols,240.0,Fontmell Brook,1820.0,Dorset,-2.157177540172787,50.96603879243541
TN21 8HE,558307,121307,Luvisols,140.0,Unknown,1110.0,Wealden,0.2532611890086031,50.96943073076511
RG4 5AT,472266,174707,Unsurveyed/Urban,40.0,River Thames,630.0,Reading,-0.9610609733202528,51.46672766593899
RG24 9DJ,464254,153978,Unsurveyed/Urban,100.0,River Loddon,1730.0,Basingstoke and Deane,-1.0801250689302657,51.281328559606244
TN27 9LX,584549,144671,Planosols,20.0,River Sherway,640.0,Maidstone,0.6385258372539506,51.17149850687678
SO21 2NF,442481,131881,Leptosols,110.0,Unknown,6260.0,Winchester,-1.3948838654635207,51.084680085936306
TW13 6NW,512528,171759,Unsurveyed/Urban,20.0,Longford River,2810.0,Hounslow,-0.38259575368865634,51.4336665059508
BH12 9HY,406189,93423,Podsols,50.0,Unknown,340.0,"Bournemouth, Christchurch and Poole",-1.9136562055103599,50.7403842957393
SW1P 2UP,529548,177433,Unsurveyed/Urban,0.0,River Thames,1430.0,Wandsworth,-0.13580465224948773,51.4810253492926
TQ7 1RL,273739,44341,Cambisols,80.0,Ayleston Brook,550.0,South Hams,-3.7736384573468507,50.285486731700885
SW19 5NA,523675,171259,Unsurveyed/Urban,50.0,Unknown,1760.0,Merton,-0.22249190188538692,51.4268517822231
TW20 0LU,500337,171200,Arenosols,30.0,Unknown,1250.0,Runnymede,-0.5580667491225467,51.430929480943426
TW1 9HX,515984,173661,Unsurveyed/Urban,10.0,River Thames,1450.0,Richmond upon Thames,-0.3322784771812603,51.4500649920979
TN9 9QT,559913,145919,Unsurveyed/Urban,30.0,Botany Stream,580.0,Tonbridge and Malling,0.28699567360558104,51.19012577962315
SW16 1JH,530013,172283,Unsurveyed/Urban,50.0,River Wandle,3950.0,Lambeth,-0.1310036438783224,51.434637065425825
GU5 0DR,500913,145718,Luvisols,40.0,River Wey,380.0,Guildford,-0.5569880101470989,51.20177269080594
EX14 0UX,313892,106574,Luvisols,260.0,Unknown,1460.0,East Devon,-3.2246127547953396,50.852249259677755
SW11 3RX,526746,176088,Unsurveyed/Urban,10.0,River Thames,520.0,Wandsworth,-0.1766153789398612,51.46957212581514
PO2 7NZ,465000,101400,Unsurveyed/Urban,10.0,Unknown,2410.0,Portsmouth,-1.0788520216194204,50.80851566825497
EX4 3PT,292161,92877,Unsurveyed/Urban,50.0,River Exe,1160.0,Exeter,-3.529191821077051,50.725474622827875
BR5 2LX,546278,168672,Unsurveyed/Urban,70.0,River Cray,550.0,Bromley,0.10133862878100519,51.39822825672316
KT10 8AY,513575,165993,Unsurveyed/Urban,10.0,River Mole,430.0,Elmbridge,-0.3693849375708373,51.381633247734555
KT9 2PF,517700,162900,Cambisols,50.0,The Rythe,1190.0,Elmbridge,-0.311161388968525,51.352994644918084
TW2 7LH,514224,173585,Unsurveyed/Urban,20.0,River Crane,340.0,Richmond upon Thames,-0.35761967524598004,51.44973931193455
BH2 5LP,408470,91198,Unsurveyed/Urban,10.0,The Bourne,1140.0,"Bournemouth, Christchurch and Poole",-1.8813807503021491,50.72034734076869
TR3 6EW,181338,41861,Cambisols,30.0,River Allen,570.0,Cornwall,-5.067653577226222,50.23620996310631
PO2 8HJ,464800,102300,Unsurveyed/Urban,10.0,Unknown,1840.0,Portsmouth,-1.081531492303214,50.816630270309034
SE1 2HF,533091,180233,Unsurveyed/Urban,10.0,Upper Pool,630.0,Southwark,-0.08375818070011098,51.505365614765935
SW9 7DW,531800,175700,Unsurveyed/Urban,20.0,River Thames,4190.0,Lambeth,-0.10403892982353004,51.464931837041306
TW6 3HZ,507500,175700,Unsurveyed/Urban,20.0,River Colne,3170.0,Spelthorne,-0.45370187722460253,51.470064519808076
DA13 9JZ,563460,170308,Cambisols,60.0,River Thames,4640.0,Gravesham,0.3488696634480698,51.40824000225737
BN1 2XQ,531040,104624,Unsurveyed/Urban,30.0,River Adur,7560.0,Brighton and Hove,-0.14081904804802858,50.8263333636325
PO30 5QH,447402,89224,Planosols,30.0,Unknown,1360.0,Isle of Wight,-1.330154891987148,50.700733020044076
RH1 5AF,527844,147885,Planosols,60.0,Redhill Brook,380.0,Reigate and Banstead,-0.17093444688999562,51.21586228510565
BS18 4XH,358358,159327,Luvisols,70.0,Lyde Brook,600.0,Bath and North East Somerset,-2.5990886125720274,51.33150336612617
HA4 9UX,511100,187500,Unsurveyed/Urban,50.0,Yeading Brook,670.0,Hillingdon,-0.39817670697868474,51.575427357449065
SO18 4EG,444531,113298,Unsurveyed/Urban,20.0,River Itchen,1130.0,Southampton,-1.3678919104478984,50.917432519137286
TA6 4HW,331339,136689,Unsurveyed/Urban,10.0,Bridgwater and Taunton Canal,2580.0,Sedgemoor,-2.982507309067922,51.12534918428312
RH10 0FS,526911,136846,Unsurveyed/Urban,70.0,Gatwick Stream,3070.0,Crawley,-0.1881777143932201,51.116857542197295
GU12 4FX,486560,150681,Unsurveyed/Urban,90.0,Blackwater River,1660.0,Rushmoor,-0.7611734603447202,51.248741314050655
TQ9 6WA,278943,61438,Cambisols,50.0,Bidwell Brook,770.0,South Hams,-3.706129639884279,50.44026737653496
RG4 7BD,470425,175493,Unsurveyed/Urban,40.0,River Thames,730.0,Reading,-0.9874028415527139,51.47402561962475
PO1 3HH,463701,100612,Unsurveyed/Urban,0.0,Unknown,1340.0,Portsmouth,-1.0974221719085335,50.801574474962244
BH23 2JX,414902,93972,Unsurveyed/Urban,10.0,River Stour,790.0,"Bournemouth, Christchurch and Poole",-1.7901556370541014,50.74516470551137
SW19 5AG,524151,172310,Unsurveyed/Urban,30.0,River Wandle,1510.0,Merton,-0.21528080388033932,51.43619335887557
RG27 9GE,472785,153914,Planosols,80.0,River Whitewater,1280.0,Hart,-0.9578429189577538,51.27972875799507
SE22 8WS,533992,174568,Unsurveyed/Urban,30.0,Pool River,4090.0,Southwark,-0.07293113903571614,51.454244953298044
TQ9 6SL,284818,57406,Cambisols,50.0,River Dart,450.0,South Hams,-3.6221926024821207,50.40520519834783
BS17 6DR,373157,181793,Unsurveyed/Urban,110.0,River Frome,1620.0,South Gloucestershire,-2.388390330409862,51.53439749651486
GU31 4SR,475081,124089,Luvisols,80.0,Tilmore Brook,790.0,East Hampshire,-0.931140586765017,51.01129146664127
EX7 9WA,295966,76636,Cambisols,10.0,Brimley Brook,210.0,Teignbridge,-3.470735488655288,50.58016584129731
RG24 7JA,466500,152000,Unsurveyed/Urban,100.0,River Loddon,1010.0,Basingstoke and Deane,-1.048294472693972,51.26328788593901
SO5 8PR,437200,121500,Unsurveyed/Urban,30.0,Tadburn Lake,120.0,Test Valley,-1.4713388596975214,50.991702013598626
KT21 9BE,518560,158066,Unsurveyed/Urban,70.0,The Rye,2410.0,Mole Valley,-0.30042440143517846,51.30936919281612
TW16 6PF,510102,168971,Unsurveyed/Urban,20.0,River Ash,3010.0,Spelthorne,-0.41834626545273196,51.409083663460954
RG42 6BW,486932,171398,Planosols,60.0,The Cut,290.0,Bracknell Forest,-0.7507928440785783,51.43492189068427
DT2 8US,372639,86448,Leptosols,60.0,Unknown,520.0,Dorset,-2.3885973375635836,50.67704343104229
ME13 0ET,599782,155845,Leptosols,80.0,Great Stour,5680.0,Swale,0.8623696210004236,51.26673487617723
TN15 8BB,560724,157282,Luvisols,90.0,Unknown,260.0,Tonbridge and Malling,0.303687052140592,51.29199055386871
BH14 9BX,405106,92096,Unsurveyed/Urban,50.0,Unknown,1880.0,"Bournemouth, Christchurch and Poole",-1.9290222525980583,50.72846137902405
RH4 1LJ,517015,150073,Unsurveyed/Urban,50.0,Pipp Brook,1970.0,Mole Valley,-0.3251942027125538,51.237847861912115
PL34 0DU,205836,87866,Histosols,100.0,Unknown,720.0,Cornwall,-4.748412686095619,50.658022691226606
SN16 0JW,389811,184889,Leptosols,90.0,Gauze Brook,480.0,Wiltshire,-2.1483813028951135,51.56278439227814
BH20 7JH,385399,96645,Luvisols,60.0,Unknown,3410.0,Dorset,-2.208416733907734,50.76920359817989
BN21 4DE,559875,99669,Unsurveyed/Urban,20.0,Unknown,1090.0,Eastbourne,0.26612327119750806,50.774572647156305
KT18 5BA,520934,160353,Unsurveyed/Urban,50.0,Unknown,1710.0,Epsom and Ewell,-0.26560649508359296,51.329424855762284
BN50 9XQ,531040,104624,Unsurveyed/Urban,30.0,West Arm,3950.0,Brighton and Hove,-0.14081904804802858,50.8263333636325
BH22 8SG,408515,98030,Unsurveyed/Urban,20.0,River Stour,950.0,Dorset,-1.88058743991717,50.78178415728861
PO36 0ET,459152,86140,Luvisols,20.0,River Yar,810.0,Isle of Wight,-1.1642852368378416,50.671928179818664
