postcodeDistrict,catsPerHousehold,dogsPerHousehold,pre_1900,1900_1929,1930_1945,1945_1964,1965_1982,1983_1999,2000_present,unknown
AB10,0.164463242,0.188609903,,,,,,,,
AB11,0.206144554,0.236410908,,,,,,,,
AB12,0.300305714,0.344396907,,,,,,,,
AB13,1.145815261,1.314045031,,,,,,,,
AB14,1.008731754,1.156834783,,,,,,,,
AB15,0.531662339,0.609721547,,,,,,,,
AB16,0.41826069,0.479670152,,,,,,,,
AB21,0.508543723,0.583208632,,,,,,,,
AB22,0.271464033,0.31132066,,,,,,,,
AB23,0.225437944,0.258536974,,,,,,,,
AB24,0.108360603,0.124270218,,,,,,,,
AB25,0.103616651,0.118829753,,,,,,,,
AB30,1.330842308,1.526237938,,,,,,,,
AB31,0.600470433,0.688632116,,,,,,,,
AB32,0.164172192,0.188276121,,,,,,,,
AB33,0.789062664,0.904913652,,,,,,,,
AB34,0.841308532,0.964830311,,,,,,,,
AB35,0.446560902,0.512125431,,,,,,,,
AB36,0.615475983,0.705840797,,,,,,,,
AB37,1.050657781,1.204916431,,,,,,,,
AB38,1.144688694,1.312753059,,,,,,,,
AB39,0.643130631,0.737555728,,,,,,,,
AB41,0.813079352,0.932456494,,,,,,,,
AB42,0.627777558,0.719948501,,,,,,,,
AB43,0.832829334,0.955106189,,,,,,,,
AB44,1.252946493,1.436905379,,,,,,,,
AB45,0.5617469,0.644223155,,,,,,,,
AB51,0.822505715,0.943266846,,,,,,,,
AB52,1.916481858,2.197861686,,,,,,,,
AB53,1.625249084,1.863869817,,,,,,,,
AB54,0.493080865,0.565475502,,,,,,,,
AB55,0.946611635,1.085594124,,,,,,,,
AB56,0.120153073,0.13779407,,,,,,,,
AL1,0.159562031,0.182989091,0.12303165644245011,0.20212604187956723,0.17937160140711625,0.13062068413042227,0.11088115259686022,0.1371163750426603,0.10281648933271802,0.01403599916820559
AL10,0.290958154,0.333676928,0.005799297282869734,0.062480285929397354,0.06221748686085222,0.3420694210073244,0.2624899124433798,0.08921415417211899,0.16898530403873663,0.006744138265320872
AL2,0.752996867,0.863552638,0.04328957646243887,0.09328584435119834,0.14917866257873613,0.24269203431981595,0.20465245566437104,0.1239710744873999,0.1222962409247071,0.02063411121133263
AL3,0.338097727,0.387737581,0.18480811617204493,0.12163744770513789,0.12258356465194216,0.18510664131875687,0.17093125827016925,0.09935432540768908,0.09441824900724045,0.021160397467019396
AL4,0.277482578,0.318222854,0.061188653899023664,0.08603839910644821,0.13908028788596827,0.2461215281353655,0.20253452147615417,0.15814337870984005,0.08348339237261311,0.023409838414586954
AL5,0.362910869,0.416193815,0.0632276563496773,0.1441325538405206,0.10815505413050211,0.19466771169776073,0.2784056285359253,0.10601530372294603,0.08435135904120593,0.021044732681461988
AL6,0.87395077,1.002265117,0.0927507651353133,0.08978876482581845,0.0854063806084483,0.21902148462068122,0.2107638816484875,0.17070116951297387,0.1147168171792329,0.01685073646904449
AL7,0.30642059,0.351409575,0.0014149875583395724,0.008966687386040305,0.06433156243522732,0.2608678787153814,0.19485226716583456,0.2882066087859022,0.17400337191430093,0.0073566360389737415
AL8,0.465872942,0.534272884,0.013591528963369136,0.1459653278936681,0.16692547981546227,0.3010570914525365,0.09536539659109176,0.1773875556722238,0.09416253957182673,0.005545080039821591
AL9,1.261791382,1.447048884,0.11729655683676225,0.0722100655882039,0.11215169167521653,0.2607767183816156,0.2127438076473277,0.10747863563164252,0.08786749229332685,0.029475031945904694
B1,0.070297232,0.080618344,0.028871358702227224,0.022822251149269637,0.000203858723947431,0.003131856170039939,0.22375497245965378,0.08562288373474011,0.6198542372242336,0.015738581835888187
B10,0.076656292,0.087911047,0.3841498619507686,0.29869535939071085,0.025407346534450818,0.02751288671731177,0.1244425070475488,0.11371151339598046,0.011759263660730827,0.014321261302497744
B11,0.107417123,0.123188215,0.42682428870276407,0.30110599960546836,0.03473384660801359,0.03880832044330364,0.08282263876403803,0.06531543529535673,0.025657606265651355,0.024731864315404212
B12,0.085244762,0.097760486,0.3592315391798488,0.10824519332127622,0.008303310869174674,0.08487120344471086,0.1967511330464339,0.11056307529828684,0.08727338341505195,0.04476116142521676
B13,0.104947225,0.120355684,0.1782608219611723,0.27693795147168854,0.14715065130508298,0.08467349879151147,0.14660801162806256,0.07023092161898108,0.0670164309680328,0.029121712255468293
B14,0.153964707,0.176569962,0.11605380631494613,0.2146031682240333,0.19553141910991145,0.11287468552481664,0.2291908381405458,0.038336531872446955,0.0747594043522247,0.018650146461074976
B15,0.10834237,0.124249308,0.09515039452154636,0.03870328084288984,0.04128007598880182,0.1623877469837278,0.3631218409377932,0.07408789455971442,0.1789938459631317,0.046274920202394834
B16,0.100592352,0.115361424,0.19112515020761178,0.0504874850478779,0.021442106676440576,0.1543421302788256,0.43310397899458075,0.049159069775020256,0.07545539593516544,0.024884683084477728
B17,0.161067351,0.184715424,0.15908110390970231,0.24162123881356537,0.17915661611231237,0.11002173313589952,0.16705306995549954,0.05045112402336835,0.07133634946718807,0.021278764582464457
B18,0.094166413,0.107992023,0.2558124864578304,0.10315679980359543,0.005389998281351962,0.00481339489457816,0.1957613236580913,0.05682452176385384,0.34080181585933855,0.03743965928136037
B19,0.033513893,0.038434437,0.23534734661792875,0.04449995883705212,0.008953863245416147,0.09109916140957805,0.29615965607856204,0.0918537298447558,0.1953082718853121,0.03677801208139501
B2,0.12773665,0.146491076,0.0546107770793071,0.06741476736881248,0.0006735956597275136,0.0006753763499230335,0.40818959924525083,0.051400778966128144,0.40851816587584666,0.008516939455004195
B20,0.042826451,0.049114275,0.25233952621444355,0.2165495467712307,0.16396412950614328,0.12558122623375936,0.14298467451528896,0.04383431024449937,0.023882715415489093,0.0308638710991457
B21,0.050295624,0.057680079,0.426125020370643,0.2906421850271363,0.06783525907654545,0.022159376767214953,0.0964742691291582,0.06824078932346042,0.012533460774054003,0.01598963953178777
B23,0.125224544,0.143610139,0.17158344307529835,0.2961217805000233,0.11834328524042863,0.0870952523827189,0.13793624242173427,0.10788065646350688,0.06566451284926317,0.015374827067026546
B24,0.149743808,0.171729347,0.09186409435395676,0.35135584371457235,0.16287599812219164,0.08340695161255751,0.10396504021146351,0.11837589252422623,0.07357576312676505,0.01458041633426687
B25,0.161494219,0.185204966,0.21573978881085124,0.39981815813991906,0.16477727788284158,0.04146442464608268,0.1070163906164611,0.044350952157074554,0.015122773233317375,0.011710234513452421
B26,0.143429092,0.164487498,0.030962001080983362,0.10562699647736727,0.4253319473646114,0.25750323300109956,0.09486236820243749,0.041102434709557115,0.036288679615590104,0.008322339548353666
B27,0.301264176,0.345496091,0.11835902783010793,0.38890017919598535,0.1765756225091723,0.06990953670496589,0.08606809586923989,0.10360470354148911,0.03827250544359849,0.018310328905441067
B28,0.202314854,0.232018928,0.009807658076157301,0.3480083615021944,0.44570059434374076,0.05390030224697325,0.05058653769812199,0.044765189201127695,0.026160500386103347,0.021070856545581274
B29,0.112884754,0.129458609,0.134736409141727,0.3060610631779686,0.12299691047488451,0.13179786256713305,0.10551823964125642,0.062457949565045544,0.12909284158275555,0.007338723849229307
B3,0.083367874,0.09560803,0.06868548076152037,0.0593552696305764,0.0008869992770147328,0.000889174551969487,0.12656997085118427,0.05587397984604263,0.6747532590910237,0.012985865990668371
B30,0.119464176,0.137004028,0.1836341316698389,0.2980022975306744,0.10219517954111104,0.12903076222371654,0.12878707883401713,0.08210269004751045,0.036425316767800135,0.03982254338533141
B31,0.160655572,0.184243188,0.018518821843162486,0.13409174408501745,0.1807561302940775,0.25358584623174424,0.1642865879840599,0.11289746545173887,0.12788217091631437,0.007981233193885159
B32,0.135815188,0.155755713,0.010666482115007384,0.042922665515053214,0.33438060036511646,0.26335219462938914,0.2703014070124429,0.04513561792998648,0.02274531678883005,0.010495715644174508
B33,0.141946571,0.162787311,0.02667442319389266,0.07171766294519817,0.26995490188434296,0.3076961770239968,0.18360049719897137,0.06835104397713897,0.06681645941289963,0.005188834363559441
B34,0.117742386,0.135029444,0.0012784917484379708,0.013468408113504415,0.16764669323013057,0.4900260078411696,0.16290402931833156,0.05291145944289111,0.11018676353922069,0.0015781467663140692
B35,0.173241757,0.198677289,0.00021040948284206657,0.013615085978120368,0.0004108116231369249,0.07237719014640835,0.5353581230390444,0.20490192520541126,0.16512560607320848,0.008000848451828047
B36,0.136006762,0.155975414,0.0029681238405974203,0.015551319520291538,0.15095721181616256,0.22806030576732766,0.47384502633438386,0.0725079467575794,0.049107692674279016,0.007002373289378588
B37,0.248942921,0.285492976,0.005324364158553462,0.022423085160490325,0.025894110436189763,0.12953403348350304,0.6472093207067969,0.06966245590685545,0.09158519017886305,0.008367439968748017
B38,0.151080875,0.173262724,0.04245788872808163,0.05167641656129536,0.1292367827875043,0.2205069496101382,0.41096167593261484,0.061943035905398694,0.06566787537881583,0.01754937509615106
B4,0.054350549,0.062330352,0.043735836071559016,0.04468631716343305,0.011493608211192404,0.03173790830512336,0.20037236991625293,0.040372464803106654,0.6092815996176948,0.018319895911637917
B40,1.165093703,1.336153953,0.04767063921993499,0.14301191765980498,0.05958829902491873,0.1789831185695735,0.3045450004994506,0.07071759526059794,0.17142988866093448,0.02405354110478473
B42,0.134968266,0.154784444,0.014269559791901315,0.07093297963362304,0.6723837844756961,0.10071292875533505,0.0807888379664145,0.028370534695094336,0.025364848224257292,0.00717652645767837
B43,0.256355265,0.293993607,0.006515257254511167,0.0429883499626653,0.24027817341832688,0.44347777254029,0.18920336831512302,0.02393252068007818,0.05176194310441108,0.001842614724594327
B44,0.195511907,0.224217165,0.003681696617633644,0.2259808564140388,0.5228123164126228,0.12369383442167754,0.05907361390008769,0.03790049787751473,0.01561629048481218,0.011240893871612548
B45,0.232416132,0.266539706,0.024911187227469975,0.08801090025728128,0.17497958251162468,0.19843895790060037,0.24521944126919706,0.11477176736263657,0.13769184788014396,0.01597631559104605
B46,0.664613501,0.762192735,0.12167622150539543,0.0563227075113021,0.07781701229418313,0.297639242809937,0.22569484946695617,0.11656375099626395,0.0705750244070706,0.03371119100889166
B47,0.576984401,0.661697842,0.04751530810615784,0.0794568646321015,0.11861298820175817,0.24872337945268427,0.24946099116131523,0.16607698112247085,0.07297133205534627,0.017182155268165876
B48,0.577957231,0.662813503,0.1445138830364597,0.06591228798564153,0.15126385340008178,0.2010310442924488,0.13178669030230197,0.13949920428111254,0.13634000997272577,0.029653026729227955
B49,0.519712763,0.596017522,0.22664130078086253,0.03353339634693819,0.034862886648529295,0.1790415073176925,0.2178375045201436,0.19750353094978737,0.08667317295869142,0.023906700477355103
B5,0.077484299,0.088860623,0.06051466483129081,0.028263518834064933,0.021952835297668602,0.08164411798472172,0.16167758145053646,0.05614066108121302,0.5535725307673391,0.036234089753165305
B50,0.523992766,0.60092592,0.1498010457333748,0.062005907469333515,0.031928094448403554,0.1297207858441782,0.15892138812045295,0.2724070247887587,0.17979305833023515,0.015422695265263147
B6,0.035382792,0.040577729,0.15874722842979438,0.10371010167371644,0.04000973477682368,0.04258353840828073,0.4901931363535472,0.10478436412583805,0.044718892566735516,0.01525300366526396
B60,0.367553877,0.421518514,0.15021579517725006,0.06664205229339709,0.053094608334420555,0.20730282926324498,0.11328770095898748,0.18116090080997677,0.21815581788795668,0.010140295274766361
B61,0.402107724,0.461145592,0.14545256218052835,0.08272586991428094,0.09116014114216825,0.16484290952579445,0.220040065104834,0.12961533694610833,0.1484544672855933,0.01770864790069239
B62,0.268346132,0.307744986,0.050852993452967336,0.17591668451296957,0.2255201441826688,0.1932201961733663,0.21832357338854147,0.09491226695936793,0.038273491148560004,0.0029806501815585664
B63,0.215501788,0.247141981,0.053310601689779843,0.08664447542456744,0.1343163479275295,0.24933911775613726,0.33141266035870015,0.08031125095439373,0.06256438304282134,0.002101162846070816
B64,0.193882846,0.222348923,0.06628994978673304,0.20684795314725732,0.09279553999287786,0.12865677886759438,0.21425585612839548,0.1613975437325308,0.12231546831955611,0.007440910025055063
B65,0.301904541,0.346230475,0.04405842849377546,0.1907694699634362,0.12816689549698615,0.20805028017969188,0.23441779496065265,0.130938552832672,0.059114899145494684,0.004483678927290987
B66,0.131219764,0.150485584,0.2080275502075714,0.14084952766246278,0.024700803861593706,0.035790093616966806,0.2585526837533597,0.1750760862738777,0.14472732042262978,0.012275934201538047
B67,0.118670827,0.136094199,0.18674313088768538,0.3908185419166244,0.14302027502071663,0.06592025262342271,0.12247733900741174,0.04921806033480604,0.026426354393641365,0.015376045815691734
B68,0.155011374,0.177770303,0.051519797311921196,0.16524516457704133,0.28920217609128374,0.2501206658365858,0.11182769124098278,0.062244183549247545,0.06211381523995727,0.007726506152980325
B69,0.224083276,0.256983411,0.07097818969193824,0.13650964838858148,0.07561600064004072,0.18023934537711656,0.21810239825964667,0.14335541405914015,0.16146578047094062,0.01373322311259557
B7,0.056462584,0.064752478,0.06635968330620826,0.007755871290436528,0.02841379857528398,0.2672773541283939,0.3753311962339267,0.11460042042891423,0.10234984811849877,0.03791182791833771
B70,0.120395922,0.138072575,0.13629941498379516,0.08239657079645255,0.18559974316379382,0.16442602069136486,0.17817540482397817,0.07142222934827046,0.17370588280675942,0.007974733385585549
B71,0.160847759,0.184463591,0.03389319583502227,0.16394990538724533,0.17934034041344385,0.3010265609911914,0.13058931506520144,0.05620118285638413,0.1274721251588772,0.0075273742926343975
B72,0.137453337,0.157634377,0.051685416423173494,0.2657675228738749,0.13179625292054462,0.16794223339207084,0.19249190475824265,0.10009175244405707,0.07666187573923705,0.01356304144879935
B73,0.173327367,0.198775469,0.04711153394641702,0.30320476836696486,0.1679584834939536,0.17944298223146427,0.14570607868690594,0.07861211613007202,0.06924892906794235,0.008715108076279942
B74,0.245586607,0.281643884,0.01999031711135047,0.13968339497013704,0.07895348532318403,0.3458590835012696,0.21481420966393822,0.10822392875276135,0.08374302792099174,0.008732552756367555
B75,0.155197236,0.177983453,0.02902889945626329,0.12390133323238732,0.06626909168145695,0.44314904198005656,0.14785363846581256,0.0706779217692838,0.1143553726462479,0.004764700768491579
B76,0.137929045,0.158179928,0.030866241520905592,0.07667651075690628,0.06112912535401334,0.19724785288408983,0.32892046818362175,0.23550023535639297,0.05909405851240266,0.010565507431667575
B77,0.16855405,0.193301328,0.03971506930570667,0.04995329192006362,0.04043911702011788,0.08867766792707106,0.3937653321681187,0.24444110592006837,0.13546429558197653,0.007544120156877073
B78,0.395098488,0.453107252,0.1016789266424071,0.08701182486812153,0.0675651847746671,0.17827710422290655,0.28770384403925425,0.1848125441702882,0.07057075135983876,0.02237981992251653
B79,0.411624875,0.47206006,0.12997035367926899,0.047457333474587596,0.04355293237795103,0.16617583130111221,0.35539746357155894,0.14460556205284802,0.0962012709621878,0.016639252580485393
B8,0.062358566,0.071514115,0.26022951140601486,0.4391773938831381,0.06297864206671451,0.05380608231139632,0.05525159210961631,0.0695633470432525,0.04113015405402923,0.01786327712583814
B80,0.324235845,0.371840484,0.1566829606631089,0.060536399880939236,0.033623541357066154,0.28138141706432296,0.18454862098118902,0.17769006497144582,0.08787488107254886,0.017662114009379015
B9,0.086296887,0.098967084,0.3211651988253485,0.3185848407153996,0.06753328601303364,0.027568301158486165,0.030868847522337976,0.20250679330208923,0.020604534806276237,0.011168197657028632
B90,0.516020376,0.591783015,0.0073579894912108946,0.036054328077035236,0.25740150757420815,0.3029609381966812,0.17363181576560008,0.10619110562751902,0.09350330101433088,0.022899014253414562
B91,0.615688932,0.706085011,0.004985270811662084,0.07236826198252888,0.1175426966599616,0.23735671108647996,0.23683950062083442,0.17978139893448947,0.12475063695558175,0.026375522948461773
B92,0.410990497,0.471332542,0.0269546348325878,0.05556153824514482,0.22697756197561056,0.277181272862106,0.2000885290748706,0.1300415061374103,0.062433029840335705,0.02076192703193429
B93,0.333581739,0.382558552,0.10396264125285064,0.06394110101016093,0.08149598574100167,0.2595629362298767,0.2808137694526825,0.12538852041004572,0.045521224451823314,0.03931382145155845
B94,0.564611192,0.647507985,0.19327312906679567,0.09587655248208991,0.06972077961192134,0.1825898448752668,0.21613721948865172,0.1076180583908143,0.09737064915856815,0.03741376692589207
B95,0.261149553,0.299491797,0.21236893664309436,0.06141808723840871,0.04382146375543404,0.20073613674937507,0.1407978713044724,0.24839573935262413,0.06555352242591957,0.0269082425306717
B96,0.719839706,0.825527308,0.3059063062670664,0.0482075225575071,0.05417909412723916,0.14054047441267836,0.11050228290228835,0.20685918400450853,0.11705903506168544,0.016746100667026583
B97,0.365039719,0.418635224,0.08752374174166655,0.0910481577274033,0.07981738769765997,0.17873905723322475,0.09893540896741382,0.2608634448175606,0.19897628581124271,0.004096516003828319
B98,0.166707588,0.191183767,0.05970244668797721,0.05483658724611415,0.036257154244752475,0.1102796881476671,0.498597545512881,0.12761611715507457,0.10925725872380898,0.0034532022817245294
BA1,0.407478671,0.467305106,0.5592017505617232,0.032231464702429546,0.047089633503165154,0.10995819064676568,0.11082380252505512,0.05523004759403851,0.06716496098772878,0.01830014947909402
BA10,0.771927454,0.885262633,0.28368011147489264,0.06660972089004236,0.044637964335882484,0.10762883646394993,0.11135151674044558,0.2141603256419546,0.11244255520816804,0.05948896924466433
BA11,0.77660139,0.890622801,0.2744624942282496,0.028800355476710067,0.03605687038665418,0.10920968962356643,0.22802798966980187,0.16116474825171714,0.1363473736849308,0.02593047867836993
BA12,0.839206404,0.962419547,0.3005047363141219,0.02929460663084876,0.04427152094707711,0.14789690870278538,0.2065738829589693,0.17713457279834896,0.08767401885661734,0.006649752791231209
BA13,0.313826709,0.359903068,0.169854944760221,0.04818830239820102,0.04357147428001558,0.1135335576573749,0.21984128643765893,0.22018169514331717,0.17646389321310446,0.008364846110107016
BA14,0.20826038,0.238837382,0.16801161269278883,0.04618064386203208,0.06337149193034827,0.12024087444819967,0.22754084243790265,0.1726454281362602,0.19348388981800815,0.008525216674460153
BA15,0.362766239,0.416027949,0.25377111380849615,0.057554858242331836,0.026423828745121048,0.11127115921888521,0.2997231630105468,0.13320662328395205,0.10728440067572034,0.010764853014946606
BA16,0.248139559,0.284571663,0.1637197362136152,0.04863943851053991,0.046290242301892326,0.16906883224718028,0.18734497724336965,0.1894262636346361,0.17661905707717315,0.01889145277159342
BA2,0.573299514,0.657471935,0.3671386607741415,0.08119156836269338,0.0670379917329496,0.15472047568232905,0.14286152182837286,0.08528519167930315,0.08240841942085718,0.019356170519353278
BA20,0.314024929,0.36013039,0.13987019966433048,0.11029414703928342,0.15765133540570947,0.06745654201590368,0.17147378111534503,0.18446787016066374,0.14852007269316156,0.020266051905602638
BA21,0.332165154,0.380933982,0.09391516931000249,0.09879330645631243,0.12235486121336131,0.16975285871592657,0.2272170184879415,0.13730002526899307,0.13723710654772187,0.013429653999740715
BA22,0.885763867,1.015812625,0.25643653209791806,0.051828437457836544,0.06549940411211087,0.11941283932318023,0.17980498406499335,0.16730129326002344,0.12070484942501054,0.03901166025892708
BA3,0.539025834,0.618166159,0.26483128768413033,0.07541987498609949,0.05311822042690282,0.13934712935527785,0.20967548833271124,0.1268043505868625,0.10601875069378659,0.02478489793422912
BA4,0.91984185,1.054893971,0.28254955565356527,0.03356795619911114,0.039816333059523874,0.10471661130443403,0.1627555351589815,0.17710308802107688,0.1572200680590758,0.04227085254423152
BA5,0.626094796,0.718018674,0.2285870051711979,0.03638938677766309,0.04062784306821754,0.14389310216269283,0.22447252154646397,0.17714807916524178,0.10787375099101677,0.041008311117506184
BA6,0.664595375,0.762171948,0.2190680102551928,0.05966826410987402,0.04341143908983341,0.12457488544091887,0.16160353773503436,0.1772889140813956,0.18860217071384186,0.025782778573909055
BA7,2.268248141,2.601274654,0.2450521246010934,0.0733058969239133,0.056326135312484045,0.09579968394490002,0.18425988363788065,0.21113513920443697,0.10262627047390577,0.03149486590138578
BA8,0.693823469,0.795691341,0.24907162989936235,0.07244986098175026,0.03564637444565198,0.0661475934205191,0.1739445873689553,0.16561956191163044,0.18865513984294974,0.048465252129180944
BA9,1.010895744,1.159316492,0.20875712649892533,0.05714401869391448,0.03938307082970175,0.12270107671110927,0.1312416533292585,0.18521826887559129,0.20791808315788596,0.04763670190361343
BB1,0.284003984,0.32570174,0.30379128828280666,0.09363135751832126,0.06217783852512517,0.12052752673575601,0.20264057488919068,0.14111037727452078,0.05971395478988787,0.016407081984391465
BB10,0.129254487,0.148231763,0.3598018702720877,0.15726470803738443,0.0632068692168253,0.10404683032947327,0.19691828871930916,0.07898350376971783,0.032941952818662475,0.006835976836539828
BB11,0.203059679,0.232873109,0.5556375604846329,0.08353498473329567,0.07656143128248735,0.014889629200471878,0.09461389228850821,0.11451158949150506,0.0514084919475192,0.008842420571579858
BB12,0.2239076,0.256781943,0.4142817239689398,0.07978670833493914,0.03819102658547605,0.08363175238956991,0.16274193465047038,0.14076325847713034,0.05711150367122065,0.023492091922253773
BB18,0.661197756,0.758275487,0.32041671252725357,0.3149058105721024,0.013748651328240621,0.10685248040325417,0.0940497900915707,0.06714021441726244,0.06469313097487932,0.0181932096854368
BB2,0.372126242,0.426762198,0.26705018304562106,0.07426364516187516,0.04125723319364289,0.13685975893531088,0.19927867824554965,0.15166758630690708,0.10519375445436574,0.024429160656727546
BB3,0.328592282,0.376836537,0.45439276540543666,0.06736614492726002,0.020421557178698976,0.08273031113971115,0.14128658900997704,0.090391701580503,0.11041200369581648,0.032998927062596696
BB4,0.236221909,0.270904252,0.38365756406416074,0.07895289194435774,0.07829138367322538,0.08875062884412509,0.17022207844237955,0.10201740376208061,0.07319001796680846,0.024918031302862388
BB5,0.151253329,0.173460497,0.4503990499501622,0.10180931308399019,0.0400519757374869,0.08835706981589501,0.11248105015880601,0.12110953527977572,0.06539604991429536,0.02039595605958863
BB6,0.416254745,0.477369692,0.3225148054779422,0.10655310284681331,0.04162278131857161,0.14079604060773693,0.11436742928203399,0.14185075698776942,0.10894321334270779,0.023351870136424705
AB99,0.0,0.0,,,,,,,,
B99,0.0,0.0,0.001510574018126888,0.0,0.0,0.0,0.876132930513595,0.12084592145015106,0.0,0.001510574018126888
BB7,0.556802075,0.638552325,0.38239509747433403,0.08190247541685217,0.04789028773101488,0.11732522878014527,0.09895782024514331,0.1550152662832763,0.08363243205905417,0.032881392010179894
BB8,0.622009836,0.713333957,0.42597248398373816,0.1789560626171376,0.05072162829067636,0.08563081026592413,0.09145286379992795,0.07073054377168353,0.07054584991075936,0.02598975736015287
BB9,0.449270006,0.515232288,0.4316314734960998,0.24241164031074475,0.06185862850367662,0.04447045996339815,0.07745382485764843,0.08167291345674474,0.0457816508024001,0.014719408609287386
BD1,0.110608772,0.126848465,0.236899771577518,0.04971952598484587,0.023950512057931035,0.025223399172666874,0.03460372876749178,0.06698801826595767,0.5293301442324859,0.03328489994110284
BD10,0.385197682,0.4417528,0.14818909113812676,0.11011431276983222,0.050195898357025974,0.19441336541792797,0.13522573438452476,0.1694985200755364,0.16861160785162968,0.023751470005396184
BD11,1.016993783,1.166309851,0.168128383251941,0.05957416250287018,0.13816625481212366,0.15222021362081253,0.23950234064445272,0.07353051304570131,0.13734393100435624,0.03153420111774239
BD12,0.164744432,0.188932379,0.26421125836156883,0.08795379975619598,0.06690576762196566,0.13269054839219216,0.27852710535809105,0.10141860914926949,0.05731666084054022,0.010976250520176655
BD13,0.108997984,0.125001179,0.33428386120749026,0.06642724501597837,0.06343098420063624,0.06538738201600312,0.19472085876217674,0.11384999604564813,0.13549894127727938,0.02640073147478776
BD14,0.100114063,0.114812912,0.2619469231969043,0.10703542681223496,0.06786255317794862,0.12451439660372982,0.2692105664191009,0.07379549834501244,0.0798738355775377,0.015760799867531164
BD15,0.19724113,0.226200274,0.1682368534561847,0.03850322956881425,0.04497708678211947,0.276316614442726,0.21475453496788097,0.15128187892749392,0.08697932206710808,0.018950479787672603
BD16,0.265972274,0.305022595,0.23484270898406087,0.10443981083917661,0.105540935406623,0.12995442211366398,0.13262058574906413,0.11695705701300836,0.15269445041286686,0.022950029481536266
BD17,0.420959603,0.482765322,0.10750515215391895,0.09247995687220059,0.09678175950019512,0.18235159265494216,0.24027593365944402,0.08427501893656106,0.1757143913526114,0.02061619487012665
BD18,0.573481318,0.657680432,0.22301952243681353,0.16395345982008114,0.13835360327551563,0.12819472341109292,0.1225462498915504,0.0372383524632818,0.16687630149749647,0.019817787204168085
BD19,0.357080112,0.409506979,0.25581952551441267,0.09858488459544816,0.061087016545276415,0.18185835766050476,0.16472588151255035,0.07823206575709384,0.14207728021706797,0.0176149881976458
BD2,0.342537153,0.392828809,0.1911484375379276,0.1527758704836193,0.15439906947769855,0.1864609544895359,0.11880756662601302,0.08281393376280911,0.1004274993508916,0.013166668271504938
BD20,1.088363902,1.248158603,0.2729519668567351,0.1088048856127554,0.090733298492204,0.11197215243040583,0.18148355251174214,0.11387873266802456,0.09867626459998909,0.02149914682814387
BD21,0.458775162,0.526133,0.3885683332868056,0.15097130569446252,0.10618227212332933,0.10181525112269639,0.11592840534742892,0.05186359863833094,0.049588123132375005,0.035082710654571386
BD22,0.174243398,0.199825992,0.3925252806571241,0.04887006702237451,0.05691387808107996,0.1394565972461474,0.14130478142208636,0.10596394409813749,0.09279735760957686,0.022168093863473386
BD23,0.772493362,0.885911628,0.37367087103720964,0.08340017198400353,0.0762425096365149,0.07275262386587869,0.11031401182647436,0.1614383718019973,0.11272094716907677,0.009460492678844802
BD24,1.738749423,1.994034393,0.3536885609994598,0.06612531781886544,0.050666006480137,0.09236836423043701,0.11223131567094415,0.1345053374237735,0.1345676948782204,0.05584740249816276
BD3,0.371801992,0.426390341,0.46702521127352237,0.14889350440508686,0.06344345677899595,0.030564265434444526,0.09146167719848365,0.07213357057582426,0.11071340461338734,0.01576490972025509
BD4,0.364448626,0.417957346,0.18177660941128243,0.07767292886336348,0.0899576502728562,0.22691327518990467,0.15804149122565367,0.11919037286793763,0.11854589297759717,0.027901779191404727
BD5,0.107724429,0.12354064,0.2858192404725233,0.09660894770432096,0.15152027203194612,0.06098053973212608,0.21219261760020375,0.0964532636535022,0.07712812057881926,0.019296998226558372
BD6,0.1005404,0.115301844,0.15107416862625525,0.10161235764696781,0.13382629879442318,0.22900876453644023,0.14489886269839106,0.10924027383881282,0.10987674057504401,0.02046253328366556
BD7,0.105838931,0.121378311,0.369062290921627,0.17456537080798612,0.08742558006486288,0.05751415318777143,0.12220665554909223,0.06248598363500425,0.1061590280385875,0.020580937795068574
BD8,0.154711534,0.177426439,0.4246998523051901,0.09818472376654779,0.06363448256839066,0.033230993193641416,0.12930432884995427,0.1264980071394502,0.11261402197530512,0.011833590201520416
BD9,0.239866813,0.275084304,0.24312421194606487,0.3151383647262367,0.07057125723131288,0.06965445269985548,0.13289222889153,0.04880966180028058,0.10733614713364374,0.01247367557107576
BH1,0.222037787,0.254637602,0.37994429135943947,0.08610542514122663,0.06625075710130772,0.033221351452057415,0.07882980972611199,0.15060512439408405,0.18891383695751054,0.01612940386826213
BH10,0.296266422,0.339764561,0.020522807393175337,0.1113073250553457,0.27080754307992977,0.27391941619512866,0.14633036474725758,0.0932091153586621,0.08160358612751278,0.002299842042988151
BH11,0.261857902,0.300304148,0.010098348262848802,0.03126341909360821,0.08017016894711075,0.39820861221632947,0.24955275015478706,0.16204583812493165,0.06660322881250758,0.00205763438787654
BH12,0.239504116,0.274668355,0.07841934860482812,0.09694460362843126,0.1225400775151011,0.22847850858992044,0.25873870435876684,0.15275534665873403,0.0528863248431129,0.009237085801105336
BH13,0.185893546,0.213186626,0.11426093491419907,0.10220189386791811,0.048415018965666315,0.1192709396512735,0.23243149360464138,0.19006735947834566,0.16941516179423355,0.02393719772372252
BH14,0.274131815,0.314380128,0.10023883866056163,0.19900598089767046,0.1484031550310357,0.12797443723344235,0.17238112145094672,0.10712008960216954,0.13003462531308638,0.01484175181108724
BH15,0.24593802,0.282046892,0.07785765319031362,0.1016210666798567,0.12362576101473864,0.11252698325888343,0.24786334426637444,0.12692280566444913,0.18509706131560952,0.02448532460977452
BH16,0.252611354,0.289700011,0.051956024847727635,0.031050072893593655,0.038090874538501324,0.2087476799539797,0.33653733906404615,0.2272958478364903,0.08924833978729127,0.017073821078369942
BH17,0.292597309,0.335556745,0.006255852768152022,0.010614257159585387,0.01314835148228797,0.18657728851629599,0.49844754123179724,0.27330002819801663,0.009890382148380233,0.0017662984954844856
BH18,0.362141992,0.41531205,0.02907572553859927,0.03649592687211964,0.05117995420482552,0.23203335232911024,0.34520694935483626,0.2602181019458634,0.038371075306683294,0.007418914447962371
BH19,0.291072785,0.33380839,0.26605104614773867,0.1129588923225882,0.06755155294142834,0.1572488071434564,0.1743882799246254,0.12965235476995973,0.07324086342110714,0.018908203329096138
BH2,0.212916829,0.244177496,0.39256680333915855,0.08984068055311994,0.05502222465720984,0.08134130007452955,0.09099738326977737,0.12054658972832964,0.15429177885272063,0.015393239525154482
BH20,0.963182521,1.104597965,0.17079711676895742,0.04351418611952416,0.06133316675951397,0.21478581804096902,0.271527732017592,0.15799719860407022,0.059657976675849315,0.020386805013523884
BH21,0.906240404,1.039295547,0.16439389399375876,0.045782609677606736,0.048992634914349166,0.1292331028626527,0.30051485694013336,0.2147215617292759,0.06308679453488909,0.03327454534733426
BH22,0.337988526,0.387612347,0.015929831057974814,0.03076017312311427,0.04967310749430182,0.17815754654496163,0.442680537150279,0.1689962877196423,0.10030989945652907,0.013492617453197173
BH23,0.432861128,0.496414242,0.0789296444923902,0.061448908815703154,0.09151478799237105,0.1927747077388749,0.27372101478646005,0.18627371843930077,0.09340497934437578,0.021932238390524075
BH24,1.182923974,1.356602082,0.14764131132330544,0.09708143350865507,0.07758630534421122,0.18884566163680797,0.2164019743744753,0.16790598271971918,0.0843920424367066,0.0201452886561192
BH25,0.392183932,0.449764778,0.024577102429577547,0.06704985345596808,0.07848179206608519,0.21026772705031033,0.2962800724919215,0.2119321446603914,0.10574569323100359,0.005665614614742401
BH3,0.4602308,0.527802357,0.12724484952815268,0.38501661733410464,0.05107756354169524,0.1383826286939772,0.09236235974246694,0.07036281433933572,0.11416536411294816,0.02138780270731958
BH31,0.793155989,0.909607963,0.018372757723960045,0.023878114462684986,0.01803234640517653,0.05588927301138063,0.24809788031837543,0.4457968616333614,0.169264225291842,0.02066854115321896
BH4,0.145522669,0.166888456,0.38064218621510876,0.10644954972047035,0.02845556682162675,0.09086817873173982,0.15575974704316733,0.1198250964014048,0.0869721416113891,0.031027533455093077
BH5,0.186130107,0.21345792,0.3415829667803462,0.25663408942231897,0.05013747160315581,0.017539769694523387,0.047755091172667394,0.0771882552330887,0.19405331814895854,0.015109037944940956
BH6,0.19785914,0.226909021,0.08314540576584464,0.32673454762783377,0.16634836343752335,0.10301208629342973,0.09584017650770255,0.08705496428103335,0.13111075767843752,0.006753698408195115
BH7,0.207659745,0.238148562,0.22680001706499492,0.1379980102494368,0.18252233159485223,0.06472654111219672,0.016766357034824993,0.25276485499540324,0.10788795137598253,0.0105339365723086
BH8,0.2365306,0.271258264,0.18757999802151318,0.17684842728423592,0.0646807141193959,0.11138548559539685,0.18623878720765208,0.12459493213797702,0.13670284335148333,0.011968812282345732
BH9,0.293575591,0.336678659,0.10239602033518115,0.419632760691546,0.14163990915901511,0.06649214122413286,0.08161122822645228,0.0860930648664549,0.08681469601820653,0.015320179479011195
BL0,0.167368163,0.191941328,0.33174932393397144,0.07325765127742402,0.09653827145576382,0.08348691595992398,0.2106698751142431,0.11861158342917624,0.07100970296233707,0.014676675867160335
BL1,0.153610384,0.176163618,0.1960722285520631,0.09701851740485389,0.08829021244966347,0.08739081899123445,0.19264484677324828,0.18851810486029102,0.13254100288442475,0.017524268084220987
BL2,0.323104361,0.370542874,0.1837957645900924,0.09803838042402917,0.08941319405325948,0.22369910676118404,0.21073155437283175,0.10866776427683748,0.07218518968593911,0.013469045835826586
BL3,0.145689821,0.16708015,0.2071028893639255,0.13630157545189814,0.08309728025673599,0.0838672751467538,0.25932041582533333,0.14141474598228573,0.07257789573155915,0.016317922241508374
BL4,0.156103405,0.179022666,0.1556787139807557,0.16555580520459895,0.12423000618126157,0.13202889284590374,0.21733547417246749,0.12666284338894007,0.060443493971017656,0.018064770255054787
BL5,0.260010692,0.298185728,0.17279654932649596,0.10317792748812517,0.049132758100612496,0.14881130745290777,0.19423498717808726,0.2125790665727395,0.09920071927252239,0.02006668460850944
BL6,0.33954508,0.389397436,0.21098660520454965,0.08437578982124229,0.07305153535019364,0.1196170757180144,0.22160180742811747,0.12295192710502312,0.14221785787815994,0.02519740149469954
BL7,0.219935023,0.252226108,0.3074747244619212,0.025903982513364635,0.033980386462926365,0.1120764310322701,0.26486356433247826,0.1142403164576988,0.10388193861134529,0.037578656127995325
BL8,0.288614664,0.330989365,0.19589052082588385,0.16990298151346064,0.08273217321240786,0.09644590058416483,0.2793871980172018,0.08250111964343015,0.08427082989901118,0.00886927630443967
BL9,0.307977134,0.353194652,0.2724252331668094,0.12508068787216212,0.11080244275239264,0.12963729529621262,0.15504271546084364,0.10272466681800055,0.09572450271563372,0.008562455917945298
BN1,0.393678702,0.451479012,0.4133781699105935,0.06786914649779206,0.09443557821679606,0.12070460722345472,0.08785143816139014,0.08961306203802748,0.1029660542004174,0.023181943751528666
BN10,0.371508736,0.426054029,0.003044464023300313,0.04529937167087966,0.046990709898605765,0.2673618281022486,0.3775781600066405,0.1703827665893235,0.07886084197459221,0.010481857734409447
BN11,0.42079423,0.482575669,0.28097252266570294,0.2303062129065322,0.1110272460932452,0.05785571316476673,0.0889781119665448,0.08686250587560018,0.1379431058612851,0.006054581466322897
BN12,0.336153478,0.385507876,0.01882788768509729,0.023567364704759997,0.22141125804387965,0.5023543421728778,0.15679182248074092,0.039015918655488244,0.03398728139834828,0.004044124858807816
BN13,0.603342338,0.691925677,0.06521933884908358,0.06260930743385285,0.13493471499368592,0.225391408872983,0.2898731531748263,0.14859343727598562,0.06823602691510498,0.005142612484477721
BN14,0.888007863,1.018386086,0.09029944920220262,0.17762082207758645,0.3371424677403926,0.1631009267667286,0.09695205042279995,0.05891086422526605,0.06860329804536078,0.007370121519662965
BN15,0.544576365,0.624531624,0.02058162898854041,0.0447152846164542,0.2880868772295687,0.30128364276728925,0.2121482950433124,0.09003648827812967,0.04178354735304576,0.0013642357236595664
BN16,0.623293673,0.714806288,0.027642079825655707,0.03519856819901423,0.13877210659339265,0.2217326510273485,0.2525705709328981,0.20280859200491275,0.10637430623381108,0.014901125182966957
BN17,0.274287837,0.314559057,0.11986941983606754,0.06571681907850967,0.095744658423661,0.12745538696657954,0.22066906525886942,0.21854053188361605,0.13606184302613067,0.01594227552656612
BN18,0.577183356,0.661926007,0.2768417275123033,0.07737037065704576,0.05900724078057409,0.1399101713773399,0.1547711196056271,0.15978115422614772,0.09912041361727535,0.03319780222368674
BN2,0.352781871,0.404577666,0.37257301465832315,0.04115993442473316,0.10706173034568335,0.1821683818606329,0.11745027084605553,0.10653659926068575,0.05958713550793523,0.013462933095950945
BN20,0.713207785,0.817921682,0.1892362368017012,0.15204894077554676,0.0993948230771531,0.204411506117293,0.22481288431413848,0.07389111492690323,0.04320147772824508,0.013003016259019111
BN21,0.223086095,0.255839823,0.38894836676838235,0.12878454882184115,0.028605077858764757,0.11196424231695849,0.13904804026450784,0.09973785651926159,0.07540092262419376,0.027510944826089997
BN22,0.325855762,0.373698238,0.20921531292553758,0.18221463777447502,0.07817287396673506,0.15226408420550203,0.24673724521205173,0.07230404305409668,0.0504230226939482,0.008668780167653791
BN23,0.481045062,0.551672591,0.011216976095836892,0.03764140610192326,0.035908206640511656,0.11031335957835856,0.3598719860101237,0.2686899952394281,0.1697724430017615,0.006585627332056395
BN24,0.454377523,0.521089696,0.0792247030573409,0.07502802736775914,0.10563533017215931,0.21086920735825937,0.20092337552582687,0.238952348168495,0.07693987826953587,0.012427130080623574
BN25,0.374923862,0.429970567,0.10036523069985176,0.07189657630890463,0.09616407561349177,0.18440266988373635,0.2686162376660151,0.19932545612006175,0.06723133846466303,0.011998415243275655
BN26,0.491037728,0.563132389,0.125110264546436,0.0454840808311192,0.14578399735088285,0.2583086090273126,0.2380856204350032,0.09606673927485303,0.07953835030744898,0.011622338226944067
BN27,0.354911759,0.407020266,0.16114005996421238,0.041415945366416754,0.04686802260302573,0.12586109557845865,0.276861224071771,0.19961323962992075,0.1300077944716901,0.01823261831450459
BN3,0.251871085,0.288851055,0.38251438466567217,0.12093747708473951,0.1478199644546077,0.12360157402521559,0.14574032848978924,0.03439614894272735,0.03484213270681089,0.010147989630437539
BN41,0.330945317,0.379535047,0.16004399322085971,0.24418047693942035,0.15914846246489905,0.21130600696691737,0.10510368092175021,0.0689349902739386,0.043180291678756755,0.008102097533457978
BN42,0.626531065,0.718518997,0.08274179099561794,0.17575102595808811,0.2770190820347041,0.27127542375768626,0.13237952025034525,0.029102454097598384,0.02849717125963687,0.0032335316463230623
BN43,0.720091682,0.82581628,0.14821190881801014,0.09769622010721428,0.11000423581751162,0.17959624232943952,0.21837090312597296,0.08108886022491257,0.1597861472457242,0.005245482331214666
BN44,0.626387782,0.718354678,0.1810637298091001,0.056780650539039634,0.09567675761481824,0.15241051649392134,0.24509763472199314,0.1720595438778288,0.07996567765653372,0.016945489286765016
BN45,1.823307603,2.091007491,0.43181767581222846,0.049391267390438885,0.0918323130092019,0.12497096708698954,0.06700510462310523,0.09431705414777154,0.09038583256230584,0.050279785367958595
BN5,0.639848826,0.733792085,0.23356991279895786,0.06091160348462257,0.06462550645039006,0.1505907480636459,0.212369299809759,0.1652592018246824,0.08393407380188307,0.02873965376605909
BN6,0.331713317,0.380415805,0.15875850209661654,0.06045434561570922,0.12039393497824698,0.2816195361243609,0.1576975567472719,0.10175678200001097,0.09615479725534182,0.02316454518244167
BN7,0.546136197,0.626320472,0.26398283276208057,0.06069636602964251,0.06941013847279753,0.24281724704306681,0.14173551338663345,0.13039746526714177,0.06533943204680669,0.0256210049918307
BN8,0.978471173,1.122131311,0.24587411214702837,0.059966930410854644,0.04975536479732992,0.15250242748902818,0.2511638026208848,0.11501027523098212,0.08386735687946877,0.041859730424423224
BN9,0.411628055,0.472063707,0.09566957714087324,0.09663833197306074,0.07117563001824692,0.24889481828891774,0.24766378448408694,0.13547354772944467,0.09374529055713504,0.010739019808234678
BR1,0.147708136,0.169394796,0.2602402010949892,0.17170668696768224,0.1434315604867244,0.076204564939671,0.14473648282541235,0.07129031402326814,0.1216541305031969,0.010736059159055835
BR2,0.123809021,0.141986788,0.17862308931017784,0.08229689368068147,0.25556877045508575,0.15196040966418425,0.1330063813376612,0.07046351340866415,0.11935513581480517,0.00872580632874012
BR3,0.110157651,0.12633111,0.08895376652127733,0.20682679365845108,0.19479821213299253,0.0817765893932923,0.22268630183176327,0.1059058957754152,0.09313827076493222,0.005914169921876028
BR4,0.117131686,0.13432908,0.023807900588390087,0.08062193260284531,0.7016732865814835,0.06019199386926239,0.038172469468041904,0.04721326563008588,0.04503961993462357,0.003279531325267358
BR5,0.226141618,0.259343962,0.029647379262504072,0.04367587373620996,0.3066428760106346,0.32881651018935837,0.13192126790423947,0.07033142729750037,0.08039629490592565,0.008568370693627462
BR6,0.277316056,0.318031883,0.05146120249458102,0.09791223429042212,0.2692266531015861,0.20787772894588735,0.1855774912706876,0.08029238727116766,0.10107956775258667,0.006572734873081417
BR7,0.150267848,0.172330328,0.18751819121143876,0.049586917501214106,0.1771542139845146,0.21662193098073745,0.16385456590998027,0.07228517441715457,0.10230248046933323,0.03067652552562704
BR8,0.236095815,0.270759644,0.06353450429105831,0.03966260867234831,0.09950758356882533,0.3065825137281592,0.27285812488490485,0.17502544677307963,0.03778017008703654,0.005049047994587847
BS1,0.302440883,0.346845563,0.11445320959496633,0.0836747125812655,0.04290623074699912,0.13137643117970824,0.06409053950413113,0.1573463602872409,0.3839553421222686,0.022197173983420197
BS10,0.247768402,0.284146013,0.04706791593080361,0.030638572080334332,0.2316305287354641,0.358088034606557,0.15097492869949347,0.0668604408625475,0.104337896178799,0.010401682906000903
BS11,0.281113542,0.32238692,0.040309521031342214,0.2173761983961776,0.17653700302294648,0.3668873043236952,0.0784541487076664,0.05581268728109729,0.055406648579444676,0.009216488657630154
BS13,0.307534305,0.352686806,0.008806213244543726,0.03095148682719553,0.17614237416029144,0.5495793904389161,0.11845851178693242,0.02817039722332764,0.08535589262837233,0.0025357336904208642
BS14,0.814820097,0.934452818,0.015769081222001217,0.015664151086782423,0.13607125055963334,0.24596661723615082,0.4481638368648634,0.06603189905025747,0.06708951331355237,0.005243650666758935
BS15,0.275271927,0.315687632,0.12109784551636865,0.07715227877048565,0.10283660493255473,0.22727264680818113,0.20484620404601286,0.1356992659741225,0.10941405971882012,0.021681094233454306
BS16,0.310576344,0.35617548,0.07193157892863855,0.21585826741429054,0.11986300335193294,0.18455856410001628,0.13870506341258032,0.10031502139250517,0.15012016590523658,0.0186483354947996
BS2,0.319827308,0.366784681,0.09955607229892983,0.2457901115688751,0.04172064083100063,0.08530293108332036,0.1361406785436253,0.06330406621987451,0.3069614889151096,0.021224010539264714
BS20,0.560782723,0.643117416,0.11008467328269285,0.06307326159777425,0.03480337332113356,0.18649698943934662,0.23526932038606554,0.13133383217330932,0.22263656319215416,0.016301986607523716
BS21,0.327547033,0.375637824,0.29888672068401817,0.04385488038341411,0.0538445689831273,0.1126724180879665,0.319790325422478,0.11312982474224631,0.0454224282659144,0.012398833430835194
BS22,0.369162021,0.423362766,0.0422271741241596,0.044187040770211725,0.06001719448494777,0.09697547059806487,0.3738320143959703,0.27539350666682566,0.09452906027801845,0.012838538681801633
BS23,0.444823956,0.510133465,0.31053085576781586,0.11515155267562424,0.0644419758798452,0.1109843408404046,0.08700937060956696,0.17807198435021337,0.10393329039091977,0.029876629485610016
BS24,0.509868468,0.584727878,0.08353939607340212,0.029151114399102448,0.02978374116730788,0.17209804744891277,0.24254900259332499,0.20207668396415715,0.22372707762157384,0.01707493673221885
BS25,0.867994372,0.995434194,0.14638515921086456,0.08906234384140013,0.06213878733636202,0.23586189137391086,0.22912127229109583,0.1210187941442952,0.10592798484581435,0.01048376695625705
BS26,0.907799491,1.041083541,0.2845169026040896,0.03391511067852018,0.052900450765108964,0.1262819168155442,0.22701364387737064,0.15251951959863702,0.10354871147025023,0.019303744190479203
BS27,1.44556222,1.657801144,0.21156307198017024,0.02974386043618823,0.05813910684272371,0.13211663742481844,0.1492316654291105,0.26657996158151404,0.12341238813519768,0.029213308170277136
BS28,2.940652942,3.372402617,0.337453420166405,0.02424522063794796,0.0637433985127507,0.0967598928825712,0.2272435996712018,0.1284597845591054,0.08758178285533222,0.034512900714685664
BS29,0.443370058,0.508466104,0.2031262233350852,0.04383567444151048,0.039664292841719094,0.22771169973900715,0.23930453707312505,0.13519219279775396,0.09973970514837827,0.011425674623420761
BS3,0.287999095,0.330283417,0.11404679006667866,0.3396620263340489,0.17739579712898162,0.05776342594568207,0.04813364518982462,0.041413850905063845,0.21276910229007778,0.00881536213964249
BS30,0.424251473,0.486540509,0.11242910128364195,0.04566673626404744,0.03980615356650141,0.19407596813948325,0.28584936431011637,0.21634593504050748,0.07825814640673033,0.027568594988971788
BS31,0.28463869,0.326429634,0.0890905875316364,0.07975921105011931,0.06325559494597817,0.3377968746788934,0.2817676439779196,0.06645827972301917,0.06979541312187726,0.012076394970556695
BS32,0.472643749,0.542037788,0.052374131795359935,0.014764251191160349,0.07277880589895673,0.10658607629494868,0.12358888542100185,0.4148944363524548,0.19721246943652004,0.01780094360959762
BS34,0.315642193,0.361985103,0.024022872251667635,0.015640365894697143,0.18586850316276446,0.1930260451427104,0.21595222438195422,0.13053057445842695,0.21464093206084212,0.02031848264693699
BS35,0.323735349,0.371266505,0.17595580785828485,0.02473405971699154,0.04606103130663758,0.20014358139536695,0.3065433891305203,0.15444554699602897,0.06146715038094977,0.030649433215220026
BS36,0.376326477,0.431579116,0.11958281151977716,0.03152079593989402,0.043767128130206334,0.32389449572315104,0.2621072517104004,0.10303450253386964,0.09475332856789338,0.02133968587480799
BS37,0.206063463,0.236317912,0.10407412263662809,0.016759041307752763,0.031194537680778105,0.13399638262788263,0.3643525534484923,0.25934888216332125,0.06377842817494321,0.026496051960201664
BS39,0.596208829,0.683744819,0.2287314275151389,0.058136033981120494,0.059944616300984827,0.1817679028527174,0.20138115843966062,0.14009620087100108,0.12245924887060194,0.007483411168774745
BS4,0.624203811,0.715850053,0.05199976593846655,0.223809488937031,0.33845362381669014,0.11146884549423058,0.09231718667547435,0.08290390484838141,0.08842067613698167,0.010626508152744291
BS40,2.116140296,2.426834179,0.3169344360955041,0.07476858664742914,0.05414622360871493,0.1650145207910978,0.1646210863732141,0.13916337979346874,0.07198651626445031,0.013365250426120882
BS41,0.359684867,0.412494167,0.12743310583477702,0.09398507070197999,0.05600558505995647,0.2744175079574914,0.1562110051522699,0.05643655509053294,0.2267238769220493,0.008787293280942967
BS48,0.766873235,0.879466348,0.09993914038341846,0.03498438739421201,0.03472192586736521,0.27067819276449784,0.3130005715223792,0.18937121688019437,0.046695768013715826,0.010608797174217078
BS49,0.468234809,0.536981523,0.1278873751880748,0.04159037283125992,0.06194522758560413,0.18857738008800454,0.36745958327817624,0.13243803544612454,0.0672887878738709,0.012813237708884843
BS5,0.256038874,0.293630764,0.12196111283235907,0.3923343663319789,0.08814466870398772,0.08674552638766493,0.1442008033926837,0.0678957266851638,0.08397237338892179,0.01474542227724011
BS6,0.27454612,0.314855262,0.14972181167851126,0.6243154484546478,0.06293497594892747,0.020094076781844595,0.046097256367008205,0.025727884730641283,0.05902635778964095,0.012082188248778424
BS7,0.209341496,0.240077228,0.020223454255486877,0.4475617792157414,0.21464470389491824,0.09710547364941075,0.03874143215806728,0.01945491277568238,0.14916399034130212,0.013104253709390957
BS8,0.286644827,0.328730314,0.5701743008408849,0.12491809479055664,0.012165814855204352,0.053142640417562545,0.08148329692548362,0.06165876154242637,0.08411771311740038,0.012339377510481154
BS9,0.21865513,0.2507583,0.1277224081855856,0.14822381307402932,0.3249481795211849,0.1372101803490946,0.15698586660424252,0.065142661139432,0.02681168269421527,0.0129552084322158
CA1,0.612957893,0.702952998,0.3779936905162746,0.05270759455755168,0.09799190036800082,0.16817194743971997,0.058986302679544536,0.09526086803575837,0.13448939800897394,0.014398298394175967
CA10,1.082467102,1.241396029,0.41139448603010875,0.02905612566607382,0.03043958998909493,0.09772537221870617,0.1034029994886221,0.16116763910030926,0.1454827000120388,0.021331087495046218
BB94,0.0,0.0,0.33537990883962443,0.25922003805100174,0.02720858803007302,0.19670400397098659,0.05509422413055903,0.04070004070004069,0.08426130069100055,0.0014318955867139123
BD97,0.0,0.0,0.44042397660818716,0.11440058479532163,0.04678362573099415,0.02631578947368421,0.06103801169590643,0.10745614035087718,0.17653508771929827,0.027046783625730993
BD98,0.0,0.0,0.055165080987033786,0.015474760306917615,0.0,0.07841749632923221,0.08393285371702637,0.015594434241474381,0.7082407011051428,0.04317467331317287
BD99,0.0,0.0,0.13101721009989617,0.04927269429664827,0.03134980871211142,0.016237102489785292,0.09587135408099548,0.041126523533531543,0.6000705210844741,0.03505478570255779
BL11,0.0,0.0,0.0830308139705127,0.0023416279124577437,0.012352441782983706,0.09409465131210641,0.40108348881439315,0.24479709377357153,0.13802453368180412,0.02427534875217075
BL78,0.0,0.0,0.2516574764933579,0.109951851282995,0.07532448858677301,0.08353511898510661,0.18512659955969224,0.16022645721692394,0.10974633087317542,0.024431677001975856
BN50,0.0,0.0,0.584458403778266,0.0034482231893742886,0.03373506797562987,0.0014052063344852362,0.04727637710675997,0.17864136951322365,0.14004781403974212,0.010987538062518785
BN88,0.0,0.0,0.5759986529323726,0.0031278101622330694,0.030153936655484645,0.00216921114753932,0.04666307367919724,0.16053987797919386,0.17263608072791703,0.00871135671606202
BN99,0.0,0.0,0.0713476307614955,0.13271528952935627,0.12440185828410519,0.30666055029706446,0.04168229614557718,0.21392400718057783,0.10486887552891022,0.004399492272913421
BS98,0.0,0.0,0.13121230330951905,0.10492755558523069,0.030046070641650532,0.056753688989784334,0.14853887071287084,0.1409271994836527,0.36464801584652023,0.022946295430771625
BS99,0.0,0.0,0.0788796506789054,0.05766232946650045,0.11028697069876607,0.1912230261974221,0.23518660581390968,0.013751723093262455,0.30174596397679354,0.011263730074440401
CA11,0.787397152,0.903003607,0.2790518116127751,0.054196264699727145,0.07107442334653467,0.11744981076054917,0.1359522738396087,0.19259414472786948,0.13069004349500607,0.018991227517929685
CA12,0.831068472,0.953086795,0.3512717673261931,0.07147425851618064,0.050784894378745275,0.11674313719243905,0.1540557512661493,0.14963184835267676,0.07750429122530267,0.02853405174231318
CA13,0.642564032,0.736905941,0.2948081744172499,0.018336925967962357,0.0309339275728414,0.1319975409297691,0.18957339067379808,0.17436075830090375,0.12315356903638384,0.036835713101091544
CA14,0.353398329,0.405284633,0.33863340257426755,0.06142068764135185,0.031880386405692705,0.2271800229293047,0.16782301531516874,0.08908091948359116,0.062116239690788375,0.021865325959834772
CA15,0.284353991,0.326103135,0.3524321875036342,0.018477506504848046,0.03292722094025153,0.2216402702165486,0.14124773560922455,0.11813827049655168,0.08608797477601418,0.029048833952927178
CA16,0.818320068,0.938466657,0.39000861648384144,0.01623707823897038,0.02870397632939288,0.06309279611184004,0.14860146174550926,0.19007576597748255,0.13439283740410146,0.028887467708862052
CA17,1.127693459,1.293262566,0.47749497532586993,0.040356134589902184,0.019382778064092443,0.07791462235029614,0.0869891828408095,0.14202258479081997,0.12628908318749077,0.029550638850719083
CA18,0.779547861,0.894001875,0.4608294930875575,0.06298003072196619,0.01536098310291859,0.18433179723502308,0.12288786482334872,0.07680491551459294,0.03072196620583718,0.04608294930875577
CA19,0.919717715,1.054751611,0.378695224450257,0.056393442317356664,0.014638700086391777,0.21852387791212055,0.09497006054604544,0.0923461030231656,0.04522478550656593,0.09920780615809707
CA2,0.318944856,0.365772666,0.228291231415667,0.10110760217115124,0.14787923953645646,0.18951283501894128,0.11414904165369132,0.09093278374995212,0.11893810238604363,0.00918916406809693
CA20,0.688879492,0.790021484,0.2536150020977305,0.036348264868912454,0.012439383734168067,0.3166436783886377,0.14906140480638702,0.137806887564557,0.04307708072134943,0.05100829781825784
CA21,0.702627797,0.805788329,0.3354940249085603,0.0466340446491618,0.024052124038703892,0.08304136098556783,0.23797670378130648,0.12497330401103626,0.09291647185809855,0.054911965767565
CA22,0.740883482,0.849660753,0.187764495037049,0.01854331155175307,0.10654842640246219,0.22180211552704732,0.22488446026442827,0.1162900593438028,0.09127895159141455,0.032888180282042774
CA23,0.677988541,0.777531513,0.5383716447446604,0.030572811880299592,0.012185148763209922,0.13196450934027187,0.05064328773483449,0.13009206189009942,0.07375984100981064,0.032410694636813904
CA24,0.543094403,0.622832079,0.4501757378203198,0.004311398315120522,0.005157513302002032,0.05079001482106599,0.1369481221390287,0.20349623088219956,0.10855966254298077,0.040561320177282444
CA25,0.526473741,0.603771154,0.2708528376434175,0.008030686445109543,0.09099996697980964,0.20207073967942624,0.17510793579143316,0.17268716727991487,0.060086517592760624,0.02016414858812833
CA26,0.504749317,0.578857128,0.34251325681629813,0.018617950384591016,0.006657864791786367,0.17869594296424862,0.13444037417760119,0.15340732993663483,0.12363849783709534,0.042028783091744445
CA27,0.690458861,0.791832738,0.3222374385251409,0.023867716703544112,0.003821332485301275,0.14590481138751785,0.15682285088072906,0.1335909902565894,0.16605044372381625,0.04770441603736118
CA28,0.34298471,0.393342076,0.20072644095228445,0.10240858181366867,0.09042737707905293,0.25984926698552113,0.1277342019799068,0.13102882896500193,0.06799083538596333,0.019834466838600698
CA3,1.130967737,1.297017577,0.2833160281809139,0.03774855904108115,0.11932312483238254,0.09527307085275895,0.1417876047883255,0.1945231717399629,0.11170285576551346,0.016325584799061578
CA4,1.295030533,1.485168241,0.3277331395938168,0.027772860524393754,0.04446416298729774,0.10374351840228109,0.18405473596698063,0.13628978265975417,0.15800963810617855,0.017932161759297318
CA5,1.584534206,1.81717714,0.40753737032949017,0.03149933257445453,0.03274829590720042,0.15966138309105404,0.12287003995667381,0.11878396006609321,0.09788792859387663,0.02901168948115715
CA6,2.002030971,2.295971207,0.42476453926072244,0.02895498101866765,0.027653207297832848,0.13685860645543352,0.09658539954521407,0.13185325109861343,0.1298351461110134,0.02349486921250259
CA7,0.748390426,0.858269874,0.4058408462121639,0.023544880168589605,0.029048247058625038,0.1439358204676436,0.1404158520167372,0.11489880236358428,0.10095060484679644,0.041364946865859974
CA8,1.395701557,1.600619888,0.3900002193006272,0.04179454407724558,0.039177120287761075,0.14850120872121292,0.1287859807606706,0.1375401394992792,0.09795265695333578,0.016248130399867677
CA9,1.555498211,1.78387805,0.525116842826386,0.009872283031789582,0.009832940837868533,0.12670368918649855,0.10059163881506007,0.10157812685853539,0.07649865021733465,0.049805828226527266
CB1,0.326789319,0.374768861,0.19459332795852405,0.0672320417909879,0.07197199291512663,0.1399526203864125,0.15002715339986628,0.13564720244497072,0.2239105689090995,0.016665092195012443
CB10,0.603851803,0.692509942,0.3008337658679092,0.030127610927674124,0.03143196806107505,0.12385076489675913,0.21088737070265207,0.20730379733907528,0.074160525476986,0.021404196727869113
CB11,0.521683556,0.59827767,0.2736910404197182,0.04246458283625948,0.03659609949123454,0.14579531407470134,0.2310769407534607,0.13697565439202017,0.10972277902627434,0.02367758900633126
CB2,0.261425093,0.299807793,0.20084217621621492,0.055586425889702605,0.05316207988915923,0.14246310435196313,0.17675069048273093,0.11201750787745182,0.22744853809408636,0.03172947719869104
CB21,1.0742819,1.232009068,0.21985639162224319,0.033049382231816415,0.038135544279066284,0.16820820750298027,0.2396371892514204,0.17136317755239455,0.10922859199264483,0.02052151556743405
CB22,0.381599648,0.437626499,0.14129963955643451,0.058886329007162376,0.07239469953105415,0.21758202982617567,0.25126081287990293,0.1293835815342867,0.1204684522456213,0.008724455419362356
CB23,0.806529318,0.924944777,0.09395642146412712,0.025853240073851376,0.041179898690005955,0.08434861103791862,0.1897649514900992,0.17749997452576619,0.3634059897858675,0.023990912932363995
CB24,0.692578716,0.794263831,0.11265257184928712,0.06345828573265201,0.0482558715764443,0.1203089360568222,0.2145517596320805,0.25107370950715047,0.16792332110672467,0.021775544538838742
CB25,0.855067227,0.980609072,0.15059033367980007,0.04343148690920198,0.04711212502493057,0.1410533645379847,0.2378273994705223,0.21572166425471945,0.13401701892550993,0.030246607197330973
CB3,1.133966344,1.300456443,0.12902540987018307,0.057457673116892136,0.07660081309918745,0.08924870398757168,0.19000570060470412,0.15948139819336113,0.2655565504722161,0.0326237506558844
CB4,0.354336884,0.406360988,0.12316720586240681,0.07206760864151152,0.08308035204090247,0.1274763156602439,0.22291836431209458,0.21911699305670124,0.1360582092443615,0.016114951181777998
CB5,1.265066074,1.450804369,0.1838269848780095,0.036301693641101494,0.09373157740008846,0.1808074567802845,0.15090718153114266,0.1730858084709942,0.15734902730918904,0.023990269989190093
CB6,0.296852411,0.340436586,0.11616734439615425,0.06634675880894367,0.04433471397989824,0.12067272595057124,0.19561042852990113,0.2299824667736574,0.20519792952525165,0.02168763203562237
CB7,0.336627603,0.386051612,0.20116135409131333,0.0724134665101351,0.05204282173921493,0.09617187769314857,0.15208055654573535,0.20420681878574573,0.18725324229869925,0.034669862336007745
CB8,1.556349329,1.78485413,0.23548061429838266,0.04652343418712498,0.03593344668236366,0.14350562986381682,0.25802830698661483,0.14104126455065052,0.1219533072532262,0.0175339961778203
CB9,0.339820504,0.389713299,0.13461398669496868,0.013107134400707838,0.046635761654411106,0.14595989225275682,0.30264266938775325,0.20808464912124006,0.1423155898020316,0.006640316686130661
CF10,0.111689762,0.128088167,,,,,,,,
CF11,0.186283793,0.21363417,,,,,,,,
CF14,0.371616841,0.426178006,,,,,,,,
CF15,0.306222273,0.35118214,,,,,,,,
CF23,0.297778944,0.341499153,,,,,,,,
CF24,0.146829772,0.168387469,,,,,,,,
CF3,0.230631636,0.264493208,,,,,,,,
CF31,0.507773567,0.582325401,,,,,,,,
CF32,0.226712526,0.259998691,,,,,,,,
CF33,0.41917968,0.480724069,,,,,,,,
CF34,0.445557755,0.510975,,,,,,,,
CF35,0.473047518,0.542500838,,,,,,,,
CF36,0.558922728,0.640984335,,,,,,,,
CF37,0.12659169,0.145178012,,,,,,,,
CF38,0.159054137,0.182406628,,,,,,,,
CF39,0.119330294,0.13685049,,,,,,,,
CF40,0.069440914,0.079636301,,,,,,,,
CF41,0.062671018,0.071872441,,,,,,,,
CF42,0.057765488,0.066246676,,,,,,,,
CF43,0.13580929,0.155748949,,,,,,,,
CF44,0.091403647,0.104823624,,,,,,,,
CF45,0.396951692,0.455232546,,,,,,,,
CF46,0.175029194,0.20072716,,,,,,,,
CF47,0.375620061,0.430768983,,,,,,,,
CF48,0.34108072,0.391158541,,,,,,,,
CF5,0.341797265,0.391980289,,,,,,,,
CF61,0.332285224,0.38107168,,,,,,,,
CF62,0.220377189,0.252733194,,,,,,,,
CF63,0.196083579,0.224872771,,,,,,,,
CF64,0.190389939,0.218343185,,,,,,,,
CF71,0.428489608,0.49140089,,,,,,,,
CF72,0.454199885,0.520885977,,,,,,,,
CF81,0.21244833,0.243640211,,,,,,,,
CF82,0.191059077,0.219110567,,,,,,,,
CF83,0.252202568,0.289231208,,,,,,,,
CH1,0.367043801,0.420933547,0.27392073885923934,0.031625463231617926,0.029036524644761655,0.16330644287470997,0.10509316734074982,0.1915882484563164,0.1965363654231413,0.008893049169463619
CH2,0.583409363,0.669066123,0.15744389398992747,0.04441039880541078,0.1417470499303575,0.24359683171595198,0.16991208918542886,0.1338387401465733,0.10194540432593042,0.007105591900419626
CH3,0.532003413,0.610112698,0.23987934908783265,0.0464372931007591,0.06671658330833981,0.18278900798514067,0.17673580636380207,0.15958026090062993,0.11425454391357595,0.013607155339919793
CH4,0.559209173,0.641312836,0.21811157190606398,0.10001470658202571,0.09753890474519922,0.14117876441797877,0.18635235231939096,0.17645481973842134,0.07527071295333125,0.00507816733758874
CH41,0.18716721,0.214647291,0.2721025854409568,0.18956201996509503,0.07165098676294696,0.02918987716292499,0.14429224299327292,0.17273997501851676,0.11086417995609237,0.009598132700194256
CH42,0.290389739,0.333025058,0.2973552998982162,0.28518671398813705,0.06344596988177278,0.07591840068608417,0.10749266337375435,0.08070394143801289,0.08650817169658921,0.0033888390374333835
CH43,0.227467332,0.260864319,0.1457809539314199,0.08635126657911811,0.10068247414817412,0.1437799011301085,0.32153168731809834,0.1244825059393084,0.07056872047592241,0.006822490477850144
CH44,0.265358866,0.304319127,0.3190135141303012,0.4029459506196577,0.06573890270838827,0.04135819028501927,0.07158691091195697,0.06409965011499735,0.0323261916796525,0.0029306895500267314
CH45,0.32970439,0.378111926,0.27728007534202614,0.3917186970617273,0.08608798027945545,0.06394167928893134,0.07727861437658667,0.06571648948790276,0.03511730571568266,0.002859158447687575
CH46,0.25328998,0.290478274,0.008257455795231365,0.09224827899180937,0.1374691509253316,0.377741051854127,0.19129260608315724,0.1150113816887753,0.07621143620729073,0.0017686384542773862
CH47,0.556903813,0.638669001,0.1892649240621862,0.3050718427264236,0.18829274574640634,0.08881776144470563,0.06916077698881465,0.06913420100277085,0.08879660143630141,0.0014611465923913157
CH48,0.40349205,0.462733166,0.1676458631693125,0.19451267450317675,0.13581001489449426,0.19312964622305837,0.1414838800201938,0.10892625635685893,0.054697034409104256,0.0037946304238011277
CH49,0.291759396,0.334595809,0.018119865048556658,0.04686904217241558,0.09688443906070857,0.41603765198307696,0.24256506444366122,0.1454472072719922,0.03253981769176737,0.00153691232782144
CH5,1.048966458,1.202976787,,,,,,,,
CH6,0.61405113,0.704206745,,,,,,,,
CH60,0.772343426,0.885739678,0.08020093893343709,0.15525786286228285,0.14983497208041113,0.2594012619908362,0.17912625187295478,0.10725385312040944,0.05958359511094221,0.009341264028726313
CH61,0.578451863,0.663380758,0.04053470909553087,0.10027339608247375,0.18411962999975517,0.3698394367805562,0.20550443299097199,0.07354547587238154,0.024383564984476393,0.0017993541938540493
CH62,0.152570953,0.174971576,0.10410617797395061,0.2016707146915708,0.2032067027682585,0.18596321269919097,0.1475493779261409,0.07545531751619171,0.07685434703285589,0.0051941493918406766
CH63,0.397168846,0.455481582,0.0760054253935832,0.16313152185831298,0.21103328135994698,0.19955861163363428,0.256795759408672,0.05910628224570613,0.03207603383246497,0.0022930842676794753
CH64,1.149431394,1.318192087,0.09906693504250551,0.10417099260561498,0.08472337730958959,0.2695004111044972,0.2492429270627288,0.10419898799076294,0.08788777851309702,0.0012085903712039546
CH65,0.211527271,0.242583921,0.027765005143738353,0.19109738151356076,0.10499176300671409,0.24763974974609054,0.2293104490506695,0.0636620883122931,0.13388722336932124,0.0016463398576123545
CH66,0.576692107,0.661362633,0.04148695526307896,0.04521018475849218,0.08232219125472992,0.25933147901917175,0.33067896988415907,0.16725239687813523,0.07187739591288927,0.0018404270293435343
CH7,0.738767578,0.84723419,,,,,,,,
CH8,1.17360815,1.345918499,,,,,,,,
CM0,0.646615395,0.741552129,0.1663658932658803,0.07478081090447204,0.04898057798793222,0.10677055213687808,0.24544076410660756,0.2726506074677513,0.07562474540439637,0.00938604872608209
CM1,0.274592783,0.314908777,0.06255439350774995,0.07951653736995172,0.05644366485087667,0.1608110707390612,0.23841143530475195,0.2335958632478855,0.15729925819778595,0.01136777678193706
CM11,0.220745814,0.25315594,0.03716130749244036,0.05862000916027348,0.03217325417058581,0.31767147065670504,0.290335629165097,0.15571817666232216,0.10218629135957914,0.006133861332996969
CM12,0.307553292,0.352708581,0.03271041074731606,0.04189745083376499,0.017064492446304095,0.32225423534450964,0.28341173889228977,0.2317955566118597,0.06657560120431685,0.004290513919638895
CM13,0.337749704,0.387338461,0.07252253437193644,0.04559741158471718,0.060161520488732675,0.4464141036576525,0.18137360035150374,0.1208128788036295,0.06700916644365244,0.00610878429817559
CM14,0.134351471,0.154077091,0.14940116253060767,0.10338446599322769,0.06485738000447593,0.09807332166705081,0.22166842644621215,0.13775445378509457,0.21298323140727954,0.011877558166051634
CM15,0.418928301,0.480435783,0.07779261159773743,0.08534607208163925,0.09528113284896568,0.31372750864113064,0.24814014060734085,0.10062096414574523,0.06911111498153893,0.009980455095901982
CM16,0.612712024,0.70267103,0.09992586710053374,0.08780333571116777,0.08742926760013581,0.2783704471352859,0.24351763607575408,0.10916617302796905,0.08371107639945752,0.010076196949696152
CM17,0.290638919,0.333310822,0.09091700202276026,0.0348210852684703,0.03312114149988343,0.24303784431963818,0.15923397529292055,0.23516251970327773,0.19708429777272046,0.006622134120329154
CM18,0.076302964,0.087505844,0.00426151195430032,0.0008755503421181411,0.0017086993580755667,0.5254183553551848,0.33555114033093947,0.0862052014663438,0.045458661421668725,0.0005208797713691521
CM19,0.199935791,0.229290568,0.02997993997568127,0.022603399494941508,0.021814788113214613,0.39725700575480666,0.33219923792494194,0.11341976083386092,0.07515874565662067,0.007567122245932474
CM2,0.43880511,0.503230925,0.06449986884301287,0.08859110799460186,0.07608499453673395,0.1849669743256377,0.1910901554063328,0.19708700028807488,0.18759873016709697,0.010081168438508982
CM20,0.55313387,0.634345551,0.012290027609627715,0.0037146243231622523,0.0043459737203001775,0.6085153467464597,0.05890711636555474,0.12178170355826554,0.18803668066736115,0.0024085270092686914
CM21,0.699060993,0.801697843,0.1189364761030018,0.06665283064846135,0.07064249650088421,0.17568085606121192,0.22980767481634984,0.2532150430107733,0.07084697947863694,0.014217643380680696
CM22,0.601493787,0.68980572,0.21807635567952613,0.05520004412167829,0.05264252475067264,0.1721396614851029,0.19130197955033457,0.13454713557529427,0.1562772560166343,0.0198150428207569
CM23,0.574991441,0.659412273,0.18844576689521877,0.04067194193832847,0.06462897637094236,0.13706136289404572,0.14957347605980498,0.2547215746167396,0.15629856670592573,0.008598334518994333
CM24,0.766500534,0.879038927,0.18463800583749024,0.05154192021237257,0.03483553839284392,0.16575524211998685,0.23555961361688255,0.09815231883602533,0.21340398295746904,0.016113378026929494
CM3,0.45825554,0.525537088,0.10057402309448006,0.07032356831389536,0.05674298889021073,0.11702708281275041,0.3426621353509489,0.19940332386035836,0.10186719618639993,0.011399681490956225
CM4,0.748915255,0.858871759,0.17554541969398682,0.07882734137039765,0.061297779359667084,0.241401357019634,0.25111780946774576,0.08393061512073062,0.0899890326655526,0.017890645302285485
CM5,0.81683828,0.936767312,0.1921428177278654,0.05976357705204502,0.11234129096498605,0.22137307196125278,0.16239664073925153,0.09367251588625342,0.12420419804889021,0.034105887619455606
CM6,0.647594883,0.742675427,0.21618105285954822,0.06028419703133602,0.044777990366611106,0.1441531072129524,0.1371509913045742,0.19352818461033222,0.18543740324841618,0.018487073366229664
CM7,0.302477042,0.346887031,0.1437038851257447,0.0955776365253722,0.05989646537579926,0.1341187395138942,0.20174310709310525,0.17494932046071004,0.18067098847250174,0.009339857432872625
CM77,0.469924488,0.538919282,0.10907744959894203,0.04832457364774038,0.031240863805781664,0.15288545574913806,0.19439207225430222,0.2257343759482933,0.22735092758745762,0.010994281408344759
CM8,0.334668291,0.383804631,0.08151779292591589,0.07507317588954651,0.07281025154899573,0.09330827563814639,0.3614575370384275,0.19538935959570233,0.10963743427060255,0.01080617309266309
CM9,0.661441882,0.758555456,0.18821018980772436,0.09347581542025869,0.032473693958360104,0.13889397890292032,0.19395760609210597,0.22430435893412615,0.1195154304284571,0.009168926456047402
CO1,0.52739711,0.604830093,0.24509470164502425,0.05821170608129758,0.06291202387148757,0.07149155101322473,0.14651126722262056,0.1785242467846446,0.23032030944173904,0.0069341939399617065
CO10,0.493331624,0.565763078,0.24101690794219294,0.027875598085493846,0.0381333481045712,0.1281528996075978,0.28373871027019626,0.1725605960275015,0.10248714828496688,0.006034791677479654
CO11,0.212305309,0.243476192,0.17861619446412813,0.07836984298079766,0.06740005495963115,0.12394499025693306,0.22509016736446935,0.20958311985905806,0.10809646418029477,0.008899165934687907
CO12,0.258629279,0.296601494,0.25561005954103777,0.11384100998640999,0.07778450896763305,0.12489757172001037,0.18362732636060647,0.12954260681902333,0.10759813613618684,0.007098780469092141
CO13,0.087853809,0.100752596,0.06212476858464199,0.1657102400322905,0.059535588913534866,0.2150513813879324,0.2634272113495635,0.16073754428487735,0.0661087560609383,0.007304509386221127
CO14,0.079161304,0.090783847,0.19151347165452504,0.1509337392614142,0.029114980311282075,0.10714456635855482,0.29549540015369025,0.14121818121896232,0.07720174448670242,0.007377916554868935
CO15,0.169130117,0.193961974,0.08239279387789404,0.15947292265365823,0.188332414200365,0.19448333703305462,0.1671608910303441,0.11283367341168926,0.084021330928685,0.011302636864309715
CO16,0.322877676,0.370282906,0.08348089626998449,0.0849743505418253,0.09302280124636081,0.16899076544109368,0.310214949060809,0.1541517432412295,0.0986534848378567,0.006511009360840486
CO2,0.320803755,0.36790449,0.11346729241259365,0.07263148011274735,0.05800930938340154,0.22316339292848877,0.18050304174577836,0.13660974254336597,0.2099099694072857,0.005705771466338594
CO3,0.285882167,0.327855679,0.11339980106971381,0.07079446505970086,0.07151929900990502,0.21539407665894725,0.19902463632466866,0.18598080755148091,0.14209301118204729,0.001793903143536091
CO4,0.305442037,0.350287349,0.06166721390775328,0.062327097225729884,0.0477997353105686,0.08522850636939903,0.27693815369918534,0.2562066933292262,0.20533098919922185,0.004501610958915869
CO5,0.64471745,0.739375525,0.11047127503152165,0.08527274880395411,0.06282110169980845,0.1811599502041762,0.26603359245834,0.1704404812083625,0.11991162568650798,0.003889224907329112
CO6,0.565792044,0.64886221,0.23215158926850382,0.0779085875004892,0.04823251187782081,0.1315369717787849,0.27857362935696517,0.14545834285211956,0.07787949619317693,0.008258871172139626
CO7,0.435619671,0.499577797,0.22821873775783857,0.05616787310016283,0.057857175537157725,0.151260827083984,0.28538515398045683,0.10785535055117502,0.10452655965021333,0.008728322339011682
CO8,1.535842126,1.761336039,0.33146970334858195,0.04704265488440885,0.042187131142528485,0.09510685101668434,0.25792232065443926,0.12826261461947885,0.08322257763499012,0.014786146698888022
CO9,0.698101403,0.800597365,0.224350859828925,0.09504777964593258,0.052735902611838734,0.11892516336465032,0.21425919722989037,0.18839113951713804,0.09442946672873909,0.011860491072885834
CR0,0.12253422,0.14052482,0.18943153734572202,0.12615902585482464,0.1891934538904903,0.1351295287805097,0.1755132244680827,0.08831924333036054,0.08901372619602325,0.007240260133986804
CR2,0.163456179,0.187454983,0.11053358402352481,0.1723058945150478,0.27835966683671176,0.17130308346578735,0.11681376150650569,0.06582361082562846,0.06895609516023346,0.015904303666560725
CR3,0.677867221,0.77739238,0.07080586151501451,0.1457716018003741,0.2345731516473692,0.19280965188856647,0.13230387626868925,0.10258878105212442,0.11036994969003962,0.010777126137822427
CR4,0.126716228,0.145320834,0.132032724168072,0.3108975115078427,0.1944323265652803,0.07643775533694598,0.07966147617127464,0.10632960452428593,0.09105308662267639,0.00915551510362205
CR5,0.358878985,0.411569964,0.03898434974059425,0.27666877028923487,0.32499390904493103,0.1745139678538858,0.06251248794483794,0.05395102743623867,0.06024496255537041,0.008130525134907224
CR6,0.167214656,0.191765282,0.07046993972315146,0.12600575742844866,0.16935277476920454,0.2502014893990718,0.147337308860677,0.11362188277986804,0.11290178684158989,0.010109060197988668
CR7,0.046205395,0.052989318,0.31553162192414486,0.3466729058575093,0.14639063036133546,0.033596665826838665,0.058407901554767924,0.0482184416003623,0.045773888622165755,0.00540794425287568
CR8,0.147129372,0.168731057,0.06266981434125113,0.24631816523830968,0.25690310742875083,0.1558334859204349,0.0830014920239829,0.07700914658152187,0.09460039157821255,0.02366439688753618
CT1,0.471123682,0.540294543,0.22211306278585513,0.05524549796190167,0.04533740483552381,0.11459563900660392,0.2621398724555444,0.15573025037273527,0.13409341767508742,0.010744854906748454
CT10,0.181884627,0.208589114,0.21320796183033616,0.1645272173332235,0.07392732941261532,0.1787262682125399,0.22339544267206365,0.07064726983227573,0.06181360397275464,0.013754906734191078
CT11,0.118494857,0.135892393,0.41544289886795727,0.10940381741407529,0.10591534995341387,0.10309878644471265,0.10267136618544277,0.06935532070576181,0.07873262716097965,0.015379833267656658
CT12,0.411227903,0.471604804,0.12112174709884893,0.10337607240454817,0.14389251255374866,0.25832803277609595,0.19375405188864744,0.07754277693163655,0.08738424443628746,0.014600561910186882
CT13,0.607500214,0.696694018,0.3536725010655164,0.07451869336516294,0.05533074232726934,0.17200983092128444,0.14437679223101377,0.11089386725392197,0.05990398618952582,0.029293586646305377
CT14,0.614439816,0.704652498,0.3408110288150984,0.08161321464074633,0.09348069630473321,0.10612038501834876,0.1736981690116849,0.12468292547583301,0.06028649352151749,0.01930708721203792
CT15,0.637970403,0.73163787,0.20002322248593454,0.1259050480528122,0.07852009747992018,0.14853858966656883,0.27143603444827474,0.08758130536101649,0.047893763956925565,0.040101938548547385
CT16,0.653106478,0.748996239,0.3302220952266796,0.04374723857514469,0.03497772614942174,0.16342847673178712,0.23186107554313495,0.08171656620924353,0.09341809485754572,0.020628726707042598
CT17,0.484245832,0.555343301,0.3855248414877113,0.0645462758081937,0.12423266372870964,0.16921283051622638,0.09387886625074536,0.0969782984792908,0.052734338600046934,0.012891885129075848
CT18,0.340286234,0.390247407,0.15614300704499443,0.05951871482817186,0.0656773821876801,0.13634856127567913,0.1511545302606842,0.17125674775024366,0.22471820867387363,0.035182847978672986
CT19,0.537315987,0.61620527,0.28116461372965496,0.16791179883228902,0.14067760762681916,0.09342227664605558,0.18354519908435554,0.09416995630720432,0.03435987776367679,0.004748670009944622
CT2,0.19176568,0.219920913,0.12854513537193676,0.04062409617649959,0.07982877447233734,0.20366601119989758,0.2815340541912302,0.16427856540516417,0.08641045853940535,0.01511290464352907
CT20,0.390230451,0.447524485,0.5219022076637068,0.07595249856282123,0.03764176029367283,0.06638376258255148,0.125144566952946,0.08945809561247227,0.07042698291737796,0.013090125414451544
CT21,0.21649707,0.248283391,0.1872645963120246,0.14466496342877985,0.07764988290205434,0.16878401893660186,0.19559357904043911,0.13174789506582074,0.07879725931694488,0.015497804997334557
CT3,0.807944116,0.926567298,0.2632841894063213,0.1145004331963017,0.06141177577823144,0.18887086683032753,0.13761865391901756,0.10178730964451414,0.09746451810107568,0.035062253124210616
CT4,0.53402333,0.612429182,0.28093321936479176,0.0563321817129782,0.06809436374700709,0.1696805696570802,0.19199440771125098,0.09706219136520265,0.08464214567792515,0.05126092076376392
CT5,0.52085715,0.59732993,0.17490183558481368,0.16512749805112456,0.10254007596131581,0.15861678632766643,0.1817310743690684,0.08968234397041766,0.1174261978027049,0.009974187932888534
CT6,0.682559694,0.782773807,0.15809798980851428,0.09541536484445629,0.10047086222180796,0.18568595453646083,0.17303645403032544,0.13145626731184007,0.14923322024735564,0.006603886999239562
CT7,0.362971227,0.416263034,0.18661197310764907,0.09820898984440377,0.0815007045937083,0.2553666161978403,0.18088310479393183,0.12322862066365638,0.06010896231735532,0.014091028481455114
CT8,0.320340651,0.367373393,0.3170605576816702,0.14452507309211085,0.05414636180684324,0.13520776560935144,0.16346544022505077,0.06907404102081742,0.1037224163857815,0.012798344178374613
CT9,0.249190289,0.285776663,0.3803760395422759,0.13345705512247558,0.09477048440840483,0.11798031752214914,0.10138767565610941,0.07714027555144631,0.08194537798063711,0.012942774216501684
CV1,0.180230044,0.206691604,0.15512897369366635,0.13338700948285895,0.034667692533459624,0.08297351810180106,0.1260013171977145,0.04207138739951193,0.3814202793513596,0.04434982223962804
CV10,0.21248186,0.243678664,0.057997323539803865,0.1431008435784809,0.10185500983415673,0.2023553146066641,0.2333839452830112,0.11103457247040596,0.13355675033303355,0.01671624035444366
CV11,0.349959062,0.40134041,0.10031838188295464,0.17689300924888002,0.07447061341450749,0.2247888208096709,0.1871793187762811,0.14468825604162502,0.07742015622507828,0.014241443601002544
CV12,0.138588361,0.158936046,0.07074635561080153,0.09373490872264545,0.08728441266865802,0.2623661368606899,0.2604748296414952,0.11134127884480328,0.10102407683575972,0.013028000815146846
CV13,0.312609594,0.358507254,0.1770273314828494,0.06999482812925448,0.052415481190715756,0.16490486597332796,0.25037563201311114,0.11673415143581176,0.10769161046214895,0.0608560993127806
CV2,0.108547656,0.124484734,0.03604330850044423,0.14222527480883104,0.17921410081864966,0.256938068581179,0.16533985451391145,0.06543817552284494,0.12763765932525142,0.027163557928888197
CV21,0.322248333,0.369561163,0.17004978609894808,0.11205695848144946,0.0661226554158247,0.08644141379888551,0.1474698374130783,0.1857677043748134,0.20862188814065308,0.02346975627634748
CV22,0.361725853,0.414834813,0.07400729537113222,0.06752381864199197,0.1225223740683462,0.22339065660368226,0.1997254048194335,0.1044011371330174,0.18938699933491543,0.01904231402748102
CV23,0.351691595,0.403327315,0.21027804929692745,0.032827476609719485,0.04168243543044242,0.16477284642919143,0.16726121159018698,0.13425971083080623,0.20000457006289285,0.04891369974983311
CV3,0.154472037,0.17715178,0.029765265257403948,0.0718629926511051,0.1372873674024562,0.32227283061798445,0.20361076630435698,0.046508770220610014,0.15938903362645293,0.029302973919630423
CV31,0.397166095,0.455478427,0.33337645684061196,0.03239139652230447,0.05374551669051937,0.16010175175921873,0.1655459201924897,0.13834180260339124,0.0925750713593559,0.02392208403210865
CV32,0.58918722,0.67569229,0.32650245683816653,0.038290870415045766,0.044368422432559444,0.19888618213416714,0.15641527071638853,0.10540076840387617,0.10083245268487115,0.029303576374925255
CV33,0.697729812,0.800171217,0.21286018419353556,0.03572148851241695,0.022469794467131453,0.18895376841136818,0.2669682650761182,0.16939258400350457,0.05832220559785551,0.04531170973806961
CV34,0.288508036,0.330867081,0.06533130442892379,0.031838340026369524,0.031155921120682526,0.10275622483829942,0.4415356425951609,0.13152673111987853,0.18744640147554906,0.008409434395136368
CV35,0.532418165,0.610588345,0.19197792534209365,0.036599316554369786,0.02869690132775885,0.12756709469208874,0.35732294555811767,0.11427005212673058,0.09139279855437929,0.05217296584446143
CV36,0.607483738,0.696675121,0.2411528437917756,0.0403707860788717,0.036313138035829015,0.13090447333969787,0.18032683214336417,0.1847077144250932,0.13238449593560267,0.053839716249765864
CV37,0.461591785,0.529363163,0.16042003071381378,0.08813550564405105,0.06357319704706584,0.124448139958469,0.14738656331321004,0.15815913458464992,0.22049493163595138,0.03738249710278897
CV4,0.464988495,0.533258582,0.0238851052150303,0.03197039621183265,0.14632049493515303,0.33940807991091126,0.12621971560275957,0.06541282646699186,0.23515594982174842,0.03162743183557295
CV47,0.512589489,0.587848402,0.22181454167053674,0.037135177822593596,0.029296732296011516,0.17743691914734772,0.24322486356392076,0.19087851614676096,0.055044877035814344,0.04516837231701442
CV5,0.321739861,0.368978037,0.0547180454586814,0.18053709559949832,0.16287244849571791,0.27566170084743785,0.11391252476510859,0.06650791606946224,0.12267870248673064,0.023111566277363098
CV6,0.227934556,0.261400141,0.05383481183105615,0.22345726445628766,0.25355637068897474,0.13982694873028623,0.07241124415675676,0.06020145422466637,0.1607443033783645,0.035967602533607604
CV7,0.503815207,0.577785872,0.09574804338652863,0.11148637741249277,0.0683038684567329,0.2037798552389828,0.20049579456659614,0.09542140449193187,0.17213592662103697,0.05262872982569791
CV8,0.465967917,0.534381804,0.12822131857626676,0.08630864296511993,0.05888961870777943,0.26321766169156424,0.16833928604854376,0.1772664357479219,0.09703130367204219,0.020725732590761815
CV9,0.604556294,0.693317868,0.1413691030798835,0.08091904803275593,0.11489146375336064,0.20417780030450228,0.18792266517192036,0.14181926185113938,0.08674400407898306,0.04215665372745482
CW1,0.565202958,0.648186635,0.23630717574651947,0.06810108883057622,0.07287220201332623,0.1821673257749185,0.15992233127532496,0.16355230681590666,0.11258365301460437,0.004493916528823599
CW10,0.235968169,0.270613258,0.12303077602401813,0.0766998024836183,0.057193658460493325,0.14585484108291727,0.17778769077180953,0.28217776996861804,0.127216361014039,0.010039100194486443
CW11,0.456605955,0.523645308,0.17921337432627343,0.05948354285893893,0.07085320884683965,0.1457467099280473,0.22443891601813712,0.18323944308240667,0.12900446066020363,0.008020344279153331
CW12,1.036191564,1.188326269,0.1575958626835064,0.056751481126410284,0.09820236039457292,0.16841291077882872,0.2436921077836478,0.128279638306219,0.14022306844669774,0.006842570480117118
CW2,0.290183434,0.332788462,0.19709707681983799,0.11267906640830873,0.08908157232778781,0.15775789755733596,0.19485845798662688,0.13876854998484212,0.1056991418877782,0.004058237027482374
CW3,0.450183815,0.516280263,0.2539325841984036,0.034294280879570406,0.04492506899775532,0.15005953503441863,0.23368361750642497,0.14527217593352656,0.12684452574183705,0.010988211708063446
CW4,0.581933893,0.667374023,0.09329081166032466,0.02602547876176975,0.0813029582234114,0.15291454567195406,0.32959390808271044,0.18831154136472,0.11916138830344881,0.009399367931660924
CW5,0.916435564,1.050987571,0.23084057922441154,0.05107531438772752,0.04616647450157398,0.16251515657734592,0.15536945010436784,0.15918801309507893,0.18416384505901623,0.010681167050478096
CW6,0.768852785,0.881736537,0.2926939278030164,0.042803710829010515,0.045360735127287624,0.11272964171523085,0.21038772041943207,0.17783939694488543,0.10052720905081783,0.017657658110319264
CW7,0.323058429,0.370490198,0.12095227207571169,0.06645793088759337,0.03950239489847554,0.1641787511686404,0.24640055792322235,0.21901640302661357,0.13188593145994923,0.01160575855979386
CW8,0.165251234,0.18951359,0.17762743919728397,0.08375529837686065,0.07722281732836134,0.20872032740206062,0.18800087523020312,0.13329166164679013,0.11942667839342595,0.011954902425014242
CW9,0.230471732,0.264309827,0.25973342141596295,0.053701108140000633,0.07931601838535446,0.13875771911311002,0.12573223323180877,0.17376289749987187,0.15710735459513364,0.011889247618757594
DA1,0.234504962,0.268935221,0.1289639521637293,0.23018920371621768,0.09144458950639692,0.16663185550249915,0.08644366758265185,0.10607091014341566,0.17039656643540163,0.0198592549496879
DA10,0.259166354,0.297217423,0.220697614517604,0.12174416869981576,0.025768970792767666,0.1898452523232617,0.15197225741527445,0.10745666353020818,0.17226416074428563,0.010250911976782701
DA11,0.362354515,0.415555775,0.18557721002139949,0.15499949833781584,0.11374609542341878,0.17256115143379225,0.14065189367458283,0.10798068922712568,0.1102000724256723,0.014283389456192855
DA12,0.065538259,0.075160653,0.14136488996588392,0.13130973762720433,0.10763833573796057,0.2444664062210858,0.1619856580089231,0.14112907573560796,0.0659517105337273,0.006154186169607074
DA13,0.739847338,0.848472481,0.10392417886660696,0.05800828184038724,0.06635189289062729,0.3338329729489862,0.2879704531999854,0.08769421897273713,0.05410827790863492,0.008109723372034973
DA14,0.705300721,0.808853695,0.0996788551462019,0.061949995023304914,0.1746614891875226,0.19889266789192653,0.25626820644259596,0.10025415357888073,0.0867502969211426,0.021544335808424745
DA15,0.168704257,0.193473589,0.07132388227125057,0.0623908610626606,0.46857773770044714,0.06692373804766599,0.1648924151554233,0.09782168399612796,0.05483556030646103,0.013234121459963326
DA16,0.133042377,0.152575795,0.04389736817379683,0.10830997382428016,0.6183793497917035,0.1247215790599058,0.0407807169077664,0.03484497016293583,0.023474590078727108,0.005591452000884316
DA17,0.117995484,0.135319701,0.2507454055799847,0.10519813819132587,0.15884427533633916,0.13962657213143867,0.16506448366593754,0.10545168362215886,0.07123775071520277,0.003831690757612427
DA18,0.114264111,0.131040485,0.0,0.0001369431548964025,0.00273886309792805,0.054385704550220994,0.8426829919495261,0.08818025550515331,0.009469696095442917,0.002405545646832418
DA2,0.282800816,0.324321922,0.11718340269419339,0.08556703699681797,0.10085553067806068,0.2755911909400403,0.13166210506975365,0.1550418733693015,0.1153088690128184,0.018789991239014047
DA3,0.85107518,0.976030909,0.062168549915629215,0.04404284400234353,0.044276394083507684,0.199989279841055,0.4108504125852188,0.1305105189552755,0.098677373715092,0.009484626901878316
DA4,0.450116855,0.516203472,0.19473237495668502,0.10111260125314055,0.07012914575988868,0.2276398274666769,0.18894127067765487,0.08907327000788362,0.11657773354187158,0.011793776336198795
DA5,0.263839356,0.30257652,0.12812954062691156,0.04418701715069305,0.2711078351573419,0.2712091111117917,0.10427553975358532,0.05958880309700271,0.10300207744610572,0.01850007565656809
DA6,0.179343636,0.205675053,0.18514252259573094,0.10143555955304315,0.3342356230218417,0.17892958228003822,0.09197745208098047,0.04941314191280615,0.044245172369653606,0.014620946185905814
DA7,0.141800656,0.162619973,0.08995417569468529,0.10652741071340704,0.5489697137986504,0.12908356055102022,0.05460165727843158,0.028221133898792224,0.02959938586364595,0.013042962201367327
DA8,0.112900551,0.129476726,0.08408214236926197,0.07628933797095898,0.10538580488415913,0.2514273779006194,0.14791960544672525,0.243837759099503,0.0846059729518231,0.006451999376949152
DA9,0.215027551,0.246598116,0.13631704264035205,0.04810165204792151,0.01998183081933642,0.06295928160328662,0.07651421127191604,0.29404419045625263,0.33498396606790654,0.027097825093028213
DD1,0.104910001,0.120312995,,,,,,,,
DD10,0.818331156,0.938479374,,,,,,,,
DD11,0.266299865,0.305398284,,,,,,,,
DD2,0.25060991,0.287404713,,,,,,,,
DD3,0.212090827,0.243230219,,,,,,,,
DD4,0.237854427,0.272776457,,,,,,,,
DD5,0.688419395,0.789493835,,,,,,,,
DD6,0.577858657,0.662700456,,,,,,,,
DD7,0.630131109,0.722647603,,,,,,,,
DD8,0.682031997,0.782168632,,,,,,,,
DD9,0.306388672,0.35137297,,,,,,,,
DE1,0.757814352,0.869077431,0.2892288905381943,0.030147159665236515,0.03966744526586929,0.01711999709353082,0.17313683360110887,0.2743916795068992,0.14718659128198686,0.029121403047174088
DE11,0.240474972,0.275781753,0.16225279708428048,0.07821844169737642,0.05122891121563765,0.09543134135842288,0.2224418955003286,0.16385615224355082,0.20620809071583823,0.020362370184564806
DE12,0.294997778,0.338309654,0.19285038444496355,0.09329897495977785,0.04089431761164175,0.1373355518984216,0.2213704020015604,0.1500925817489987,0.13455051098786394,0.029607276346772224
DE13,0.910271101,1.043918035,0.14941895595978297,0.08087524369475026,0.09359751579242345,0.17410679842780127,0.19442992591736713,0.14316368935352317,0.145963209849476,0.018444661004875695
DE14,0.553710676,0.635007043,0.22117030133165058,0.1904511009609571,0.021992160699621142,0.028668494380123904,0.05766299554793299,0.15790715743111108,0.302315994383097,0.019831795265506158
DE15,0.6101754,0.699761977,0.12463580785120365,0.12446749644962415,0.07177038376861893,0.2028960681551558,0.1979773834823654,0.14659078578379148,0.1119847465822894,0.019677327926951187
DE21,0.33685154,0.386308428,0.059723787544129346,0.0748664943826078,0.15360391371845422,0.25015016884830293,0.14381755133724325,0.25685328488878534,0.05280106988135552,0.008183729399121636
DE22,0.20458093,0.234617711,0.19265573459341503,0.048565834099728394,0.12390930191523561,0.30474088321542003,0.1398913418313389,0.09017281807824622,0.09072930866009708,0.009334777606518772
DE23,0.2967441,0.340312372,0.1927027368080154,0.09447130436237146,0.1663597659667924,0.11147297431719169,0.14514673624294255,0.20451151886722205,0.07210557538660756,0.013229388048856901
DE24,0.285088807,0.326945837,0.08045640329754027,0.12655948029672295,0.16242033510902026,0.10083572511907704,0.2500237048889752,0.17675229475388188,0.09234199518557822,0.010610061349204161
DE3,0.6198295,0.710833501,0.1837301568965177,0.07819148923802974,0.12657195170805408,0.21756134887165343,0.1987962301435979,0.09933063661269514,0.08518114988840383,0.0106370366410482
DE4,0.833920838,0.956357949,0.36997663500198946,0.06507147628225506,0.06851634926143486,0.11679938893300439,0.1480797303850281,0.12428798023632646,0.0844590216386928,0.02280941826126879
DE45,0.731112264,0.838454915,0.4301794551111593,0.054319395686035894,0.10545699099031998,0.12907541886825433,0.12226500266672692,0.08568455747221362,0.04722321119006606,0.025795968015223873
DE5,0.627400263,0.719515811,0.22064246915156657,0.14683444152595532,0.09868392999197506,0.16400387296778973,0.15985146977089348,0.1145532221089682,0.08322982368527639,0.012200770797575292
DE55,0.280238816,0.321383766,0.20324430950589453,0.15373586791605365,0.05879205676347701,0.14981115033802958,0.1989563874774655,0.15092150826406056,0.07115856443516494,0.013380155299854276
DE56,0.647855319,0.7429741,0.21961311499557434,0.09753511435015792,0.08337997957327288,0.193741157920264,0.137266903630234,0.14634130132001763,0.11284656060903747,0.009275867601441775
DE6,0.749624832,0.859685516,0.2521209119320603,0.050475476473715614,0.054642826414165,0.13629100694834068,0.20172056222252652,0.15253618931013385,0.11812821247919825,0.03408481421985979
DE65,1.197568308,1.373396512,0.1216204400094582,0.037563034269103845,0.0381375639748176,0.19297988581982536,0.17485259207835793,0.23139804707011996,0.17018941971462215,0.03325901706369504
DE7,0.304139997,0.348794143,0.2018687629433123,0.11234771993093888,0.09266834039075109,0.17248214289121921,0.1711931219793682,0.14011678414490403,0.09045827025428264,0.018864857465223685
DE72,0.161654781,0.185389101,0.14630997134352536,0.07818025940031793,0.09293685835566484,0.20467313980390056,0.20877434819960705,0.1629176246254045,0.08989770127773014,0.01631009699384963
DE73,0.162918251,0.186838076,0.15760427269571134,0.05634252541149034,0.046313614312092896,0.13929510135842005,0.14712245287249723,0.2804945100664152,0.14844546897156388,0.024382054311809107
DE74,0.528429821,0.606014428,0.20071666051860318,0.04112668233311968,0.0636127038420164,0.1387409909752416,0.24907582604300532,0.13617571084750332,0.14122344395487713,0.029327981485633377
DE75,0.550324508,0.631123716,0.2047083427058328,0.13410068840466657,0.11713931133936693,0.13530733989944072,0.1359357124983368,0.1568938509846275,0.10776391490705538,0.008150839260673197
DG1,0.715485871,0.820534239,,,,,,,,
DG10,0.496503415,0.569400555,,,,,,,,
DG11,1.467063965,1.682459798,,,,,,,,
DG12,0.987454718,1.132433831,,,,,,,,
DG13,1.88643599,2.163404452,,,,,,,,
DG14,0.941267185,1.079464996,,,,,,,,
DG16,0.672455617,0.771186239,0.36,0.04,0.013333333333333332,0.18666666666666668,0.08,0.13333333333333333,0.16,0.026666666666666665
DG2,0.260920826,0.299229488,,,,,,,,
DG3,2.180124946,2.500213122,,,,,,,,
DG4,2.141649743,2.45608895,,,,,,,,
DG5,0.7641044,0.87629099,,,,,,,,
DG6,0.392163711,0.449741589,,,,,,,,
DG7,1.242679868,1.425131398,,,,,,,,
DG8,0.760807548,0.87251009,,,,,,,,
DG9,0.605340323,0.694217009,,,,,,,,
DH1,0.38109464,0.437047345,0.14482218142159223,0.07384924234025439,0.06866776047989412,0.24145728614969314,0.20441509313350312,0.08581556432352473,0.16126266532541597,0.01971020682612225
DH2,0.502339423,0.576093411,0.10714999442758133,0.09667679365968113,0.08221711687829307,0.20235990363499187,0.2572597177256972,0.17347392875311543,0.07267505638856739,0.008187488532072556
DH3,0.50040101,0.573870398,0.19337219680953913,0.1550769677447096,0.12184429074845693,0.15369549591127468,0.17410123017187934,0.11245432427334176,0.08557652769286628,0.0038789666479323364
DH4,0.223065999,0.255816777,0.14832096949295503,0.12954090534142912,0.09784441676443786,0.26665659538956715,0.12400319120860741,0.1126604904248425,0.11551049204698678,0.005462939331174175
DH5,0.168954349,0.193760399,0.1410597609149035,0.16048831959537,0.11081794358277089,0.2561603498961774,0.1422330287825451,0.08839470277153094,0.09535586406324752,0.005490030393454625
DH6,0.18217241,0.20891915,0.09730245173624903,0.14306515002160594,0.22715527794985776,0.14981058043145362,0.11719910512794321,0.12904685962991785,0.1260214416914631,0.010399133411509456
DH7,0.27554215,0.315997531,0.16409731800133892,0.15920986016112956,0.06506241848661114,0.1847899314953345,0.16968494846213683,0.13298619865242733,0.11428476963688991,0.009884555104131878
DH8,0.183891315,0.210890426,0.23571964534302434,0.12442607779469463,0.11646937236755545,0.15803201485330037,0.11642460852385715,0.0913321493264186,0.153612414072096,0.003983717719053459
DH9,0.126012326,0.144513584,0.1943155887445998,0.21861657774953228,0.06409484384647765,0.12210459250839023,0.2237117260180598,0.05933940764634232,0.11433440574797135,0.0034828577386265594
DL1,0.196107916,0.224900681,0.24901647083261755,0.14032962911785024,0.09019363642433025,0.10345649316597344,0.1536242585849842,0.1359858306990827,0.12154311891934212,0.005850562255819556
DL10,0.58398801,0.669729728,0.2236031254286379,0.0780948665473543,0.058857898370454936,0.14447429130803333,0.18774698234167747,0.153392907569084,0.1277729438445183,0.02605698459023987
DL11,1.813191116,2.079405692,0.49350923322669416,0.06626875946378132,0.017793206705215957,0.07296182936623406,0.10771640275757924,0.0984191555341524,0.10155006172368293,0.04178135122265987
DL12,0.866451417,0.993664701,0.4402799861451153,0.08497725193835803,0.04946425905760127,0.14994808783391655,0.09176352315093511,0.09830558643120028,0.07111187544972755,0.014149429993145866
DL13,0.204425137,0.234439044,0.4839859980577777,0.13643666344165178,0.026410849241359145,0.12271512940451626,0.08885286828010477,0.060475605906860866,0.06586253071586423,0.015260354951865257
DL14,0.385999042,0.442671817,0.24897028912752223,0.17098515156049307,0.04857166616269337,0.09447710961298322,0.1783599673484368,0.13227119105926755,0.11992435695633057,0.006440268172273144
DL15,0.213685498,0.245059022,0.28048651507334216,0.13795425750577886,0.05742753204300638,0.13745662866711356,0.130496863634759,0.09360685947625554,0.1593840281402149,0.003187315459529567
DL16,0.19406078,0.222552983,0.1211221943643771,0.11823599053225962,0.07177192395770907,0.19024130290700478,0.16193604023548913,0.14709882915121347,0.17603760956685638,0.013556109285090509
DL17,0.137971976,0.158229162,0.16026313629611436,0.20249536280005143,0.13168042234976393,0.19053144731170435,0.15134860397344568,0.059239528656120165,0.09454449737144197,0.009897001241358137
DL2,0.738437518,0.84685567,0.23685330698281074,0.08211160685020634,0.03401209308979716,0.15188519074236162,0.1674739462084317,0.12177977660258572,0.19092202885353646,0.01496205067027023
DL3,0.159081461,0.182437964,0.19972352216024733,0.19964160171169942,0.12078279691474117,0.0768130211839681,0.1498868943349339,0.1355242904451421,0.11288448753210657,0.004743385717161366
DL4,0.213277982,0.244591674,0.25739730041343184,0.1758802603118589,0.03863577838117902,0.19898312477839855,0.20293881548525852,0.03078018936382497,0.08763682218377343,0.007747709082274789
DL5,0.269849329,0.309468884,0.05452679968047694,0.012996998754592004,0.019236356550444277,0.4191036514056974,0.24217138370904584,0.17126905723494534,0.07268447417044772,0.008011278494350491
DL6,1.159847887,1.330137941,0.253020074143861,0.06508861973241578,0.04444640175845979,0.14080911320251488,0.23741885037393476,0.14170660895645845,0.09694925538747805,0.020561076444877268
DL7,0.756660538,0.867754212,0.2012999538598483,0.0776926558976476,0.041509585352063214,0.13786174890372194,0.20989200374803027,0.1676922495777826,0.1424634288775404,0.02158837378336563
DL8,1.856077621,2.128588836,0.3383504765513926,0.028117550453451573,0.02912343092903132,0.11452865450494003,0.1607289571894384,0.15364628679146455,0.14468818599201744,0.0308164575882641
DL9,0.499397049,0.572719035,0.03260881143661234,0.049552238004603504,0.09617415138569782,0.19509243001151452,0.2239874491680547,0.2353143137986851,0.1364877055119461,0.030782900682885923
DN1,0.241758006,0.277253164,0.4054213467222629,0.343836989171826,0.026933406595371044,0.030976471903392422,0.06479020774600114,0.02591380009135102,0.08472574296940254,0.017402034800393013
DN10,0.33481938,0.383977904,0.1945627360403231,0.0707852798752137,0.05584955332928328,0.1678883177179062,0.1958128244664168,0.15183078883204804,0.12555903714606723,0.037711462592741676
DN11,0.121421831,0.139249108,0.04828996260711858,0.24117831468923298,0.04208146231802239,0.18754590072842298,0.27248931223959816,0.12549187836935682,0.06295390089522347,0.019969268153024577
DN12,0.141053165,0.161762735,0.06030959028565393,0.1961968118280677,0.04468047464391681,0.23328729534503626,0.2768729258405076,0.08220834082983602,0.07912150332557336,0.027323057901408182
DN14,0.412275423,0.472806123,0.23150844814835747,0.048525961447909265,0.11183366702965566,0.14657975042148524,0.18703188887636793,0.12861300255634228,0.12888209957259994,0.01702518194728217
DN15,0.743388205,0.852533222,0.13909090523967454,0.21856353882161442,0.14827173965838775,0.13862324388288957,0.13281745138070555,0.10173328983393437,0.09674711570173875,0.024152715481055024
DN16,0.19139918,0.219500604,0.042065270070358395,0.07426125606596536,0.17385193586856815,0.3459095725484326,0.1650591597855556,0.07794338232525057,0.11240496270251207,0.008504460633357237
DN17,0.382050985,0.438144102,0.08427322206274748,0.06420825862572527,0.09223619587444382,0.32448913753056996,0.21134649501668665,0.10948953693103786,0.09572506816536286,0.018232085793426174
DN18,0.481614945,0.552326144,0.2323216393105996,0.05395853435376,0.043618573987999905,0.14333269362120507,0.171887528605333,0.12524880886543693,0.19183969145637922,0.037792529799286254
DN19,0.493884222,0.566396809,0.24545722772396417,0.07446637758737243,0.047428713227275335,0.07474108146138689,0.14853215681943746,0.23711657025602426,0.1465773216355671,0.025680551288972356
DN2,0.293983387,0.337146328,0.04474242529633013,0.21758604199201415,0.22949349175883046,0.39037243727938,0.053379854504061346,0.019243382109577375,0.03310424627221946,0.012078120787587078
DN20,0.389996069,0.447255691,0.15365797738328263,0.07478941225170982,0.09436821736250231,0.14707949757286992,0.2232099039595616,0.1487415991515203,0.13078552893447246,0.027367863384080975
DN21,0.120482323,0.13817166,0.24335290841989363,0.09703911385787901,0.04983866099377583,0.16711343650604077,0.15238624916458895,0.10686450602855592,0.17206105104759672,0.011344073981669206
DN22,0.382147995,0.438255354,0.1899169112461472,0.04480813598001767,0.05954615687577053,0.20425512898634116,0.241042606042691,0.11313425286421323,0.1061502508363885,0.04114655716843064
DN3,0.201951472,0.231602193,0.03876185917129037,0.15417461060378215,0.029702313599049967,0.169820653464913,0.29504566394629633,0.16861690532941848,0.11064760805045833,0.03323038583479133
DN31,0.540892975,0.620307435,0.34937018621766375,0.06750601120355705,0.06606351168981463,0.053025648837175275,0.2954662679732731,0.10061678296149604,0.05885420932614648,0.00909738179087372
DN32,0.304108417,0.348757926,0.33745754610081274,0.185625041158719,0.05532026389500941,0.1317921850214043,0.14823640305702435,0.0808190980815512,0.05166733006642138,0.009082132619057609
DN33,0.159395513,0.182798126,0.014623401115974365,0.13766120487829742,0.09812297650360398,0.36896928174064647,0.17061853849846445,0.08825178567225185,0.11613044314923164,0.005622368441529801
DN34,0.207441932,0.237898769,0.04189827093603556,0.06479177855865781,0.23810160099427632,0.32990030143576915,0.1365255413277077,0.1128968672216027,0.07046938446073764,0.005416255065213097
DN35,0.183281288,0.210190835,0.19686471272482847,0.1916514204990512,0.10560324134736936,0.18295799951069108,0.18439650537677446,0.09364965819455662,0.03410809783419595,0.01076836451253277
DN36,0.399876438,0.458586705,0.0776082654597824,0.035146803089718626,0.04083000318473256,0.26984263668683867,0.2805783748069532,0.1568375277085865,0.12082256138508846,0.01833382767829963
DN37,0.2767128,0.317340056,0.0921131640754341,0.05510847371448065,0.03941210580000137,0.15405814978770063,0.3806430213628573,0.1726470550383074,0.09088848001381418,0.01512955020740432
DN38,0.455257418,0.522098778,0.28278655619759313,0.07487030166300293,0.045160892270802964,0.12115093453141704,0.1679148692243163,0.11489267452615169,0.15526861894131538,0.037955152645400496
DN39,0.807990161,0.926620104,0.21866207114385022,0.04536670923559144,0.05313288614574855,0.0754983900513492,0.3224603438181046,0.12204445937901237,0.10954051213912695,0.05329462808721663
DN4,0.167549316,0.192149078,0.0859783387948395,0.21082393305752506,0.10714306331099249,0.18005608235576917,0.20036841220764753,0.08766673595987262,0.10439869321651966,0.023564741096833902
DN40,0.284229941,0.325960872,0.047511769501098165,0.051924541953351715,0.029874795812183906,0.1942462711777959,0.5236202208548947,0.06971573585238963,0.06938668925685469,0.013719975591431382
DN41,0.398195304,0.456658746,0.053034296521560324,0.11103960871445784,0.03486603344269652,0.15024976814450441,0.3430237633004895,0.14432970911731174,0.14432552799368262,0.01913129276529703
DN5,0.220407404,0.252767844,0.08098980685970786,0.16157448242776157,0.15588991584428932,0.2125265295794582,0.17783606354901174,0.12098817471032138,0.06534539880201788,0.02484962822743207
DN6,0.311672537,0.357432618,0.07415899390455664,0.3286848096599882,0.04169024412788051,0.14121293557562734,0.2166397499173834,0.1150867666619133,0.05546135503124475,0.027065145121405947
DN7,0.115680049,0.132664312,0.06792287634437932,0.1888866623542831,0.04179335239193537,0.2500210553011633,0.1882020873980487,0.13203446324875823,0.09584005542965941,0.03529944753177255
DN8,0.347709395,0.398760445,0.056155290181873464,0.22658653760840117,0.05419635418548253,0.20750967027789965,0.2008275275251103,0.10344491110969252,0.11718802455877346,0.03409168455276695
DN9,0.594084713,0.681308838,0.11868473977612741,0.043511672769828355,0.04241463209736562,0.1588623978277227,0.2446731466846829,0.19515080753731995,0.16290211330899584,0.033800489997957275
DT1,0.771774713,0.885087466,0.22605653839310236,0.03575374444565965,0.03170307991113952,0.09521243741189284,0.16444108037517793,0.17381790824237836,0.2577131809611954,0.015302030259453989
DT10,1.259300875,1.444192718,0.21486373135494918,0.04398083125911676,0.02730282074743464,0.14185849143267246,0.19982801946185927,0.1689172480884853,0.1643227064966522,0.03892615115883018
DT11,1.089455613,1.249410601,0.2717552731304682,0.03284495699998215,0.02364305603405918,0.1373349170610041,0.21414352141017245,0.1724857397717859,0.11635561030438248,0.031436925288145456
DT2,0.66753152,0.765539181,0.3145002225550305,0.03238805848010441,0.03139015767455719,0.1155982197323239,0.17423672389233727,0.18295485634585568,0.12162354292024666,0.02730821839954431
DT3,0.610003306,0.699564615,0.18195108180543507,0.046525921922724214,0.0647617539257717,0.13596220962758757,0.2220855715321357,0.24271811465970336,0.08808631469598875,0.017909031830653573
DT4,0.449549908,0.515553286,0.3608741129460552,0.06916402496283439,0.09864970505135635,0.11362316175542904,0.1057593614326951,0.12209327478487939,0.1037865986685831,0.026049760398167462
DT5,0.551800566,0.63281649,0.25309801611055155,0.07679362392206583,0.030153895247951822,0.10123431840472326,0.36036389276433645,0.05533996007227862,0.10827695750499274,0.014739335973099761
DT6,0.578095675,0.662972274,0.2993070472007461,0.04582108775990371,0.052228177559013045,0.1316798943693696,0.19973769912723724,0.15528812183851923,0.09676517442503813,0.01917279772017303
DT7,0.191995329,0.220184279,0.2884880983840109,0.0855540358338105,0.07169337708810654,0.15758954647754284,0.1413544746970398,0.1162578282111509,0.11582755795588655,0.023235081352451885
DT8,0.997433162,1.143877319,0.30955701837351784,0.021239960522060702,0.026828967224378227,0.1267050558388861,0.18958038530984575,0.22543188757521881,0.08247238569197626,0.018184339464116364
DT9,0.760734024,0.872425771,0.3231528397169343,0.07751801456546312,0.040799296030220616,0.1058795598544959,0.1995303781708076,0.15418068437284643,0.07183188227892455,0.02710734501030744
DY1,0.27994245,0.321043887,0.12193852574792867,0.04918914436071986,0.21821839588744274,0.1665510174893361,0.1746293819972361,0.13679421338927486,0.12650616663217548,0.006173154495886188
DY10,0.537981902,0.616968956,0.1820323408154786,0.04213718654973234,0.10308786373059835,0.14269369877199056,0.2498470513012319,0.14003783633976535,0.13390628685308256,0.006257735638120387
DY11,0.34148605,0.391623381,0.14294922820253003,0.04735534566585174,0.12711331779881832,0.22593050870127412,0.2709206997392869,0.09117738281638858,0.08937173683483841,0.005181780241011902
DY12,0.52927254,0.606980876,0.22916745050575277,0.047095065407856795,0.05536484923286113,0.1317173478506836,0.27904324271382064,0.09978527777302475,0.14384607121524332,0.013980695300756964
DY13,0.424334785,0.486636052,0.13082111060962004,0.039998096457055446,0.05857699327096633,0.1592164356285398,0.21199880381334898,0.15630796173919592,0.23512786258391324,0.007952735897360237
DY14,1.156178598,1.325929923,0.30892095285024873,0.03774601362160621,0.032956959312117215,0.10179594526924454,0.13686885064898624,0.14279676662881607,0.21205584754091103,0.026858664128070003
DY2,0.286300892,0.328335882,0.17391992940510276,0.1243086644299398,0.1681704317522395,0.20164984106602005,0.1840192194496125,0.07027493452980296,0.06879741216192987,0.008859567205352557
DY3,0.200142643,0.229527791,0.06873143793370723,0.0897002135739358,0.07988374667439026,0.3079943232905014,0.2664435663476302,0.1141848628495759,0.06603726288367444,0.007024586446584735
DY4,0.147529507,0.16918994,0.020489834739421602,0.05538351463756213,0.16734201664111278,0.17050384433308494,0.21455611846252218,0.1904671702355619,0.17155614092425897,0.009701360026475467
DY5,0.152392677,0.174767125,0.11574149409317715,0.09661672850663114,0.13661684915651975,0.1305263240419261,0.29385514863070056,0.14278497476854968,0.07816196157270297,0.005696519229792683
DY6,0.124049078,0.142262091,0.04939188220337158,0.02090397486414716,0.05549997378994577,0.35989055680639864,0.35946202282368306,0.10743615354352135,0.042683337989788246,0.004732097979144182
DY7,0.438245432,0.502589075,0.15975701547743199,0.06694027228720634,0.1282700050040725,0.21357255328359276,0.19660775258552024,0.11225067523468518,0.10260952446123266,0.019992201666258317
DY8,0.243667923,0.279443496,0.09393395080102507,0.10075857904373793,0.1449189194294009,0.21678298696071663,0.24953976698112001,0.11934175559928885,0.06913836787039807,0.005585673314312534
DY9,0.417970903,0.479337819,0.15870044504195427,0.1067357364830496,0.12432110407411812,0.20974615100190447,0.24968191409273632,0.07991014963166157,0.061100977995078284,0.009803521679497312
E1,0.042099462,0.048280549,0.17195323388107428,0.07686594867838029,0.043216750803232916,0.19620004352279036,0.13095146692027002,0.1434559007011825,0.21453014802440845,0.0228265074686612
E10,0.087197092,0.099999459,0.22380701440435438,0.2727309779090693,0.03845127544594367,0.14047989516296988,0.06732089888657057,0.04446611956496495,0.20015643492733617,0.012587383698791055
E11,0.225057233,0.258100366,0.26124229216149997,0.3605757371890058,0.05151343229388989,0.06861294129325873,0.07938843524262616,0.07305352213669179,0.08799684265079658,0.017616797032231075
E12,0.06998625,0.080261703,0.38731863547695244,0.23230414435928223,0.012697465996434596,0.115834307507634,0.16993616476179385,0.032743421536917804,0.033210149135380826,0.015955711225604245
E13,0.044197134,0.050686202,0.40468382890302496,0.09381065559871093,0.014587613783727664,0.16906476218220187,0.17534805642188908,0.07763486158441851,0.061349335008166056,0.0035208865178609446
E14,0.072197762,0.082797912,0.0701506125491801,0.013632387711987813,0.013553167235643706,0.1388977247891693,0.1376022978781873,0.1760828513981882,0.4312968561839926,0.01878410225365098
E15,0.075603373,0.086703538,0.2254982805889652,0.03213890484380199,0.04383472957779358,0.09524269795919298,0.15924738422614687,0.1195117230356579,0.3164977948481062,0.008028484920335291
E16,0.108207535,0.124094676,0.11492741434911276,0.03334555368072308,0.030120603434857528,0.1551496875248653,0.18860948074931455,0.1900640773450598,0.2816669147914051,0.0061162681246618375
E17,0.072317178,0.08293486,0.3740046541287794,0.23460711685571262,0.05523539567465889,0.0790994164936347,0.06552141071459112,0.1279887467261878,0.04986078573472658,0.013682473671708849
E18,0.162719315,0.186609932,0.22125080861367383,0.1748116541740992,0.15244927139346406,0.14623386156290352,0.1503824572570292,0.043378446171092565,0.10968691034246662,0.0018065904852710153
E1W,0.04094674,0.046958583,0.13011931601174637,0.11864598084228979,0.05338613462669473,0.17757295812432353,0.14739461237534784,0.2756590814206562,0.0884665892241535,0.00875532737478798
E2,0.052140327,0.059795624,0.17218222046123674,0.04688301913198254,0.14036159249507804,0.2558252423080945,0.11862538567019938,0.07936272026553481,0.1755544395046193,0.01120538016325479
E20,0.064221844,0.073650961,0.05368853587569233,0.007738296238439167,0.002723950128006585,0.007404139333832323,0.15920829484357907,0.040130077354640525,0.7084282764049203,0.020678429820889577
E3,0.129103852,0.148059012,0.13091708588283354,0.0236922901061354,0.021975286345294293,0.0942008321067363,0.25894157416835456,0.07958698694389436,0.37840562127561383,0.012280323171137668
E4,0.278404698,0.319280361,0.08827974689014272,0.3087141181477587,0.2615667833551745,0.10081175679640235,0.09562151828322882,0.07482281841309606,0.06266451097917553,0.007518747135021331
E5,0.036255469,0.041578534,0.4386532313324795,0.06907320729891567,0.05096203255578219,0.1569546101968745,0.11172395275337423,0.042534248141236464,0.11911908038303724,0.010979637338300152
E6,0.089858284,0.103051369,0.18570669799976808,0.34900697102422035,0.039078482680286755,0.06773157139170989,0.05332730181842853,0.23172169995552427,0.06539547646812595,0.008031798661936205
E7,0.090793004,0.104123325,0.7081628415133522,0.05900490768623195,0.010155944813215719,0.07673593311512089,0.06495159744916451,0.02715881495949083,0.04641741219306413,0.007412548270359656
E8,0.068837847,0.07894469,0.26752120153710157,0.05644076134158328,0.15057698025736216,0.11878058626377387,0.09552759279403338,0.0863276941786138,0.21370737792061661,0.011117805706915349
E9,0.044240838,0.050736323,0.1925698065936776,0.03819774601028537,0.15892339324934168,0.19782820333749052,0.10816385322498541,0.11425645023181377,0.17069341024846688,0.019367137103938795
EC1A,0.023239379,0.026651408,0.3615034670523876,0.029031968512873752,0.13389203060760754,0.08628845616064434,0.12356485515471537,0.10390110584565905,0.1388588481391269,0.022959268526985342
EC1M,0.064344977,0.073792172,0.31623553884183025,0.04375709383090165,0.03374231686584651,0.10578000031742293,0.026517907194887946,0.21235364060785822,0.19507644421873305,0.06653705812251944
EC1N,0.035872968,0.041139874,0.27203664656353466,0.1266879002612089,0.06335151145160602,0.05734380266858368,0.07202180913278661,0.12591538483217327,0.2616145709031635,0.02102837418694351
EC1R,0.071249947,0.081710938,0.3288678404380323,0.08176669201315209,0.12092055952408999,0.05998282220832453,0.07984661576991017,0.1664089447099194,0.1188672377937086,0.04333928754286296
EC1V,0.059016662,0.067681549,0.21640832767545515,0.0461719647129929,0.05977860446411777,0.17209738154979026,0.15179603249516666,0.04834676997725034,0.26597847977323463,0.03942243935199233
EC1Y,0.038436712,0.04408003,0.25054372891106763,0.02926525468148243,0.04771499489712751,0.08572178618226017,0.26972547761202464,0.053543044428502086,0.2052956614986531,0.058190051788882424
EC2A,0.161567912,0.185289478,0.3783370860465468,0.11585388155136823,0.060735064346797936,0.06702273912986086,0.09375189187195179,0.0586101077900953,0.19496537662940128,0.030723852633977804
EC2M,0.183449106,0.210383292,0.38044582213770556,0.053584953847692594,0.03680853698188602,0.05779401474544347,0.0977554582541318,0.10868212881569222,0.2470236679691118,0.01790541724833655
EC2N,0.400066436,0.4588046,0.40046959141753236,0.05694987046968397,0.030311532836785365,0.0538814116902695,0.07346488513932183,0.11389974093936794,0.256085927511724,0.014937039995315055
EC2P,0.567534514,0.650860512,0.32163346623939937,0.03459654982444494,0.3260469558912933,0.06662164565563584,0.09372392642990278,0.06749487517758208,0.05744738112001971,0.0324351996617221
EC2R,0.309168559,0.354561004,0.39718664683509247,0.05611427707744986,0.03942477974583736,0.05428355630803864,0.07555147518208769,0.11225212205165348,0.24974749011961153,0.015439652680229057
EC2V,0.241495352,0.276951947,0.27779155181013665,0.03846643232994249,0.02670466851753402,0.054565668410675075,0.2922541310806276,0.08220863160471036,0.216586111942929,0.01142280430344481
EC2Y,0.010457387,0.011992751,0.10172902722043961,0.009736607449775692,0.06673870424417964,0.05510809327103883,0.5889023384380124,0.033710499878973406,0.1319060300448485,0.01216869945273186
EC3A,0.186797375,0.214223156,0.3697148416089982,0.050945463042501256,0.023418959541316717,0.07191392941299113,0.11376933302099732,0.11350032433407688,0.24382029109634804,0.012916857942770471
EC3M,0.286402619,0.328452545,0.40386137287846685,0.058002775951493876,0.01594650205761317,0.053272700708598145,0.07323428787104,0.11600555190298775,0.265587028514379,0.014089780115421143
EC3N,0.082869229,0.095036175,0.26201800295905964,0.028664116332176328,0.05061745182916533,0.10779079930953697,0.21949400011210765,0.14561496375838057,0.1768060457080521,0.008994619991521466
EC3R,0.096505354,0.110674369,0.4007807640286273,0.057046467302877546,0.028993640104751223,0.053825566646079466,0.07344372942663542,0.11409293460575509,0.2569575881541694,0.014859309731104605
EC3V,0.181248993,0.207860155,0.4033652005276923,0.05784874993476189,0.018047914301516612,0.05336174699952133,0.073268021173142,0.11569749986952378,0.264197144268082,0.014213722925760168
EC4A,0.027496099,0.031533105,0.4562837233755782,0.03524946462674592,0.0528449237481847,0.09466119236274734,0.016113608372979607,0.13620196887863073,0.19240508557956984,0.01624003305556373
EC4M,0.064447008,0.073909183,0.4171312207496468,0.04880625345591738,0.04118460090998834,0.06726098248485089,0.05538909211459331,0.12134593733647436,0.23318844180381995,0.015693471144708867
EC4N,0.358233083,0.41082923,0.3981307779212384,0.05622383620729359,0.04021698466142912,0.05430115024821394,0.07362389420564222,0.11244767241458718,0.2495344136507633,0.015521270690832313
EC4R,0.172003499,0.197257229,0.4018881724387004,0.05739023838571349,0.024303492440747344,0.05362682398881494,0.07336843997854556,0.11478047677142698,0.26005967455816625,0.014582681437885058
EC4V,0.038391306,0.044027957,0.4095626590659183,0.054332507971394925,0.02507160185798354,0.058937277265071364,0.06592471306425668,0.1183611565262507,0.2531350636438629,0.014675020605261553
EC4Y,0.083090198,0.095289586,0.45664945505744464,0.03565756544980592,0.05177902188312173,0.0932754014779355,0.016057640214806757,0.13659577811044862,0.19371946403072157,0.016265673775715198
EH1,0.241803083,0.277304859,,,,,,,,
EH10,0.346252636,0.397089802,,,,,,,,
EH11,0.218163749,0.250194773,,,,,,,,
EH12,0.212007147,0.243134253,,,,,,,,
EH13,0.280754782,0.321975486,,,,,,,,
EH14,0.26294698,0.301553125,,,,,,,,
EH15,0.354844788,0.406943463,,,,,,,,
EH16,0.300634068,0.34477347,,,,,,,,
EH17,0.321128728,0.368277177,,,,,,,,
EH18,1.078764748,1.237150092,,,,,,,,
EH19,0.498120222,0.571254743,,,,,,,,
EH2,0.597221743,0.684906451,,,,,,,,
EH20,1.720072095,1.97261484,,,,,,,,
EH21,0.5316633,0.60972265,,,,,,,,
EH22,0.355410439,0.407592163,,,,,,,,
EH23,1.214989812,1.393375859,,,,,,,,
EH24,0.594995824,0.68235372,,,,,,,,
EH25,5.212125539,5.977375145,,,,,,,,
EH26,0.51085906,0.58586391,,,,,,,,
EH27,0.179482791,0.205834639,,,,,,,,
EH28,1.160879695,1.33132124,,,,,,,,
EH29,1.207931608,1.385281363,,,,,,,,
EH3,0.221506442,0.254028244,,,,,,,,
EH30,0.597906113,0.685691301,,,,,,,,
EH31,0.919247299,1.054212129,,,,,,,,
EH32,0.612259697,0.702152292,,,,,,,,
EH33,0.870044076,0.997784838,,,,,,,,
EH34,0.761087219,0.872830823,,,,,,,,
EH35,0.553217759,0.634441757,,,,,,,,
EH36,0.523570261,0.600441382,,,,,,,,
EH37,0.40954864,0.469678991,,,,,,,,
EH38,1.426383774,1.6358069,,,,,,,,
EH39,0.921860259,1.057208726,,,,,,,,
EH4,0.316583873,0.363065041,,,,,,,,
EH40,0.370341854,0.424715824,,,,,,,,
EH41,0.320992495,0.368120942,,,,,,,,
EH42,0.59595415,0.683452748,,,,,,,,
EH43,0.590331441,0.677004507,,,,,,,,
EH44,0.583421246,0.66907975,,,,,,,,
EH45,0.86329091,0.990040165,,,,,,,,
EH46,0.571253994,0.65512609,,,,,,,,
EH47,0.087642267,0.100509994,,,,,,,,
EH48,0.100102226,0.114799338,,,,,,,,
EH49,0.351218456,0.402784709,,,,,,,,
EH5,0.260770616,0.299057224,,,,,,,,
EH51,0.296575662,0.340119205,,,,,,,,
EH52,0.186675358,0.214083225,,,,,,,,
EH53,0.248301247,0.284757091,,,,,,,,
EH54,0.317518881,0.364137328,,,,,,,,
EH55,0.542892254,0.62260025,,,,,,,,
EH6,0.250104217,0.286824774,,,,,,,,
EH7,0.120218057,0.137868595,,,,,,,,
EH8,0.121773868,0.139652832,,,,,,,,
EH9,0.279349926,0.320364368,,,,,,,,
EN1,0.252878021,0.290005831,0.11219583471419152,0.23021471169550864,0.295090156205471,0.07836474457462252,0.07973259272977204,0.08717043224457655,0.11282179681477911,0.004409731021078615
EN10,0.66854513,0.76670161,0.05150760189347303,0.04029715302969706,0.07808698275866104,0.17896467269246458,0.34153631072595836,0.1643408055573943,0.12886492064132693,0.016401552701024707
EN11,0.402089243,0.461124397,0.07970031709063095,0.04587089939261746,0.08630970502729716,0.16905893679482914,0.3089259311893848,0.13153999742349026,0.16030206514826942,0.01829214793348078
EN2,0.202073666,0.231742329,0.14130606543514213,0.13278911115395914,0.17734941399226153,0.18788112898944476,0.15722296010253714,0.10852768851333837,0.09102535312307927,0.0038982786902375752
EN3,0.206864948,0.237237072,0.10362413821479234,0.1515766893937082,0.2469347068606881,0.09815807567250122,0.1485879430113861,0.10236707231013879,0.14701493076942004,0.0017364437673652092
EN4,0.237785039,0.272696882,0.07416530729006725,0.10024563589228609,0.355478361563557,0.21934588074902753,0.07945486796601559,0.11095078712189431,0.05663396411017129,0.0037251953069809152
EN5,0.185129373,0.212310257,0.10653240813266983,0.1529746086666376,0.2823485198561836,0.16144363186727165,0.1233836881797436,0.12702315511366985,0.042541422858155674,0.003752565325668165
EN6,1.115381646,1.27914312,0.032230175343823025,0.06002292069980534,0.3123616028291843,0.3040980098766016,0.08891277603449704,0.10716705176391385,0.08491336230124465,0.010294101150930216
EN7,0.358657293,0.411315723,0.03051335643404559,0.037067799225921336,0.11877952276941645,0.25525602635740385,0.23124054547035403,0.23243913810797234,0.07946354720279582,0.015240064432090628
EN8,0.238280425,0.273265001,0.05416001116663329,0.03776933747718439,0.19013501113673215,0.299959610758295,0.15633160883027977,0.14914849814592335,0.0975034540204115,0.01499246846454053
EN9,0.458235741,0.525514381,0.06611932942418457,0.05174315524445579,0.08448492708213612,0.2231377330347073,0.275062161449828,0.20670718767650606,0.07251314907395423,0.020232357014227938
EX1,0.287597215,0.329822533,0.21029579573502813,0.05717130768275585,0.07191331347846568,0.11405432169516823,0.2114854763895149,0.10069854592422972,0.2186892709431161,0.01569196815172144
EX10,0.644082588,0.738647452,0.23261102064705397,0.1217392492685852,0.08106613497051546,0.1293509859082431,0.19801335826777536,0.13440584353152926,0.08288596190727926,0.01992744549901832
EX11,0.732788616,0.84037739,0.25227026857687906,0.04230244828463916,0.02031203156215378,0.11813278461325266,0.303096520720359,0.13141673058196854,0.11351416003858047,0.018955055622167337
EX12,0.681208433,0.781224152,0.21393015626780168,0.07047332739676142,0.10320095937982858,0.10531676861309565,0.20356772636164686,0.18539693051785044,0.1101687080371305,0.007945423425884834
EX13,0.709931501,0.814164371,0.2656296584273933,0.059084920353372906,0.06760303849738525,0.14014444831800985,0.18492952706687416,0.13323394210269474,0.12229757680264797,0.027076888431621784
EX14,0.741308698,0.850148399,0.2272233184584751,0.03408841507427169,0.03362575352295182,0.08423334052135971,0.19389303687021572,0.3125660163906148,0.09325207448618282,0.02111804467592826
EX15,1.122376402,1.287164854,0.2541758749869566,0.03994796869880671,0.03183287520681417,0.07994606997565831,0.18260521745067326,0.2383033087838813,0.1715502815031321,0.0016384033940776087
EX16,0.742318611,0.851306589,0.31955884952659364,0.02934805877107263,0.039257914570487044,0.13096463498428326,0.18137870060442535,0.1491777054286352,0.14503575598114965,0.0052783801333532564
EX17,1.012963922,1.161688322,0.3168918257972922,0.03009194910430217,0.03715391494409108,0.1163426940552493,0.19716075026867982,0.16328170901017858,0.13410098309012808,0.004976173730078791
EX18,0.485994825,0.557349083,0.3865981903541338,0.03880936295048416,0.036889494512666474,0.08478303133219733,0.14900596068753483,0.1731046341320247,0.12640337199689058,0.004405954034067995
EX19,1.141837069,1.309482756,0.4248138854892419,0.024125478112200918,0.01123713474151631,0.0681188464475568,0.14550480222054205,0.15675538621178103,0.1635506666041178,0.005893800173043081
EX2,0.27718066,0.317876608,0.1428223408722685,0.058281828786363864,0.1299559293361937,0.14612072887984603,0.17279281835703575,0.16613411272203615,0.17449928714985377,0.009392953896402163
EX20,1.012882828,1.161595322,0.406033428329885,0.04722383322618275,0.034580757358483094,0.07123424894645385,0.1194134607349923,0.13083294855252767,0.1822284520391318,0.008452870812343473
EX21,1.13950954,1.306813497,0.3870093424967653,0.03935324373511562,0.020553736334619817,0.06260652337453752,0.1230269300178776,0.18044273013337264,0.17322481130047407,0.013782682607237499
CA95,0.0,0.0,0.6150602570790363,0.0980464935863997,0.021935984377298934,0.08632277998475181,0.10616882682610383,0.020255674598397607,0.03768073779810869,0.01452924574990303
CA99,0.0,0.0,0.40575916230366493,0.05235602094240838,0.2356020942408377,0.02617801047120419,0.04057591623036649,0.07984293193717278,0.15837696335078533,0.0013089005235602093
CF91,0.0,0.0,,,,,,,,
CF95,0.0,0.0,,,,,,,,
CF99,0.0,0.0,,,,,,,,
CH70,0.0,0.0,0.2231237322515213,0.08316430020283977,0.24340770791075045,0.10141987829614606,0.30425963488843816,0.002028397565922921,0.042596348884381345,0.0
CH88,0.0,0.0,0.339380731470493,0.030499946056748304,0.0237190635451505,0.1477658862876254,0.07274430898694573,0.22352411263350958,0.15312601143596935,0.009239939583558095
CH99,0.0,0.0,0.30115409919673597,0.018202998852479918,0.01350893280632411,0.16200774703557314,0.05448001530026775,0.23193951294147652,0.21030740787963778,0.00839928598750478
CM92,0.0,0.0,0.014792899408284025,0.0029585798816568047,0.014792899408284025,0.9023668639053254,0.045857988165680465,0.01627218934911243,0.0029585798816568047,0.0
CM98,0.0,0.0,0.0016051364365971105,0.0,0.016051364365971106,0.0,0.0016051364365971105,0.08025682182985555,0.884430176565008,0.016051364365971106
CR9,0.0,0.0,0.30771629999687716,0.2123456515731211,0.12938143238809224,0.051793909435416716,0.10927421215137693,0.06206901465561302,0.12007306295912566,0.0073464168403771166
CT50,0.0,0.0,0.29908166841920786,0.0406869961444094,0.0514546091833158,0.06735366281107605,0.24336487907465829,0.12779530318962493,0.1489800210304942,0.02128286014721346
DE99,0.0,0.0,0.2483414377467351,0.03114877746312029,0.052572919889261716,0.0013419216317767041,0.12693058232788368,0.3397907527717623,0.1709826303779327,0.02889097779152752
DH97,0.0,0.0,0.1511585756956183,0.0629428596485496,0.05334254461913598,0.36520855222317566,0.12846940758306064,0.05103975182835712,0.1714143049491602,0.01642400345294248
DH99,0.0,0.0,0.07365747363073674,0.07156664839645467,0.06824859965509404,0.4528668636284643,0.14806625402724485,0.02070772562597756,0.15640014437923613,0.00848629065679184
DL98,0.0,0.0,0.4000000000000001,0.20000000000000004,0.039999999999999994,0.0,0.0,0.31999999999999995,0.039999999999999994,0.0
DN55,0.0,0.0,0.36977491961414793,0.4019292604501608,0.03215434083601286,0.0,0.0482315112540193,0.0016077170418006429,0.1302250803858521,0.01607717041800643
E98,0.0,0.0,0.29615604096531195,0.022631038686084556,0.021154605896276588,0.019322782480677217,0.09519572653324464,0.40836155635769356,0.13529239953672598,0.0018858495439857098
EC3P,0.0,0.0,0.33973435541564384,0.03809592493635723,0.28754023244381377,0.06478134895172405,0.07759409560638635,0.07619184987271446,0.08595361848169647,0.030108574291663935
EH91,0.0,0.0,,,,,,,,
EH99,0.0,0.0,,,,,,,,
EX22,1.946335908,2.232098938,0.3304836620072791,0.04015228889235338,0.026448609066115427,0.07113309872519004,0.14294547835699598,0.1664603652940587,0.20433466506690762,0.018041832591099826
EX23,1.113297261,1.276752704,0.2614449664733989,0.09403184809918017,0.05952156148364195,0.08047905135657,0.18162194807566867,0.15650570335498962,0.14943347630525705,0.016961444851293698
EX24,0.697779304,0.800227975,0.28600925845091457,0.07235160422933698,0.05729802744516164,0.09726132155198396,0.20265881498810429,0.1876659323576955,0.0764184044735321,0.020336636503270847
EX3,0.407753219,0.467619964,0.22159125487071502,0.029299462567148764,0.06855235002541497,0.1105978795629105,0.15207899253707094,0.25561938451544763,0.15404244934439143,0.008218226576900734
EX31,1.719408578,1.971853905,0.2529327077686979,0.040517031856532514,0.04787457790827665,0.10866959999237996,0.22901012976232882,0.18726915049908846,0.11505911729791987,0.018667684914775825
EX32,0.537000951,0.615843981,0.33163970235491974,0.04901583225269086,0.029295230354474525,0.09055490141982475,0.1862018278944447,0.1657563003699109,0.13408436708899227,0.013451838264742236
EX33,0.816956526,0.936902919,0.18007032262949818,0.06248530712428681,0.05622062997546801,0.1408933401727245,0.32622282756435356,0.10881813951415792,0.10163483564811959,0.023654597371391424
EX34,1.240168046,1.422250787,0.4579543897728502,0.0686233352235945,0.050584716833824206,0.06256561383687968,0.14820865009472634,0.08183552833989081,0.09757247020508246,0.032655295693151815
EX35,1.944737306,2.230265627,0.5025700851374486,0.12076761063162474,0.030388879985958805,0.07142852600545876,0.09279778393351802,0.05151966657254997,0.08046817965604165,0.05005926807739953
EX36,1.723099448,1.976086672,0.3492609490217349,0.02920573230855138,0.03293489019714111,0.09324736768213521,0.17531452242862244,0.15568188362084184,0.14381085081946837,0.020543803921504764
EX37,0.722802397,0.828924985,0.483329465416046,0.03776965108652999,0.023430411113103483,0.062002482884173454,0.14493935862863844,0.1297187523605882,0.10576782511420936,0.01304205339671087
EX38,0.20434307,0.234344928,0.37613888969584075,0.016210891828936584,0.015875145356043893,0.06494504116073939,0.2169827025464264,0.15066133617800115,0.14013044912178327,0.019055544112228498
EX39,0.971334515,1.113946842,0.26603383097273003,0.06457301288041271,0.05743021539009871,0.09038073230309113,0.17859895633254355,0.16430771732236754,0.1587670075025744,0.019908527296181904
EX4,0.358391433,0.41101083,0.17813456044017784,0.09381824181909057,0.0727250681933979,0.13440925465408401,0.17395462485435018,0.12348640378096998,0.20955317192491005,0.01391867433301946
EX5,0.470204517,0.539240425,0.2806631333046181,0.03728940899552275,0.054198657083256545,0.10076985464701171,0.18044916646972278,0.16417622301528578,0.17442614141986865,0.008027415064713647
EX6,1.436920812,1.647890996,0.29756801969625046,0.035191266946128424,0.03532657670622189,0.11723131305799665,0.15756984109953673,0.22114321645609433,0.1139653332855619,0.022004432752209632
EX7,0.285069909,0.326924165,0.2507208257182719,0.04591491186156635,0.051757496602506316,0.11181703192208067,0.20754880867135012,0.20309595009400697,0.11511252310690584,0.014032452023311805
EX8,0.528785021,0.606421779,0.26835190227869304,0.07963870334062301,0.06268559171975152,0.14960064509898335,0.21652297517781574,0.12842974052409625,0.08934001914693031,0.0054304227131066925
EX9,0.574678391,0.65905326,0.2041339863041601,0.1609755525249609,0.0968657931572143,0.12774792581796812,0.21566363504608457,0.0967538853099892,0.08259486923402284,0.01526435260559996
FK1,0.223507116,0.25632266,,,,,,,,
FK10,0.17072484,0.195790835,,,,,,,,
FK11,0.275150979,0.315548928,,,,,,,,
FK12,0.183750502,0.210728939,,,,,,,,
FK13,0.182175613,0.208922823,,,,,,,,
FK14,0.256408012,0.294054098,,,,,,,,
FK15,0.972626482,1.115428497,,,,,,,,
FK16,1.026797784,1.177553286,,,,,,,,
FK17,1.041054701,1.193903417,,,,,,,,
FK18,0.952037497,1.091816616,,,,,,,,
FK19,0.698975225,0.801599483,,,,,,,,
FK2,0.267116884,0.306335258,,,,,,,,
FK20,0.275791072,0.316283,,,,,,,,
FK21,0.666839529,0.764745591,,,,,,,,
FK3,0.11318004,0.129797249,,,,,,,,
FK4,0.128165934,0.146983388,,,,,,,,
FK5,0.078447603,0.089965361,,,,,,,,
FK6,0.342676352,0.392988445,,,,,,,,
FK7,0.718699103,0.824219241,,,,,,,,
FK8,0.440569902,0.505254826,,,,,,,,
FK9,0.366210084,0.419977423,,,,,,,,
FY1,0.122041175,0.139959385,0.5432743796874657,0.25269640625624545,0.04965379933348542,0.010500343247840997,0.01962085973310738,0.05919628582918848,0.024189088281353938,0.04086883763131268
FY2,0.169399646,0.194271075,0.05875470383122455,0.1883715579732179,0.2531803990390933,0.2468481700162943,0.14304170257556476,0.04017886712461028,0.055327477242343714,0.014297122197651224
FY3,0.132592273,0.152059607,0.09143543008364687,0.22840704799353345,0.23478125336956573,0.1922413486086761,0.08710702286781292,0.10863886771242771,0.04729453140850972,0.010094497955827484
FY4,0.124941991,0.143286102,0.16229264679519284,0.1639967187847507,0.268810273284486,0.1407951908774332,0.11004254156970956,0.08194927461341739,0.04587855715462894,0.026234796920381376
FY5,0.347713803,0.3987655,0.047972345612625554,0.14233985032375585,0.1592572911015825,0.24752706487913473,0.18122174830131244,0.1450286108467781,0.07058367714062008,0.006069411794190765
FY6,0.481732954,0.552461479,0.0936140029548295,0.07466217497280679,0.062108380727889496,0.30102690810531485,0.21543578238200334,0.13836430813228118,0.10347281712874869,0.011315625596126162
FY7,0.218620958,0.250719111,0.20304804711143862,0.2330064171761559,0.10481591042716316,0.1333925082154594,0.18046839856592556,0.09160474426980086,0.047912949761683706,0.005751024472372739
FY8,0.39773592,0.456131915,0.22124329449697452,0.17772476740158644,0.055441552189543,0.1509178316637076,0.1633779662939467,0.10040375824009375,0.10833001677517928,0.02256081293896868
G1,0.22196678,0.254556169,,,,,,,,
G11,0.256603237,0.294277987,,,,,,,,
G12,0.389275601,0.446429443,,,,,,,,
G13,0.397473958,0.455831491,,,,,,,,
G14,0.304510699,0.349219271,,,,,,,,
G15,0.128844982,0.147762134,,,,,,,,
G2,0.657896004,0.754488968,,,,,,,,
G20,0.169045896,0.193865387,,,,,,,,
G21,0.104215795,0.119516865,,,,,,,,
G22,0.108381944,0.124294692,,,,,,,,
G23,0.096326105,0.110468803,,,,,,,,
G3,0.402163703,0.46120979,,,,,,,,
G31,0.109621222,0.125715922,,,,,,,,
G32,0.083614525,0.095890895,,,,,,,,
G33,0.102714699,0.117795376,,,,,,,,
G34,0.094227558,0.108062144,,,,,,,,
G4,0.148713189,0.170547411,,,,,,,,
G40,0.126591726,0.145178053,,,,,,,,
G41,0.433499569,0.497146419,,,,,,,,
G42,0.192529427,0.220796795,,,,,,,,
G43,0.362128541,0.415296624,,,,,,,,
G44,0.153710195,0.176278083,,,,,,,,
G45,0.186303854,0.213657176,,,,,,,,
G46,0.150867893,0.173018471,,,,,,,,
G5,0.217968653,0.249971034,,,,,,,,
G51,0.360404437,0.413319385,,,,,,,,
G52,0.21757115,0.249515169,,,,,,,,
G53,0.208799084,0.239455179,,,,,,,,
G60,0.095747926,0.109805734,,,,,,,,
G61,0.553339627,0.634581517,,,,,,,,
G62,0.47672464,0.54671784,,,,,,,,
G63,0.717043295,0.822320326,,,,,,,,
G64,0.327666605,0.375774951,,,,,,,,
G65,0.328003187,0.376160951,,,,,,,,
G66,0.220828198,0.25325042,,,,,,,,
G67,0.205799813,0.236015552,,,,,,,,
G68,0.196895163,0.225803512,,,,,,,,
G69,0.121878454,0.139772773,,,,,,,,
G71,0.224840126,0.257851383,,,,,,,,
G72,0.210873661,0.241834348,,,,,,,,
G73,0.184900343,0.212047601,,,,,,,,
G74,0.133389453,0.15297383,,,,,,,,
G75,0.191575008,0.219702247,,,,,,,,
G76,0.59055603,0.67726207,,,,,,,,
G77,0.302643208,0.347077593,,,,,,,,
G78,0.073013108,0.083732967,,,,,,,,
G81,0.084931677,0.097401433,,,,,,,,
G82,0.3191651,0.366025247,,,,,,,,
G83,0.127242193,0.145924022,,,,,,,,
G84,0.350743844,0.402240414,,,,,,,,
GL1,0.165251276,0.189513637,0.3566748742067805,0.052215213234347524,0.04322227822725927,0.07005633001006706,0.09237821956712931,0.08235581697836608,0.2916703472172008,0.01142692055884943
GL10,0.698547802,0.801109305,0.21977186396829418,0.03136651732987998,0.0411857261980903,0.21946693206629087,0.20339448432464552,0.14834017881569359,0.11492067896600969,0.021553618331095932
GL11,0.793674789,0.910202934,0.15721095767486884,0.0661103381890254,0.0987155638820621,0.16677134203226987,0.23963025786585931,0.1656679199431322,0.09519619500240942,0.010697425410372803
GL12,0.525940104,0.603159169,0.2963354433254716,0.03307691894410672,0.04700503077040287,0.1035265943189671,0.24883455550488454,0.18368141668673243,0.06235847679864588,0.02518156365078879
GL13,0.94079262,1.078920755,0.3140760182493813,0.06421477176585305,0.03928025184513386,0.16837335600421252,0.1426806492045933,0.17167576767690043,0.07737207636271372,0.022327108891211735
GL14,0.440418962,0.505081725,0.3682987695084653,0.02944452614059623,0.061302400191837456,0.1075202906276493,0.15453423858516072,0.15523173606344595,0.10676701604766489,0.016901022835180187
GL15,0.774993123,0.888778406,0.26757178559888356,0.0650424342522544,0.06561357952097162,0.11334134468860058,0.1952814265550249,0.1851518273252747,0.0854774465958767,0.022520155463113475
GL16,0.452976915,0.519483449,0.22391918597475893,0.04590150334371194,0.04012730322581326,0.12603680099239772,0.2161741568803264,0.22002960459031717,0.11372080416097731,0.01409064083169727
GL17,0.354658078,0.406729339,0.3127080785388758,0.027710294278102975,0.033700871749393076,0.1709913347179818,0.22897423966388167,0.10245356977567097,0.10655506129578962,0.01690654998030403
GL18,0.543203055,0.622956684,0.25881773938839403,0.01493923747747991,0.03687810023671577,0.11924627113421252,0.26016708153137663,0.1437722841761641,0.14464668664012803,0.021532599415528965
GL19,0.78902137,0.904866295,0.36414398195714254,0.03156004614716503,0.032331454429693846,0.15288501920105832,0.16017857607708794,0.12699149689736028,0.1106395422010723,0.021269883089419708
GL2,0.746622608,0.856242504,0.10207227366588793,0.02476360303369063,0.04967483997581097,0.1694256042227757,0.18130656383742522,0.21914304173607735,0.2436274265272109,0.009986647001121304
GL20,0.862686776,0.989347331,0.16975093014753964,0.027813945017632746,0.019779439481159646,0.17053679303340016,0.298821229088168,0.16855378513035346,0.13873598774206491,0.006007890359681428
GL3,0.479788373,0.550231392,0.046458499285854715,0.03005637647038672,0.06644045166185139,0.313159705064395,0.2200999215386275,0.1438186909968963,0.17485834134168965,0.005108013640298681
GL4,0.419745837,0.481373351,0.047183800461398855,0.04344021965307105,0.08343213299319323,0.21711121395899086,0.23959141513180957,0.22494421276076762,0.13841281465323801,0.005884190387530859
GL5,0.719046445,0.82461758,0.26359793180504,0.046595594538735144,0.07632904525117279,0.16360428431138677,0.17711218732479883,0.14944209031822933,0.10606895166509259,0.017249914785544596
GL50,0.650881559,0.746444656,0.38593637572363737,0.14275086716492907,0.015034956895689032,0.04029572771147146,0.12648752236300087,0.11721456905873279,0.15171685011700012,0.020563130965539304
GL51,0.518638003,0.594784965,0.0821304348090298,0.06648760965010282,0.041898778216167776,0.31460983684496424,0.2108417864868335,0.17347771038391843,0.10376560978487893,0.0067882338241045306
GL52,0.501468179,0.57509425,0.17600372816263438,0.07511001857248965,0.04424938245163336,0.20946728799460188,0.1602268544162179,0.19492634597412523,0.13113626733947395,0.008880115088823672
GL53,0.32921126,0.377546395,0.26773525993808084,0.11414687475617272,0.05990685125132681,0.1491613995452684,0.223877196195924,0.09542297792902822,0.07538507904951906,0.014364361334679993
GL54,0.685009527,0.785583326,0.2983044700615588,0.08506411130965083,0.032264862506366336,0.13851265083140796,0.1751063937704296,0.1478221856455228,0.10358355428644711,0.019341771588616524
GL55,0.816347708,0.936204714,0.2326445890074319,0.07409587425283684,0.07533247919588658,0.12959736095768132,0.18706893097356966,0.1665813264543843,0.10293283741485915,0.031746601743350235
GL56,1.244708777,1.427458193,0.2648344674020472,0.037706879676903234,0.05413034258039825,0.1269034314149895,0.12454598963678236,0.1876310995181778,0.17109575696733548,0.0331520328033661
GL6,0.409019478,0.469072136,0.3094164375332669,0.03249554711463863,0.06441524629904291,0.14601986387772606,0.16530595247264224,0.1777661833916379,0.08463758874411947,0.019943180566925824
GL7,0.63729704,0.730865644,0.24222244455538344,0.035700364264506824,0.047599773706268396,0.1198604777264297,0.21778656413782188,0.17082203159492193,0.1494991688940452,0.016509175120622582
GL8,1.151376485,1.320422759,0.35243560824294623,0.03573014918942148,0.03354275592240175,0.09986123239995383,0.21440085679993265,0.15415099949126415,0.08300063619870895,0.02687776175537097
GL9,0.52138407,0.597934213,0.44313284780262663,0.044373790824182226,0.03338077637501868,0.07057888547494129,0.13590456989850286,0.13656322146684327,0.08339877387749106,0.052667134280393935
GU1,0.535788485,0.614453498,0.329575717721079,0.11641410908694137,0.05395017507828112,0.11726580948921043,0.15130844948131725,0.08041352158858726,0.13854409121913705,0.012528126335446425
GU10,0.649838374,0.745248309,0.23437853303865722,0.09030799790234025,0.10952817500287602,0.15715469906732618,0.19892259818653998,0.11009605691125068,0.08723440477584245,0.01237753511516717
GU11,0.261272995,0.299633363,0.15174440635075867,0.08708039255358478,0.046260304824518934,0.07158342953702031,0.25724594994071787,0.19842628742479962,0.17467735831902384,0.012981871049576002
GU12,0.307832623,0.353028924,0.08855914328785133,0.10387765947371697,0.08392655913096143,0.21176899998291634,0.2443938502684931,0.15568751084376536,0.1051479919639339,0.0066382850483615195
GU14,0.383784743,0.440132412,0.1089413074201578,0.10802855487400095,0.03797585363241106,0.1765175310997526,0.2193854397056363,0.18610897814931712,0.14832200925678438,0.01472032586193971
GU15,0.434667849,0.498486227,0.07273492155346255,0.06988216166665168,0.06795057602367831,0.23412278596859037,0.2910377468812276,0.12165102959982353,0.12350340027435165,0.01911737803221433
GU16,0.358953091,0.411654951,0.028837655463836008,0.05567659673283585,0.027913249410084388,0.25533861710416633,0.3821048175419143,0.14566443534904427,0.08617144840536864,0.018293179992750156
GU17,0.456726908,0.523784021,0.04777077233077727,0.040226080265344875,0.020608086562796314,0.24651543859884725,0.41777363710039767,0.16345667805383512,0.051255680164493334,0.012393626923508259
GU18,0.368986658,0.423161657,0.018156540097587104,0.07360393488778579,0.06297453081118162,0.1227723621952951,0.3199066294408166,0.32830952912573713,0.0604170230425242,0.01385945039907247
GU19,0.502786556,0.576606192,0.06407119739190731,0.11987569138618852,0.01572771231988718,0.1886049106941526,0.2680161982516207,0.248571979008072,0.06984073709896768,0.025291573849204003
GU2,0.475979145,0.54586289,0.11499664374733802,0.18871140287398772,0.22394553440943507,0.1352027990279835,0.1368273947335128,0.09613962407747408,0.09355926138852202,0.010617339741746811
GU20,0.806586909,0.925010825,0.14048140209121984,0.09557383047500116,0.0582684808592197,0.14998547425367015,0.23481297337198842,0.22568767883861127,0.06912516769259269,0.026064992417696838
GU21,0.39151923,0.449002484,0.08604302627909328,0.106951409914956,0.07225424789286439,0.21105045069660436,0.23574361795452697,0.1590884531601633,0.1200162528579353,0.008852541243856364
GU22,0.27017581,0.309843299,0.055389610214205326,0.13065967738971265,0.09256805384761078,0.23409439663740442,0.1351827369821834,0.18943155512931745,0.14935996324859677,0.013314006550969261
GU23,0.445127586,0.510481673,0.1665095959877252,0.10282407613353585,0.12231123859552313,0.23595763224518576,0.12408415427963662,0.10619896931655967,0.1150712751511429,0.02704305829069094
GU24,0.624176845,0.715819129,0.12821881860471063,0.12191366851256469,0.08931605579700891,0.25408127091359933,0.16363868456693792,0.16274107059255058,0.06109464975134262,0.018995781261285347
GU25,0.52815967,0.605704613,0.07003149232827395,0.06958671145048063,0.13896251885608846,0.2622852160146177,0.055992819267291105,0.21878858171749052,0.1569937780583708,0.02735888230738684
GU26,0.908634541,1.042041194,0.12997408865523172,0.17140379090999122,0.0637557008729974,0.12728732847497792,0.23570190786661302,0.12078477019458884,0.1421393766064192,0.00895303641918077
GU27,0.535445095,0.614059692,0.17774526668374324,0.12682367415439863,0.0751493537521945,0.16354996628504898,0.16279028494147377,0.16980769103763518,0.10957992463439746,0.014553838511108197
GU28,0.733992088,0.841757558,0.369969528297085,0.06540201953104706,0.04513250933134994,0.153434358085563,0.16621692245822198,0.07724651560467799,0.0809134022541426,0.041684744437912355
GU29,0.875660662,1.004226057,0.28322785311936016,0.06643846379774665,0.07906009489835093,0.14340488796933937,0.20570646464424736,0.11622616766593093,0.07914544589326229,0.0267906220117623
GU3,0.85196458,0.977050891,0.19722016120907504,0.11359709845539039,0.10968428030635902,0.21449621932635116,0.1592565063901857,0.09917455099472167,0.08669783708733723,0.01987334623057975
GU30,0.883034067,1.012682032,0.10991450453778838,0.12248198809612239,0.04210066612018361,0.1559495048191003,0.2528587388492856,0.15135503703672287,0.15466279737619107,0.010676763164605798
GU31,0.846077838,0.970299852,0.21353343558880658,0.07092849492168647,0.050876108532961234,0.12353310336613871,0.22317591115979393,0.21065864415270133,0.09149397355205295,0.015800328725858764
GU32,0.688673204,0.789784908,0.23987912707158063,0.11724194641800811,0.044791607688597634,0.11301464104726089,0.16540232946958897,0.2142431150781879,0.09916720934977602,0.0062600238769997645
GU33,0.23902305,0.274116658,0.23139333118468555,0.09950393555346812,0.03605150401637114,0.14474735654497864,0.211078253910373,0.18492122642400693,0.06815076551819689,0.02415362684791972
GU34,0.470819961,0.53994623,0.16328582295450678,0.09050169187395224,0.05235707558688436,0.14586494856000373,0.18789025710275986,0.1960144499487493,0.14903177836352355,0.015053975609620166
GU35,0.57459098,0.658953016,0.06776001432154684,0.04011254439720913,0.028414369875027295,0.14624383359695817,0.2855818252911766,0.3197609870691251,0.09334754849290729,0.018778876956049587
GU4,0.35201083,0.40369342,0.1804082229079264,0.09235185867904694,0.0860091359424778,0.201019588203201,0.17659362559998415,0.16436192463213703,0.08577022678658995,0.013485417248636725
GU46,0.678961731,0.778647587,0.03466767753925381,0.02615084663866077,0.021604862070428756,0.18936081008013514,0.5363228029207694,0.14870294574687015,0.037376536353787494,0.005813518650094521
GU47,0.385109377,0.44165153,0.050590945926710054,0.03058146880511105,0.023499721923415137,0.2287675984523255,0.38300226285700845,0.20712531005029544,0.06222199505617633,0.014210696928958084
GU5,0.288714802,0.331104204,0.3113493605627295,0.1072658190186304,0.1496853835439965,0.1555648406747226,0.0986520179583823,0.07300393350389976,0.08093950952367913,0.02353913521395985
GU51,0.501156398,0.574736693,0.03370198578180951,0.11263461158593481,0.047428112758252164,0.15526497448852197,0.23271456829541462,0.1968720092670341,0.21449915328670405,0.006884584536328756
GU52,0.292443785,0.335380681,0.025700328697524113,0.05304712637012512,0.02305182180236105,0.2246827365021331,0.36038470003323514,0.2220344973132862,0.08689394682141978,0.004204842459915475
GU6,0.824118619,0.945116558,0.12620401474306753,0.11416826505857129,0.09051919460167439,0.11791205808595752,0.2982623192503342,0.17283446354703608,0.07314780195207875,0.006951882761280256
GU7,1.222846862,1.40238649,0.2827259444703125,0.0965369256752301,0.07102270925790634,0.1352358774513686,0.15282585351466632,0.16629928617632417,0.09156401811372421,0.0037893853404676633
GU8,0.919288779,1.054259699,0.29496242757376323,0.09119783196058794,0.09342587202529468,0.1731800300473049,0.13596467216183325,0.11410112457217887,0.08553280309097376,0.011635238568063363
GU9,0.564145911,0.646974391,0.25187273080254985,0.07339638342796904,0.06899122734380762,0.1638462433145084,0.22753883904304995,0.13129981138485,0.07576051190239659,0.007294252780868608
HA0,0.077031919,0.088341824,0.02796046202720555,0.2449920658239345,0.33741002263347764,0.14675102934425613,0.060914046370440185,0.1059356074910554,0.07557054646552097,0.00046621984410960283
HA1,0.121073935,0.138850134,0.10775027515631062,0.33776352716324226,0.16330261099205926,0.0365823411980994,0.08748079852868534,0.08852632030336663,0.17175762151895002,0.006836505139286537
HA2,0.078842845,0.090418633,0.04187020827216309,0.22080767908953516,0.43048388647839103,0.040913907942495435,0.04622971696120059,0.05989642327867035,0.1572174836061658,0.002580694371378526
HA3,0.127911221,0.146691277,0.04044072561617917,0.24925203868853035,0.40775279864194813,0.08842836908857138,0.05875055065269126,0.05516980267910879,0.09725140013383746,0.0029543144991334156
HA4,0.271704918,0.311596912,0.0028319743244675745,0.09346431846575712,0.491357942034793,0.18411177787269892,0.08009733914650348,0.06835845991107733,0.07878270387245198,0.0009954843722505841
HA5,0.382260288,0.438384134,0.015252671330881064,0.15306965499243486,0.34223018536832345,0.1752929531039188,0.16471809134644813,0.09624463319602455,0.051873471684010804,0.0013183389779583192
HA6,0.355946992,0.408207494,0.014154634143332121,0.17740109948593705,0.19714447370188348,0.16731492692829608,0.2314862195605023,0.12547445816936012,0.0775042776205669,0.009519910390121886
HA7,0.501606405,0.575252771,0.011580283740503898,0.025386091525089385,0.45985090510691995,0.14570070272843,0.08568169841653822,0.05831066516236907,0.21100993103236795,0.002479722287781579
HA8,0.128782585,0.147690576,0.006366802297595716,0.2756741611862568,0.4361591552157836,0.0651508966809569,0.07018633268559167,0.044152905258853674,0.1005758332934824,0.0017339133814791704
HA9,0.075120606,0.08614989,0.01088588626566242,0.23196852477013255,0.2817369600915178,0.11915767782098863,0.06820470767269149,0.06205513792860114,0.22503346743505304,0.0009576380153529676
HD1,0.291888215,0.334743542,0.3722745172347599,0.1236775616044631,0.13131675797396664,0.05997966999571835,0.03938394167909764,0.04563947641120695,0.1607038033527828,0.0670242717480046
HD2,0.250760513,0.287577429,0.19909023406499662,0.11956119604071262,0.13630106302967449,0.2143334581661414,0.11569395344800851,0.09233015509700472,0.0989469383491954,0.023743001804266244
HD3,0.218777155,0.250898241,0.2561529948765272,0.10692318333281463,0.09774737690150691,0.14375164520653644,0.1596047673090416,0.08974303985687647,0.126196848189255,0.019880144327441736
HD4,0.322779403,0.370170205,0.251919190550344,0.13426070261449746,0.16419637412668978,0.11434047306956951,0.1696092292797864,0.08617632890716952,0.06436348234454442,0.015134219107398912
HD5,0.152694405,0.175113153,0.1970258246372185,0.09153897761623495,0.15192630809701435,0.26062880558514595,0.13527091866613358,0.06994764653830986,0.0724051086521883,0.0212564102077545
HD6,0.484227171,0.555321899,0.3797098381058982,0.05929268812711193,0.06820916413836911,0.12144689815164687,0.16955404293848722,0.07932569067582831,0.10979978895472679,0.012661888907931568
HD7,0.183854379,0.210848067,0.3538413130788153,0.10727018916876316,0.053786921057102,0.09908302223411532,0.16597636816013867,0.10932966761831989,0.09403199307593645,0.016680525606809257
HD8,0.365307631,0.418942471,0.2896315192226472,0.05181092226013839,0.05228337686557996,0.11446146207367822,0.22420740957751012,0.12456969068253057,0.0997722132324192,0.04326340608549639
HD9,0.251482511,0.28840543,0.35564341661314813,0.0716487269971956,0.044966164631082675,0.09354448107078774,0.18262521308748106,0.12346852834275872,0.10142152490865182,0.026681944348894208
HG1,0.385898461,0.442556467,0.3409528162093428,0.22548992338947532,0.09372504617088019,0.10882463224999933,0.10860180533841256,0.06363110495275048,0.05063627234736024,0.00813839934177911
HG2,0.332153316,0.380920406,0.1803448423511409,0.17701791765192737,0.13988204157785053,0.1777121152432273,0.14901305752134167,0.11864216508421865,0.05230000099275839,0.005087859577535225
HG3,0.507925103,0.582499186,0.3056527996384946,0.07050773597909446,0.04860947434650865,0.1243047633390656,0.20080557280034636,0.14927867592345528,0.08140079773214501,0.019440180240890097
HG4,1.143413633,1.311290793,0.297483927321984,0.053686350793472115,0.04318498449954993,0.12178034260194687,0.17524280063020364,0.1793740677122692,0.10199792336008615,0.027249603080488047
HG5,0.444459297,0.509715266,0.16780195168721923,0.07380109106383832,0.08641935187150071,0.19020301107969728,0.21838437616519,0.15426349886535315,0.08904808296789612,0.020078636299305102
HP1,0.307504042,0.3526521,0.0757386382851827,0.033064134194737665,0.06099892524290598,0.38036489994818157,0.11405027280155852,0.13002473021650837,0.19643873420990526,0.009319665101019928
HP10,0.487781431,0.559398,0.08340991730519534,0.08105305777264482,0.09494950546448806,0.28138571457471073,0.261151437437041,0.12049952875355832,0.06885029366127729,0.008700545031084443
HP11,0.409096676,0.469160669,0.1186621607085588,0.0909607622673322,0.10381321464246733,0.18594104455270466,0.13016980561930042,0.13590999460750008,0.20988823265536738,0.02465478494676906
HP12,0.381552244,0.437572135,0.047337475051192845,0.09742775671023785,0.16769919182207718,0.35949575386460875,0.1509367231063368,0.09739471416016761,0.07172837828428454,0.00798000700109453
HP13,0.234297708,0.268697537,0.07739042793337537,0.10083905476711714,0.09607832369615105,0.2698858782348731,0.19074621870923159,0.11455287470812478,0.13750256323543344,0.013004658715693517
HP14,0.858894834,0.984998653,0.12979192149514884,0.08282501395600307,0.11075389505642844,0.2250086447251975,0.27042706211626927,0.1024007865705136,0.062419161621572544,0.016373514458866745
HP15,0.156864988,0.179896066,0.04972702846077338,0.053400431518337246,0.07947754558695945,0.24416764863243634,0.381583080464886,0.08282699437642896,0.09284490548970427,0.015972365470474353
HP16,0.370183506,0.424534227,0.12661976612149406,0.1225847531741136,0.05153380267145236,0.20142531584400666,0.32201044865919787,0.09458940413572042,0.057044227576308934,0.024192281817705996
HP17,0.445188109,0.510551082,0.16211131114115476,0.060366055964986266,0.05930346531260274,0.20227167777317379,0.2623611445068168,0.1372612339675554,0.10219411420228158,0.0141309971314286
HP18,0.637985176,0.731654813,0.1990149945705506,0.02627186972280587,0.029492153746485946,0.18218626273490848,0.22108273389867056,0.10843904972684028,0.20528066390375926,0.028232271695978993
HP19,0.220941986,0.253380915,0.05166922960428923,0.01306550435302043,0.05739606821339557,0.17907824203085324,0.16639548419526923,0.22511059491019464,0.29788259755739166,0.00940227913558604
HP2,0.295912209,0.339358342,0.04550365509212408,0.022867318681178986,0.04256159801086567,0.32548860172479377,0.2984371744934241,0.11888158225285758,0.13625332190545358,0.010006747839302253
HP20,0.387312179,0.44417775,0.18876211187477282,0.0721745153961011,0.04503029446299867,0.08954855652551463,0.22631549286472788,0.18746416353308215,0.1790063660070795,0.011698499335723256
HP21,0.302252605,0.346629642,0.0565489231733787,0.059100973445679425,0.040676876596922505,0.18588737552740106,0.3573150468004644,0.18672000546861453,0.10878721072921033,0.004963588258329076
HP22,0.912444888,1.04641098,0.159785083875687,0.06285761667190959,0.08267144030586568,0.2138912254949054,0.230927156822285,0.13224518343948666,0.10318694277521502,0.014435350614645615
HP23,0.225393116,0.258485564,0.21600993083365821,0.062784539032749,0.04876393755896712,0.2062292438198457,0.25356060304699596,0.11823056767486123,0.07981179666478873,0.014609381368134031
HP27,0.698272174,0.800793209,0.1093226404154825,0.057366693406175485,0.06436267695291571,0.27808119634778533,0.2378819971018202,0.166133142001102,0.07379968955558232,0.013051964219136453
HP3,0.208511982,0.239125924,0.07839564329885129,0.06309485103161745,0.090159855891587,0.29690741094934353,0.18709318140275139,0.11005219386214385,0.1636637243254917,0.010633139238213728
HP4,0.388161625,0.445151912,0.21909252767854948,0.05071548998964659,0.07069370002526112,0.15344933243685743,0.18953105434446202,0.1514963944792498,0.1510396047840196,0.013981896261953966
HP5,0.428945587,0.491923817,0.11669828438749341,0.12169167208875309,0.08203940755076089,0.32989712220814826,0.15279696396848533,0.08758745873551453,0.09995668594041043,0.009332405120434074
HP6,0.432597824,0.49611228,0.02598646630037738,0.13262959648940953,0.17584882077356023,0.22264098265266924,0.17251153329625324,0.18562265665046238,0.07109462334829574,0.013665320488972274
HP7,0.433763168,0.49744872,0.11794600347927478,0.09646820641374444,0.14763565048265395,0.2384450469938426,0.13630255442712416,0.14708595231463023,0.10040021980231627,0.015716366086413594
HP8,0.355567522,0.40777231,0.05886415394087016,0.11334625321246536,0.15632315790398668,0.2922997455650184,0.15617090917468632,0.12215936238071785,0.08372415712295396,0.017112260699301177
HP9,0.487153813,0.558678234,0.039644298349626295,0.1163918060532291,0.11409372429148915,0.2580995508333004,0.13711847580510986,0.14225434092797054,0.18305356936651776,0.00934423437275694
HR1,0.518820301,0.594994029,0.3223827596141082,0.05529432202262635,0.056895709430820375,0.12660396318912406,0.16764677739858547,0.143880659525965,0.11835140955925795,0.008944399259512563
HR2,0.647288426,0.742323975,0.2806014535932288,0.02962626829228689,0.05807166111408021,0.18768871598075074,0.1370384416630468,0.16492108401871755,0.13197519343506692,0.010077181902822082
HR3,1.33247831,1.528114139,0.5247857887239373,0.04626373377234115,0.03176652808028922,0.07328071526966072,0.0993150609828346,0.09785282088858134,0.11305209361186815,0.01368325867048744
HR4,0.412317133,0.472853957,0.3043644298801133,0.04889914231655603,0.04584189833289787,0.1302404293655769,0.17167125414154755,0.16733852821816714,0.12408759631007311,0.007556721435068115
HR5,0.69226631,0.793905558,0.43803767898304125,0.03539882392109646,0.022033113960877367,0.10542921106738065,0.13671039624947512,0.13572189115631955,0.1254118800442548,0.0012570046175547852
HR6,0.968664538,1.110884856,0.3415242324103288,0.03850752206208592,0.02457691153648064,0.13009559334108825,0.17072499829251048,0.16184503579700057,0.12636479821720573,0.006360908343299529
HR7,0.429974882,0.493104235,0.3377645813134746,0.03867769098467672,0.013931350245529859,0.0879941554611187,0.2060150687620772,0.20194779559007828,0.1073724757360441,0.006296881907000573
HR8,0.609247232,0.698697534,0.31614834677393333,0.05648311986758622,0.04344373731742371,0.09192715166736534,0.1941865976582832,0.15717338885886165,0.13030045544321456,0.01033720241333192
HR9,0.532023905,0.610136199,0.2923770937867937,0.02701261714819711,0.04341890683809646,0.10539528208902864,0.15954055169835332,0.22672525455878267,0.13791774932401843,0.0076125445567296664
HS1,0.076993847,0.088298163,,,,,,,,
HS2,0.075664982,0.086774192,,,,,,,,
HS3,0.074813292,0.085797456,,,,,,,,
HS4,0.078548155,0.090080676,,,,,,,,
HS5,0.074720898,0.085691497,,,,,,,,
HS6,0.546537698,0.626780922,,,,,,,,
HS7,0.541948236,0.621517631,,,,,,,,
HS8,0.538794898,0.617901316,,,,,,,,
HS9,2.001494958,2.295356495,,,,,,,,
HU1,0.742988343,0.852074652,0.1645026069947448,0.05147081454934852,0.008073002182935154,0.07952820221962903,0.15156006330291213,0.3144185090854499,0.22179557695455537,0.008651224710425093
HU10,0.820284831,0.940719889,0.056783883880885025,0.05515104921400533,0.250264458281628,0.30585190748559105,0.17049373223465802,0.12784376775024564,0.03235325505016195,0.001257946102824953
HU11,0.537219042,0.616094092,0.15835169383357417,0.037565292129328236,0.10589956931387423,0.19162919080704224,0.2796998889032836,0.11962917676124592,0.09873462470968614,0.008490563541965397
HU12,0.563369195,0.646083636,0.13351257292402643,0.03593577460415564,0.06013250128424182,0.1533902493868942,0.23958581498235218,0.24807730986350843,0.11584120711990668,0.013524569834914572
HU13,0.261380194,0.299756302,0.13314449667220232,0.13795837022404842,0.28189481740345274,0.15760507622133854,0.060180894093623045,0.18290518929558483,0.04508632359479386,0.0012248324949562562
HU14,1.389737183,1.593779818,0.10198194661284864,0.08123662329549843,0.15728653897969438,0.1532821327320669,0.22543228528896375,0.1976211803644267,0.07451584288577669,0.008643449840724439
HU15,0.592162917,0.679104882,0.11221328763054408,0.03135983050564455,0.047882610934454096,0.15903273975089657,0.2401786173673222,0.2390449151358799,0.156460710056584,0.01382728861867457
HU16,0.71304486,0.817734836,0.08313604716033371,0.09231162574349734,0.11439639381678718,0.20187380936555582,0.3050751264878665,0.14698481511505854,0.051490163855242375,0.004732018455658526
HU17,0.39812983,0.456583659,0.18707367549725212,0.05579364141288614,0.0635813173710042,0.1555023785039771,0.16213178067345504,0.27904777609259596,0.09113444687118287,0.005734983577646547
HU18,0.386684221,0.443457594,0.18025286946574193,0.18051649156808555,0.049356570789750726,0.19966579173851073,0.14645293593540565,0.15172364287896084,0.08329377682926925,0.00873792079427527
HU19,0.221120293,0.2535854,0.21565408231510733,0.2628585035168249,0.04638753577512076,0.13123865509547938,0.1645291001372805,0.09142116530806971,0.0785935480445287,0.00931740980758874
HU2,0.46473997,0.532973568,0.1572882439343229,0.09102087182902832,0.0014854496176217285,0.09732662332729614,0.277880929538227,0.17895790934986275,0.18688374296227678,0.009156229441364397
HU20,0.84603579,0.970251631,0.10443764146468439,0.08940181671658202,0.031405927260851146,0.331632867714651,0.23733464621765968,0.15253296933143035,0.05062199822035765,0.0026321330737837634
HU3,0.463801938,0.531897813,0.32589834338544804,0.1358011671991468,0.019982427434514814,0.060847553709422,0.16719353511383928,0.21827137129021054,0.06282713870644571,0.009178463160972835
HU4,0.194293741,0.222820147,0.0532279413809357,0.1981140559882809,0.19765611994865792,0.17834089453179042,0.08980651078287666,0.19284762221112908,0.08660846989256034,0.0033983852637689874
HU5,0.330367628,0.378872541,0.24108772355250055,0.18604526199428367,0.26902605941421653,0.08816670899357201,0.07532358061313069,0.10056132780403786,0.03687385991878358,0.0029154777094750357
HU6,0.391479621,0.44895706,0.06593859633017617,0.06503302026472889,0.4608005806024524,0.08070570866149758,0.20203090022717857,0.0923502069500333,0.031020120439619762,0.002120866524313366
HU7,0.148483246,0.170283709,0.029748265572404377,0.04978891782819141,0.11974418410015278,0.03373935759435168,0.48512017947487296,0.1177623946309134,0.15994640118015716,0.004150299618956198
HU8,0.307067046,0.352150943,0.12392584275572223,0.15751506969387918,0.15799903064571133,0.1612569389727854,0.16314366341180933,0.18279751007805556,0.052434069315591456,0.0009278751264454683
HU9,0.419949904,0.481607379,0.12793819321970376,0.13384288962724994,0.11239874210030261,0.19928470507800763,0.04176011763307166,0.32424662761273143,0.05804937100732128,0.0024793537216117063
HX1,0.458088551,0.52534558,0.459778660932319,0.06280128974332612,0.05479937087905864,0.10235843122193747,0.07422924777217851,0.05981644204073391,0.16783423353820068,0.01838232387224569
HX2,0.364719526,0.41826802,0.26292145300300596,0.07522202417954563,0.09960529735100904,0.21175836860978,0.16429945385134445,0.053325043717641976,0.11373948463620709,0.019128874651465844
HX3,0.389607384,0.446809939,0.26953971394054727,0.10014542016913992,0.15032499175838698,0.12445683542638211,0.1310070047720246,0.09680712768345169,0.11341355341655296,0.014305352833514464
HX4,1.524214011,1.748000671,0.36762661969012567,0.038829730139071636,0.06088419367510346,0.07393036476541112,0.16217779524607948,0.14553202706833027,0.11591490585879902,0.035104363557079445
HX5,0.554109225,0.635464109,0.2699957806391954,0.09095983705495199,0.10310904126510749,0.1037876327622209,0.1909782632305816,0.06364731589300428,0.14833186592755998,0.029190263227378346
HX6,0.887296577,1.017570369,0.38911430126207097,0.06125302455965788,0.0840698128727555,0.07241630265904762,0.134948213533024,0.058891003964233885,0.13798303488771835,0.06132430626149178
HX7,0.292291262,0.335205765,0.5150772101706932,0.05556871760892506,0.07785770859817018,0.0625001507466918,0.09874837284767142,0.05747106852672073,0.109046154372566,0.02373061712856165
IG1,0.075341528,0.086403248,0.19287133044011096,0.41325334337642833,0.04964222332814757,0.018763704849274455,0.006929028436627328,0.1253733639773344,0.19067176965707228,0.0024952359350046706
IG10,0.173915579,0.199450042,0.06544025461954449,0.10975293024280483,0.1660899181685443,0.38102887079726605,0.10702410233190408,0.1181507454300793,0.04200097034592591,0.010512208063931052
IG11,0.090697981,0.104014351,0.03712621776110541,0.191056081568939,0.16945749333118432,0.21403974076693788,0.13484889783518436,0.0513088113674567,0.19886640315327253,0.0032963542159197704
IG2,0.113916823,0.130642208,0.058433790608898896,0.3825004533233368,0.25297809133951416,0.07799867074925085,0.02215561521301313,0.06517644896585285,0.13985834129962088,0.0008985885005123592
IG3,0.154637222,0.177341218,0.13983662548944947,0.5207601725564073,0.1274774969226508,0.04736704363124759,0.008781485283124873,0.07963315177829323,0.07507543468779561,0.0010685896510311001
IG4,0.182763255,0.209596743,0.043361677161505574,0.3091774851787656,0.3948244560888097,0.07884543138455684,0.04028985585347693,0.06298970413201466,0.0693846804834394,0.0011267097174313075
IG5,0.144535962,0.16575688,0.03990812460902975,0.10616126651547689,0.5438778361683768,0.1338337660080561,0.042698540690125936,0.06767295852658338,0.06523398084644932,0.0006135266359018771
IG6,0.089819311,0.103006675,0.04123717742337846,0.13093219743437554,0.32701998042995567,0.21175790960158025,0.07745909463688,0.08326611931783136,0.12754310120027243,0.0007844199557263069
IG7,0.105404678,0.120880301,0.05533228636195603,0.057470781009399,0.07998475125217301,0.44448225381134515,0.22296826419066612,0.06139909633727358,0.07083400001799678,0.007528567019190363
IG8,0.276933238,0.317592859,0.07413942214731649,0.1900425979138987,0.23494836247361964,0.26076517793425485,0.1196673653599273,0.0731607288748422,0.04567857545260835,0.0015977698435324509
IG9,0.327764182,0.375886854,0.11656948751310198,0.09186911062471169,0.22866803406590885,0.21689441192188763,0.15973453099322651,0.12592840278477233,0.05489233394031659,0.005443688156074389
IP1,0.277000884,0.317670438,0.15888806057809984,0.0647758034557525,0.08592492203279971,0.11464240989882883,0.06739294762378148,0.08455335772065584,0.4229128866331989,0.0009096120568828702
IP10,0.840886515,0.964346333,0.1683791703780574,0.047691427916227665,0.06522820555868192,0.17084806690500245,0.26212119691681335,0.14706925421361428,0.1364153340505032,0.0022473440610997213
IP11,0.347039663,0.397992381,0.10601640291135983,0.1383305810727554,0.09461266739808769,0.1731980741397917,0.2600553630973519,0.1598489860104489,0.06273693985072433,0.005200985519480233
IP12,0.525566514,0.602730728,0.247403722716058,0.031319962965037224,0.057158452772429064,0.17777221124736528,0.18384956397098123,0.15638951304234727,0.13375985157704107,0.01234672170874086
IP13,0.773848089,0.887465258,0.3474485170933264,0.034690069588679984,0.043136519792984385,0.12627161052593455,0.16055286718682912,0.14760524797794167,0.11973937028402519,0.020555797550278723
IP14,0.823836705,0.944793253,0.25634453645859495,0.04812566973116736,0.03911085597120222,0.10183271571965719,0.204407708877569,0.1903358095467275,0.15280226972556307,0.007040433969518659
IP15,0.135866793,0.155814894,0.2844944596055919,0.09455071075891493,0.06975606662288097,0.14637472694244347,0.15091809926502125,0.12883080562976235,0.1048637982093656,0.02021133296601952
IP16,0.137217832,0.157364294,0.2587588048039369,0.1131677946642008,0.05691489481150173,0.17966211485985933,0.1520164659422077,0.13629967171562699,0.08276154403346217,0.020418709169204404
IP17,0.507541191,0.582058908,0.3676340802186343,0.04142349049310553,0.05039668786567566,0.10032491678840653,0.12255543929656741,0.13683723241058154,0.15278412005605527,0.028044032870973713
IP18,1.012085648,1.160681098,0.32268809554412736,0.1141172372504413,0.08062739253953188,0.12560340706256726,0.143880360503524,0.08028577964745941,0.1202843142116107,0.012513413240738054
IP19,0.587393778,0.673635533,0.3194488979616581,0.036193413091187614,0.05421223164926186,0.12793668074196335,0.21202702383921418,0.13342303187754365,0.09720482290658529,0.019553897932585995
IP2,0.321623761,0.36884489,0.08116662019503863,0.05780100960410122,0.027845830834479,0.2604860681647457,0.2759611440969808,0.10078640339369897,0.1941023667559687,0.0018505569549870156
IP20,0.932723294,1.069666683,0.24514481294847368,0.029406657918836853,0.031968679864673985,0.1047844354132237,0.23390719730206658,0.19274592745000632,0.14323425780532925,0.018808031297389588
IP21,1.030031601,1.181261895,0.3336995258173052,0.02928872905978235,0.039850017562285026,0.12455977335180755,0.186432409086046,0.15767837617832803,0.11644400507328677,0.012047163871159151
IP22,0.803285496,0.921224694,0.21488368414604514,0.026177779587791442,0.03503154535807349,0.14176472527265277,0.22175726843739615,0.20871394964586468,0.1376781693068848,0.01399287824529144
IP23,1.150304599,1.319193498,0.3150506007154179,0.020629556362157773,0.035930696159817345,0.1145772170077052,0.16986656877525658,0.196312288275516,0.13462006897783357,0.01301300372629568
IP24,0.462693108,0.530626183,0.14293100111085955,0.019315623502673282,0.011795836438916534,0.15915986902680476,0.3427874370148257,0.1635183170826032,0.13958263348341082,0.02090928233990615
IP25,0.301170931,0.345389155,0.15342649385561774,0.030673789068183563,0.02833005324216274,0.15582707695745202,0.2692870250707883,0.15791651296759615,0.17701676252412843,0.027522286314071023
IP26,0.272391935,0.312384797,0.18148256206274915,0.035383783441415954,0.038422076397980225,0.19606129346663273,0.2725347235350985,0.1465928851764389,0.10394907260119382,0.025573603318490738
IP27,0.277470093,0.318208536,0.07547505286572802,0.023340749804105696,0.021366455298459753,0.12071469241481975,0.4423121750616895,0.18562108909022193,0.12327087918812671,0.007898906276848647
IP28,0.462277823,0.530149926,0.11268831519354698,0.010709864421596845,0.03444005335158816,0.1084775251444483,0.3146281825527051,0.1490551652097472,0.2537225870345433,0.016278307091824103
IP29,1.236870125,1.418468663,0.2642348606527909,0.02682929559526308,0.04229965646377652,0.1453590718568704,0.28078157678805976,0.1190435468531525,0.10172305994486024,0.019728931845226765
IP3,0.456978458,0.524072502,0.0897502061534479,0.12307401819799377,0.25828519137708494,0.07296510742108611,0.06096036714751098,0.09557986514128353,0.29864805743130984,0.0007371871302828206
IP30,0.253803678,0.291067394,0.24961499998494902,0.028646986594273564,0.039140926006294326,0.1379670637998174,0.21815971897938952,0.16752975977229276,0.14701795687252595,0.011922587990457444
IP31,0.555545114,0.637110816,0.20550163143203334,0.01460247100412486,0.04965123297502926,0.1529003468792896,0.25952877015044745,0.19968838302557926,0.10349680491519178,0.014630359618304436
IP32,0.607605594,0.696814869,0.08938930788474253,0.012634475936503858,0.0146899664930566,0.18031092353999678,0.2280736986088554,0.28529232292729007,0.18130730175598145,0.008302002853573286
IP33,0.227386946,0.26077213,0.20234849831253693,0.030121359537096038,0.041391161732186744,0.10710671155614013,0.22253164161235695,0.1992724409862039,0.18592078141527052,0.011307404848208804
IP4,0.264434726,0.303259303,0.17343941555505746,0.12085663587375128,0.1406443397822518,0.1493860353682783,0.06747788607130761,0.11915092865910164,0.2259440456245194,0.003100713065732537
IP5,0.513107518,0.588442489,0.015467964792832337,0.029139454956724216,0.055083192002787704,0.17183710291225318,0.17848471114818354,0.32320949544767225,0.2229741640844955,0.0038039146550512236
IP6,0.364551357,0.41807516,0.21739837519089994,0.041511398685267015,0.034258322374984544,0.11128724725394869,0.23454841450414698,0.16835150751403724,0.1806839496912229,0.011960784785492751
IP7,0.423810724,0.486035048,0.2403918620494976,0.033835706437196814,0.032704380487692856,0.13986450139446657,0.2258863757820169,0.1397142737103847,0.175961936835256,0.011640963303488542
IP8,0.660605847,0.757596673,0.18272705516355636,0.056371018311016666,0.05181459058196448,0.1519459772045428,0.22958935554474114,0.16786164811467377,0.14816578979953865,0.011524565279966106
IP9,1.350184052,1.548419456,0.19637297433943052,0.042711484743531855,0.06070030661944336,0.1509006130911801,0.2924295827850757,0.10210399593464084,0.14327759942277304,0.011503443063924656
IV1,0.274555609,0.314866144,,,,,,,,
IV10,0.151907139,0.1742103,,,,,,,,
IV11,0.145828985,0.167239745,,,,,,,,
IV12,0.421599714,0.483499415,,,,,,,,
IV13,0.387799074,0.444736131,,,,,,,,
IV14,0.339821264,0.38971417,,,,,,,,
IV15,0.327839293,0.375972994,,,,,,,,
IV16,1.003573016,1.150918633,,,,,,,,
IV17,1.362604846,1.562663884,,,,,,,,
IV18,1.650934928,1.893326884,,,,,,,,
IV19,1.460272615,1.674671335,,,,,,,,
IV2,0.385964826,0.442632577,,,,,,,,
IV20,0.495966466,0.56878477,,,,,,,,
IV21,1.810281276,2.076068625,,,,,,,,
IV22,1.741887481,1.997633184,,,,,,,,
IV23,0.748262996,0.858123735,,,,,,,,
IV24,1.135434016,1.302139601,,,,,,,,
IV25,1.030191135,1.181444852,,,,,,,,
IV26,0.370863414,0.425313959,,,,,,,,
IV27,0.555454056,0.637006388,,,,,,,,
IV28,0.532203977,0.610342709,,,,,,,,
IV3,0.338473738,0.388168799,,,,,,,,
IV30,0.386951053,0.443763603,,,,,,,,
IV31,0.34798509,0.399076617,,,,,,,,
IV32,0.333359203,0.382303343,,,,,,,,
IV36,0.705955705,0.809604845,,,,,,,,
IV4,0.327731678,0.375849578,,,,,,,,
IV40,0.326333102,0.374245662,,,,,,,,
IV41,0.29721631,0.340853913,,,,,,,,
IV42,0.582532928,0.668061009,,,,,,,,
IV43,0.557212965,0.639023542,,,,,,,,
IV44,0.568472102,0.651935757,,,,,,,,
IV45,0.571615658,0.655540854,,,,,,,,
IV46,0.583442784,0.66910445,,,,,,,,
IV47,0.455732673,0.522643811,,,,,,,,
IV48,0.434854438,0.498700212,,,,,,,,
IV49,0.573527021,0.657732846,,,,,,,,
IV5,0.393521695,0.451298953,,,,,,,,
IV51,0.74781982,0.857615492,,,,,,,,
IV52,0.306816481,0.351863591,,,,,,,,
IV53,0.314616046,0.360808296,,,,,,,,
IV54,0.424556183,0.486889957,,,,,,,,
IV55,0.811296176,0.930411511,,,,,,,,
IV56,1.180919757,1.354303604,,,,,,,,
IV6,0.326624097,0.374579381,,,,,,,,
IV63,0.391186904,0.448621365,,,,,,,,
IV7,0.321745908,0.368984971,,,,,,,,
IV8,0.165702827,0.190031486,,,,,,,,
IV9,0.153644383,0.176202609,,,,,,,,
KA1,0.167505278,0.192098575,,,,,,,,
KA10,0.349048775,0.400296473,,,,,,,,
KA11,0.113777582,0.130482522,,,,,,,,
KA12,0.703782033,0.807112031,,,,,,,,
KA13,0.561839262,0.644329077,,,,,,,,
KA14,0.354792888,0.406883943,,,,,,,,
KA15,0.272894153,0.312960752,,,,,,,,
KA16,0.267345372,0.306597293,,,,,,,,
KA17,0.272625716,0.312652902,,,,,,,,
KA18,0.42603488,0.488585757,,,,,,,,
KA19,1.37335959,1.574997651,,,,,,,,
KA2,0.352776736,0.404571777,,,,,,,,
KA20,0.261843771,0.300287941,,,,,,,,
KA21,0.178216071,0.204381937,,,,,,,,
KA22,0.184224117,0.21127209,,,,,,,,
KA23,1.916967877,2.198419062,,,,,,,,
KA24,0.480994991,0.551615168,,,,,,,,
KA25,0.238801754,0.273862871,,,,,,,,
KA26,0.599365746,0.687365239,,,,,,,,
KA27,0.275101107,0.315491733,,,,,,,,
KA28,0.387364312,0.444237537,,,,,,,,
KA29,0.400431133,0.459222842,,,,,,,,
KA3,0.10815042,0.124029175,,,,,,,,
KA30,0.379310232,0.435000948,,,,,,,,
KA4,0.270985527,0.310771899,,,,,,,,
KA5,1.169540688,1.341253849,,,,,,,,
KA6,0.160182311,0.183700441,,,,,,,,
KA7,0.337269967,0.386788289,,,,,,,,
KA8,0.277865966,0.318662532,,,,,,,,
KA9,0.377865767,0.433344406,,,,,,,,
KT1,0.220904575,0.253338011,0.3068132436366452,0.13449748733497835,0.06025001876264682,0.038311147014094944,0.12914051124327297,0.14979042657030223,0.1742871846827178,0.006909980755341612
KT10,0.293163323,0.336205862,0.12113848027936208,0.10708464454522114,0.20650098376050702,0.18215001831513758,0.1291561449871452,0.0922311805763504,0.1334366358715638,0.028301911664712794
KT11,0.404553112,0.463950013,0.10709051533776208,0.13465668090092972,0.10667353929254705,0.17315922751003165,0.14697583015805343,0.10862297909709506,0.17383976980289256,0.04898145790068838
KT12,0.340855679,0.390900458,0.0533755384526048,0.09134535428212875,0.20578687697217163,0.22027669630464958,0.19257034167196793,0.09357162215840036,0.11866230516696198,0.02441126499111498
KT13,0.352362379,0.404096584,0.1081733652132729,0.15148711143172894,0.0627245149740085,0.1477138460442555,0.2044666914543324,0.130088595643946,0.14865859025557374,0.04668728498288199
KT14,0.207817227,0.238329165,0.039628875188063406,0.09523811230332069,0.11895071411267136,0.27500509189286665,0.19923852646122725,0.13628400510036903,0.11593619339004683,0.019718481551434804
KT15,0.210841348,0.24179729,0.0904624490231359,0.05900547896217964,0.1931837144685847,0.24950701829939897,0.1350996324250539,0.1599315936735254,0.10165023090189199,0.011159882246229477
KT16,0.20491077,0.234995979,0.16310977331052093,0.041130444840938,0.07505423806583938,0.1869837289158066,0.18356448581387905,0.19988508542933284,0.13082169649021674,0.019450547133466466
KT17,0.427542713,0.490314972,0.08379657849217077,0.12143485388166542,0.2317710409686733,0.13761762067477673,0.1763060725017772,0.12159316875247961,0.1140550122080478,0.013425652520409127
KT18,0.333818758,0.38283037,0.0774720617424807,0.0919767576148482,0.1647655297351486,0.2318862051259741,0.14663497711471182,0.12590456938944242,0.13396632625043983,0.027393573026954336
KT19,0.299894529,0.34392535,0.03656439022692137,0.08965529338917984,0.34133847420335345,0.11134793283496043,0.1570380528182602,0.08151089022828185,0.1685446703449934,0.014000295954049375
KT2,0.212439629,0.243630232,0.28416247480226187,0.09989576624869216,0.12419353647456151,0.1090535226429423,0.1348050537352599,0.14571508452451384,0.09871650266928869,0.0034580589024798118
KT20,0.282963774,0.324508805,0.06972745562500511,0.14757390145885566,0.14478397652861638,0.14128047275056052,0.15838443923062154,0.19141060515853012,0.09241006871953847,0.05442908052827218
KT21,0.17601682,0.20185979,0.05244771083382004,0.08974274471439243,0.20347095346035501,0.2925080574576899,0.14860232089515826,0.12303037798577442,0.08451353586991368,0.0056842987828963
KT22,0.208492262,0.239103309,0.08122112831712436,0.10918804757831709,0.12260573373106168,0.15592037611305967,0.2139202173163145,0.13809881259351214,0.159951437578072,0.019094246772538577
KT23,0.370164999,0.424513003,0.05775457585368453,0.10535255509649154,0.06551247568085156,0.29001531321250806,0.26799147707473797,0.11705905466511758,0.07902694520764154,0.017287603208967176
KT24,0.81706647,0.937029005,0.08485507713828956,0.08928484951091546,0.2163957796831304,0.270516265145277,0.11883551156389663,0.07710332429259517,0.13519942351579184,0.007809769150104011
KT3,0.263948212,0.302701358,0.09713324426519279,0.30374313182799934,0.2627060822658457,0.1532004810444805,0.08569782310608319,0.05480962497622503,0.03979963483173701,0.002909977682436495
KT4,0.308062161,0.353292163,0.04478555161939591,0.1095029960865838,0.5042882152618862,0.09098541256706343,0.09919535556429221,0.06379737109566927,0.07437570018803581,0.01306939761707351
KT5,0.154279654,0.17693115,0.14012576839015634,0.1507473513083677,0.38893798035376265,0.06068148766091539,0.14983428507492494,0.07189782827315201,0.03527427086180797,0.0025010280769129454
KT6,0.15217737,0.174520207,0.22782891929377003,0.15699244107194668,0.15863581816956787,0.12339930431639834,0.1485604507377087,0.108926362276614,0.06935741555448799,0.006299288579506344
KT7,0.300209687,0.344286781,0.19826964739620753,0.15234234987048076,0.18756437744266652,0.15231193549302668,0.07128203328882624,0.1220778265246607,0.09231975722426852,0.023832072759863054
KT8,0.311100729,0.356776856,0.09116154878568364,0.06293242074335462,0.19268808984048733,0.21734383319409045,0.2064020568829391,0.1410694900323242,0.06049771183124986,0.027904848689870764
KT9,0.176250903,0.202128241,0.03311939358484534,0.043669970038525456,0.39596453017530503,0.2660134410865241,0.09960074601235443,0.1176826165171987,0.036141596739189256,0.007807705846057605
KW1,0.545600248,0.625705834,,,,,,,,
KW10,0.528259907,0.605819567,,,,,,,,
KW11,0.652754032,0.748592046,,,,,,,,
KW12,0.642496017,0.736827939,,,,,,,,
KW13,0.652754032,0.748592046,,,,,,,,
KW14,0.66780828,0.765856575,,,,,,,,
KW15,1.522611255,1.746162598,,,,,,,,
KW16,1.98340148,2.274606515,,,,,,,,
KW17,1.137988626,1.305069281,,,,,,,,
KW2,0.533676424,0.612031343,,,,,,,,
KW3,0.529643907,0.607406768,,,,,,,,
KW5,0.550480371,0.631302462,,,,,,,,
KW6,0.523135846,0.599943187,,,,,,,,
KW7,0.53256565,0.610757484,,,,,,,,
KW8,0.547429899,0.627804117,,,,,,,,
KW9,0.535998677,0.614694551,,,,,,,,
KY1,0.58203913,0.667494711,,,,,,,,
KY10,0.565060787,0.64802359,,,,,,,,
KY11,0.154405978,0.177076021,,,,,,,,
KY12,0.12925597,0.148233463,,,,,,,,
KY13,0.866101425,0.993263322,,,,,,,,
KY14,0.865215688,0.992247541,,,,,,,,
KY15,0.870030591,0.997769373,,,,,,,,
KY16,0.512723156,0.588001694,,,,,,,,
KY2,0.25498586,0.292423144,,,,,,,,
KY3,0.860547999,0.986894536,,,,,,,,
KY4,0.553808296,0.635118997,,,,,,,,
KY5,0.25660326,0.294278013,,,,,,,,
KY6,0.372328218,0.426993828,,,,,,,,
KY7,0.274875535,0.315233042,,,,,,,,
KY8,0.386636237,0.443402565,,,,,,,,
KY9,0.53944625,0.6186483,,,,,,,,
L1,0.160482207,0.184044369,0.1681799614327333,0.004780818955964741,0.0004890546741050346,0.019928571932746456,0.013168789942101711,0.16752110270094228,0.5952912378049855,0.030640462556420923
L10,0.322620673,0.369988171,0.03127696290075533,0.15342281064424554,0.15988070512439884,0.27023300597161837,0.22424099452822321,0.126189176165241,0.03221133614455589,0.0025450085209618644
L11,0.120205052,0.13785368,0.013692415022155593,0.4572787277197702,0.08464175067243565,0.14689949649033202,0.03701138310776786,0.1041214654036913,0.14977866296596667,0.006576098617880657
L12,0.190395139,0.218349148,0.0706756802468436,0.0972273579272496,0.2129770591468958,0.15053601188578347,0.11369694941678862,0.28018544414875857,0.06906917694369684,0.0056323202839835
L13,0.151757642,0.174038854,0.39340676631217414,0.28451535522808236,0.15149765899666232,0.02210867664219544,0.05118041793549017,0.06211855252656308,0.033593331040963736,0.0015792413178688323
L14,0.255159016,0.292621724,0.03102930157432989,0.078988100549967,0.6112041831800287,0.07917013554277338,0.04650183782657581,0.07397391344987986,0.07562800631272114,0.0035045215637241347
L15,0.142876758,0.16385407,0.4895562593144047,0.23069518646753334,0.09100284748444251,0.034038165571236734,0.032231572037435124,0.058646349544656154,0.06010130909953364,0.0037283104807576926
L16,0.181674633,0.208348288,0.11549776881384606,0.07539328430089898,0.4645499619290711,0.1833890803411431,0.024506746202979206,0.10364297362835417,0.030105977119749484,0.0029142076639579215
L17,0.211966557,0.243087704,0.46523338350409427,0.15406818032899902,0.042635100014825296,0.05466926133936443,0.11152525806973348,0.10792007773861158,0.05321234648912629,0.010736392515245616
L18,0.47406075,0.543662834,0.12259135419818473,0.23219544849626214,0.3734315185641913,0.10176654975988178,0.07395696718881901,0.04103984779259457,0.04817637297856771,0.006841941021498702
L19,0.591850311,0.67874638,0.2596726022305829,0.18643998373790072,0.17437099639773118,0.07996489127708484,0.05598911891504201,0.06425832574013143,0.16923869469665254,0.010065387004874313
L2,0.286856424,0.328972978,0.1196932961510633,0.06935121644185813,0.00017668312764472556,0.03562480944806272,0.017493722843374027,0.08529214602841396,0.6441038798013204,0.028264246158262594
L20,0.10412877,0.119417062,0.279081676481805,0.10252196560785722,0.16106111576733972,0.04197254645319195,0.13262322848083308,0.13737201918467185,0.14342851087772135,0.001938937146579833
L21,0.081698234,0.093693252,0.2112266228767384,0.0786262034014935,0.20663168226588818,0.18808450405104238,0.1411589478832962,0.08387462537956888,0.08624985793649415,0.004147556205478274
L22,0.049760998,0.057066959,0.47092495077855,0.2818074504605888,0.08635507282853926,0.017535829778359574,0.05853391832773998,0.05900029352158476,0.01980970003879633,0.0060327842658413
L23,0.057889172,0.06638852,0.17831547732239558,0.20917015858541513,0.25748204616835657,0.143149975479635,0.1120710955115779,0.06718400497910243,0.03148034759052078,0.0011468943629965606
L24,0.211625365,0.242696418,0.017577635731147373,0.015505233737128131,0.2584818416220921,0.4029674461573037,0.11488297314058536,0.06713286516395575,0.11465908912076903,0.008792915327018582
L25,0.180957861,0.207526279,0.0751824891875601,0.018805082278641697,0.14313211874285592,0.35762416074951975,0.19446508104210491,0.12134723901206196,0.08413949574175328,0.005304333245502365
L26,0.167937489,0.192594243,0.04999288349545443,0.011564191872916636,0.08291020931470804,0.31978877029908837,0.1330531435642794,0.29259034748293467,0.1075932141502542,0.0025072398203641747
L27,0.155044114,0.177807849,0.009864485755319034,0.0008112053128417706,0.008844334109328361,0.040873286417589534,0.6303493964329088,0.23286425132056562,0.0732568566890919,0.0031361839623548575
L28,0.086956915,0.099724018,0.006644611620593663,0.00718926716656045,0.026096863469338188,0.18815414340259204,0.45329671588633,0.24395548007791004,0.07159264851205638,0.0030702698646191584
L29,0.240845463,0.276206641,0.12525244051759515,0.08218669735200937,0.11862773076692162,0.25796092975385404,0.0867269942816466,0.24642427525487426,0.07984864048661373,0.0029722915864851996
L3,0.095046776,0.109001641,0.08015268842226529,0.02440514948943384,0.007360315628531712,0.03071394382704263,0.02626667947350422,0.2442313384359564,0.5706913696003224,0.0161785151229435
L30,0.16501316,0.189240561,0.015911355130772444,0.007333066345705155,0.13326146903756902,0.45690928890524,0.16089645861355864,0.14927576361021166,0.07469833664148876,0.0017142617154542693
L31,0.203696835,0.233603813,0.04802346979727581,0.0229372753188333,0.16332972305527374,0.40138910227648816,0.2232221855834265,0.0904336587195533,0.04727653385352644,0.0033880513956227117
L32,0.262598819,0.301153846,0.00582657198004542,0.002826415962607726,0.003165799166510882,0.5886488220558012,0.11635006749813132,0.17098128917861743,0.11039458635303628,0.001806447805249757
L33,0.224138083,0.257046266,0.01734983158429665,0.004643566611626635,0.004417568447538567,0.45472844750306063,0.2358883177674264,0.1339607085056895,0.1383074723777065,0.010704087202655147
L34,0.168341173,0.193057197,0.14583735695566943,0.1494707375252664,0.06755950493587654,0.2353415002964732,0.08451623232581722,0.16596823321112708,0.13710620369626667,0.014200231053503517
L35,0.133739018,0.153374718,0.05324587871509532,0.06692922760133618,0.14719496431474688,0.28198955667250303,0.2139916219710678,0.12466830507925762,0.10407339914822637,0.007907046497766712
L36,0.157505156,0.180630224,0.03232230265517298,0.03342771325902208,0.35285198388508343,0.2840012697142777,0.09661552217071537,0.12143895016507628,0.07637846739598328,0.002963790754668871
L37,0.433610631,0.497273788,0.10561239444078689,0.0942404187828514,0.06876795117903084,0.2415457851300778,0.3578844722259749,0.08938507662768792,0.03903355681351172,0.0035303448000785363
L38,0.686645567,0.787459572,0.07486273757568548,0.11957933084309925,0.07323163492942575,0.24759825805522917,0.2750976426194412,0.18000419691089833,0.0187698021898532,0.010856396876367686
L39,0.228842105,0.262440937,0.16199877902970772,0.06384819138300714,0.12169714576419827,0.26297909704276784,0.15386075361564655,0.11970120416456591,0.08070486751613819,0.03520996148396836
L4,0.10962615,0.125721574,0.4814743224802551,0.2260812987833021,0.04788337102071489,0.012115022249582285,0.10929437167437,0.06789238622024492,0.053228851724897615,0.0020303758466331087
L40,0.648427867,0.74363071,0.17640332190676028,0.06613484555630796,0.0957860621984628,0.24235277204876635,0.16829651897180195,0.14234003046710714,0.08187681283623244,0.026809636014561086
L5,0.141104013,0.161821049,0.15338180301076826,0.005420269900871045,0.008333553747469235,0.031443209488950206,0.21010148749400837,0.37096562830599805,0.21500495112043283,0.005349096931502013
L6,0.138742914,0.159113291,0.39414336653103493,0.047021645426987134,0.005780333362594063,0.026409174710786295,0.19306230152651271,0.19186916435414625,0.13606422091156117,0.005649793176377485
L7,0.148435912,0.170229425,0.4269807437927529,0.04610547378131307,0.025360057075981032,0.03598144315614469,0.10648707574535288,0.18308555243210678,0.16406906099737506,0.01193059301897345
L8,0.127577689,0.146308776,0.4339283883654629,0.0165746358601211,0.009196287666916499,0.016801605618225184,0.11744806719611803,0.2514629306911489,0.14447594232922992,0.010112142272777496
L9,0.180606546,0.207123384,0.3406388791897168,0.13042903041503506,0.15121174985080435,0.05140096629088666,0.07529972659119073,0.1924716426442447,0.05092606518234439,0.007621939835777298
LA1,0.449232281,0.515189025,0.2675730563459297,0.09406088938156668,0.11321712694833327,0.0871994743161107,0.08493692578886664,0.15688441842305367,0.19226104356476328,0.0038670652313759603
LA10,0.920680414,1.055855655,0.522192473200064,0.037246866959464775,0.053974504305622964,0.10096001677451365,0.0713777015394832,0.12816841026533327,0.05776583538282804,0.0283141915726901
LA11,0.580682758,0.665939194,0.31633054177805625,0.0712695771682657,0.06969897755490971,0.11316068526563364,0.15692443549864726,0.16541693304475275,0.06813988787493967,0.03905896181479514
LA12,0.532115937,0.610241743,0.3927591351884369,0.03141233540362795,0.05195212256954122,0.1392527047686471,0.1696153320579333,0.10609123882208639,0.08205228783746608,0.026864843352261025
LA13,0.394210058,0.452088382,0.11859756787491495,0.15747148193467025,0.20109665970355362,0.19436423485027288,0.142013347010026,0.09260419761778511,0.08655421381390511,0.007298297194872088
LA14,0.210050932,0.240890824,0.3317243944891864,0.21808891811698336,0.07685601351135,0.09502441901495945,0.14930094152648196,0.09084350986181629,0.020606245547254248,0.017555557931968307
LA15,0.182106624,0.208843705,0.4768440453575904,0.010257300234550038,0.08306559902288506,0.11649283111836427,0.12863051956030194,0.119011206855135,0.055360812063541605,0.010337685787631761
LA16,0.249073093,0.28564226,0.41176026698132623,0.008405568616546767,0.033433726254101535,0.09674115075290589,0.11204473774250177,0.24253530583563299,0.0690908387882268,0.025988405028758103
LA17,2.301637496,2.639566268,0.5142987111196333,0.03394154009873088,0.03488037161458268,0.05352418757040201,0.18919405755344332,0.07072364734798772,0.05207983139216846,0.05135765330305167
LA18,0.893368951,1.024534295,0.4860925467859534,0.015418685931350212,0.03248662906182162,0.10874573367499592,0.15527981053759432,0.09223986804945415,0.07589683526073618,0.03383989069809402
FY0,0.0,0.0,0.21037868162692844,0.2244039270687237,0.23842917251051896,0.19635343618513326,0.07152875175315566,0.04207573632538569,0.002805049088359046,0.014025245441795231
G58,0.0,0.0,,,,,,,,
G70,0.0,0.0,,,,,,,,
G79,0.0,0.0,,,,,,,,
G90,0.0,0.0,,,,,,,,
GU95,0.0,0.0,0.07978723404255318,0.18617021276595744,0.10638297872340427,0.3058510638297873,0.01462765957446809,0.14627659574468083,0.15957446808510636,0.001329787234042553
IP98,0.0,0.0,0.11804420910688472,0.02168798127585255,0.010779961953075462,0.4015477970275262,0.21271254823365685,0.13138531845399268,0.09178164829891984,0.012060535650091726
IV99,0.0,0.0,,,,,,,,
KY99,0.0,0.0,,,,,,,,
L67,0.0,0.0,0.14027685837208725,0.11730325848748303,0.13210195115974532,0.008463827475542219,0.026550094423400648,0.11749864343993466,0.43440037388556935,0.023404992756237503
L69,0.0,0.0,0.25525289602983925,0.025335962021258734,0.017340307616234073,0.013342468754106678,0.0148550974382735,0.1615572900955764,0.47167216606767587,0.04064381197703547
L70,0.0,0.0,0.2260133319892194,0.018095164780285593,0.10409843120174346,0.021306218483289553,0.007217471566634537,0.14334284289192797,0.44261271569574745,0.03731382339115209
L71,0.0,0.0,0.06910918144405333,0.028112437900755582,0.12586334916432002,0.20514985924821988,0.030350341825751657,0.14205679725335937,0.37725294141019106,0.022105091753348953
L72,0.0,0.0,0.016823687752355314,0.04486316733961417,0.18506056527590845,0.3528753431067503,0.11156094878362927,0.09186095312522612,0.19549848767710098,0.001456846939415428
L74,0.0,0.0,0.030612244897959186,0.0,0.0,0.0,0.0,0.15306122448979592,0.806122448979592,0.010204081632653062
L75,0.0,0.0,0.1352803024225378,0.04485431407136898,0.03609778284849878,0.125925427207318,0.1230642195423866,0.162607124681513,0.363194337934466,0.008976491291910884
LA19,0.860767261,0.987145991,0.48456077206042836,0.05537764044995133,0.015329999377654486,0.16489702540973447,0.11788352364951102,0.0762566308930339,0.039498456620298744,0.0461959515393877
LA2,0.768956699,0.881855709,0.29300982342658227,0.049868147064155995,0.04635901285023527,0.19223126719275654,0.12708829341699662,0.10457260903624979,0.14864226067244182,0.038228586340581655
LA20,2.292833937,2.629470161,0.5507038675742617,0.020400881030113983,0.018980804701011295,0.05564016738313478,0.10704706843510074,0.09624724225478837,0.08404169396518855,0.0669382746564007
LA21,0.817208557,0.937191953,0.5135505430242272,0.024110275689223054,0.03924812030075188,0.09849624060150375,0.1227903091060986,0.11159565580618215,0.0602840434419382,0.029924812030075198
LA22,0.576806267,0.661493553,0.4614024717182638,0.04543346528916343,0.03473037497390086,0.061801123621257746,0.17688547278892688,0.12507608962205582,0.056534379386849916,0.03813662259958163
LA23,0.436951598,0.501105279,0.3044178175030265,0.0954950169424449,0.039216836290816,0.1097191252533887,0.23606464881766362,0.12592221998064088,0.06469135459125439,0.024472980620765025
LA3,0.252607507,0.289695599,0.22068160162727601,0.11297660066856097,0.13838979067139404,0.14959809968928053,0.09830558516839205,0.17012847236699394,0.10050692002148975,0.009412929786612609
LA4,0.191186697,0.219256923,0.2870145848503948,0.10400482373875532,0.18789957527693987,0.16046057541194403,0.10563678730509118,0.09989496297710955,0.041251234250766475,0.013837456188998752
LA5,0.737202973,0.845439868,0.259876457072015,0.059639337729429774,0.0607255386195016,0.19994243741751147,0.2192913749067215,0.1194011220368051,0.07079148343790297,0.010332248780112567
LA6,2.009817993,2.304901528,0.334579487318619,0.04687215635229609,0.02225841216500866,0.10861532470496338,0.1851608218794202,0.13875099013067738,0.12514888171468908,0.038613925734326246
LA7,0.515455914,0.591135678,0.23029464302057917,0.05865820143220752,0.035132307543618846,0.18252640947199208,0.2616765050873763,0.14024413403095773,0.058440428537925374,0.033027370875342986
LA8,0.584212216,0.669986851,0.4055424017878858,0.037729126374139936,0.029044672181719692,0.09980069678089522,0.1746384471600558,0.13008181375199954,0.08892962880507704,0.034233213158226965
LA9,0.637532719,0.731135925,0.29758864597366425,0.07779540969278231,0.059264244593377695,0.08727536108813239,0.18261579619326807,0.16285149848510813,0.10483904257480638,0.027770001398860825
LD1,0.904909255,1.037768958,,,,,,,,
LD2,0.538067048,0.617066602,,,,,,,,
LD3,1.052203203,1.206688754,,,,,,,,
LD4,0.481365674,0.552040275,,,,,,,,
LD5,0.596283171,0.683830077,,,,,,,,
LD6,0.507545291,0.58206361,,,,,,,,
LD7,1.166965336,1.338300381,0.5739130434782607,0.01739130434782609,0.026086956521739126,0.06086956521739133,0.06956521739130436,0.09565217391304345,0.1043478260869565,0.05217391304347825
LD8,0.452690719,0.519155234,0.6484312420740146,0.015581219323378415,0.014774531385335047,0.039608963416863055,0.07115104745329241,0.09266482894932768,0.10703443646035109,0.010753730937437747
LE1,0.121580471,0.13943104,0.2607463910471112,0.0537371400610588,0.04236440610713009,0.07104803720709839,0.11041779964299696,0.13997167356299398,0.27700403131383244,0.044710521057778105
LE10,0.266865126,0.306046536,0.16982751881700564,0.10951581817151743,0.09121825937972868,0.11033847989892488,0.18120810662594244,0.13300897884423435,0.17432642723593578,0.030556411026710733
LE11,0.118148023,0.135494637,0.1408059349029182,0.09234092578359325,0.0937979250606933,0.12981208782862033,0.255135992239958,0.10769464141087899,0.15450924860314377,0.025903244170194174
LE12,0.42139558,0.48326531,0.14630515668228936,0.0632153678897444,0.059632254107599286,0.1643226353051447,0.23375672330346187,0.1542058721588747,0.14311573919687848,0.03544625135600711
LE13,0.475746002,0.545595517,0.16152650057839044,0.1017976110668533,0.06338211806425534,0.15082312537418033,0.2762860139467293,0.11117703006155753,0.12660123252484934,0.008406368383184456
LE14,0.538637461,0.617720764,0.3386800923957227,0.0647382931513433,0.038930770829971685,0.13396536501820505,0.16462162347209652,0.09929817990082561,0.10069782291956314,0.059067852312272046
LE15,1.114012301,1.277572727,0.2472303678364291,0.04048229426700615,0.027196308602663016,0.15373216520026653,0.18190337293287698,0.1369980750550681,0.18385658264278487,0.028600833462905272
LE16,0.76264302,0.874615049,0.18190808637280678,0.10808450541831414,0.042758526625608397,0.13835592256403204,0.17909669242362913,0.16130108375587035,0.16866747604387533,0.019827706795863827
LE17,0.312108953,0.357933108,0.15774026205979244,0.050658737701931696,0.05203627965952891,0.16009705840728664,0.23308823318293892,0.14787742567738674,0.17518264972712244,0.02331935358401215
LE18,0.363556518,0.416934258,0.08298836859051982,0.09704414322310859,0.08653288513169942,0.2953569652332379,0.25520630278881684,0.13183659036871587,0.0477478104423771,0.0032869342215244364
LE19,0.304434252,0.349131601,0.13405224372846833,0.048475309354868344,0.04467709344942448,0.11601542179483319,0.14395221107706196,0.33461983827820435,0.157820552710663,0.020387329606476393
LE2,0.226157115,0.259361735,0.21003185848344302,0.12878041345550809,0.09026791092627992,0.16690582644228322,0.16248185182029487,0.11021820204600079,0.10657941215896731,0.024734524667222778
LE3,0.184357995,0.211425625,0.12613043857615744,0.16123718988438349,0.09261747398216562,0.17681446825628977,0.11959742767559817,0.17213816064681936,0.13108045667968612,0.020384384298900004
LE4,0.084137103,0.096490198,0.13189245821722487,0.0968746152818491,0.15866758463086683,0.18708782077627173,0.21783606081929344,0.09539297073816513,0.08892790310897863,0.023320586427350246
LE5,0.090746062,0.104069492,0.17238458308764845,0.13424827327124556,0.11894294014491696,0.18487332463173495,0.13748856415651128,0.10487512118946628,0.12669261102623403,0.020494582492242504
LE6,0.155462889,0.17828811,0.16515559681762745,0.07636189947217825,0.06279818433345814,0.15255648001001737,0.23174066335127297,0.15904613779239038,0.12472065148586273,0.027620386737192717
LE65,0.316350578,0.362797494,0.12714662831926277,0.047557112338572384,0.0413727623464166,0.09311846049071983,0.32361486238475334,0.19799952788321754,0.1398312834313053,0.029359362805752156
LE67,0.204597756,0.234637008,0.20960472429346574,0.09732946549218753,0.06127419431995898,0.1187053119466948,0.17199780706553236,0.15632366477125312,0.15683352314377222,0.02793130896713525
LE7,0.114443616,0.131246345,0.15191894929149877,0.059623390729773455,0.05036475595222806,0.16540034993247413,0.25299331627783944,0.15117785289371016,0.14217213917099578,0.026349245751480278
LE8,0.348469912,0.399632621,0.09411663016038353,0.07024436179551777,0.05200223703239588,0.19766139234040364,0.2951722309190935,0.1858225381386368,0.09223945218096594,0.012741157432602965
LE9,0.230904985,0.264806691,0.11306616204663533,0.07579618189288158,0.05718031564125272,0.1676834054858286,0.26525371059631986,0.18090410468337614,0.11884460941265641,0.0212715102410493
LL11,0.335401345,0.384645314,,,,,,,,
LL12,0.682038525,0.782176119,,,,,,,,
LL13,0.717332038,0.822651461,,,,,,,,
LL14,0.262833988,0.301423544,0.39353841480303436,0.10233821466543966,0.015870285821502284,0.04874109879113318,0.20335855900931898,0.09970247402231894,0.10233821466543966,0.03411273822181322
LL15,1.569302073,1.799708609,,,,,,,,
LL16,1.681020935,1.927830149,,,,,,,,
LL17,0.332055294,0.380807992,,,,,,,,
LL18,0.322863373,0.370266504,,,,,,,,
LL19,0.338588033,0.388299874,,,,,,,,
LL20,0.569007145,0.652549356,,,,,,,,
LL21,0.752940263,0.863487722,,,,,,,,
LL22,0.496142428,0.568986566,,,,,,,,
LL23,3.868963028,4.437008138,,,,,,,,
LL24,1.146644852,1.314996423,,,,,,,,
LL25,1.148048808,1.316606509,,,,,,,,
LL26,1.103310874,1.265300105,,,,,,,,
LL27,1.18067987,1.354028497,,,,,,,,
LL28,0.415002495,0.475933586,,,,,,,,
LL29,0.54605728,0.626229968,,,,,,,,
LL30,0.573559986,0.657770649,,,,,,,,
LL31,0.855479044,0.981081353,,,,,,,,
LL32,0.788906965,0.904735093,,,,,,,,
LL33,0.995186133,1.141300379,,,,,,,,
LL34,1.037963743,1.190358642,,,,,,,,
LL35,0.834588452,0.957123582,,,,,,,,
LL36,1.485284613,1.703355619,,,,,,,,
LL37,2.699984064,3.096398487,,,,,,,,
LL38,1.05037322,1.204590091,,,,,,,,
LL39,0.969419679,1.111750869,,,,,,,,
LL40,1.073809952,1.231467828,,,,,,,,
LL41,1.101156599,1.262829537,,,,,,,,
LL42,1.064680339,1.220997796,,,,,,,,
LL43,0.991795139,1.137411516,,,,,,,,
LL44,0.99907388,1.14575893,,,,,,,,
LL45,1.082906248,1.241899651,,,,,,,,
LL46,1.082671293,1.2416302,,,,,,,,
LL47,0.234772356,0.269241873,,,,,,,,
LL48,0.237600409,0.272485144,,,,,,,,
LL49,0.236299541,0.270993281,,,,,,,,
LL51,0.246982992,0.283245288,,,,,,,,
LL52,0.234766169,0.269234778,,,,,,,,
LL53,0.236226492,0.270909507,,,,,,,,
LL54,0.365637544,0.419320823,,,,,,,,
LL55,0.403091895,0.46227426,,,,,,,,
LL56,0.3703532,0.424728836,,,,,,,,
LL57,0.546726103,0.626996989,,,,,,,,
LL58,0.575271219,0.659733128,,,,,,,,
LL59,0.59973436,0.687787973,,,,,,,,
LL60,0.8688025,0.996360972,,,,,,,,
LL61,0.640192349,0.734186045,,,,,,,,
LL62,1.162789067,1.333510948,,,,,,,,
LL63,1.218449121,1.397343068,,,,,,,,
LL64,1.181081392,1.354488971,,,,,,,,
LL65,0.829596975,0.951399252,,,,,,,,
LL66,0.851209484,0.976184932,,,,,,,,
LL67,0.747569102,0.857327962,,,,,,,,
LL68,0.80578901,0.924095777,,,,,,,,
LL69,0.846216159,0.970458481,,,,,,,,
LL70,0.79872177,0.915990918,,,,,,,,
LL71,0.8708885,0.998753241,,,,,,,,
LL72,0.778584698,0.8928973,,,,,,,,
LL73,0.858287229,0.984301839,,,,,,,,
LL74,0.575595763,0.660105322,,,,,,,,
LL75,0.628212853,0.720447707,,,,,,,,
LL76,0.501429384,0.57504976,,,,,,,,
LL77,0.596315942,0.683867659,,,,,,,,
LL78,0.585221744,0.6711446,,,,,,,,
LN1,0.444709818,0.510002569,0.26794393438082076,0.08449941274770013,0.027380571253025045,0.15833700765767963,0.12213451349454718,0.10161648591052617,0.2228935735235166,0.015194501032184506
LN10,0.494376717,0.566961612,0.18048458730740058,0.08299502834415078,0.05695602140439264,0.1117885556373309,0.17310740162650656,0.2051945178079941,0.16010092940187,0.02937295847035439
LN11,0.644853472,0.739531519,0.2954850273511289,0.058744281149750326,0.05658710404116715,0.11750646137871629,0.18599848186757365,0.1495417004078608,0.11385727545681577,0.022279668346987067
LN12,0.337053114,0.386539597,0.09259641050807807,0.08870177434692884,0.10476451287264708,0.0949320786771734,0.24750333229257734,0.2109300453403879,0.14430181524845903,0.01627003071374836
LN13,0.535843749,0.614516877,0.3308667474021278,0.029408748519780557,0.04743007599831744,0.1101341256209127,0.17449293883361802,0.1324665109139761,0.1189082686009915,0.056292584110275844
LN2,0.264729034,0.303596822,0.1812515822619939,0.13073849196129902,0.043930958557053,0.1619697635262702,0.16290226158696955,0.1331064839220963,0.16870226666475258,0.017398191519565374
LN3,0.418965552,0.480478503,0.18798080644917411,0.03422283973713992,0.03896914732072551,0.205650763978655,0.18378213611903174,0.1282065894820672,0.20495118446630692,0.01623653244689964
LN4,0.566154892,0.649278332,0.1385025563114451,0.02837137215725957,0.05117859905354469,0.16660729429676188,0.24294255396222517,0.18414734175669348,0.167495300958265,0.020754981503805125
LN5,0.222309013,0.25494865,0.26427026341675314,0.05260845468300887,0.027966255739337104,0.10585015989954386,0.18284626746325258,0.11509309673656047,0.22104195920221842,0.030323542859325554
LN6,0.282837314,0.324363778,0.04779841770240762,0.06578949395410089,0.051608448634035055,0.21531188412061358,0.22771531866804376,0.1923591483031317,0.18643113159332741,0.01298615702434002
LN7,0.268724861,0.30817932,0.26290297163085663,0.05842680199188492,0.032704874617056776,0.1336140398937999,0.20845782100624713,0.14924761773512626,0.13218321059321478,0.022462662531813546
LN8,0.755096217,0.865960216,0.2624570323122819,0.02996622881653958,0.031358939540902034,0.1600110439248472,0.1675743821893842,0.13301934551499722,0.19045840253834204,0.025154625162705894
LN9,0.344518489,0.395101046,0.35562326237744746,0.020093618681835783,0.020625245480035373,0.08308360021680657,0.15500752525284744,0.21137518485352874,0.13434634486821542,0.019845218269283166
LS1,0.128552753,0.147427,0.045478326085094785,0.006347569847256474,0.006429629920231446,0.01587117730890333,0.25370305077869454,0.030010434277533627,0.6344175708556624,0.0077422409266233875
LS10,0.114841654,0.131702823,0.03660827127132729,0.08671503349723378,0.12193951579488836,0.1706986465197096,0.18169849892230217,0.16444610331857276,0.20640772648072025,0.03148620419524583
LS11,0.107254845,0.123002111,0.1359832939393283,0.16929394896683028,0.11164301413357404,0.08085059281596625,0.23324064606765438,0.05906689639126607,0.20357307371877562,0.0063485339666050295
LS12,0.436137812,0.500172012,0.22322547039137103,0.07750478847536763,0.1552749377730545,0.1277653976846274,0.23544582464590008,0.0918063211159065,0.0864492577161177,0.0025280021976551085
LS13,0.26404411,0.302811337,0.10648797452879392,0.08519978202056552,0.14588917929378092,0.26206213368140746,0.23253315012620476,0.09669617165471894,0.06866102337435094,0.00247058532017753
LS14,0.092804704,0.106430386,0.02688432252010848,0.032653117521622164,0.12078181539852617,0.3998982059520586,0.2931160608212719,0.050971971238716905,0.07264610901142211,0.0030483975362737012
LS15,0.129209659,0.148180353,0.042780486786739624,0.10302627566846177,0.2348624622298105,0.2525419787471854,0.1736723959733331,0.1457647560454239,0.04341636671084618,0.003935277838199526
LS16,0.623681096,0.715250593,0.037853532306359725,0.03746984002492693,0.13596667600075096,0.48596677642973013,0.1699818306331282,0.08215605553239504,0.04791570423629338,0.002689584836415645
LS17,0.664054525,0.76155169,0.05786358642729841,0.03895737275848666,0.155220385441791,0.38026483249287907,0.22029205864480278,0.09403547683557004,0.04991809075496969,0.0034481966442023565
LS18,0.59260842,0.679615795,0.15328509098983328,0.1580289147933845,0.11561834494799877,0.227989996835876,0.20922427226337628,0.05438008191798985,0.06912348966753186,0.012349808584009414
LS19,0.272950768,0.313025679,0.16382634297872475,0.17163885808921642,0.1273350074070708,0.15780490278443107,0.2048911486925345,0.10347959075655527,0.058689281584178236,0.012334867707289055
LS2,0.10394305,0.119204075,0.13802919185732387,0.01040034300187717,0.0134844358030069,0.036693880198124265,0.1811159236376761,0.06714139150881052,0.5311536079477376,0.021981226045443725
LS20,0.36916162,0.423362307,0.14636798135721463,0.10499958951822891,0.16174666551305514,0.1775715810946536,0.15604211569321863,0.06378254267097264,0.18711496294826338,0.002374561204393118
LS21,0.792974531,0.909399864,0.3420966037519519,0.09456837691023437,0.08856597491193181,0.10094087387472693,0.18022934975294036,0.09532452852487902,0.08900483545198923,0.009269456821346356
LS22,0.529664481,0.607430362,0.12939972328286636,0.04154299450588396,0.04999095563528416,0.19266127464312877,0.26041619165264446,0.21446789266960734,0.10700295776991224,0.004518009840672715
LS23,0.660481892,0.757454519,0.1924861535524651,0.03688382408332557,0.058462638764755645,0.18251864003447085,0.24222829378624103,0.14120352494218458,0.1389584159591352,0.007258508877422017
LS24,0.367395939,0.421337387,0.1818695535106275,0.0861639517945969,0.05862907305445101,0.18315662660607307,0.1837814552295381,0.18357305422471182,0.10319147918065849,0.019634806399343067
LS25,0.370276615,0.424641007,0.12344574639350493,0.044097875959845184,0.0464582593594749,0.1929238038368811,0.28146806423940723,0.1591562292283498,0.14644310604158156,0.006006914940955278
LS26,0.300612041,0.344748209,0.09947635524341873,0.09424606182910554,0.07584905319867793,0.2897486386448327,0.21486624027580756,0.11729539048753321,0.10662082580081524,0.001897434519809087
LS27,0.788486378,0.904252755,0.2196379931298822,0.050904937494933994,0.06899115450436484,0.14908441266807637,0.20934279150722462,0.1723025968650225,0.12247307363807405,0.007263040192421393
LS28,0.430782246,0.494030137,0.22870028839405251,0.08534352871774928,0.11046165357225098,0.19024571114911198,0.18501696091168,0.08193295998518361,0.11110242171522429,0.007196475554747444
LS29,0.466288262,0.534749181,0.23426145656188108,0.07791368418951383,0.07605214439958248,0.11774362537150536,0.19017162571527818,0.14377333363277284,0.1317001217346899,0.028384008394776367
LS3,0.113034399,0.129630226,0.19013978623598574,0.010842001292060699,0.016153358235059458,0.010922058961198803,0.34472066087508385,0.09460336376980091,0.29636075361437625,0.03625801701643425
LS4,0.094018626,0.107822537,0.3496908819148999,0.1309997231516572,0.1760446239302003,0.040703831968471216,0.1710067735637683,0.03985019947628321,0.08523001456587737,0.006473951428842553
LS5,0.190529464,0.218503194,0.11850150851845832,0.16569034029926233,0.15478646973092638,0.19059987642143983,0.20237402508559213,0.07005323180076262,0.0957180716173525,0.002276476526205891
LS6,0.323135118,0.370578147,0.2802966808790835,0.1357135324128991,0.10671943463721734,0.05049728003949734,0.17708148072307897,0.10853823313449971,0.08660884347254186,0.054544514701182115
LS7,0.286779413,0.32888466,0.15837234838254122,0.07358113302515289,0.18572239304710378,0.05690951800565701,0.25499325180994475,0.11817950293268575,0.11599939018994106,0.036242462606973516
LS8,0.152429179,0.174808987,0.21491519724654706,0.12073830202616134,0.2328906119759174,0.0873759374465187,0.1619026689176402,0.0499073473587793,0.09737666276259507,0.03489327226584083
LS9,0.074510002,0.085449636,0.09071199545759538,0.2362876184696106,0.15783605120372138,0.1151854039057176,0.13222085263527858,0.06252299903717191,0.1690064509836353,0.03622862830726926
LU1,0.20244866,0.23217238,0.27424683107595904,0.11020363002241247,0.06235907429538477,0.11677811754799297,0.11601925755612938,0.15512384262418658,0.14217928289832657,0.02308996397960815
LU2,0.239242897,0.274368783,0.11120495114248824,0.08260541156621273,0.12945796476355548,0.19303504927428064,0.2251763660635843,0.18698241880079144,0.05817158820538802,0.013366250183699182
LU3,0.252602954,0.289690378,0.046054180743748195,0.15014101714549283,0.16024616608835046,0.19658953114269934,0.19204973558392607,0.188454508068534,0.05945914654418602,0.0070057146830630095
LU4,0.138081776,0.158355084,0.016573313139108842,0.16025913404285777,0.20008315091708354,0.2669828685377154,0.13371087141546864,0.1509959376874943,0.06401806220956585,0.007376662050705589
LU5,0.216065204,0.247788118,0.06589286699704455,0.07085299593473178,0.06635276680748654,0.30153672759978056,0.2070942435130589,0.17813868504745245,0.10742340563445331,0.0027083084659919867
LU6,0.162011469,0.185798159,0.12229909253568234,0.12489672440902196,0.07225787669822702,0.16129815902841463,0.2399267769115514,0.17789454941704133,0.09838751831598974,0.0030393026840715375
LU7,0.429701329,0.492790518,0.13035667904108347,0.0295924761298172,0.037526903354165655,0.14014752250594475,0.30784195974526635,0.12048794424494318,0.2260842222608432,0.007962292717936172
M1,0.071139345,0.081584096,0.08767072570312621,0.01791714115244908,0.00017682423670871154,0.007463001630063051,0.02326971311173152,0.2698196886865682,0.5869429274744287,0.006739978004924506
M11,0.07113945,0.081584217,0.2424204208361346,0.149729610912235,0.09200362210818955,0.007391792385247505,0.20245248197651655,0.12347051020879601,0.17991884152918028,0.0026127200437004723
M12,0.059699106,0.06846419,0.10288062978255487,0.08735790819645524,0.032853088820481026,0.01158512015232847,0.3858978484760322,0.19927821073700816,0.16625994693172869,0.013887246903411391
M13,0.087599481,0.100460926,0.12894627110845425,0.14864313785916197,0.016485474644129985,0.014679088997556494,0.34727286906377697,0.0743250749432195,0.2672024552335319,0.002445628150168881
M14,0.176211804,0.202083401,0.28934188896675966,0.2686863124589513,0.05530738829238398,0.016391906420816487,0.14568656612957484,0.12242143944612206,0.09720661291560109,0.004957885369790514
M15,0.157803953,0.180972891,0.10513262345581165,0.03348009697162998,9.567949664930404e-07,0.06870809350596455,0.15876281746785695,0.2206542999824465,0.410235089141274,0.0030260226800498348
M16,0.296888543,0.340478023,0.35044709299288734,0.2629397152268668,0.06430135808618347,0.033894152787430715,0.1476969938685831,0.06563009146978044,0.07258240489232501,0.0025081906759430958
M17,0.711048296,0.815445135,0.0032481458705252075,0.04780505749173623,0.27669385053139633,0.08780779302803376,0.4454355188596632,0.08510964956110226,0.04889409914233748,0.00500588551520549
M18,0.104512928,0.119857624,0.2516714860372532,0.26417521191538734,0.10326742510975816,0.04094211664587648,0.17678156225613914,0.06474450348237491,0.0965080896478213,0.0019096049053894573
M19,0.109051814,0.125062912,0.279107362790935,0.4399891076275164,0.10327147065527455,0.027303145462859776,0.053035900692529614,0.05220408514199371,0.043483695895418464,0.0016052317334724706
M2,1.020903468,1.17079356,0.04175101660848181,0.08661044517884221,0.0,0.0007789047935033336,0.0007789047935033336,0.07951761048467412,0.7817869553735577,0.008776162767437475
M20,0.143119349,0.164132279,0.2299475685788969,0.2665674494263151,0.19361849169912404,0.05309463682790203,0.0783535221358506,0.09677409084350143,0.07786570549620847,0.0037785349922014096
M21,0.193911015,0.222381228,0.3408125373040623,0.3286867740100373,0.11191706798867927,0.026579009397183773,0.07683974807065894,0.05756266301065698,0.055566481602429385,0.0020357186162920024
M22,0.192834399,0.221146543,0.015194117691280049,0.1436186931299706,0.18218243557033517,0.37122999689295805,0.044579328781878896,0.09141927808220754,0.15066457661714422,0.0011115732342255077
M23,0.172827047,0.198201691,0.0036714800346317137,0.05118593376415056,0.12764398345222236,0.49544472805928924,0.11012515944565203,0.09583040315291559,0.11379425818822318,0.0023040539029153193
M24,0.117376721,0.134610091,0.10654181241606206,0.09842976093176904,0.09938847776610335,0.3444430820943392,0.1952063591177574,0.0975761210785038,0.056662867214067734,0.001751519381397463
M25,0.083196143,0.095411086,0.10365816216388646,0.2604776102765286,0.26111701371796764,0.10962929815053879,0.14708104905137026,0.07295725619952306,0.038843275484633705,0.006236334955551446
M26,0.183187224,0.210082959,0.2248913719163107,0.08581190138250092,0.0859058229416022,0.11108988362380004,0.19924651227293014,0.16200179469972864,0.0991548755485188,0.03189783761460854
M27,0.285413457,0.327318153,0.11810191523840134,0.21514234903880924,0.2058425591994234,0.17034044226467765,0.12439932460950544,0.06647055885449021,0.09340661899979595,0.006296231794896763
M28,0.14763834,0.169314752,0.12315569490860152,0.1330411001355776,0.09959748043141038,0.22505005427149025,0.19118333759168343,0.14027242191626021,0.08071484100989353,0.006985069735083059
M29,0.182312978,0.209080356,0.20737852587149866,0.09534125686703508,0.12648189629109466,0.12942601187994776,0.20938114586964163,0.12011229614825009,0.10020588543873495,0.011672981633797212
M3,0.073923212,0.084776694,0.02036983969195096,0.04538429786243457,0.0001980090441352738,0.05066710749178122,0.06290105429187018,0.10564378394485723,0.6973422611901632,0.017493646482807323
M30,0.154470969,0.177150555,0.19927969902290904,0.17069575609756357,0.10497534899343997,0.14885691704648715,0.21152894439428493,0.07841967107677633,0.0733548655003539,0.012888797868185168
M31,0.396215178,0.454387895,0.09423161512467158,0.08573685659970699,0.27011089382870307,0.2752895120539332,0.17630514338220596,0.04915280233845802,0.047155060153224494,0.0020181165190966254
M32,0.177185144,0.203199648,0.10081634139084106,0.3496458338496321,0.22658727107345086,0.11351285708599994,0.0791270649515122,0.06417425043571816,0.06411560651356339,0.002020774699282302
M33,0.211216535,0.242227563,0.16644821161005915,0.13359849769597584,0.19778669294360343,0.17494733101268942,0.1478913703078106,0.07039830112238779,0.10603887290496004,0.002890722402513689
M34,0.206154432,0.236422237,0.13622028215422044,0.09287247183094417,0.19131633292761885,0.19680538900512806,0.24742901084756727,0.07374814029327197,0.05042457188795996,0.011183801053289257
M35,0.050332388,0.057722241,0.16832246371596507,0.13903339289346597,0.22297455676263975,0.18839565012063927,0.1165982607152322,0.1089302578973373,0.044171677999432814,0.01157373989528761
M38,0.129732412,0.148779858,0.06848205078568279,0.07873437419581931,0.060903158017004265,0.4555178483676055,0.19816748963816075,0.06793120435406415,0.0657820992623372,0.004481775379326129
M4,0.039674184,0.045499188,0.07435085474772735,0.021627008795994704,0.0018636522664147066,0.05526666878145235,0.07728454723823465,0.06934823009062158,0.689415889199665,0.010843148879889797
M40,0.058423317,0.067001089,0.13625357340049288,0.1563385133938721,0.14258861961390465,0.10995900796247736,0.2672444789179587,0.10445846687380902,0.07894069761027732,0.004216642227207989
M41,0.211208648,0.242218518,0.16425707949621138,0.11754065554180622,0.32318538716887096,0.14688223782093854,0.1500892819155303,0.04874434298058844,0.048000192504495075,0.0013008225715590396
M43,0.109030905,0.125038934,0.1043789691444751,0.13728195649179203,0.347167776082859,0.08195445173072975,0.12948647606459338,0.12456142684232542,0.05392402218543533,0.021244921457790007
M44,0.251721098,0.288679047,0.14680021057433723,0.1448102007318998,0.11785182371648467,0.2050406603117985,0.17612265843369496,0.0742063732376212,0.1182844140221193,0.016883658972044347
M45,0.123026767,0.141089683,0.08278809184627375,0.23418196476050004,0.18687920289142704,0.14851275582701762,0.21885638920158254,0.07350625509125812,0.0477817044304601,0.007493635951480798
M46,0.157125833,0.180195209,0.18355707407246624,0.13607246048418897,0.16442194282749656,0.16111023293059035,0.16692459378046276,0.06934339383660568,0.10971008357611067,0.008860218492078766
M5,0.108236282,0.124127644,0.049082360858543984,0.07690690497239878,0.018120374792780333,0.09883966279575387,0.21832524162475292,0.22932147727182148,0.28864029435036215,0.02076368333358637
M50,0.070109063,0.080402547,0.023499510290308074,0.03680128649634596,0.007302199861997284,0.06768890142397628,0.07965781220007087,0.2703864429553081,0.48178119520014884,0.03288265157184461
M6,0.088388493,0.101365782,0.18116492052723696,0.1382984777150111,0.1267708652159451,0.07979959347349609,0.24049862042714837,0.12146065938638959,0.09906460146888303,0.012942261785889812
M7,0.080364592,0.092163804,0.14780896717313216,0.1337445751571875,0.04446945701349007,0.04488557868136007,0.2775650845634427,0.13373699282717016,0.18501440209684092,0.032774942487376536
M8,0.071345317,0.081820309,0.18779821141263847,0.12420710463179956,0.10441406889445602,0.04497051675476998,0.26690818033078567,0.1308512425079409,0.13841640903793323,0.0024342664296761645
M9,0.065202423,0.07477551,0.14431416818363269,0.12402065340898329,0.22905837302370827,0.12962404106591782,0.19543748000581002,0.09458302256497916,0.08190466917395331,0.0010575925730154474
M90,0.262391962,0.300916619,0.026068306081146565,0.006154693528355094,0.018391730493844863,0.4996166003831955,0.0027782621226066354,0.2316931238325584,0.2138764801340111,0.0014208034242820312
ME1,0.399473813,0.458124968,0.33148446535638953,0.06456727323950129,0.1006564671574905,0.14909191634463342,0.09071682581373805,0.153428317745273,0.08978283975595067,0.020271894587023512
ME10,0.30862412,0.353936629,0.15460490224789,0.06695613445207295,0.05844309861103122,0.1497367399139718,0.2808795172892707,0.12394641085429944,0.15609846909595546,0.00933472753550848
ME11,0.442390448,0.507342666,0.2123901654650611,0.13076157164365865,0.0851820137209967,0.2231656969207436,0.256208706938399,0.046598778183943264,0.0319990940694415,0.013693973057756279
ME12,0.186653059,0.214057652,0.20094388221419782,0.12018711538439351,0.055602557418342746,0.17483068077493427,0.16823434992782624,0.13918764806568693,0.11851165977061817,0.022502106444000292
ME13,0.546781282,0.627060269,0.40290790994102227,0.050994827344485384,0.03801674994920747,0.12981408326782495,0.14360495113265243,0.11841498788499741,0.09144078782839524,0.02480570265141484
ME14,0.699623237,0.802342637,0.21303941540719015,0.052081863519071056,0.06343670740196079,0.11028518068614866,0.19929269089474883,0.13409325222529891,0.20810054711537365,0.019670342750207955
ME15,0.345357456,0.396063191,0.10574572833774253,0.10693585243387894,0.059956767382505334,0.24546574302969018,0.1771324095977487,0.10911458487978291,0.18394944501504998,0.011699469323601455
ME16,0.253171001,0.290341826,0.1464578575278519,0.10401588822873334,0.050954425998785725,0.14143668199392004,0.22205575140806785,0.11081755079982955,0.2104996839954882,0.013762160047323337
ME17,0.425939571,0.488476455,0.2459541947746194,0.05067647692594956,0.050538926524525865,0.19146717293655915,0.19595783339931946,0.0947125168848119,0.14144772274623335,0.029245155807981277
ME18,0.453383212,0.519949399,0.339373706165585,0.03561164986992022,0.044664460027032955,0.1683345826106287,0.1884334932220868,0.13115367936834765,0.06322883286234669,0.0291995958740521
ME19,0.299388284,0.343344778,0.13924532306605822,0.026393867658782287,0.033885722126208176,0.1578519265968542,0.13846931379389724,0.1710693763092183,0.3051083410592298,0.027976129389751817
ME2,0.262422794,0.300951978,0.18450152436035783,0.06650974784231199,0.12369311426665024,0.28413394181598983,0.13824388636573026,0.10112103433197554,0.09166859180046356,0.010128159216520776
ME20,0.457888563,0.52511623,0.08993574558994522,0.03209706432271037,0.06932273208183808,0.2240659043582287,0.3451053689998261,0.10199360286572717,0.12872518086858348,0.008754400913140947
ME3,0.231962835,0.266019856,0.11365888692617153,0.06656568955305901,0.040601958400313866,0.22623843274711208,0.2815699498939784,0.1196675487697041,0.13948807808124372,0.012209455628417201
ME4,0.26160321,0.300012061,0.2632167151994698,0.09807666528437248,0.0959193122175592,0.07160312117342868,0.09031913364250581,0.13362736758521615,0.22583116163549288,0.021406523261954958
ME5,0.410804724,0.471119494,0.08001644698127526,0.03095609991452263,0.032872871893190936,0.24555655816311733,0.33485001082893556,0.20274415626049058,0.0656336372925128,0.007370218665954902
ME6,0.276270013,0.316832259,0.1397699014574797,0.017309153622031646,0.01542001227745174,0.16565781749196673,0.33627616575274666,0.19837104924006543,0.1148421819629801,0.012353718195278082
ME7,0.188486091,0.216159811,0.34355536854796576,0.18865572100951677,0.08817678648852721,0.055364847949604626,0.11993747690036054,0.08238644051614526,0.10843554897800875,0.01348780960987099
ME8,0.294662786,0.337925478,0.04455672478365054,0.04269917389397276,0.10107923548996786,0.28618508515780616,0.315547076311805,0.17474423804442102,0.027183073289648883,0.008005393028727806
ME9,0.328223628,0.376413757,0.23763023775746456,0.04764302451970548,0.0621889375570212,0.1562138841781691,0.20489180906598167,0.11209601219790567,0.154880617706574,0.0244554770171783
MK1,0.486979129,0.558477903,0.09572662579074129,0.07271156788896846,0.04399744923859482,0.056934065907507,0.2966208044456828,0.07244740847616005,0.353489523455425,0.008072554796920657
MK10,0.605578449,0.694490097,0.0055583512590599285,0.0005681279375486493,0.0010837070836410027,0.003462067597223312,0.026518044210721726,0.5065892524213682,0.4448546925298931,0.011365756960544027
MK11,0.617628222,0.70830903,0.12392300265906428,0.03221452019425462,0.023486931437446627,0.041389876596312686,0.40440782284970117,0.3381625391780475,0.033998587350498495,0.002416719734674601
MK12,0.174272867,0.199859788,0.16453442361189993,0.066315863978021,0.033040470167531234,0.04285247209340989,0.27377927306790517,0.1856726055827782,0.22982681197035157,0.003978079528103094
MK13,0.110562425,0.126795313,0.054711081811301195,0.01029764470182645,0.013503799034456246,0.026076435782054295,0.466539565458106,0.38858607104868004,0.03829523020380889,0.0019901719597668786
MK14,0.451587568,0.517890117,0.007984595988248385,0.005423229881066963,0.003771294097427831,0.008776597666276847,0.5652315268404604,0.3269473182608647,0.080310050598337,0.0015553866673179342
MK15,1.282738914,1.471071954,0.012027493614848868,0.0002911599363927524,0.00010153848308508925,0.00558403180397946,0.17451461024628168,0.675936377797409,0.12855980743858325,0.0029849806794197955
MK16,0.787862931,0.903537772,0.16996316768721104,0.039073515922031815,0.036063890059948936,0.09500036740942609,0.34465397528320624,0.2137154731130747,0.08791691547036974,0.013612695054731498
MK17,0.433111116,0.496700933,0.20444491042560528,0.06231281197612325,0.05168203340508334,0.1304218983120673,0.2120797535477693,0.17831717305077038,0.14146927058924882,0.019272148693332297
MK18,0.677599728,0.777085614,0.22790640036254753,0.027377850547265235,0.03162150199773116,0.1092137506929587,0.18456291233069205,0.20861575132141796,0.18067991779180215,0.030021914955585163
MK19,0.191304705,0.219392258,0.1018063551693495,0.014502657453589906,0.049677735142169714,0.11917434622632486,0.28512212873449666,0.18109152369309994,0.24131705413592494,0.007308199445044361
MK2,0.227945921,0.261413175,0.08495703022208392,0.09931305878360014,0.05980384488849838,0.15367758707228898,0.38323795065908184,0.03674705946168188,0.17608890604049543,0.006174562872269436
MK3,0.223373628,0.256169572,0.01548409991685313,0.019271985916224383,0.01763292882176827,0.34590550126054415,0.3186632737379854,0.09514573158599757,0.18139103782857208,0.006505440932054949
MK4,0.227230249,0.260592427,0.011896938374129949,0.003642948569739577,0.004277202578670749,0.003955573260311656,0.09410534938475713,0.4442902607241159,0.4279432707592068,0.00988845634906809
MK40,0.172992145,0.198391029,0.373462534694026,0.10499491513864063,0.03722450936920302,0.05552938690016652,0.10870020990622735,0.11486180290715176,0.17989477236876925,0.025331868715815473
MK41,0.415593167,0.476610981,0.11887668048337457,0.02597515716411502,0.04498619786929846,0.25788563072611603,0.312857557789104,0.12658742411847698,0.10423952895421323,0.008591822895301636
MK42,0.143808308,0.164922391,0.14887907670805772,0.062028858727416265,0.11808802088052829,0.10912572583554372,0.14180197601429564,0.17467924581102798,0.23395278774867506,0.01144430827445531
MK43,0.176470963,0.20238061,0.18287323166702357,0.04078165209891065,0.07987831874490907,0.1492708849158358,0.2025752044057243,0.17005776215902765,0.15824378852280932,0.016319157485759652
MK44,0.332987873,0.381877493,0.27560867986514126,0.035769570350747425,0.0498926117175212,0.1288809035407991,0.22415168691383414,0.1200446423804547,0.1493542853404421,0.016297619891060044
MK45,0.570846309,0.654658548,0.14260409293229287,0.032555160199664854,0.05044680388540185,0.15942453833511622,0.2267016442978271,0.19947381512096704,0.17477908414628437,0.014014861082445672
MK46,0.112142593,0.128607483,0.20591669293827544,0.03626583244852822,0.028419877605244028,0.08595402526837671,0.20977640026630004,0.30906115969142817,0.11519215178569146,0.009413859996155927
MK5,0.136716458,0.156789309,0.02641192277177389,0.014130927072150709,0.005635278757240262,0.014564722799348683,0.043875257710189706,0.6374866812708754,0.24655021759003465,0.011344992028386642
MK6,0.31069436,0.356310824,0.004264545383326148,0.0020913020819505078,0.0013801216895453067,0.0036500843748314003,0.5163219916992772,0.3844692755318145,0.07881259918935188,0.009010080049903084
MK7,0.495104517,0.567796268,0.001518062278728171,0.0007826504316114412,8.984795204275363e-05,0.001339192342341688,0.0031585428144987517,0.9036698327536692,0.07090677999764705,0.01853509142946112
MK8,0.164770238,0.188961973,0.004936217887576847,0.0017965135267277441,0.0016735910768415577,0.005330433563368815,0.1799261455507335,0.664689178774261,0.13954265583335687,0.0021052637871338017
MK9,0.176790315,0.20274685,0.0,0.0,0.0,0.00041153663567180117,0.29815981005538206,0.22936606588181688,0.4574284011038911,0.014634186323238148
ML1,0.224676698,0.257663961,,,,,,,,
ML10,0.892092325,1.023070233,,,,,,,,
ML11,1.052652838,1.207204404,,,,,,,,
ML12,1.452015301,1.665201673,,,,,,,,
ML2,0.105198256,0.120643572,,,,,,,,
ML3,0.198463155,0.227601719,,,,,,,,
ML4,0.219322855,0.251524062,,,,,,,,
ML5,0.179223513,0.205537293,,,,,,,,
ML6,0.158116066,0.181330829,,,,,,,,
ML7,0.10566375,0.12117741,,,,,,,,
ML8,0.717054548,0.822333231,,,,,,,,
ML9,0.280415305,0.321586168,,,,,,,,
N1,0.145477665,0.166836845,0.3581790047419013,0.09096984490013185,0.02565774409850106,0.14584493729703432,0.1165324476108152,0.07166145702133778,0.1590142248103505,0.032140339519928056
N10,0.320095574,0.367092334,0.24012043982269796,0.4469784474239837,0.11642918168627318,0.06667548845627273,0.02376600244852273,0.06594720779151932,0.03703384544967847,0.0030493869210518327
N11,0.165151902,0.189399674,0.1593343702876087,0.27783231796450986,0.11806086346183603,0.08271807866119389,0.1469769992285221,0.1445328511746552,0.06828199794196053,0.002262521279713764
N12,0.163600605,0.187620614,0.06012856841397952,0.2513360560384326,0.1685669553461404,0.14756830301087628,0.1522844278446337,0.1477932490127399,0.06840673234984053,0.0039157079833570235
N13,0.101672926,0.116600649,0.04947266912248475,0.5740450181059774,0.1982688547202794,0.04630452028009781,0.03176562387292254,0.056293423096272485,0.043011731839822695,0.000838158962142894
N14,0.183639825,0.210602012,0.027593229973999885,0.11402512730593588,0.40487003576589903,0.09042432028857614,0.1226084498862354,0.13894405152173048,0.10033849602903194,0.001196289228591195
N15,0.063988717,0.073383606,0.4099010076257837,0.18487354612582851,0.012483315827361369,0.0445969587562622,0.1662882996949856,0.09483050639077928,0.08278072326291856,0.004245642316080826
N16,0.058982875,0.067642802,0.4687879741502826,0.12025504347623811,0.04707283573793895,0.12677241442757503,0.10807632521339204,0.07849825209421062,0.044665115213024895,0.00587203968733765
N17,0.066537038,0.076306074,0.24687692630690228,0.28111676395552804,0.03810212354586401,0.046075734591578835,0.1635395318203997,0.10104099906444262,0.11731760068838827,0.005930320026896247
N18,0.077283289,0.0886301,0.19898621745863168,0.20136011903856385,0.23180863671519322,0.08010057808424767,0.15683266609900073,0.07196971551168983,0.05805167835356445,0.0008903887391085281
N19,0.206392094,0.236694792,0.38257625316756483,0.0628764634607391,0.024997230165334533,0.0656130005669085,0.28174584867248825,0.0635125374327385,0.050952063663839614,0.06772660287038669
N1C,0.089678501,0.10284519,0.059029603823854734,0.042600835403035844,0.10452493109504676,0.0757478314729378,0.2326051132734164,0.011703654691462536,0.4376747711524857,0.036113259087760176
N2,0.262620191,0.301178356,0.0963881070620742,0.22788924058914256,0.21008410511993292,0.16606939624478517,0.1692978707777539,0.08581520651164622,0.041678351066888046,0.002777722627776915
N20,0.220960115,0.253401705,0.04502310961158649,0.19366051354242264,0.22077518373117475,0.14781108805509166,0.2549611151228835,0.09891286077589112,0.02733559394653217,0.011520535214417699
N21,0.166332085,0.190753131,0.03009291700493494,0.46533381848040206,0.2665469650848479,0.06687665032211651,0.04930130741643336,0.08809993238108971,0.032578142469648005,0.001170266840527481
N22,0.122848191,0.140884888,0.3154335256786141,0.30729166324493384,0.028379682299295744,0.033819420911017424,0.1898748500835313,0.07361788844049016,0.04914297767223061,0.002439991669886773
N3,0.229847706,0.263594181,0.09523623478867786,0.4468490487249089,0.16506108070656436,0.07337909327080445,0.09633702181618864,0.05534580001622934,0.06462767988616648,0.003164040790459828
N4,0.166218717,0.190623119,0.47906550513048174,0.10354237952698409,0.02750001403684505,0.08628806881287147,0.07304745980800793,0.10012790181996428,0.11907901127671315,0.011349659588132293
N5,0.126010527,0.144511521,0.47349113571559376,0.12417230086597816,0.03995955966374872,0.08919944899828487,0.08704635147632298,0.027177361237716094,0.08802827060538006,0.07092557143697535
N6,0.313168622,0.359148359,0.3546208647250297,0.16382525239884493,0.08066770982151714,0.10632223187120758,0.17563392310951237,0.04616579709496227,0.04169410991425262,0.031070111064673406
N7,0.182250639,0.209008864,0.3562018620078239,0.08492504182015569,0.018305715730873844,0.0886347197270328,0.19989089806952035,0.035234531092325425,0.1746943627441132,0.0421128688081548
N8,0.321503326,0.368706774,0.6128831601532088,0.13552120424349592,0.012913927718092705,0.0683823433083454,0.06373739285055856,0.03596189915014898,0.06453350218860664,0.006066570387543014
N9,0.091019415,0.104382979,0.13640581700483884,0.16997252910633123,0.315332480234408,0.078286365680887,0.12999184149999676,0.07271125056185142,0.09648684191349977,0.0008128739981869609
NE1,0.381877092,0.437944677,0.20943432337763587,0.0730379213890172,0.013898302367198224,0.03936456230609937,0.11041919306308377,0.13277297842769548,0.41555999598073873,0.005512723088531319
NE10,0.402102488,0.461139586,0.07329566897516986,0.14087374441901718,0.1245915831125707,0.31141131518696535,0.1669260818763745,0.09616590225000163,0.08610358126325308,0.0006321229166477241
NE11,0.236433931,0.271147402,0.06192981484022583,0.1432517013250467,0.1705339849070935,0.16261162393279385,0.18134371644673897,0.11093529841888439,0.16687829415567038,0.0025155659735463932
NE12,0.191230736,0.219307428,0.041336748642137114,0.1358462461796733,0.06204638451676955,0.26145093668741975,0.2531230626596575,0.15404565722072117,0.08786937935828923,0.004281584735332315
NE13,0.37877376,0.434385711,0.09274040435310518,0.07211413254858703,0.05690692505544685,0.37754200385857223,0.1673144029088876,0.05314279978745714,0.17313534233796912,0.0071039891499747555
NE15,0.200480948,0.229915766,0.09874179246879039,0.12806718965943,0.2674208821451177,0.17475379991522216,0.20949872348388932,0.0746157752126283,0.04483415592535838,0.0020676811895637133
NE16,0.292762803,0.335746537,0.07909641757276875,0.15102040663914598,0.07860683494138387,0.2160565697850833,0.3268400349650872,0.08147563683475785,0.06499117563654651,0.001912923625226616
NE17,0.150331827,0.1724037,0.162830027404137,0.41045489061633605,0.050174139138360434,0.10923982983719979,0.07029880234418405,0.08740138155349653,0.10637610413153759,0.0032248249747485976
NE18,0.226948574,0.260269396,0.35990876742513467,0.02149102707744692,0.04401651911421707,0.2821108119431593,0.11210455955369178,0.11301784990238682,0.0658668984977261,0.0014835664862375836
NE19,0.434759933,0.498591831,0.46976116950231317,0.027405712358306657,0.059606612802538525,0.15045839790117418,0.08618077783960998,0.09858497778567837,0.10253931019094928,0.005463041619430004
NE2,0.427570449,0.49034678,0.36063700096658363,0.19649537020636226,0.06769285596733915,0.06659341194319524,0.0992680843252292,0.10218971690108727,0.10368319485974231,0.0034403648304608546
NE20,0.401628942,0.460596514,0.12352379786337933,0.043830566131648,0.05636868382656074,0.31169553763181473,0.24765211510815324,0.11616386291891975,0.0985123606131396,0.0022530759063846316
NE21,0.137992235,0.158252396,0.113896779199446,0.10400297540139357,0.07234323438334513,0.2681786625540683,0.2378724658832273,0.06199197422844505,0.1407266018339805,0.0009873065160941389
NE22,0.563726254,0.64649312,0.05604884634738981,0.19072982380303355,0.10570787395115165,0.23244454941860002,0.13741910322566875,0.18480944287844114,0.08884440435822631,0.00399595601748879
NE23,0.668956996,0.767173947,0.029496231760775097,0.05233686458290799,0.042407503016973484,0.06696801109591685,0.6032047481077836,0.1714880613818454,0.03321722321993557,0.0008813568338620054
NE24,0.643009877,0.737417245,0.14720351580169175,0.17239814706230644,0.10439531094644734,0.16719636446321703,0.19206777766139493,0.12037896964386001,0.09480595447239032,0.0015539599486921547
NE25,0.44847653,0.514322314,0.03497572932662327,0.2603557286390807,0.13772889595519167,0.18338438804666385,0.20291310497106807,0.12292152621866308,0.056833168031520206,0.0008874588111891612
NE26,0.20706115,0.237462079,0.19503898776114528,0.2682537124801454,0.07154485583533139,0.2598053465067207,0.1355827791501067,0.052078068748544884,0.01579051527458946,0.0019057342434161825
NE27,0.215443391,0.24707501,0.06599401109844294,0.1507902004795221,0.046431882707850154,0.18409100409199627,0.16681729241226936,0.16652413471318395,0.21381493225229317,0.005536542244442042
NE28,0.12595173,0.144444092,0.11945574449129129,0.11926897549201754,0.14662678024083922,0.15570950930152677,0.2750192049958827,0.10564180502232515,0.07388242699273531,0.004395553463381999
NE29,0.347595785,0.398630154,0.08354305902047317,0.1527479148364936,0.1150871287711768,0.21334969960259942,0.211916051732632,0.18222836047244645,0.038085550723494385,0.0030422348406841603
NE3,0.286771037,0.328875054,0.09004125026928518,0.14399819227402436,0.12394722214635273,0.3500456589272613,0.13467456996426663,0.09383342833929297,0.062445320001331656,0.0010143580781851712
NE30,0.229226525,0.262881798,0.21525001680572803,0.1394071020645002,0.08149605669160073,0.28664796568934,0.11752375541918056,0.11409888584461025,0.044057196437218865,0.0015190210478214301
NE31,0.110155265,0.126328374,0.0518840031665725,0.0851782181491579,0.16552546866372872,0.31957812127696317,0.1258553006365265,0.15054201608869236,0.10080340295993875,0.0006334690584200558
NE32,0.119892151,0.13749484,0.08887075132311124,0.09343668223037722,0.07369388657038481,0.31215549017996197,0.29438554276573503,0.07806050246721731,0.05874678907100749,0.000650355392204958
NE33,0.206671643,0.237015385,0.25831762762350374,0.11705743966140046,0.07984069792504116,0.07202251495974987,0.2460391132662869,0.13049511341133924,0.09443053285619549,0.0017969602964830697
NE34,0.170903814,0.195996087,0.03361072415199692,0.13598405096912403,0.1584305203280602,0.32211583167334557,0.21124989342401052,0.07540737206911159,0.061663814665404895,0.0015377927189462396
NE35,0.115944149,0.132967187,0.10065534022396672,0.22093003623383853,0.020043687338402196,0.1798906656048291,0.13468294199711608,0.2648348880230726,0.07857749899763546,0.0003849415811393593
NE36,0.327751787,0.37587264,0.11648338683778865,0.16011400368576453,0.03317403707782547,0.2686959758663653,0.20581366354247774,0.1456247385167527,0.06994210814295693,0.00015208633006865777
NE37,0.419650484,0.481263998,0.023648555093984815,0.07523283322622643,0.06556299555076674,0.14902868470599373,0.5204664343862433,0.13165108425225733,0.03242675326999043,0.0019826595145373965
NE38,0.202842061,0.232623539,0.018045456997592108,0.026854459599292436,0.03266648520552226,0.04571120426894594,0.6310188473084499,0.16852361908486968,0.07368927950555927,0.003490648029768323
NE39,0.125146617,0.143520771,0.14478710108323306,0.20211944129364157,0.07124117405237769,0.2203116630012836,0.1617917749995467,0.12305788509232403,0.07455125378032794,0.00213970669726546
NE4,0.274115284,0.314361171,0.2173756498582278,0.09486284344190561,0.19300847627200357,0.04610018854365746,0.2698036627850891,0.07479118623903923,0.10235213517542084,0.0017058576846564
NE40,0.166052163,0.190432111,0.18331714552771175,0.16863531959921835,0.10137628297572887,0.20149767452189002,0.18620648343862373,0.10088542648678196,0.05569692449851235,0.002384742951532978
NE41,0.254001967,0.291294795,0.1639342911309501,0.19427632124525304,0.08824185705108396,0.1488934988094474,0.30128039539189605,0.08074152521518349,0.021430897636197262,0.0012012135199887502
NE42,0.251373633,0.288280568,0.09823870362482884,0.05210006847568553,0.11082086388845187,0.2287175094044941,0.23615126999865063,0.16730799478688088,0.10596690024676092,0.0006966895742472536
NE43,0.987905714,1.132951042,0.281588077766004,0.12758322916906675,0.11374440035128497,0.11593920415248093,0.1926371548720733,0.10265517556612044,0.06451540776084289,0.0013373503621266843
NE44,1.023104154,1.173317353,0.398874094783612,0.10844776627700976,0.0578636507338547,0.11949279765954596,0.14036549035970922,0.12163114083596904,0.052038665273852334,0.0012863940764470771
NE45,0.274549409,0.314859034,0.2940448741799312,0.09161757383987702,0.07002414405394244,0.12822045823159478,0.19362173476921554,0.11097323335321849,0.10508970407315375,0.006408277499066792
NE46,0.69870402,0.801288459,0.267189441992676,0.13202178062307704,0.07857341707161906,0.12119983551554629,0.1297645783336043,0.1978846422169632,0.07219159461630073,0.0011747096302133799
NE47,0.720605296,0.826405303,0.5605400319406237,0.04700104727728887,0.0373056158061523,0.08599727880793076,0.0723817490388019,0.12017006820608668,0.07569246803531032,0.0009117408878054135
NE48,0.299974136,0.344016646,0.4873643041347032,0.026681187835916047,0.04761064528769004,0.15006630444410485,0.09664901733915783,0.09654476391247713,0.091001246719469,0.004082530326481905
NE49,1.805546107,2.070638235,0.5072889725451396,0.05423729989094571,0.03306176546704525,0.13784374439851102,0.08316754618130283,0.11956438764927689,0.06358477093931068,0.0012515129284680357
NE5,0.176319432,0.202206832,0.019197887583457963,0.037164382560581785,0.15375318877638106,0.3606479547704509,0.2984149383569909,0.06694918352740202,0.06254040717604245,0.0013320572486929024
NE6,0.283011595,0.324563647,0.10138538435375609,0.18339174717254086,0.20810527352692004,0.058494318782032886,0.3328515141716813,0.06779675584695566,0.04532200731838314,0.002652998827730007
NE61,0.373461252,0.428293215,0.1874298750186467,0.1328748188183383,0.07688521469781996,0.1510856080298536,0.17504127770807526,0.16591378986452154,0.1047758267020639,0.005993589160680776
NE62,0.389455645,0.446635921,0.03416376150949816,0.13921572996970358,0.09031574207859024,0.4647536982960656,0.08865877012923297,0.12680531041253448,0.05316034758421425,0.0029266400201606643
NE63,0.531236788,0.609233517,0.12300159488442976,0.2882789815272532,0.05926225479461849,0.0831071343748971,0.21843798938690706,0.12602420596644906,0.09739869141011831,0.0044891476553270354
NE64,0.317776712,0.364433014,0.13974684517629063,0.3820442047734102,0.10659264655385564,0.19889029601097422,0.047984786802804776,0.039682177843599856,0.08370201020203069,0.0013570326370339295
NE65,0.610399792,0.700019314,0.28401812428998374,0.07198304637101448,0.07204334815805775,0.12826973452499707,0.12929645261473371,0.187361462962869,0.12073386518306907,0.006293965895275202
NE66,0.913005824,1.047054273,0.3234065686988687,0.07171589535739595,0.07508995395792348,0.1354098439869215,0.13657768281539812,0.12669020563497452,0.11995018287232924,0.011159666676188564
NE67,0.398308676,0.456788764,0.2640881870487894,0.03478959901149531,0.1103892605883413,0.11687436816108017,0.15014801988359439,0.1523717965520796,0.16211137098986833,0.009227397764751677
NE68,0.342983026,0.393340145,0.16859110227547386,0.08793330803026786,0.11445148267232326,0.1716105178266784,0.15655809663727463,0.10179855657343732,0.18884906721419376,0.0102078687703509
NE69,0.354067879,0.406052487,0.3486251487825052,0.04791301014747121,0.0701648207549073,0.17759083298029013,0.0484375315217172,0.1144061812826565,0.1850955234118098,0.0077669511186427
NE7,0.256326969,0.293961157,0.015648086025196604,0.12747742865521938,0.30268722762379363,0.17156355695877382,0.14421055644965894,0.19529879953650683,0.03618319377686969,0.006931150973981034
NE70,0.37962215,0.435358663,0.3802228692610959,0.045633047544375874,0.06720764092033074,0.17568252740839582,0.05142450554171623,0.107973045876694,0.16483354071502093,0.0070228227323706465
NE71,0.92707534,1.063189491,0.417493242148327,0.12622184308914705,0.09592202176369688,0.13219847012441305,0.059538640228262635,0.05706717485140032,0.10755965563525265,0.0039989521595004815
NE8,0.192941594,0.221269476,0.22470468648091668,0.06264731797962529,0.04016887351362217,0.13110471581791402,0.15228406579686768,0.05903510581232093,0.32823650184598385,0.0018187327527493646
NE9,0.437253144,0.501451098,0.1006150386387885,0.16158905587183942,0.17483416268888816,0.17378554273227645,0.2704257034236668,0.05525899345819895,0.061374387968919114,0.0021171152174226213
NG1,0.271831346,0.311741902,0.09601894280672048,0.017550927516696204,0.01213620161493211,0.04857875685668414,0.18421326453876039,0.04720617400598949,0.5706310399351229,0.02366469272509442
NG10,0.142777732,0.163740505,0.18867416356008268,0.1342192344674739,0.11463330571494841,0.15506370590572935,0.16625293620659437,0.13444111075185503,0.09957831715284592,0.007137226240470365
NG11,0.329018425,0.377325247,0.04402134061184059,0.039913626932206896,0.04861289981048878,0.4985073818218675,0.21778387348229983,0.05630258064150147,0.08382558549023204,0.011032711209562871
NG12,0.8470616,0.971428051,0.08096257428935402,0.0352540325186192,0.04654819295417332,0.25882700658511637,0.27782553778406033,0.13791880298726636,0.13480581534216995,0.027858037539240488
NG13,0.700908138,0.803816188,0.14077069107435605,0.02060730496640697,0.020281301230077944,0.15359996630221398,0.25050829754925863,0.1800872789175703,0.19444694536163848,0.039698214598477666
NG14,0.99383523,1.139751135,0.13213136119567134,0.08071866254570344,0.07094794133027649,0.2530740612102014,0.2434673594516107,0.11233618168102218,0.08592660829032013,0.021397824295194393
NG15,0.503032141,0.576887834,0.10747124430609689,0.17064744428509254,0.11834758050487502,0.1608472754723119,0.20142751634478762,0.09029608914548298,0.1392308718733896,0.011731978067963436
NG16,0.314389388,0.360548359,0.160968155990036,0.08954248521396566,0.09880799680134411,0.165365616282405,0.28469267118544384,0.11666268831243819,0.07855441091105504,0.005405975303312184
NG17,0.162373233,0.186213037,0.09927897607765392,0.2213284804909885,0.08875887025763853,0.18691223658422143,0.14270448450321224,0.11420063550744704,0.12988485349289697,0.016931463085941442
NG18,0.121463715,0.139297142,0.11102656485929488,0.22385739704307586,0.10597246389683213,0.11120788281719371,0.19438341214347093,0.09764310293269826,0.12317940254154662,0.03272977376588757
NG19,0.263780625,0.302509166,0.07104100337182527,0.16144925199215773,0.08805273714353706,0.20868553673356416,0.2206810655559809,0.11650241811896506,0.11149427897611841,0.02209370810785141
NG2,0.223160615,0.255925285,0.12317291534807745,0.12729201128486997,0.06124249750179413,0.06139942266083984,0.1528625649597189,0.18788799008631654,0.2743828414895973,0.011759756668785872
NG20,0.213796364,0.245186165,0.12018929399161192,0.21262092481512226,0.05427869247957156,0.21765792341034676,0.17300708451581537,0.08373468746474788,0.10910198956959169,0.02940940375319261
NG21,0.322422263,0.36976063,0.03552216080299175,0.24872372085074732,0.029711930872718336,0.19754546971539505,0.22033207219168618,0.10937143065418224,0.14101960095538293,0.01777361395689619
NG22,0.508805753,0.583509135,0.16348441719928494,0.09116688986688351,0.030280904851299105,0.19668140821542945,0.2329527242935498,0.11484122191046811,0.11862917911108461,0.051963254552000494
NG23,0.690167651,0.791498772,0.2319420242499656,0.04587006790106795,0.02622484752341213,0.1282436856387811,0.1928877741480153,0.150173968507386,0.1412215114088918,0.08343612062248003
NG24,0.394938677,0.452923978,0.19510159481883366,0.06429170627831597,0.06617505466544672,0.13659827182724352,0.1599149683668116,0.18082579064843798,0.17449154125022096,0.02260107214468957
NG25,1.280589401,1.468606847,0.1995251576213403,0.023560567330645918,0.04096514599525627,0.20711800692023985,0.22505968606143603,0.12903185444140508,0.1284038901944621,0.046335691435214335
NG3,0.284549813,0.326327708,0.10243377270244391,0.15953852727598553,0.08726053466048032,0.08872577111755364,0.3011299209386442,0.0591977338296388,0.18793145485073207,0.013782284624521517
NG31,0.390916418,0.448311166,0.1285114680796314,0.08706532835914456,0.03843042263651546,0.1278594611966991,0.21434355316829803,0.18583935910459712,0.1668976903654339,0.051052717089680406
NG32,0.498708259,0.571929116,0.2297997086269919,0.026351098888411046,0.015437124849656179,0.1299813754838131,0.2166261264227798,0.11800549967339777,0.11606178804555246,0.14773727800939773
NG33,0.477601603,0.547723559,0.24510607015403138,0.026528568506517056,0.02602599741541968,0.13283552983506944,0.14793353128849307,0.16004513034923895,0.13562272996400374,0.12590244248722673
NG34,0.851781077,0.976840447,0.1931363175461998,0.05277497365213329,0.04510750061751576,0.13640357003197456,0.15504283647922268,0.21066339696990108,0.18161915033575587,0.025252254367297017
NG4,0.267387423,0.306645518,0.11015192438669345,0.16527106647459514,0.13958670253473007,0.20148968107597,0.1947937182812321,0.12511635668240256,0.055210535769288076,0.008380014795088606
NG5,0.140993947,0.161694822,0.06734505965881185,0.18441348991884018,0.13018531985387355,0.21472820532909703,0.24215288854925546,0.06870242447130029,0.0843002529223301,0.008172359296491518
NG6,0.09454725,0.108428774,0.08069453085145999,0.2063102076894855,0.048706055898790825,0.07277852536836052,0.34327472418690713,0.1570996990532766,0.08362700073238595,0.00750925621933355
NG7,0.340459308,0.390445892,0.27694042626771204,0.1684907770313514,0.04865040980829954,0.07667925286193805,0.15999895606500714,0.1114558128001806,0.13530199179734545,0.0224823733681658
NG8,0.66958786,0.767897435,0.005254140683383183,0.1484856853306264,0.16100832228735684,0.3545181086436685,0.19498706587287776,0.10081727667999933,0.02714592767914419,0.007783472822943845
NG9,0.240909747,0.276280363,0.07981008058213863,0.1046007365196778,0.20036782887216778,0.22514851627055243,0.19974517159038543,0.10164395493941006,0.0731694483786248,0.015514262847043023
NN1,0.481198879,0.55184899,0.3277528274593819,0.051035233485962575,0.04667124320225622,0.054605455022536484,0.1821786670059425,0.12842059813789,0.17254511642843343,0.03679085925759693
NN10,0.147427716,0.169073205,0.18975859021869013,0.09814263984809934,0.07173867414475464,0.11515464034131373,0.1647310765007746,0.16801179542214117,0.1796076092071525,0.01285497431707386
NN11,0.548788947,0.629362702,0.11421784858346323,0.03184376309831603,0.029710157500121032,0.145387870531913,0.28873778046617876,0.22730909062007462,0.14151853633173828,0.021274952868195033
NN12,0.933114986,1.070115883,0.17062411195210253,0.019559798889071327,0.029350289212894443,0.0967179069916441,0.26647017058153205,0.2542878502278687,0.14313756850181392,0.019852303643072958
NN13,0.476534035,0.54649925,0.14046426173346344,0.024598790660756324,0.02408880863566315,0.08109842127420053,0.30791713120107034,0.2710407132132055,0.12683166826441267,0.0239602050172281
NN14,0.70198905,0.8050558,0.19173336313070477,0.07427594116493985,0.0525763761745801,0.10375827092991016,0.1944806738709398,0.17027387494644514,0.19869602031919864,0.01420547946328153
NN15,0.270027817,0.309673577,0.0947299055560323,0.05932651585691561,0.1023811737145397,0.16712741762137748,0.23889540563613942,0.19065463294403873,0.1397440331213212,0.007140915549635575
NN16,0.432972025,0.496541421,0.2647236781078171,0.1008116180138329,0.0632017871855509,0.09910199325122496,0.11637011536368574,0.1937555826878974,0.15492770502069164,0.00710752036929927
NN17,0.174436174,0.200047071,0.03876435450009146,0.04443701789946467,0.2027522099072395,0.3155953149427382,0.12378936388855974,0.1279442965586656,0.1439182073322079,0.002799234971032935
NN18,0.129692488,0.148734071,0.012943783650255718,0.018358317827676888,0.020184820562755997,0.35152903280038905,0.24248683611230124,0.11684146257563549,0.23539384124145993,0.0022619052295256904
NN2,0.248270301,0.284721601,0.13964475025838005,0.07207572918120635,0.13082599594109276,0.13126524613681453,0.35392772433492653,0.08139014933550849,0.07286822705983187,0.01800217775223936
NN29,0.249767542,0.286438668,0.1882354586331333,0.07216653151249262,0.05581985163983368,0.14250787750264765,0.30483754649739064,0.10823995614361266,0.11936375480206429,0.008829023268825125
NN3,0.31952996,0.366443676,0.034695709087179685,0.03381919009116208,0.06091613126245986,0.1258642251126097,0.5128381021853018,0.1547084687022032,0.06301092182534196,0.01414725173374174
NN4,0.203567139,0.233455075,0.11468623663361288,0.03453778505405051,0.059984706041993636,0.08800434363802809,0.1726051182976708,0.3042592353043694,0.1978686777195527,0.028053897310722
NN5,0.285564926,0.327491861,0.09765597093578239,0.03383809959516228,0.08264332510242368,0.21737156812362807,0.15458168683988419,0.1560323591915572,0.2335272291905654,0.024349761020996816
NN6,0.446532953,0.512093378,0.21963254639547347,0.039764653746011125,0.03863138581366281,0.14408925882327422,0.24201640756345763,0.17977734527758849,0.10721809639440702,0.028870305986125205
NN7,0.331812032,0.380529014,0.1902458608366112,0.03285129453364301,0.04781474615490882,0.1573420305113794,0.3381472847591701,0.11612222631706244,0.09790394882429836,0.019572608062926617
NN8,0.303836288,0.348445843,0.17028282649525356,0.08473823647706188,0.04212017620446827,0.09824185547835208,0.23667576451483893,0.20651257404936513,0.15517542255989458,0.006253144220765549
NN9,0.212089579,0.243228788,0.16167879614815428,0.07461182997841194,0.05756765157110309,0.14441681225700992,0.22151572821171214,0.177099205977879,0.15071342122809503,0.012396554627634575
NP10,0.188238156,0.215875475,,,,,,,,
NP11,0.313706084,0.359764732,,,,,,,,
NP12,0.259596059,0.297710218,,,,,,,,
NP13,0.135068982,0.154899949,,,,,,,,
NP15,1.157770937,1.327756051,,,,,,,,
NP16,0.708536028,0.812564013,0.2030572023416471,0.04810033709728732,0.031784571524546466,0.22939916722805867,0.22187291696678133,0.12967848597530196,0.09837967055582104,0.03772764831055603
NP18,0.584411295,0.670215159,,,,,,,,
NP19,0.25813363,0.296033074,,,,,,,,
NP20,0.276334082,0.316905734,,,,,,,,
NP22,0.358745654,0.411417058,,,,,,,,
NP23,0.20125628,0.230804933,,,,,,,,
NP24,0.212455253,0.243648151,,,,,,,,
NP25,0.861033793,0.987451655,0.4396720207792115,0.028561778743173262,0.040782810780779145,0.10478484845055182,0.14303183388374546,0.12531170442044576,0.08944976977043378,0.02840523317165923
NP26,0.468753793,0.537576705,,,,,,,,
NP4,0.319517329,0.36642919,,,,,,,,
NP44,0.333433904,0.382389011,,,,,,,,
NP7,0.799008778,0.916320065,0.3379416282642089,0.06144393241167435,0.04608294930875576,0.07680491551459294,0.16897081413210446,0.2304147465437788,0.07680491551459294,0.0015360983102918587
NP8,0.938209666,1.075958569,,,,,,,,
NR1,0.583277297,0.668914667,0.18295255404658975,0.0816001565971762,0.15019677603259132,0.18590395725391462,0.147733996143775,0.07674836665678046,0.17095543703659158,0.003908756232581027
NR10,0.470583086,0.539674576,0.19071650455064984,0.03582334499961826,0.04271849195894989,0.1335715459321102,0.2643476604414224,0.21261716629922278,0.1024413592239787,0.017763926594047956
NR11,0.343864224,0.394350721,0.26032476379233277,0.061084883829244895,0.03390843811560514,0.1070448351003046,0.22134524681652673,0.16979223254064257,0.11735236174227755,0.029147238063065774
NR12,0.540604789,0.619976937,0.1848999709668775,0.0901257786918008,0.06040812994785987,0.13422821024094747,0.26499575538312936,0.12768005314336542,0.10527781014665287,0.03238429147936675
NR13,0.392650504,0.450299852,0.13113079994806195,0.06731144327884261,0.04367830523177695,0.13363198300366055,0.2913446838283559,0.20423209491265465,0.1136594805342679,0.015011209262379527
NR14,1.587804001,1.820927009,0.16630619327904206,0.04407463454127769,0.061055125913936706,0.15397977829654802,0.25321092216395,0.17693099855628475,0.1219251229239102,0.022517224325050555
NR15,1.781093796,2.04259581,0.2184832166443264,0.030057562249573334,0.0338102668383582,0.10310333851921413,0.31888362218338695,0.15925063418731095,0.11849611369141035,0.01791524568641973
NR16,0.941145271,1.079325183,0.25606661855580104,0.02781923870976621,0.0385857101854697,0.09163171039893439,0.24008069351897077,0.169866316975896,0.13210890785644336,0.04384080379871847
NR17,0.582802276,0.668369903,0.17995408017828424,0.025302760896951108,0.021190563865953502,0.07538298332726735,0.27550679284878543,0.22261181005800115,0.15970551409480324,0.04034549472995399
NR18,0.321666321,0.368893699,0.18503035639705775,0.05403889248977959,0.028089395118972862,0.10189513454055675,0.22131956880883313,0.21120982531523552,0.1688885577467396,0.029528269582824746
NR19,0.330357275,0.378860668,0.1285786516864606,0.020937900742587574,0.038450456035283284,0.13610486748162684,0.24298387353678252,0.21198985563066458,0.18710520717162057,0.033849187714974
NR2,0.233592153,0.267888392,0.3307472828225971,0.06955421214093857,0.06468706420837679,0.12132676992705087,0.19052338096832205,0.06778436414279436,0.15264147010916068,0.002735455680759633
NR20,0.631025147,0.723672905,0.23079164926665044,0.02854487098583193,0.039562130185282283,0.1270872206324582,0.23773810196546347,0.147937592932782,0.1374649351552588,0.05087349887627285
NR21,0.928226673,1.064509863,0.24765619788056945,0.04144311109280352,0.04379473412874837,0.1753496291110802,0.17105987186762045,0.19653474770924767,0.09056047028602487,0.033601237923905465
NR22,0.741445628,0.850305434,0.3957096283203221,0.05734924141994403,0.08026277802327293,0.17555162763293566,0.11376393185054254,0.08734344773407964,0.058110276427554376,0.031909068591348747
NR23,0.737992536,0.846345355,0.3340470345406378,0.0792997793918483,0.05118937044189566,0.14840425888713454,0.16038843902422706,0.11195059360167162,0.08334631196693644,0.03137421214564842
NR24,0.377407006,0.432818288,0.3282628768101716,0.052931730452765335,0.028596766499450102,0.07125490229067127,0.1367380979994131,0.1896089433547152,0.15509291880834744,0.0375137637844659
NR25,0.394519524,0.452443285,0.25297675685929544,0.05512578910243614,0.03545766779186056,0.11384729986407173,0.21213459760497758,0.18625000141918793,0.11036906003670414,0.03383882732146652
NR26,0.439837265,0.504414622,0.20574410378223876,0.15118317720134394,0.053424014153360316,0.07266416467529187,0.20457428758399812,0.2190121150465139,0.07558815391469928,0.01780998364255374
NR27,0.442470952,0.507434989,0.25273156701581956,0.08123868625657871,0.06059076973369034,0.10886783761319502,0.21911445758464654,0.16906617601138932,0.08304124940158154,0.02534925638309905
NR28,0.312874386,0.358810923,0.17965511021430527,0.06339684178920717,0.058151143063026475,0.1401829565118007,0.21520261646679664,0.2260074841108671,0.0956129885452437,0.02179085929875293
NR29,0.300025041,0.344075024,0.1480638123047082,0.09611818883749387,0.06200894372783062,0.10413700600235691,0.3467309712952056,0.1258526586941016,0.09729815909087328,0.019790260047430074
NR3,0.278059389,0.318884353,0.19658866074268813,0.15563942174077539,0.14874445383433516,0.09382810556758427,0.20016409112444014,0.08133744615058768,0.12082756249108834,0.002870258348500898
NR30,0.273098639,0.313195261,0.3202880792515074,0.1925120238749836,0.060075213454011046,0.1139655634987242,0.10538667121003596,0.09640761697687719,0.08089259386140468,0.03047223787245587
NR31,0.123873672,0.142060931,0.16053043483686,0.0988911115929182,0.058944372614140816,0.20283199661591786,0.21833847778414425,0.1516704555947133,0.10052623849184342,0.008266912469462255
NR32,0.23785292,0.272774729,0.24407857163028476,0.06862631224242335,0.06048481003090978,0.17671637903765647,0.2625408132411486,0.10950702201771227,0.07598485948302544,0.002061232316839318
NR33,0.708901205,0.812982806,0.16619074780298207,0.07383943562416337,0.08942768738293784,0.14776968465221407,0.27587674921077143,0.1472167893128694,0.09369646427662538,0.005982441737436371
NR34,0.750044233,0.860166495,0.32943037157059185,0.06428017342092048,0.03733541911078491,0.12529771676008397,0.18617723661312116,0.14412349650134942,0.10118706800803687,0.012168518015111224
NR35,0.992525836,1.138249495,0.3025901629415728,0.05090312149728534,0.06077828159926414,0.1331071219172459,0.19519978014180053,0.1518914022934655,0.08651830064692587,0.019011828962439848
NR4,0.339974268,0.389889638,0.04823577874926428,0.08241193371405615,0.060761829371408685,0.36366478890104703,0.2152739428050129,0.08214936524902104,0.14021180180198017,0.007290559408209769
NR5,0.383234686,0.439501595,0.010826534179998994,0.03149956092748318,0.16541232937030906,0.26548764458228064,0.20425670689861564,0.16467494366133464,0.15310030074536773,0.004741979634610098
NR6,0.261070003,0.299400568,0.01769555182797138,0.0555385629700511,0.14574834519343846,0.27657799835749,0.3125815968024999,0.08130087151238566,0.1000868769451636,0.010470196390999949
NR7,0.391145009,0.44857332,0.0226021609917428,0.07726844236766643,0.2244161664892829,0.35439038821558877,0.13244136009817362,0.12664041920378222,0.05351984311292886,0.008721219520834466
NR8,0.708517613,0.812542893,0.03540852300055305,0.030205896386576364,0.02022719712115184,0.18887092701443034,0.21374519501982858,0.3195517363668231,0.17975511924111418,0.012235405849522608
NR9,0.428525952,0.491442571,0.2162172088206182,0.0372840620934726,0.03223883389622242,0.11324815721192182,0.22309447655586956,0.21541852512429766,0.13604135577905843,0.026457380518539225
NW1,0.215537299,0.247182706,0.3628508015751362,0.03770502675908593,0.05875273131700455,0.09382285149407878,0.13140096390558856,0.12280297896843526,0.18105967628462102,0.011604969696049695
NW10,0.134878333,0.154681307,0.4417340231664149,0.17249104324461972,0.10434972841495778,0.02064440208227954,0.04187283831775283,0.08424606312263336,0.13349536339520843,0.001166538256133458
NW11,0.215125282,0.246710196,0.012345655707067407,0.6539330837288253,0.1259206257271565,0.08076391163063204,0.04139789746066625,0.038996374838960526,0.0445792292335151,0.0020632216731769283
NW2,0.164535312,0.188692554,0.2207136105957692,0.25677241766498177,0.1585483162513972,0.041469664766128705,0.03781978406983264,0.160965907339197,0.12231025010626714,0.0014000492064263144
NW3,0.340929928,0.390985609,0.5837264318438076,0.08248456080204401,0.06177595391530914,0.07068882064974598,0.10336655986618229,0.0602060975036071,0.02687909733046572,0.010872478088838124
NW4,0.238117138,0.27307774,0.07297851799756937,0.32047726929324194,0.15413694421407703,0.11431894449329323,0.2165305579293752,0.062190458037593495,0.057445973154314336,0.001921334880535351
NW5,0.22265148,0.255341398,0.5149685393161402,0.027856566066139753,0.024997770712465762,0.08754906388533158,0.16258524973564742,0.060808307492038804,0.1074055023063775,0.01382900048585899
NW6,0.169356844,0.194221989,0.5600759308923707,0.04778785603828073,0.02466298327988263,0.16781486384011757,0.10402324904525974,0.04414020897543712,0.04701570788562573,0.004479200043025728
NW7,0.147471505,0.169123422,0.0547381318993031,0.30228136963654345,0.23635619704337607,0.1575882537792836,0.0758166776584645,0.05502325624304632,0.11616173310823559,0.002034380631747356
NW8,0.169706083,0.194622504,0.18107254538099737,0.0731253967442021,0.14512097051093156,0.2050563870066571,0.1874732240118177,0.08955331588125288,0.10683974560381063,0.01175841486033062
NW9,0.085726575,0.098313038,0.007253152667272604,0.06767181149750996,0.39238090863518327,0.04144113908613938,0.23924081227956384,0.07645849400356654,0.1744255736716128,0.0011281081591515967
OL1,0.213531541,0.24488246,0.2500525418615003,0.11625643098803601,0.045703471842374346,0.05670353463067726,0.3559349832571444,0.09249016974564886,0.07388915973658154,0.008969707938037223
OL10,0.101495605,0.116397294,0.1782044079529456,0.11213475764166171,0.09021208882556161,0.21113095879513555,0.16055922608476642,0.16180323412309486,0.0807111526495109,0.005244173927323349
OL11,0.215254917,0.246858864,0.21504339432090985,0.19235203824068975,0.06185747208466679,0.16086713177951933,0.20277963865120568,0.1250430492701154,0.03968606716443098,0.0023712084884621957
OL12,0.177885456,0.20400278,0.2301596057507327,0.12532524817425603,0.05462450107271126,0.07801435431155286,0.3037478804752476,0.13530463689520153,0.06401024656334822,0.008813526756949812
OL13,0.176420137,0.202322322,0.43781282545903816,0.07276158898157094,0.07978217813877231,0.08906796247860466,0.12728893115845397,0.07292650849151443,0.09864991343650803,0.021710091855537454
OL14,0.565057203,0.64801948,0.5260777867665218,0.09694973404661114,0.05604167383619861,0.05234210285639011,0.11730266969373761,0.05079718784150247,0.08509695393026293,0.015391891028775327
OL15,0.330718199,0.379274583,0.3317793467218419,0.10771621089376364,0.03944096043438695,0.1000772621427103,0.21309330940535604,0.10394699227566108,0.08893157711526203,0.015014341011018107
OL16,0.167363449,0.191935922,0.24195761051709597,0.11302937913125252,0.08041170693617396,0.07704312487841208,0.2951713553940903,0.1297084791543608,0.05408033714262744,0.008598006845987017
OL2,0.259071515,0.29710866,0.18279065618036427,0.08871543254844595,0.05448615491608686,0.18258878485540606,0.3229412397734364,0.11210082190341465,0.043182174524351497,0.013194735298494274
OL3,0.228661115,0.262233373,0.3629805891909038,0.06407639213058819,0.08967401003912225,0.08552062997096835,0.12767188945093372,0.13513258231610958,0.11115152762307852,0.023792379278295635
OL4,0.137693536,0.157909841,0.2805934245071865,0.15082091871965275,0.05262190595916181,0.1457490991695575,0.22139360503928862,0.09280690217525304,0.04542838497692659,0.010585759452973147
OL5,0.251958998,0.288951876,0.42944222459623477,0.03286266807895751,0.043505866105635636,0.09716380059251098,0.18781308707174105,0.07924631064492788,0.11126399953363193,0.018702043376360302
OL6,0.26607474,0.305140106,0.33543549320961136,0.06972089063066253,0.10081272910719294,0.10769373864132432,0.12597376382094785,0.11063634182925103,0.12193212929756811,0.0277949134634419
OL7,0.289290829,0.331764804,0.2559481095032449,0.1121950640973865,0.0266287381838191,0.22309990870075988,0.16381547396955204,0.10836497669783919,0.09422682724081069,0.01572090160658765
OL8,0.108764732,0.124733682,0.22762252766907692,0.18659666790380225,0.10020577341526822,0.16033457842748006,0.1568050000300585,0.0996721828636501,0.06299254422377511,0.00577072546688884
OL9,0.151213211,0.17341449,0.19029858417213427,0.11000582640856699,0.12782475021430734,0.12248451568400087,0.29607186232793953,0.07458045205455952,0.0687949672542418,0.00993904188424963
OX1,0.88181209,1.011280644,0.2790811040158161,0.08980728489339117,0.030263841224329308,0.04183231349312757,0.10567757300968254,0.19112667164448194,0.22976010372586259,0.03245110799330879
OX10,1.152101189,1.321253865,0.18465873625985635,0.0675886089718262,0.049724110738933805,0.21422135995939198,0.21229088899515636,0.13030044183554038,0.12852011371970382,0.012695739519591045
OX11,0.632916306,0.725841725,0.07495521682325988,0.06154192854815063,0.09772742928582348,0.23595292470209106,0.15248594914947824,0.2579870061102586,0.11227584978963086,0.007073695591307184
OX12,0.709706637,0.813906491,0.17850462893793834,0.04133286335682891,0.032785282619322044,0.182778994730004,0.2507038241207512,0.11042243737751417,0.19431066488675297,0.009161303970888332
OX13,0.50840052,0.583044405,0.1582270705349591,0.054835391098659175,0.07890779453105339,0.21308207449606706,0.23998970646273005,0.14925391708436697,0.09606003199044143,0.009644013801722891
OX14,0.577935708,0.662788821,0.1217145313416233,0.05052281956443684,0.06514843048085868,0.15693302238793624,0.26069645527075613,0.19439542642730842,0.14184349648140024,0.008745818045680136
OX15,1.296785135,1.487180455,0.27565199715587163,0.033891401028630246,0.021942621425930037,0.14706502300067448,0.20251868609640417,0.1445825983716035,0.14197295646609623,0.03237471645478966
OX16,0.644370514,0.738977652,0.11872094245149352,0.047084917134605914,0.05943845471543238,0.1165640299857305,0.230109634662368,0.2040601034532125,0.215801247446729,0.008220670150428232
OX17,1.169647525,1.341376372,0.23143772978369684,0.05189090836263903,0.029326461163073754,0.16824382763048681,0.22712589743986475,0.12523799854710138,0.14106667164736078,0.025670505425776605
OX18,0.614890869,0.705169775,0.1740216847507503,0.02502893394350173,0.017831969483930364,0.10449739265424103,0.31521142983587325,0.1986379498234554,0.15651693920044762,0.00825370030780022
OX2,0.371712136,0.426287293,0.22106939142592705,0.10017989870993571,0.11502676408725854,0.09785788538334445,0.14175939475042976,0.14033533568441722,0.17092548687962295,0.012845843079064246
OX20,0.240366314,0.275657142,0.2626847077468955,0.038983599392714806,0.06645630802332242,0.189106032079425,0.2562307368409271,0.07154651811020714,0.10055478643916571,0.014437311367342266
OX25,1.422417589,1.631258395,0.1949960988668549,0.02333996017247709,0.04188654852757418,0.2636511844102189,0.24243810177839634,0.10999392035152764,0.10711358244885069,0.016580603444100207
OX26,0.576167353,0.660760833,0.052654952454844674,0.01473209278791211,0.047879055715211095,0.099236911410291,0.42416711069908986,0.26526293571649706,0.09299521347797624,0.003071727738177979
OX27,1.018044617,1.16751497,0.2201958452617527,0.036526747487936675,0.09096248868295614,0.16700400460061776,0.208482402232758,0.17791944820865827,0.07550735694992072,0.023401706575399746
OX28,0.390388287,0.447705495,0.16921216259033792,0.03239748684197787,0.021518045088330655,0.09283001775692341,0.1962976061686039,0.26833487347148416,0.2164432365049591,0.0029665715773829274
LE87,0.0,0.0,0.34221104994626683,0.045445048489925484,0.05346894366857167,0.10427139740059016,0.08292692270956999,0.05129358946143175,0.28860094655971447,0.03178210176392969
LE95,0.0,0.0,0.0,0.0,0.0,0.0,0.0011737089201877935,0.6220657276995305,0.36502347417840375,0.011737089201877932
LS98,0.0,0.0,0.051212768053826595,0.0918370171955795,0.07461002694284187,0.10227888161186934,0.18837961560995073,0.1360972745621145,0.33619219723481175,0.019392218789005686
LS99,0.0,0.0,0.061418435860717775,0.18578415804476237,0.1420916366928552,0.10072121787262298,0.2612266654253169,0.2301208214604252,0.0033485600172089226,0.015288504626090625
M60,0.0,0.0,0.07092498554519612,0.019157245786857912,0.0007616236441568028,0.0030612121893356303,0.0028659119812198272,0.05744747639077953,0.8209058921714978,0.02487565229095634
M61,0.0,0.0,0.06791134874094516,0.00194032424974129,0.0,0.0,0.0,0.030472190924920622,0.8703920241563622,0.02928411192803064
M99,0.0,0.0,0.06608146476192385,0.011463524254975684,0.0,0.0011701952000459466,0.0001609662896185045,0.026097896399698017,0.86878059993042,0.026245353163318084
MK77,0.0,0.0,0.004643084020826343,0.002844944209124504,0.0017094991167587899,0.0015385492050829107,0.36973567071645397,0.6071359049314892,0.012054668962386177,0.0003376788378782794
N81,0.0,0.0,0.7342374101798652,0.04350012608214555,0.0,0.0024477080551846904,0.06368112718152472,0.016952155218907892,0.1375831231368952,0.001598350145476651
NE85,0.0,0.0,0.0037835792659856224,0.06302298355016701,0.12566760917373548,0.03141690229343387,0.42894234873617404,0.09923426203978786,0.24525510275038748,0.0026772121903286573
NE92,0.0,0.0,0.0,0.07540056550424129,0.15080113100848258,0.037700282752120645,0.48067860508953797,0.028275212064090494,0.22620169651272395,0.0009425070688030157
NE98,0.0,0.0,0.006048996874684949,0.04746114751605503,0.36173346551300534,0.141782628736688,0.2238679961790408,0.10176871870444663,0.1167004099843986,0.0006366364916806338
NE99,0.0,0.0,0.07346677080635089,0.004908552524895867,0.0012729213106016588,0.004830120233606146,0.18265145831213003,0.10885096646197623,0.6125083814579622,0.011510828892477032
NG80,0.0,0.0,0.08833804344733545,0.06052622687968737,0.1712260044700637,0.13618331983847065,0.27366279605838933,0.10207690204816837,0.14039633420392172,0.027590373053963516
NG90,0.0,0.0,0.18823192878759173,0.12779994061834,0.2666084621404387,0.03314588355970965,0.1970530745210623,0.15125788006702295,0.017475720387726747,0.018427109918107837
NR99,0.0,0.0,0.4519774011299435,0.14218455743879474,0.0009416195856873823,0.047080979284369114,0.02824858757062147,0.018832391713747645,0.3013182674199623,0.009416195856873822
OX29,0.52831696,0.605884997,0.20741406008791577,0.03583729474943772,0.03300001856052366,0.17447871386921598,0.23387315636709174,0.20968045967325724,0.09616672822027551,0.00954956847228239
OX3,0.456562944,0.523595982,0.06902617829733818,0.10057165738422377,0.18827360637115045,0.19043818161758833,0.1681531624565222,0.1164227904038751,0.15967528799578373,0.007439135473518243
OX33,0.707840285,0.81176612,0.1795087655929231,0.04826849443309573,0.05271634577194905,0.26704712137709147,0.17291375301659892,0.19667189546554165,0.060851663761034444,0.02202196058176561
OX39,1.212164697,1.390135958,0.1257745427166,0.03482484462537401,0.045157764197744525,0.15093112270206183,0.41283616289788155,0.09297724565432743,0.12307507574809466,0.01442324145791602
OX4,0.156978223,0.180025926,0.1239640593931319,0.05864096883284645,0.2181619818506351,0.19276169336050963,0.13105895408393048,0.19437351923671836,0.07796011709523393,0.003078706146994091
OX44,0.384840721,0.441343429,0.21712271635219274,0.03785642453447315,0.11529804789521764,0.1497598133782507,0.26439077990134635,0.1491542278479387,0.044391637941559474,0.02202635214902131
OX49,0.550236656,0.631022965,0.3179308946985361,0.07543553962276259,0.0257480268197303,0.11392651929635807,0.19411379872233817,0.16272060317213285,0.08475933705175297,0.02536528061638886
OX5,0.15797033,0.181163695,0.17406209969446707,0.02175108677877694,0.06478892844197096,0.24916681912344085,0.28059943190096764,0.1282113806034994,0.0689748728717045,0.012445380585172564
OX7,1.129162709,1.294947533,0.32367101708101914,0.027646668332362182,0.03588216673417592,0.15558360861569603,0.23493119150125144,0.11690809397635171,0.08724172046326104,0.018135533295882474
OX9,0.576829207,0.661519861,0.2034463788766807,0.0532510469822961,0.03614048203314378,0.17059572759855238,0.3065890724615339,0.13776025579625356,0.072292716588694,0.01992431966284552
PA1,0.284533735,0.32630927,,,,,,,,
PA10,0.568055532,0.651458026,,,,,,,,
PA11,0.240898726,0.276267723,,,,,,,,
PA12,0.224912832,0.257934764,,,,,,,,
PA13,0.230620304,0.264480213,,,,,,,,
PA14,0.202648279,0.232401307,,,,,,,,
PA15,0.195830948,0.224583048,,,,,,,,
PA16,0.202068969,0.231736942,,,,,,,,
PA17,0.383023972,0.439259944,,,,,,,,
PA18,0.269026775,0.308525561,,,,,,,,
PA19,0.197366848,0.22634445,,,,,,,,
PA2,0.292093538,0.33497901,,,,,,,,
PA20,0.480162335,0.550660261,,,,,,,,
PA21,0.324290089,0.371902692,,,,,,,,
PA22,0.330601275,0.379140493,,,,,,,,
PA23,0.33004857,0.378506639,,,,,,,,
PA24,0.29000689,0.332585999,,,,,,,,
PA25,0.32840382,0.376620405,,,,,,,,
PA26,0.315310348,0.361604536,,,,,,,,
PA27,0.324239887,0.371845119,,,,,,,,
PA28,1.0737467,1.231395289,,,,,,,,
PA29,0.49179146,0.563996786,,,,,,,,
PA3,0.311825665,0.357608229,,,,,,,,
PA30,0.351948733,0.403622207,,,,,,,,
PA31,0.383399681,0.439690815,,,,,,,,
PA32,0.377396193,0.432805888,,,,,,,,
PA33,0.397391946,0.455737438,,,,,,,,
PA34,0.407219226,0.467007569,,,,,,,,
PA35,0.395814777,0.453928707,,,,,,,,
PA36,0.331001157,0.379599085,,,,,,,,
PA37,0.384172561,0.440577169,,,,,,,,
PA38,0.365433743,0.419087099,,,,,,,,
PA4,0.122511761,0.140499063,,,,,,,,
PA41,1.020783868,1.1706564,,,,,,,,
PA42,0.722520411,0.828601597,,,,,,,,
PA43,0.697034759,0.799374115,,,,,,,,
PA44,0.719051886,0.82462382,,,,,,,,
PA45,0.693593909,0.795428076,,,,,,,,
PA46,0.684404124,0.784889038,,,,,,,,
PA47,0.713064848,0.817757759,,,,,,,,
PA48,0.711359405,0.81580192,,,,,,,,
PA49,0.710450107,0.814759119,,,,,,,,
PA5,0.199546525,0.22884415,,,,,,,,
PA6,0.214016256,0.245438342,,,,,,,,
PA60,0.685781519,0.786468664,,,,,,,,
PA61,0.620779072,0.711922491,,,,,,,,
PA62,0.368808392,0.422957217,,,,,,,,
PA63,0.368808392,0.422957217,,,,,,,,
PA64,0.368808392,0.422957217,,,,,,,,
PA65,0.375346753,0.430455547,,,,,,,,
PA66,0.392701845,0.450358731,,,,,,,,
PA67,0.375572059,0.430713933,,,,,,,,
PA68,0.36914559,0.423343924,,,,,,,,
PA69,0.357979583,0.410538512,,,,,,,,
PA7,0.085260002,0.097777963,,,,,,,,
PA70,0.370084251,0.424420399,,,,,,,,
PA71,0.36460241,0.418133709,,,,,,,,
PA72,0.354888724,0.40699385,,,,,,,,
PA73,0.374619889,0.429621964,,,,,,,,
PA74,0.360648547,0.413599336,,,,,,,,
PA75,0.364390564,0.41789076,,,,,,,,
PA76,0.3645442,0.418066953,,,,,,,,
PA77,2.805646386,3.21757426,,,,,,,,
PA78,1.033987864,1.185799021,,,,,,,,
PA8,0.072201742,0.082802476,,,,,,,,
PA80,0.317083266,0.363637756,,,,,,,,
PA9,0.540272923,0.619596346,,,,,,,,
PE1,0.523103533,0.599906129,0.18039504693530273,0.08892001300118382,0.09468522360577085,0.21665509867048263,0.15715795700878338,0.16878893122252914,0.08420100929790195,0.009196720258045523
PE10,0.366638484,0.420468721,0.08522914297453839,0.04095430504735153,0.030342466347531936,0.08344985590972674,0.22643100715390221,0.2296498420190646,0.26191754575160325,0.0420258347962814
PE11,0.314322144,0.360471243,0.1230440754434116,0.06246291772909113,0.07565317629815481,0.1278801073650049,0.22279702538756738,0.17769590290627094,0.16763513825581963,0.0428316566146796
PE12,0.218685971,0.250793669,0.11051085607867266,0.0714454151476452,0.0517621598035075,0.1300571758508368,0.17235958838821105,0.1798765343577875,0.1384711087685884,0.14551716160475087
PE13,0.173212725,0.198643995,0.14097979853568834,0.11212209580897323,0.0729782398375281,0.10698268335399529,0.14961124613247026,0.21962095551010566,0.16065667602904735,0.03704830479219177
PE14,0.301604099,0.345885922,0.12365974722330202,0.14061523337132548,0.066628216280793,0.14278611578630102,0.1314457428153209,0.1943153766529547,0.1594345900314243,0.04111497783857861
PE15,0.316204576,0.362630055,0.13086720739034677,0.09595816799090368,0.07523388561817877,0.09980230633280032,0.15431611778452792,0.20849555722938173,0.22201043209109217,0.013316325562768684
PE16,0.198219906,0.227322755,0.13695148970064386,0.056160820205402,0.05069110738023236,0.11183154304854,0.17116031238565238,0.25771851774243826,0.20531246254969696,0.01017374698739417
PE19,0.356671328,0.409038177,0.08876564112645231,0.03410181983979668,0.03569521188075522,0.14200919973045795,0.3182852092077103,0.20353437220311624,0.16500782191259114,0.012600724099120135
PE2,0.269463336,0.309026219,0.036994474108974176,0.04163898215945577,0.026188160352558595,0.18778464497729938,0.2987064309930065,0.26444940355930757,0.13063457069315226,0.013603333156245746
PE20,0.617893958,0.708613782,0.163126276661897,0.08116867220059497,0.08786359466313942,0.14812002056635895,0.16025157988862965,0.11213242278435107,0.1944238687372978,0.052913564497731096
PE21,0.259149438,0.297198024,0.2607799342444711,0.057862641869413076,0.07913143644185591,0.16069621968267128,0.16750450960835891,0.12632859481990474,0.13832887792455967,0.00936778540876522
PE22,0.293968884,0.337129696,0.23466345406275352,0.05770933784186536,0.059071684609844556,0.16509921723000975,0.16579737594721738,0.16009698977625267,0.10156164673248948,0.05600029379956732
PE23,0.719184877,0.824776337,0.335129730442639,0.032776833557875626,0.0382666899628082,0.1050721855265263,0.13537400731868834,0.13775625606978023,0.16041201493854498,0.055212282183137305
PE24,0.20488718,0.234968926,0.19107438745651426,0.05433434819000345,0.06924381148541632,0.11290283332432789,0.2332846435278444,0.1712549233358592,0.13538629452160275,0.03251875815843159
PE25,0.056942828,0.065303233,0.10304494991709263,0.1867916889605224,0.13966420460427995,0.11562681602990318,0.14179880398176564,0.17000968932983854,0.12366258990498998,0.019401257271607766
PE26,0.200796783,0.230277973,0.12424359673783911,0.07087523062923694,0.04689027601447054,0.14383278976042516,0.16949310203302378,0.2882118415219836,0.138781569112005,0.017671594191015917
PE27,0.347887604,0.398964818,0.12326925839724362,0.022046060992556692,0.01757793705235919,0.09273136428280043,0.3136864144343927,0.3110826107404057,0.11411119279267215,0.005495161307569497
PE28,0.365765335,0.419467376,0.12509640623208895,0.03465770300308565,0.025800778225152195,0.1495799709220629,0.3114742544505364,0.24131710901257641,0.09874812352371187,0.013325654630785532
PE29,0.826586053,0.947946263,0.1149911945761992,0.033429468041655495,0.018327685412989722,0.09887981501771055,0.13922201064456807,0.4117287375959132,0.1789676252055322,0.004453463505431545
PE3,0.375798459,0.430973573,0.02087867065311983,0.042452258949603985,0.029840127530335717,0.12100968920228938,0.6087737723949689,0.10656015186735197,0.06597207528234077,0.004513254119989514
PE30,0.528122208,0.605661651,0.1706861675127343,0.09334431817938095,0.0743269020579076,0.1412907184374748,0.19611079952405297,0.17373847506549464,0.1388822258839041,0.011620393339050723
PE31,0.462675467,0.530605952,0.18259264034053915,0.11028907714104091,0.046695324705826095,0.11572168442404446,0.22991851409321534,0.17637099777932772,0.11432574206863332,0.024086019447372993
PE32,0.409537719,0.469666466,0.23934100914295156,0.047722293763607086,0.042778005679305155,0.14483983944069695,0.22384557438248048,0.15595115953510064,0.10824250127302591,0.0372796167828322
PE33,0.298922678,0.342810812,0.19084242411799926,0.039820255484340816,0.042982863185774836,0.20423266238921892,0.19784118202189188,0.17208891588899472,0.12212557369373642,0.03006612321804315
PE34,0.601444933,0.689749693,0.13975908579890742,0.10959773020903414,0.07575940756157348,0.1852173493759593,0.19151082178057927,0.11788431703736126,0.14330196185148936,0.036969326385095785
PE35,0.578968672,0.663973445,0.3145092460881935,0.08283546704599337,0.04921763869132289,0.13025130393551446,0.15987039671250197,0.11746483325430694,0.08323059902007272,0.0626205152520942
PE36,0.200133179,0.229516937,0.1269923180325662,0.1825848867386788,0.037227446713853904,0.13871940397468893,0.199482097773603,0.19225932977186036,0.0937284194230197,0.02900609757172901
PE37,0.494244475,0.566809954,0.1273906850878206,0.036067262203585554,0.04346269972250016,0.1137318667469195,0.30334872948110536,0.20559946616830224,0.13965349911064465,0.030745791479121938
PE38,0.240734871,0.276079811,0.11639347833099349,0.08581154697151698,0.03414229321665764,0.12780831989043645,0.18946516712747707,0.14797523110171715,0.2759803306551888,0.022423632706012324
PE4,0.2439493,0.279766185,0.018473017598401673,0.0382281698929879,0.058562102153278506,0.23607602037250192,0.3238320505926126,0.25959627775202004,0.06065186360697616,0.00458049803122123
PE5,0.3396163,0.389479112,0.21274490709124216,0.038060170655279786,0.02456479452088567,0.27248608895671494,0.17316654052015096,0.13131482472208728,0.12540253887326097,0.02226013466037824
PE6,0.393948826,0.451788795,0.1117519401989954,0.039164601631694794,0.034688632342356966,0.169713223607235,0.27458978097421405,0.19857995228839964,0.13912625361318165,0.032385615343922494
PE7,0.27887407,0.319818647,0.07822811770058387,0.03734105054274776,0.030065991421550996,0.11878623642650786,0.20193688749505403,0.19998962984159072,0.3153831218592752,0.01826896471268951
PE8,0.8273915,0.948869967,0.23591480698989362,0.029376801245090216,0.02837423062472002,0.19359687263645511,0.18458545434632975,0.17179739066745825,0.11350295628054735,0.042851487209505615
PE9,0.339431747,0.389267463,0.2378930183546286,0.06381901938669643,0.04600932285088581,0.1463007537886113,0.19083144370169158,0.1480750259447351,0.11450868128453627,0.052562734688214915
PH1,0.329747387,0.378161236,,,,,,,,
PH10,0.305108801,0.349905187,,,,,,,,
PH11,0.310331445,0.355894625,,,,,,,,
PH12,0.425200285,0.487628625,,,,,,,,
PH13,0.311824201,0.357606549,,,,,,,,
PH14,0.359505141,0.412288053,,,,,,,,
PH15,0.693870375,0.795745134,,,,,,,,
PH16,0.845622803,0.969778009,,,,,,,,
PH17,0.698722648,0.801309822,,,,,,,,
PH18,0.874374839,1.002751448,,,,,,,,
PH19,0.654840872,0.750985279,,,,,,,,
PH2,0.516476302,0.592305881,,,,,,,,
PH20,0.639452336,0.733337382,,,,,,,,
PH21,0.64979214,0.745195286,,,,,,,,
PH22,0.636721434,0.730205526,,,,,,,,
PH23,0.880495782,1.009771074,,,,,,,,
PH24,0.929696097,1.066195029,,,,,,,,
PH25,0.881312808,1.010708056,,,,,,,,
PH26,0.887156946,1.017410236,,,,,,,,
PH3,0.903668844,1.036346428,,,,,,,,
PH30,0.317212312,0.363785748,,,,,,,,
PH31,0.313862272,0.359943852,,,,,,,,
PH32,0.333176041,0.382093288,,,,,,,,
PH33,0.317444743,0.364052306,,,,,,,,
PH34,0.331745087,0.38045224,,,,,,,,
PH35,0.325032945,0.372754614,,,,,,,,
PH36,0.317381826,0.363980151,,,,,,,,
PH37,0.317212312,0.363785748,,,,,,,,
PH38,0.317212312,0.363785748,,,,,,,,
PH39,0.316345048,0.362791151,,,,,,,,
PH4,0.902603297,1.035124436,,,,,,,,
PH40,0.305170877,0.349976377,,,,,,,,
PH41,0.308519218,0.353816325,,,,,,,,
PH42,0.317212312,0.363785748,,,,,,,,
PH43,0.583442784,0.66910445,,,,,,,,
PH44,0.454099009,0.52077029,,,,,,,,
PH49,0.324245822,0.371851925,,,,,,,,
PH5,0.436493319,0.500579715,,,,,,,,
PH50,0.315148911,0.361419397,,,,,,,,
PH6,0.413588609,0.474312112,,,,,,,,
PH7,0.432859063,0.496411873,,,,,,,,
PH8,0.357923187,0.410473835,,,,,,,,
PH9,0.774378749,0.888073829,,,,,,,,
PL1,0.308186269,0.353434492,0.2878155963627925,0.06518925422417533,0.06318709301876407,0.15584301738412265,0.11472522126431575,0.09195920643266652,0.2138258570934103,0.007454754219752866
PL10,0.547002009,0.627313404,0.33493198708825417,0.028995205549048768,0.09784243148411302,0.09829045762748041,0.19764615910406103,0.15600496007158107,0.08589817410290418,0.00039062497255737064
PL11,0.506781288,0.581187435,0.1990224320005959,0.07860188389632927,0.06969985255947862,0.15725126785729282,0.2936952194613401,0.1427310542988229,0.05736363762802861,0.0016346522981118305
PL12,0.510327895,0.585254759,0.23841777309648216,0.04708141573238411,0.060071453920448034,0.10780694475126446,0.2654108781307112,0.17365988805582086,0.09633096613864468,0.011220680174244543
PL13,0.227751814,0.261190568,0.3042294675049186,0.06297332951686371,0.07966595839708919,0.12099673326551547,0.25257401813946573,0.08101512943508617,0.07549353342021609,0.023051830320845082
PL14,0.771088366,0.884300349,0.29519723112910107,0.02773693834495555,0.027727390410170066,0.09265059900591255,0.23572318023367478,0.19179269891248826,0.09675079742529237,0.03242116453840532
PL15,0.87097586,0.998853427,0.32699060110276434,0.047829673370018665,0.03339160150408477,0.052438169830659354,0.1974303632876276,0.14185994463093288,0.17577840148338492,0.024281244790527547
PL16,1.089023058,1.248914538,0.4417946296214577,0.03352224902630886,0.030447430076473363,0.08761618509202461,0.13589291930825836,0.10571489890446469,0.1435193050713659,0.021492382899646476
PL17,1.105478684,1.267786196,0.27702361854781754,0.047657092224737005,0.034793258703992316,0.06315156613145252,0.1891350490620517,0.198898269586167,0.16514398927067556,0.024197156473106322
PL18,0.899404676,1.03145619,0.40090972166313565,0.03478385778562493,0.015773596187753248,0.0433674695356446,0.2668880923221117,0.13169183806265233,0.08948908721387606,0.01709633722920154
PL19,1.024889241,1.175364528,0.29608026172631347,0.04838282439602014,0.07402667664684004,0.13533463432063225,0.1616930958642476,0.12965369718146494,0.14165559870887467,0.01317321115560685
PL2,0.246611556,0.282819317,0.17129247373177342,0.2663253457068867,0.151288540501337,0.20049008338446173,0.07367828087705232,0.05240712185260605,0.08151463147706875,0.0030035224688139722
PL20,0.56477432,0.647695063,0.29172892003096007,0.060373007063086265,0.09140689544464527,0.15168441639426336,0.21410968865638813,0.08404774201370448,0.09443051582539023,0.01221881457156222
PL21,1.126495249,1.291888434,0.28700899212030817,0.03664605618174253,0.018832421207477974,0.08003588414392658,0.1922521042868527,0.28676011314069366,0.08938763379977413,0.009076795119224306
PL22,0.827592026,0.949099934,0.4426202567840189,0.0701952823555289,0.0343126597777774,0.07517804221398935,0.13299501560762134,0.1173459849061141,0.11312697796083812,0.014225780394111985
PL23,0.6594591,0.756281559,0.41653598888723137,0.05944282078130657,0.06251803165945229,0.12269015112246692,0.1477429095625689,0.06383305006176604,0.11073477438618472,0.016502273539023202
PL24,0.59131809,0.678136017,0.22581209061334234,0.06721539054211577,0.07234838893246291,0.07524657769525292,0.25111871993839807,0.1809013011800064,0.1216115014470703,0.005746029651351244
PL25,0.412285059,0.472817174,0.12379629358855794,0.07617244813320666,0.043049983742997115,0.12761442350452426,0.24478092973852353,0.13131822687302827,0.24848680395952444,0.004780890459637728
PL26,0.623015508,0.714487282,0.25984498242712284,0.09562367425743158,0.027312782300974774,0.0912380054676103,0.15919262961397038,0.17354035698555206,0.18883428613716716,0.004413282810170989
PL27,0.650826002,0.746380942,0.22674149666903515,0.04969879362263142,0.08448779268910103,0.10021489378452782,0.14442577760504638,0.20461502244463384,0.14985543114761857,0.03996079203740584
PL28,0.334575047,0.383697698,0.18895920866455562,0.07180493249146848,0.08661559873137141,0.14286127998686032,0.13748290801322707,0.22487028732248382,0.1322240572805748,0.015181727509458485
PL29,0.745346585,0.854779133,0.4192233416209822,0.039949129314153606,0.06049763393621826,0.08565348407471934,0.15697005079378432,0.1419793638391834,0.07986088435429173,0.01586611206666724
PL3,0.215455047,0.247088377,0.17613165233856487,0.19140438950555294,0.20467503442812346,0.1497280400590628,0.14113343122114191,0.08350624893524851,0.05092045567143706,0.0025007478408684922
PL30,0.725609768,0.832144536,0.3826151501078951,0.05874949098693285,0.032687049076415335,0.058764654004266496,0.15396059870811046,0.16254215034163255,0.13853358662139334,0.01214732015335391
PL31,0.626163036,0.718096934,0.14162017068452692,0.04940555230266535,0.023142247925017248,0.13856253746276537,0.3000596021999195,0.11883079926674557,0.22713605248374452,0.0012430376746155217
PL32,0.412898351,0.473520509,0.3212880384553119,0.03580520889363761,0.019418867820689148,0.04397379942551853,0.16258940125023144,0.16326887960866576,0.23168487630538023,0.021970928240565277
PL33,0.734283453,0.842091701,0.3523986424819325,0.04782094857251025,0.04668458493614662,0.040033515417430034,0.15061360425103265,0.1736718058100151,0.18055848043159342,0.008218418099339493
PL34,0.593396312,0.680519366,0.3374533979951936,0.0928830457468228,0.05508400268462186,0.07236885405616053,0.1757544003983633,0.12236614778410441,0.13262086211002622,0.011469289224707191
PL35,0.304959626,0.34973411,0.37692307692307686,0.03846153846153846,0.03846153846153846,0.06153846153846154,0.21538461538461545,0.17692307692307693,0.07692307692307691,0.015384615384615385
PL4,0.164096101,0.188188859,0.4927749962989284,0.1635240211716728,0.07644348678534323,0.04213458131113917,0.03497921297633853,0.0557152324423717,0.12506728946846166,0.00936117954574446
PL5,0.149313365,0.171235706,0.04385277919275589,0.046451221625201766,0.19576712387394243,0.3750652508662202,0.18431541934717205,0.10294465072632937,0.0505495559398141,0.0010539984285641698
PL6,0.533207534,0.61149361,0.02638620056132241,0.012840245401571934,0.07095307978133854,0.18128796401523373,0.4986367980537173,0.133772289725071,0.07292495979697278,0.0031984626647722893
PL7,0.261070876,0.299401569,0.09784432093634664,0.031164609816201005,0.05480952054646979,0.22772458573938842,0.2888506423905459,0.21858632603589404,0.07767825378334908,0.003341740751805061
PL8,1.509949767,1.731642137,0.2853701376269903,0.061076588579173564,0.07010508134217618,0.12961201500263297,0.21547124412275565,0.08217205387935089,0.15258004750235182,0.00361283194456864
PL9,0.383404293,0.439696104,0.05604566483400198,0.11123717979838361,0.1334236038901982,0.25771214308385676,0.2410862640678386,0.10737662556865551,0.09161649337730421,0.001502025379761212
PO1,0.198087311,0.227170693,0.14076145030274953,0.07723029375705388,0.020740532206639194,0.24585542645972497,0.20578972139034668,0.09845488024245654,0.19811925217672785,0.013048443464301361
PO10,0.775511816,0.889373255,0.1847749577394117,0.08490212062841967,0.04374436751610759,0.21732099759546986,0.2010180398128928,0.16402505412296975,0.08842395495514471,0.01579050762958399
PO11,0.184806082,0.2119395,0.04565951270454174,0.06886044846281779,0.12149760435802771,0.2483992122409183,0.2327676019186314,0.1983463629779603,0.06883618131787186,0.015633076019230908
PO12,0.327486754,0.375568694,0.17342206535092786,0.06728425770823099,0.25940321821562407,0.12149248916339672,0.1772589170319207,0.09555490752228192,0.10069931301532596,0.00488483199229175
PO13,0.330857947,0.37943485,0.01818108572211652,0.03197038913687773,0.07151918551826109,0.3263415754008577,0.2703933670136819,0.139789215072784,0.13682432598660482,0.004980856148816211
PO14,0.48345223,0.554433181,0.02661908426280927,0.03420044110242029,0.07888470290501996,0.17594273378132438,0.45529868132594103,0.1565146024419607,0.06600869077734714,0.006531063403177194
PO15,1.036815329,1.189041616,0.02041467682588207,0.022481448795034328,0.04039839243307182,0.1810110134651809,0.31312814049203863,0.26531054972240387,0.148837408819754,0.008418369446634424
PO16,0.20687827,0.23725235,0.07213610069512912,0.07651238479360957,0.20157839373516226,0.19873563460258545,0.2222727327000572,0.14777671956765115,0.07312433052275717,0.007863703383048065
PO17,1.170117475,1.34191532,0.18610097538384174,0.06120882292771231,0.042552753411633074,0.13468610592459082,0.17339783383831317,0.1342519276715054,0.2548427705463886,0.01295881029601486
PO18,0.634835669,0.728042891,0.2745237404583198,0.05457495991499398,0.0803274610039849,0.14251039446448951,0.13687273551628173,0.12632600922694012,0.14496883830326568,0.039895861111724246
PO19,0.229863698,0.263612521,0.15378320676004437,0.07616889563715265,0.07893453948124918,0.11337915859706471,0.1799014080212147,0.16460753162844366,0.20996819638836517,0.023257063486465536
PO2,0.308771139,0.354105234,0.2909531642100123,0.2671607607830878,0.0901683762510737,0.08552064676786274,0.13991626359981293,0.0596445510866711,0.06069726432068345,0.00593897298079594
PO20,0.552380328,0.633481373,0.10034214171654655,0.05162907821799063,0.09971953558509238,0.18579158642313565,0.200438867000607,0.18843069683361918,0.1456397571539706,0.02800833706903801
PO21,0.402392128,0.461471751,0.09935584738815899,0.14083391870972808,0.11147807699903674,0.12022640166084266,0.23365256138103602,0.1603059526567674,0.1140037680381234,0.020143473166306776
PO22,0.261585719,0.299992002,0.05125891214707282,0.06662188884794114,0.1444617641980892,0.17267886904079138,0.2993125305986305,0.13622048135467216,0.10703712896731324,0.022408424845489498
PO3,0.439878571,0.504461993,0.042415499488244746,0.29400422924680486,0.24298888989164133,0.07872015766922968,0.08615481869033281,0.17369683040849013,0.07770342808581623,0.004316146519440202
PO30,0.908647678,1.04205626,0.24894406101484895,0.08190501772912896,0.07774544511177438,0.09954048260103825,0.22406566088009552,0.1220223333088511,0.13839934375200638,0.00737765560225644
PO31,0.213780867,0.245168393,0.28765996881907313,0.10801600388487383,0.07970058486518974,0.1162137242817959,0.16442969849534794,0.10752860686149117,0.13313496037691364,0.003316452415314659
PO32,0.305246075,0.350062616,0.16556565747923901,0.092391291793625,0.03961930281407721,0.11609445083367027,0.19230580865656385,0.14151792934044743,0.24883795635537706,0.003667602727000183
PO33,0.230106752,0.26389126,0.356641872837658,0.05311005671866613,0.04214614467630139,0.08954428193241339,0.2102584359650776,0.13222115393941833,0.10947313250930191,0.0066049214211632195
PO34,0.32696328,0.374968363,0.20275992505925972,0.1096608605410377,0.036180970524944886,0.06179826512119038,0.3537935169468876,0.1528898476677838,0.06719588773949721,0.015720726399398643
PO35,1.195321524,1.370819853,0.16186852476134533,0.10737807203707714,0.05009708317564984,0.14407802372084583,0.30016038353900565,0.14369193321675922,0.0879087587583451,0.004817220790971847
PO36,0.169006321,0.193820002,0.28855639564918945,0.0681466191126291,0.0681974386797436,0.12008102114316549,0.16287317117189742,0.14820530019687408,0.1344130789391871,0.009526975107313712
PO37,0.125018938,0.143374346,0.3401176963824408,0.06235873592667211,0.07110535935848837,0.12519328277691402,0.14699514823762197,0.11996168315585251,0.12475765966738733,0.009510434494622903
PO38,0.840693373,0.964124834,0.4255503542861788,0.03898127419430623,0.037869988862717245,0.09262483649241629,0.24115681062453026,0.08303958989141912,0.06945019388557062,0.011326951762861458
PO39,0.964691904,1.106328957,0.2751904015492366,0.06790659909081076,0.031090517567934076,0.09750808304597942,0.19210671705562962,0.17914143382924688,0.1494374283654939,0.007618819495669021
PO4,0.108219761,0.124108697,0.3177479723784742,0.2984056277935437,0.02050796760211925,0.08236660909121386,0.09737404897065585,0.0937074558132051,0.08543779232737729,0.004452526023410798
PO40,1.069185599,1.226164522,0.27811859726455834,0.044333088500443554,0.023519075044379705,0.10966971547742214,0.29427183410734853,0.09087797603316317,0.15166919612068558,0.007540517451998952
PO41,2.791951162,3.201868289,0.32354324762049186,0.06698647135100962,0.04176407918868127,0.13217506133986498,0.17812174758944127,0.15406276035103547,0.09439275529768966,0.008953877261785932
PO5,0.148259219,0.170026789,0.4695581994640238,0.051194708040008315,0.011392105828398374,0.11777388221670682,0.18451867853600576,0.09274268680360391,0.06723274897607348,0.005586990135179636
PO6,0.182585756,0.209393183,0.019668688534127916,0.1571737283980127,0.28758284408531015,0.3046455601857843,0.06966310347492106,0.10171286515830186,0.057108803501118625,0.002444406662423355
PO7,0.322630386,0.369999309,0.048727656121557376,0.05204382281742705,0.0650807969333066,0.3337773264346735,0.19051799404513395,0.196274226312149,0.10837713575839523,0.0052010415773572835
PO8,0.410696667,0.470995572,0.032547821788681756,0.04102217739492847,0.054488105202834765,0.29992768951991794,0.30752650744124704,0.16507048412855627,0.09525888784329532,0.00415832668053848
PO9,0.362071869,0.415231632,0.09337114282456667,0.042817542910725474,0.029216306413472087,0.43454336704158203,0.19759142324747472,0.1017611909525199,0.09179942852950447,0.008899598080154735
PR1,0.39691781,0.455193689,0.3602552990703523,0.11092938151249836,0.0816095783695915,0.07546637402972556,0.13177720187625147,0.10148961721750033,0.12039632861831472,0.018076219305765775
PR2,0.238431527,0.273438287,0.19030533204576358,0.11177243944741652,0.10470963973344828,0.1671616847329344,0.1644787817109921,0.17434391359484305,0.06974360557301941,0.01748460316158265
PR25,0.118324278,0.13569677,0.07300833899037971,0.07753987376278154,0.12781963249592496,0.19661654461840922,0.21085844712125285,0.1428800822711072,0.15789647976622448,0.013380600973920064
PR26,0.443518539,0.508636385,0.14026018021391742,0.04510149041595431,0.07563309887021208,0.08220090030830336,0.3040299387795489,0.19996634605817723,0.13821782605953184,0.01459021929435479
PR3,1.282046622,1.470278019,0.23274320246600066,0.058807004464499484,0.05565428246503921,0.16457300416423776,0.1907325093549186,0.15473787091197247,0.11443715973160273,0.028314966441729178
PR4,0.581743009,0.667155113,0.12443535077224499,0.07865163998797718,0.058450106613785496,0.1917410737129143,0.23921424671797295,0.18550163417912657,0.09850316296542017,0.023502785050558403
PR5,0.306911407,0.351972454,0.12002260150300376,0.07484561270317236,0.08424626547887618,0.19494623890714977,0.25735815407805573,0.16716981501519831,0.09100983540130202,0.010401476913241864
PR6,0.122985206,0.141042019,0.26860377648038325,0.09221270741799237,0.0568324623957059,0.14497331156932686,0.15552723508983052,0.15789853542813365,0.09753275296293985,0.026419218655687526
PR7,0.128684699,0.147578318,0.15541334423154926,0.10036375606264993,0.08141719680197335,0.13023667477749487,0.22606983743878398,0.09571453063105592,0.1921429904168362,0.018641669639656536
PR8,0.282015819,0.32342167,0.30183808610119456,0.10962404491088645,0.04525411527467868,0.06326821027237488,0.25507966895810474,0.17213250914083478,0.04927753075481872,0.0035258345871070768
PR9,0.361537261,0.414618532,0.32182900959439914,0.11725755689309912,0.09883572332529973,0.07848352431120074,0.18404476220967947,0.12812570342955462,0.06574592761079047,0.005677792625976712
RG1,0.204131787,0.234102625,0.26666735959395577,0.07459900626626817,0.06126969524880251,0.06004492936188779,0.09322500503036871,0.13674336237503126,0.2876573970183793,0.01979324510530648
RG10,1.071461604,1.228774693,0.16519768018568542,0.08239687296750232,0.0792825682251705,0.19069965328176783,0.20224102735389832,0.15239349376570097,0.09732314402192896,0.030465560198345547
RG12,0.244585074,0.280495305,0.03195289314469089,0.012152306449053674,0.012398140005617796,0.24454581105733933,0.3349395740210024,0.20735910348671752,0.14513139192959607,0.011520779905982326
RG14,0.731637807,0.839057618,0.13840605676043352,0.04739411881051897,0.038515419378953704,0.14021703983611453,0.19799147535350006,0.1701846132124259,0.2519009095110142,0.015390367137039071
RG17,0.467464288,0.536097874,0.22326067894705443,0.058562004820894256,0.03444527184613365,0.10325492257633441,0.23986594498698555,0.21537199730907325,0.09853492211592738,0.026704257397597044
RG18,1.09880814,1.260136275,0.10846880562912248,0.06202881692688154,0.049224449230075074,0.1735778527407314,0.2294944660980458,0.1819843561855142,0.17040549654437734,0.024815756645252263
RG19,1.195508637,1.371034438,0.06997418122747495,0.02301002363807896,0.04012807547588683,0.06880984632672324,0.1925115310952378,0.2559201832271622,0.32735317032868966,0.022292988680746337
RG2,0.334863888,0.384028946,0.06906619147493273,0.06918442202067672,0.19184381742867773,0.18326851475117767,0.14448496701554978,0.08992973634972608,0.22993945649446892,0.022282894464790343
RG20,1.263278182,1.448753977,0.2524780501259238,0.0795934768408989,0.03291257149083272,0.15381019004637955,0.16483136547103017,0.13128802606250967,0.14167280487571843,0.043413515086706767
RG21,0.191921943,0.220100119,0.08820864803537339,0.10536590619476859,0.028624938625385187,0.12378468406976507,0.35512196174869853,0.12233290457811455,0.17198925479366442,0.0045717019542301784
RG22,0.266154875,0.305232006,0.0012068245368914794,0.013750345635717396,0.026614699977620917,0.21651971624775854,0.44910664403614714,0.174456116095722,0.1155111175047307,0.0028345359654118737
RG23,0.23418401,0.268567146,0.05493240639458679,0.023869920583854974,0.02852348249194001,0.12621601869731527,0.6191818156908345,0.07628424251812009,0.06297168462200879,0.008020429001339582
RG24,0.172952689,0.19834578,0.03572473449244734,0.014095215940737474,0.01455646554915745,0.06745361997899389,0.44774332932234134,0.1804908659171337,0.2331989073981327,0.006736861401056073
RG25,0.853771284,0.979122858,0.22828076382261933,0.06582574061836631,0.06633022765288696,0.1555573265166495,0.21139179718228884,0.13682575077213596,0.10252896552813752,0.03325942790691548
RG26,0.409326983,0.46942479,0.0737208562456788,0.023459370044218098,0.028796609487658144,0.29169794804564775,0.3317218168264688,0.1449894018253132,0.095392373780513,0.010221623744502249
RG27,0.50947831,0.584280437,0.1203997030003643,0.06730377510540117,0.04458334436254775,0.13527211984973425,0.1936744797806943,0.1911562280263576,0.21933231626559513,0.028278033609305458
RG28,0.394489346,0.452408675,0.18977402423796697,0.07751069542342044,0.048331544811252194,0.13574370497961386,0.215865620206579,0.1810292894714805,0.13295889887287807,0.018786221996808967
RG29,0.433554967,0.497209951,0.1890424768789127,0.04604312613363853,0.08040568997588964,0.15107753508114108,0.21992575621683763,0.15135759308470872,0.1183542422285635,0.043793580400308174
RG30,0.20329963,0.23314829,0.15748488113750894,0.10036436520369553,0.07866360273320622,0.20264300975418217,0.21724434345435953,0.07755726067166709,0.15377236433939848,0.012270172705982107
RG31,0.175414148,0.201168633,0.061805306285210956,0.03812084933770618,0.0393744965296968,0.22510369822632997,0.3761768349681744,0.181345433586139,0.07231834057578726,0.005755040490955399
RG4,0.237379503,0.272231805,0.12170929196679518,0.10984971356633984,0.11763021996144786,0.1481050101189018,0.25733146122647377,0.11904205465102331,0.10923230493273192,0.0170999435762863
RG40,0.859645084,0.985859055,0.11869213869886855,0.10888983120816775,0.028486329735212177,0.18026796943918788,0.2406740666139639,0.18767660743025819,0.10877109843993407,0.02654195843440744
RG41,0.529273587,0.606982077,0.0586760377678061,0.0658780110940363,0.03259788677897959,0.23478990451046847,0.24405983273937382,0.1986212285129299,0.14820167338297763,0.01717542521342817
RG42,0.337862815,0.387468179,0.07807784126550918,0.024579674862759558,0.02555649178382966,0.28389162102042487,0.1635973948972995,0.2875180504428123,0.11640581298551772,0.020373112741847214
RG45,0.440389212,0.505047607,0.08277301496533838,0.08908837594243815,0.021573906721465436,0.27521333583802027,0.20941507565234102,0.193606278713885,0.10133406769003371,0.026995944476478025
RG5,0.325439149,0.373220458,0.018926490030808776,0.016351957379424412,0.09987518613710056,0.336158539616121,0.2774804875481854,0.16454756659096095,0.08159213179708065,0.005067640900318176
RG6,0.236904822,0.27168743,0.03492387061402379,0.03782506277356277,0.250776360805688,0.19997195280691346,0.16695109191567953,0.23776711132620054,0.06442853438823547,0.007356015369696504
RG7,0.792604611,0.908975631,0.1939186193677976,0.06566934475941809,0.0425794765678252,0.1688214883271913,0.1960055583120003,0.15574365547382252,0.15365942533161359,0.023602431860331417
RG8,0.543367862,0.623145688,0.1884270821145313,0.10546211154121148,0.04728602095318013,0.18082175466895473,0.2734346644947233,0.09149666551252533,0.08423750648812714,0.028834194226746507
RG9,1.031922289,1.183430176,0.35397796251137964,0.08685616896123693,0.044395418913657565,0.14131153831022095,0.14099946337086572,0.1126647281017252,0.09103234993734194,0.02876236989357204
RH1,0.579308944,0.664363676,0.1621774950926168,0.05618132026224798,0.06532522278675516,0.16833749099631998,0.11321542046119881,0.21160189919907751,0.2030728946303897,0.020088256571394025
RH10,0.234058011,0.268422647,0.021530714644280195,0.01630953864995161,0.06599153292121138,0.43235469448675434,0.20109368748478978,0.1364642146109411,0.10283809427474852,0.023417522927323055
RH11,0.311687554,0.357449839,0.026352301251529806,0.017196749251796112,0.02902034652398801,0.3827191652196076,0.27701295679062377,0.16738384448759794,0.0775724591522072,0.02274217732264959
RH12,0.684508131,0.785008316,0.18303278119060415,0.06395030477844392,0.04446247726600824,0.1555928366452803,0.2154911979710132,0.18436083472769155,0.12778298572580798,0.02532658169515067
RH13,0.624114031,0.715747092,0.1702164385807793,0.07388885979182284,0.04669310446929788,0.15375146987263022,0.1879258899427222,0.20436001915714994,0.12244145907995828,0.04072275910563939
RH14,1.043740334,1.196983358,0.1586089243105517,0.04510589621551757,0.0365656851191786,0.14478264248337902,0.2572086854778284,0.14730588500290315,0.17890114905223806,0.03152113233840349
RH15,0.408111418,0.468030754,0.08687179612156246,0.04020946872916105,0.036695414639511315,0.30212634187834425,0.25558709930096385,0.15175980905609662,0.10983218317313079,0.016917887101229715
RH16,0.31625469,0.362687527,0.07166363178093493,0.05883555458436636,0.07531701384291632,0.2577262015466287,0.2705115990939632,0.1066211792832766,0.1421656590775447,0.017159160790369134
RH17,0.340572645,0.39057587,0.22566253526720179,0.08376397667162461,0.06702124002776011,0.18537033015223062,0.17769501914038482,0.10258703420467398,0.10619468900972791,0.051705175526396134
RH18,0.283040077,0.324596311,0.1898361013016646,0.16030615664210482,0.056555021298740404,0.15556858821389102,0.16544143308813522,0.1379859598567969,0.09808514920270024,0.03622159039596669
RH19,0.393782548,0.451598105,0.13052967392749706,0.12356430285286475,0.06663865755481022,0.18917991222498987,0.19434860611190752,0.16258090427890776,0.11268946508160538,0.02046847796741749
RH2,0.569158036,0.652722401,0.21924931677535303,0.12252389920227058,0.09481477824689843,0.16249846907721358,0.1534628285542136,0.11021424324016732,0.09055819926719635,0.04667826563668708
RH20,0.674987837,0.774090242,0.14171434198671048,0.052641643064745045,0.09290929198730678,0.14267490475063943,0.2600970305449495,0.15245730235808877,0.12828036993337408,0.029225115374185914
RH3,0.455633493,0.522530069,0.26811365220528804,0.1326326587361799,0.16828037012390254,0.16707510382187177,0.04512490243517679,0.12732278584440204,0.057773311981011426,0.033677214852167535
RH4,0.2174599,0.249387585,0.233268294746509,0.1315368911031289,0.16261044351831955,0.12015209951596693,0.09075843199735605,0.1544029328713279,0.07574519739408962,0.03152570885330195
RH5,1.110894622,1.273997308,0.29385484065598166,0.113962493641975,0.09527056309030185,0.14217514557911717,0.09881785063389795,0.14027897285150726,0.07243475861621439,0.04320537493100466
RH6,0.380910227,0.436835857,0.13345307765708725,0.05882490390524964,0.05595524338581755,0.24189451247113425,0.16630248751746105,0.17447272723533983,0.14275907097423096,0.026337976853679432
RH7,0.829522311,0.951313626,0.20458705414626918,0.09261976610620999,0.05285706707935698,0.2004372334757611,0.16230429357634613,0.16408470744998568,0.09777587371833081,0.02533400444774011
RH8,0.375347636,0.43045656,0.13080426315337307,0.14050169928062822,0.10882392960565895,0.23121019775969304,0.17326634081961764,0.11385280725434105,0.0864615426617893,0.015079219464898796
RH9,0.502275994,0.576020669,0.20268742853085978,0.04711140879766263,0.06841731218126848,0.2958474116074452,0.10868697247687785,0.16268512057429238,0.09623418382680483,0.018330162004788847
RM1,0.157548391,0.180679807,0.07738280600450265,0.13226835054433625,0.26173679201492955,0.1357692605954632,0.0550177810635474,0.06018753901655926,0.2698378800211427,0.0077995907395190045
RM10,0.117596852,0.134862542,0.00303882140412846,0.31060358467029325,0.23448702550814782,0.19053622060239706,0.122573372734296,0.06897080474557327,0.069068107564681,0.0007220627704831511
RM11,0.171654926,0.196857478,0.013440417381908756,0.07194087709498134,0.4316457211512505,0.16575073951147692,0.16308040466902024,0.07229633525670572,0.07654578541092777,0.005299719523728742
RM12,0.180820721,0.207369005,0.004662714369686483,0.032399938818562284,0.45583545109346574,0.1563755215708385,0.19364189216682398,0.09006680318413128,0.0625337101405419,0.004483968655949857
RM13,0.132800166,0.152298022,0.03596920260241671,0.05713424186562653,0.21854241797322335,0.2777546363751493,0.20049633392944913,0.0826877867680367,0.11978858113996611,0.007626799346132075
RM14,0.674368383,0.77337984,0.02651360989806613,0.0773527212409102,0.48383905386735193,0.30483967271892765,0.053086382866215115,0.021741339973195512,0.0284223418699824,0.004204877565351082
RM15,0.13619109,0.156186805,0.019839705004711893,0.03913208578540997,0.025083200515098582,0.5902422584831759,0.12851460821750127,0.1386811906439063,0.05522342982587228,0.0032835215243237443
RM16,0.146943984,0.16851845,0.050454283070033114,0.09220304280268563,0.11519017049806812,0.1743788471777449,0.13173839731748435,0.21881173955595787,0.21274533079343946,0.004478188784586539
RM17,0.203296516,0.233144718,0.21244229492650946,0.1630294359524983,0.07721799823129913,0.04847951658929846,0.1030432016659312,0.2751978658223857,0.11838659695726426,0.0022030898548135638
RM18,0.120853833,0.138597717,0.0376406120337078,0.22101145235091763,0.021610678499796532,0.10396058986158227,0.3412969630144617,0.18246640250801996,0.08890460685303904,0.0031086948784750366
RM19,0.058894546,0.067541504,0.05980671290836557,0.11636165132542503,0.050698343055503206,0.012254036093459457,0.09846628993381272,0.3386413955389312,0.3119559855358449,0.011815585608657994
RM2,0.132770338,0.152263815,0.01679254800180904,0.13427378650065955,0.46751172126768537,0.13402639883310533,0.0709768835247211,0.027685553635446176,0.1441731755891751,0.004559932647398355
RM20,0.119104362,0.136591386,0.09515733144112444,0.22627948757963576,0.09687492851687472,0.025341367992185747,0.03544717109611167,0.22073239639675893,0.29071492276032646,0.009452394216982303
RM3,0.388204637,0.445201239,0.004281192422832102,0.026640423911590494,0.0600443593605866,0.5969583459792586,0.14042445791481298,0.07995362368582769,0.09073748087847497,0.000960115846616567
RM4,0.286801281,0.328909738,0.1323721091263532,0.06211379955108516,0.15029875141878188,0.21175627793435894,0.11448211001579493,0.11222550408497875,0.17624979575950403,0.040501652109143076
RM5,0.094569069,0.108453796,0.004756945956697159,0.013784995978904317,0.44228631644770944,0.2457890808087054,0.16188722416269266,0.029700183379407934,0.09824310161387773,0.0035521516520052726
RM6,0.14138648,0.162144988,0.02423948713816409,0.13044262185495306,0.30156782766130447,0.22127078162948435,0.04088272585636577,0.12220105948636474,0.15330184427979787,0.006093652093565559
RM7,0.222382974,0.25503347,0.01993024480345765,0.094922892145431,0.3494557101453299,0.12625840426893514,0.04139980930756379,0.03862953092761247,0.31696934623566536,0.012434062166004699
RM8,0.108327123,0.124231822,0.0034390472928270688,0.6434984193390092,0.10975783525212092,0.05211235136991594,0.04466679010580043,0.06832857078580762,0.07667725584046342,0.0015197300140553267
RM9,0.074308804,0.085218898,0.00010111583676946991,0.6907734502470771,0.0572886571200103,0.05115889321732889,0.04171441978468559,0.08012820758917692,0.0776895681814502,0.0011456880235014696
S1,0.158389351,0.181644237,0.046099707062213544,0.014918715095687396,0.03186242188569999,0.07199467778758922,0.07056886614078794,0.10670071748015642,0.5893442394796368,0.06851065506822869
S10,0.254573915,0.291950717,0.2598246169238605,0.12648002253670265,0.20968718296183525,0.12458886144939053,0.13109046507589786,0.04938018664536548,0.07883825067399125,0.02011041373295644
S11,0.298105657,0.341873835,0.16464729604918868,0.4271249989584757,0.10391084026684944,0.0733093562730312,0.11696231178143539,0.034759013598523854,0.07317660645173091,0.006109576620764744
S12,0.266160327,0.305238259,0.0447607754193679,0.01918657130844465,0.27884646131822166,0.3799512611532443,0.12867860805561482,0.07524187975830848,0.06226248552232762,0.011071957464470476
S13,0.142062482,0.162920241,0.05086631869598306,0.0779111099406132,0.17380887221020042,0.29396455645975034,0.2528538912347529,0.07861271228998236,0.06458705137398489,0.007395487794732846
S14,0.158302558,0.181544702,0.0032774888211834986,0.0026542825192187062,0.02758063631985206,0.804273461715868,0.07972576443085778,0.03702861893625659,0.03860845483641963,0.006851292420343777
S17,0.247073151,0.283348684,0.07240953402153658,0.1473165422652761,0.11958411992826998,0.2353002463517714,0.30003943992320353,0.04495552876676405,0.06630639817185546,0.014088190571322925
S18,0.529705348,0.607477229,0.09764843958101328,0.03569322332497697,0.06449327043238215,0.30336097323946026,0.3663147509458366,0.05366763514186583,0.05719375966084308,0.021627947673621754
S2,0.135407378,0.155288027,0.103320034297992,0.08860599483370529,0.16889253335402307,0.13193165826276518,0.12048252360930807,0.12346256293658112,0.19331531833812715,0.06998937436749815
S20,0.261306023,0.299671241,0.04693487557808429,0.011396740893755404,0.0328771656551092,0.06505110533938879,0.26624481434883324,0.5015917154769044,0.061225588144891416,0.014677994563033389
S21,0.270037618,0.309684817,0.117991846733608,0.030643731154285325,0.06937156472391144,0.22810019071508572,0.2522703659107129,0.20903653971734568,0.07103649393496196,0.021549267110089015
S25,0.334130347,0.383187706,0.04611369377551218,0.1722807729507027,0.05081613542557545,0.14402090346026492,0.29774805341260396,0.1546177449633886,0.12346906652985179,0.010933629482100356
S26,0.223373314,0.256169213,0.060314886533456125,0.09577745688663135,0.07847914935279425,0.1786886522719158,0.32223144432567685,0.1373199045383417,0.11508319331534056,0.012105312775843351
S3,0.185021468,0.212186509,0.0916949925768558,0.0322005924066741,0.030566229761176403,0.09879738350953646,0.11929861675316848,0.10331245749440676,0.4841637739855155,0.03996595351266655
S32,1.061414321,1.217252258,0.33005811915233424,0.11233361086224451,0.08067725659338863,0.16836309438987854,0.1409045818245889,0.07721505713606838,0.06245009043827654,0.02799818960322022
S33,0.588933562,0.675401391,0.441587219230452,0.0746067330963947,0.08445225662608723,0.11595747310112124,0.11740239139548286,0.08242836914682888,0.04606235848415351,0.03750319891947948
S35,0.205899767,0.236130182,0.1411355228646974,0.10311566629175774,0.05977569999144623,0.14351868014982772,0.30804649507307447,0.12704782101695564,0.09420448892548064,0.023155625686760183
S36,0.68165772,0.781739404,0.21435326289928533,0.09349543828705861,0.06988423139797129,0.15373343700960349,0.20873486483116901,0.11203250942628047,0.11620085963347264,0.03156539651515916
S4,0.200741291,0.230214332,0.12061905100653957,0.16605770091969393,0.06300399838262351,0.09894366837175005,0.31655739297006913,0.0881499800203295,0.09349116450873361,0.05317704382026068
S40,0.254032783,0.291330137,0.18731902834847722,0.13573613374228777,0.14041957571409747,0.10577970525093137,0.15840301377451102,0.08149566429336763,0.16679983669610096,0.02404704218022654
S41,0.404332342,0.46369683,0.17181488177458545,0.11102348972203271,0.10246707877597883,0.24182162752211736,0.1286506539165302,0.10544681367845131,0.11390885671997138,0.024866597890332832
S42,0.210424239,0.241318941,0.1011047279210938,0.0922320462684544,0.09127793389621452,0.27960577182123003,0.18130124737589787,0.15984461829870952,0.06757893885815913,0.027054715560240698
S43,0.369840673,0.424141059,0.1471652858563913,0.1423226481857999,0.07130347402730569,0.1861540231911958,0.23297014727518434,0.14048971808498678,0.06895623114865314,0.010638472230483127
S44,0.27910979,0.320088975,0.15933671409902905,0.126280353770068,0.08975790566558567,0.26413468873206797,0.13934810652360796,0.12499448876383394,0.07484996608820417,0.0212977763576032
S45,0.237780657,0.272691857,0.25762515519415286,0.058206822626119,0.035212486480333954,0.2482376483775208,0.1577604574685074,0.09214145124368651,0.12238766174303789,0.028428316866641597
S5,0.108836939,0.12481649,0.034866401749577114,0.3580686192575554,0.3118870497781962,0.1227180021604365,0.08973620206387056,0.029178151620470164,0.04029117291432856,0.013254400455565486
S6,0.251842344,0.288818095,0.21725898689466028,0.21964703906333716,0.12993685177178202,0.13366755963976953,0.13775671310264428,0.06535554619905101,0.07292164668583599,0.023455656642919657
S60,0.080994751,0.092886483,0.10068354796114186,0.1496654099754722,0.1023955688803766,0.14130946233067523,0.22270799558469176,0.13069021763178584,0.1414247778360127,0.011123019799843798
S61,0.089856867,0.103049745,0.06646158706012016,0.1430762090383947,0.09145288408725938,0.313260884965736,0.23089760398409084,0.08931689145999085,0.060419368032675315,0.005114571371732814
S62,0.230959459,0.264869163,0.17260264569491363,0.07869852984347962,0.09693992389732062,0.20542755644928798,0.24225526933918465,0.11224007643020392,0.08546308268157878,0.006372915664030785
S63,0.334108712,0.383162895,0.10936192012418064,0.2761574831046751,0.05952637146706946,0.18624014519319765,0.10494927513053676,0.08266463972378385,0.17011844814992533,0.010981717106631265
S64,0.096328211,0.110471217,0.15678168376917334,0.15010928019625358,0.1163647507443116,0.19423474619009723,0.19781407751883748,0.07868541809882963,0.08992926598854152,0.016080777493955558
S65,0.065082128,0.074637553,0.11146457914155826,0.19410818971394161,0.18261944305382988,0.14496662946508201,0.1701888362227122,0.10782501591315932,0.07937238604102781,0.009454920448688956
S66,0.110375005,0.126580376,0.04480898108129641,0.1289199579978641,0.08791939859565887,0.21956700222648268,0.25095033883400353,0.15226831213508119,0.10425651092857076,0.011309498201042484
S7,0.37802712,0.433529449,0.416879078786768,0.23957075280746987,0.09210747162290939,0.06053183073374174,0.06577943116174166,0.04007039246908203,0.07204896457548277,0.013012077842804564
S70,0.217122065,0.249000149,0.3701072316299094,0.19220575356577974,0.08083329748700958,0.11267390104463527,0.08632806691199643,0.048394526279420216,0.098472278485534,0.010984944595715312
S71,0.229536674,0.263237484,0.12498305902167248,0.12088712161287454,0.06701722668810312,0.22793941175654583,0.24767090594839797,0.07226933489124464,0.12311430795762,0.016118632123541393
S72,0.145118612,0.166425076,0.11399897853770496,0.2208722371815923,0.07524441346575525,0.16170979375436775,0.1472876262200167,0.09517944474355666,0.16274918588046614,0.022958320216540186
S73,0.092152579,0.105682515,0.18670528745584228,0.09440760183088735,0.12245258428674367,0.17492232001541425,0.17471490824453811,0.06278408685591175,0.16354510249662443,0.02046810881403811
S74,0.194756194,0.223350497,0.17699864736717616,0.12174954196459555,0.14486681516796113,0.20003707387541536,0.14427086878520787,0.08506018277200719,0.10672048700492,0.020296383062716687
S75,0.196755179,0.225642976,0.1636567768050974,0.12199091910868909,0.10576951912712312,0.16558762896251442,0.17033969872825702,0.15424420280353862,0.09648402969469386,0.02192722477008642
S8,0.274210417,0.31447027,0.22713374005694373,0.23815200099985537,0.1632406685328466,0.1671162643012368,0.1253052837769624,0.030976526692384973,0.0343854452033204,0.01369007043644973
S80,0.335654769,0.384935946,0.1895925667471208,0.23115247819716175,0.06743463959370506,0.1284088482229159,0.1246195340147744,0.12368119378194448,0.11962396000979092,0.015486779432586742
S81,0.289156475,0.331610725,0.05518385282824082,0.11963678938247019,0.09188073847315895,0.1906180829221835,0.26706942636511355,0.16062405179021585,0.10217435493382498,0.012812703304792231
S9,0.216253838,0.248004448,0.12512003238985955,0.15147039135884552,0.09435057454713941,0.10743092278428834,0.3195472801586274,0.09784177981271495,0.07955508490048278,0.024683934048042075
SA1,0.476501577,0.546462026,,,,,,,,
SA10,0.374879508,0.429919702,,,,,,,,
SA11,0.512874694,0.588175482,,,,,,,,
SA12,0.442208604,0.507134124,,,,,,,,
SA13,0.353382581,0.405266574,,,,,,,,
SA14,0.218121766,0.250146627,,,,,,,,
SA15,0.415989614,0.477065635,,,,,,,,
SA16,0.539328743,0.618513541,,,,,,,,
SA17,1.014863693,1.163867019,,,,,,,,
SA18,0.410619933,0.470907572,,,,,,,,
SA19,1.558711891,1.787563566,,,,,,,,
SA2,0.668612851,0.766779274,,,,,,,,
SA20,0.628623939,0.720919149,,,,,,,,
SA3,0.595841117,0.683323119,,,,,,,,
SA31,0.748998677,0.858967429,,,,,,,,
SA32,0.626169785,0.718104674,,,,,,,,
SA33,1.679846743,1.926483561,,,,,,,,
SA34,2.29923301,2.636808753,,,,,,,,
SA35,0.736559817,0.844702283,,,,,,,,
SA36,0.787490203,0.90311032,,,,,,,,
SA37,0.760927228,0.872647343,,,,,,,,
SA38,0.708627412,0.812668814,,,,,,,,
SA39,1.455652702,1.669373121,,,,,,,,
SA4,0.232036507,0.266104344,,,,,,,,
SA40,1.472987868,1.689253454,,,,,,,,
SA41,0.812805844,0.93214283,,,,,,,,
SA42,0.482157489,0.552948344,,,,,,,,
SA43,0.793116123,0.909562244,,,,,,,,
SA44,1.094870904,1.255620971,,,,,,,,
SA45,0.780095492,0.89462991,,,,,,,,
SA46,1.697367583,1.946576829,,,,,,,,
SA47,0.966236705,1.108100567,,,,,,,,
SA48,1.62820067,1.867254759,,,,,,,,
SA5,0.186046418,0.213361944,,,,,,,,
SA6,0.407144657,0.466922052,,,,,,,,
SA61,1.375563039,1.577524611,,,,,,,,
SA62,1.415866475,1.623745439,,,,,,,,
SA63,3.63510699,4.168817118,,,,,,,,
SA64,0.747946016,0.857760215,,,,,,,,
SA65,0.550944996,0.631835304,,,,,,,,
SA66,2.355931259,2.701831498,,,,,,,,
SA67,1.727799272,1.981476529,,,,,,,,
SA68,0.54325909,0.623020946,,,,,,,,
SA69,0.344178321,0.394710935,,,,,,,,
SA7,0.279345564,0.320359366,,,,,,,,
SA70,0.310025293,0.355543524,,,,,,,,
SA71,0.203563219,0.233450579,,,,,,,,
SA72,0.200307517,0.229716871,,,,,,,,
SA73,0.345811757,0.396584192,,,,,,,,
SA8,0.790867866,0.906983896,,,,,,,,
SA9,0.357929426,0.41048099,,,,,,,,
SE1,0.044146882,0.050628572,0.18890193269863131,0.03548775160164285,0.11310223589232014,0.10688759786647882,0.10681980458204651,0.14919134439236265,0.2392821590041381,0.060327173962379556
SE10,0.129692964,0.148734618,0.3628269435215654,0.019169770941461467,0.03523070109415687,0.09435620111391835,0.11049370433296318,0.05707043289647989,0.3112221344871721,0.009630111612282662
SE11,0.081484878,0.093448571,0.15918177981686765,0.057752626972141535,0.1428653008041883,0.06305072892158467,0.20242077874668865,0.0516299254173964,0.3040993013117054,0.018999558009427465
SE12,0.101847951,0.116801371,0.10145458365864499,0.14886059296838036,0.17934270165876476,0.27457576996855304,0.16097375974661296,0.08067864825367099,0.03146005155298251,0.022653892192390414
SE13,0.071172698,0.081622346,0.45005073681231267,0.06235921880804982,0.023782048673079332,0.07816711004408054,0.07034050687007007,0.05641929574217963,0.20273741170716877,0.05614367134305917
SE14,0.080297138,0.092086446,0.42325246591924154,0.12208385361266152,0.006551558809988519,0.05956924835374526,0.12480596056949744,0.08387733351060724,0.10169112900436535,0.07816845021989306
SE15,0.04735561,0.054308409,0.26986901723309265,0.026390004157535906,0.01570205382933243,0.11699214773336207,0.2480310318664789,0.07361573619152086,0.1698862803067853,0.07951372868189183
SE16,0.044937443,0.051535204,0.049767590268016616,0.02305876224947106,0.08382265136154537,0.09979494216547644,0.13573030796369343,0.3166132072549811,0.1920564144999961,0.09915612423681991
SE17,0.034492895,0.039557177,0.19104676555589337,0.03677768525492068,0.06583887012471092,0.1250356094517037,0.25130335293530615,0.024361177080427843,0.28083903926401677,0.024797500333020594
SE18,0.121884944,0.139780216,0.1971900127005602,0.08399228517076389,0.07230151472453772,0.11284817204570223,0.23179171447199087,0.06743172707511681,0.22324204853788787,0.01120252527344039
SE19,0.060944012,0.069891875,0.35316078490758207,0.0635128677928617,0.07517709097182197,0.16742438861900535,0.18684133359699717,0.07218636360151273,0.054102140570304776,0.02759502993991415
SE2,0.137513902,0.157703833,0.038441293629220274,0.13785831125794923,0.11170066540166991,0.3363547728079602,0.13816056927999543,0.14518825233622296,0.08841322770680429,0.003882907580177644
SE20,0.064530206,0.074004597,0.31987693878044093,0.20699008414178033,0.03380435512883716,0.07784932933464336,0.18089494597902953,0.07903968121535103,0.09028670850350544,0.011257956916412208
SE21,0.124090922,0.142310079,0.35265660506557794,0.08723446439840063,0.026265544687270284,0.28294985834517244,0.14868765845723234,0.05927330929276669,0.01834119684771825,0.024591362905861457
SE22,0.134067288,0.153751184,0.6828582338275256,0.10294952394026335,0.03418105839782449,0.05084918734788693,0.04232065482389637,0.019378104763048097,0.03713987025340937,0.030323366646145926
SE23,0.116594801,0.133713369,0.3290056741189176,0.06851568829678659,0.09409272961660664,0.18020818082662332,0.14960472939658084,0.04871977483964029,0.09176309965698644,0.03809012324785828
SE24,0.087932539,0.100842884,0.5111269748995553,0.1423644430375694,0.018759034345612664,0.10415135534691178,0.08174496102857721,0.03707850021762986,0.09063917600818627,0.014135555115957474
SE25,0.078657506,0.090206081,0.45901178463445796,0.09348987966871367,0.10978287777593843,0.06831160771165104,0.10052152082810127,0.08095701209827448,0.05148435237211757,0.03644096491074561
SE26,0.096642284,0.110831403,0.28200172851129707,0.06174510556315997,0.0672276415746967,0.15190112302646736,0.23370371081307723,0.07353067295957096,0.09039458408769836,0.03949543346403238
SE27,0.098682379,0.113171027,0.436995902115964,0.08917812630887825,0.0641007706395972,0.13871899941988217,0.14364693246597648,0.055436929551309334,0.05976267988902781,0.012159659609364685
SE28,0.095689905,0.109739195,0.002300062820639982,0.0004405800149938784,4.382203668646075e-06,0.00423840527237657,0.1803836259806138,0.49592559511603784,0.31135899357133756,0.005348355020331798
SE3,0.12491905,0.143259793,0.31059206133463263,0.05338920313562262,0.14644906322339074,0.20278790299754273,0.11657582734561663,0.039863916234945694,0.10221104274011898,0.02813098298812996
SE4,0.093564429,0.107301655,0.4583380904209326,0.09321459400277432,0.09697142226756886,0.1828360220492024,0.034976145824608194,0.04463640826722783,0.05347882009472651,0.03554849707295924
SE5,0.030855862,0.035386151,0.2767118369488819,0.07420959439439152,0.053796407223184586,0.2739438226821204,0.13805943082223282,0.04242870106940201,0.10292044865975095,0.03792975820003588
SE6,0.093062394,0.10672591,0.3014773581567396,0.3038829605472284,0.15062016837483172,0.05523128699310998,0.04596759271680314,0.04667932788600917,0.07047129766037173,0.025670007664906278
SE7,0.415744869,0.476784956,0.31736106769954003,0.10117316222789102,0.09029271820901388,0.16226734082138397,0.15321295969781973,0.06315151233487283,0.11020746548537379,0.0023337735241047547
SE8,0.077588676,0.088980325,0.10853738884787695,0.07643152854151512,0.030940310687670274,0.0910864634686676,0.2663036668444258,0.1658433757631311,0.18325013979504187,0.07760712605167129
SE9,0.137509629,0.157698934,0.04686247945630499,0.16397525424055473,0.3433016055333362,0.28519907686256074,0.09176533515904892,0.028297123012987372,0.031029212322371005,0.009569913412836036
SG1,0.315007199,0.361256878,0.021539636666100592,0.01871618934002223,0.014635045887884343,0.37471568511996944,0.3304082067842208,0.11162058087878034,0.11921329847437782,0.009151356848644493
SG10,0.370797968,0.425238905,0.2833353140933756,0.09342646819766283,0.07125135776634997,0.15568793897872013,0.14625431971190397,0.12052930899635991,0.09562418713968687,0.033891105115940665
SG11,0.346774997,0.397688857,0.2710656257489027,0.08718522289057744,0.022899304037073975,0.14409681569586077,0.19171150243784443,0.1336110382273787,0.13220805990560455,0.017222431056757418
SG12,1.133387977,1.29979316,0.15265790374778784,0.05560579192705641,0.049350527521309605,0.2075721123111064,0.19227138324344872,0.16421403332253323,0.16450931429462162,0.013818933632136137
SG13,0.66628891,0.76411413,0.1848412134975874,0.061841622081435274,0.06190576636574129,0.1011629844108346,0.22277301687213036,0.1476915467176928,0.20300351334088593,0.016780336713692355
SG14,0.681747187,0.781842006,0.21470120981525148,0.04785117329650886,0.037008341839889575,0.17322869155127135,0.17264810275137885,0.17616890130979931,0.16839449826529632,0.0099990811706043
SG15,0.217487794,0.249419575,0.14590326880802196,0.07865778942085863,0.07050627532612724,0.17585224506631064,0.15793354856036124,0.19586184014676905,0.1662376794804289,0.009047353191122308
SG16,0.276954424,0.317617156,0.060049130388599097,0.026612226747358317,0.15052179360581908,0.21166702724296196,0.15457111433865522,0.16164834713628037,0.22130228330821758,0.013628077232108508
SG17,0.282258033,0.323699446,0.1186113189075053,0.029786651659948662,0.03895808518586487,0.2284042292035916,0.21380764328277865,0.16841806879618829,0.1841755715095636,0.017838431454558972
SG18,0.522153038,0.598816081,0.15199541875869269,0.055472618991803224,0.04470606998067753,0.14070238961545822,0.2253231480548874,0.17849831880739842,0.18679745855766805,0.016504577233414457
SG19,0.871917597,0.999933431,0.17960959161743978,0.04216339243479285,0.04458398296147191,0.10767913161721519,0.30318965501013345,0.19623528633649062,0.11087904028356839,0.01565991973888767
SG2,0.243971671,0.279791842,0.040531854125130926,0.008356900701874575,0.01744649875302864,0.58850845256836,0.1462324535408992,0.14891680232333832,0.04435455726214159,0.005652480725226762
SG3,0.59547946,0.682908364,0.0871497354775264,0.1780875192498557,0.09926115127698265,0.13918362698949538,0.2296272926838407,0.19617092071926717,0.054619360716966256,0.015900392886065758
SG4,0.164204997,0.188313742,0.15773264568831907,0.08976692604225144,0.08077770895958167,0.19113415736448652,0.2166011537763161,0.13220345177114,0.12315385793720444,0.008630098460700727
SG5,0.68784732,0.788837767,0.16409803776002893,0.08920518896379669,0.07850604282362238,0.17679345357309617,0.1566135328495669,0.12064435738995777,0.20249737573414983,0.011642010905781337
SG6,0.181907785,0.208615672,0.009706545144184502,0.32900281902583384,0.06404056305639654,0.14441482089632748,0.18893539572712856,0.15049908873358062,0.10154788571599778,0.011852881700550592
SG7,0.307565177,0.352722211,0.1684050396489772,0.11620537926666852,0.09938906231155348,0.12265141228161952,0.18367312255182425,0.19705930097760638,0.1031587381709334,0.009457944790817296
SG8,0.504277548,0.578316094,0.17214150187919336,0.03955557862811633,0.03735318724691201,0.16554664225300708,0.2549018295468516,0.16879630952646052,0.14593973320510076,0.015765217714358327
SG9,0.955359479,1.095626335,0.2535589518306318,0.07010136187866241,0.06164582727765267,0.10491232412637276,0.25368722526272514,0.12721815116005958,0.11691729288352674,0.011958865580368848
SK1,0.206443631,0.236753897,0.24219270227784737,0.03040460707803981,0.0768407036568111,0.08553289552332943,0.34397263501602493,0.06966041432651038,0.12378422829033181,0.027611813831105156
SK10,0.688929495,0.790078828,0.3548595421615934,0.05230393988035255,0.06401669985628901,0.10644668531265256,0.156748467233877,0.12700588513220284,0.1361761312774311,0.0024426491456015545
SK11,0.466216928,0.534667374,0.3753072763112118,0.05875910640775565,0.08216425582509314,0.11468794446745942,0.15503545572084196,0.10306909167848562,0.10596586444221015,0.005011005146942344
SK12,0.71712137,0.822409863,0.25914623948637117,0.12082251791688706,0.08088862277658937,0.17469588650476622,0.1898422964953528,0.10056276519184164,0.06514974609881495,0.008891925529376754
SK13,0.237170308,0.271991895,0.2964017211535921,0.038193883386331194,0.03354477587629113,0.05895741110359257,0.3344265723990219,0.12038909257106109,0.09525223710969163,0.022834306400418305
SK14,0.118349421,0.135725604,0.2522610012243689,0.07514846213906876,0.08931700066061493,0.14011913018592065,0.22713440019691974,0.10596862701590679,0.0821811717303705,0.02787020684682971
SK15,0.093698784,0.107455736,0.20559844636028368,0.07101731363562387,0.0379427278399263,0.1266154750461665,0.3164503831755203,0.09883615476345682,0.11905160319404794,0.024487895984974667
SK16,0.137114914,0.157246266,0.15402617164002316,0.10031814447591965,0.10647240425242128,0.11921959294712856,0.28234580236531487,0.17086497029819162,0.05407137981643043,0.012681534204570365
SK17,0.518071565,0.594135362,0.3883456735733547,0.09385999721248729,0.08187243019190497,0.12424748733040171,0.1184759903306086,0.07887152296483628,0.08577027728894193,0.028556621107464528
SK2,0.132905326,0.152418623,0.2058101914522705,0.1227948295237598,0.15143945842060713,0.11078405113499903,0.2774422917804941,0.08162488655125606,0.03058954261663189,0.019514748519981428
SK22,0.578323229,0.663233237,0.4010922586480452,0.1145571455341929,0.055829654327438104,0.12441097895306201,0.13452511362707328,0.08261852466421808,0.07457891922982511,0.012387405016145311
SK23,0.670658496,0.769125263,0.29548909806925067,0.12377549113585286,0.07482474720821385,0.11922991963892994,0.1514270317151397,0.14742793388892733,0.07483201741153182,0.012993760932153708
SK3,0.401990502,0.461011159,0.30187405692938085,0.1355928865108456,0.15466520604395986,0.1286657913473102,0.13359750221376365,0.0959034739081919,0.0343537224264997,0.015347360620048277
SK4,0.245743904,0.281824275,0.24739551571830437,0.08372226412109407,0.15742343876583942,0.15313961670724516,0.2124670262034879,0.10723268474559278,0.0237067908036224,0.01491266293481399
SK5,0.234526031,0.268959383,0.18365753759978118,0.08112033284406801,0.20578060723459318,0.25829175644457686,0.15284812985435559,0.0878229713927438,0.020866932707113102,0.0096117319227683
SK6,0.19714901,0.226094629,0.14314871535214013,0.08985009540776032,0.12551524763294708,0.2835065162080672,0.1960407614318021,0.10116713693158282,0.050425085532624474,0.010346441503075902
SK7,0.260258305,0.298469696,0.11263104717695142,0.15502339886520203,0.14752283881433564,0.28258834044549735,0.19516798758018974,0.0661796087513554,0.034844073269993656,0.006042705096474794
SK8,0.572567206,0.656632109,0.06184661578809961,0.18478906542506957,0.19550034543776493,0.27133357052747253,0.16036824395757607,0.07983359848049519,0.040093914184016956,0.0062346461995052335
SK9,0.684859671,0.785411468,0.1365061230718015,0.08266462127748987,0.10420051489765654,0.20224836327616932,0.19095107170826373,0.1672942733755893,0.11389014035960073,0.002244892033429038
SL0,0.162060984,0.185854943,0.06429562378859208,0.05797914433104462,0.31116910980940926,0.22824694247336097,0.12974848316599735,0.12364157165474474,0.07495550216736278,0.009963622609488252
SL1,0.294083367,0.337260988,0.1459110570544893,0.08946282189016627,0.13098160155632457,0.13185089062164754,0.14242790511178458,0.21290607525322733,0.1252245518382481,0.021235096674112275
SL2,0.297486854,0.341164178,0.07813775111898037,0.05993463716192984,0.1744535130755364,0.31745047484428096,0.12100498505402205,0.14339803210830857,0.08985193720845826,0.015768669428483567
SL3,0.152517717,0.174910524,0.13625248760103748,0.041216630832212865,0.0918036743808048,0.24667065541352654,0.16634573061773314,0.18404171905304656,0.10826590062285928,0.025403201478779305
SL4,0.434920819,0.498776338,0.27497017462248413,0.05712340215155204,0.04469468408728562,0.195407475373566,0.2173415860257391,0.11091366611101286,0.06413786373124224,0.03541114789711802
SL5,0.415718957,0.476755239,0.16073544726395933,0.06999508275637359,0.031417427859896464,0.24173818536650693,0.1823036672037497,0.11378553258860502,0.16098717165350468,0.039037485307404314
SL6,0.428118838,0.490975684,0.12173115230879762,0.09938054979112368,0.05127365855318225,0.1842891003727085,0.29643348038907674,0.09535152767409885,0.12415590335108169,0.02738462755993069
SL7,1.280047405,1.467985275,0.13630062828618636,0.06602502499438477,0.05623877350111516,0.24421525108804906,0.30983453153100277,0.11722670934588857,0.05428699594889342,0.01587208530447986
SL8,0.196764572,0.225653747,0.11744084482735656,0.10687130203729235,0.06434854892799025,0.260249096832683,0.2113323030725916,0.18197976452081535,0.04666096256079899,0.011117177220471893
SL9,0.540389364,0.619729883,0.041095749866834744,0.1799360991798264,0.09127743275938667,0.23921232126084,0.18127788524742267,0.14857528088138972,0.10293216362980488,0.015693067174494847
SM1,0.201136083,0.230667089,0.14285417749728266,0.1783996871456989,0.12627570997342247,0.0569345968723828,0.2142208134361157,0.09640794071290826,0.17317625002296408,0.011730824339225187
SM2,0.268834667,0.308305248,0.06080644097267431,0.14510757880923728,0.11915036661988412,0.12957762025228195,0.2754085568088851,0.15617579714606505,0.09909216300513149,0.014681476385840652
SM3,0.327613135,0.375713631,0.03063522868780616,0.1639200853165396,0.49947384881999435,0.0817112518396715,0.07417971995518463,0.05165034299785209,0.07781706199449248,0.020612460388459167
SM4,0.193064935,0.221410926,0.030540190024546058,0.11081838807459024,0.6657095872288125,0.08009124622462979,0.03248415761556845,0.029392070279542225,0.048978832903058656,0.001985527649252117
SM5,0.147968155,0.169692991,0.044699145132072196,0.2529232677836551,0.36859113911747016,0.05981003761152284,0.06386686839243273,0.08490741763659626,0.11289959238044737,0.012302531945803333
SM6,0.102078902,0.117066231,0.0535513857861554,0.27780935567086723,0.13175378918570468,0.06323103499396289,0.18261487487735875,0.12384374386361335,0.1575092235890645,0.009686592033273218
SM7,0.345421591,0.396136743,0.015326507759115308,0.07461731872960986,0.32408613740123904,0.2218447840631692,0.13511357290944234,0.11674528238271145,0.10745874315186726,0.004807653602845528
SN1,0.815785589,0.935560064,0.4010848522629237,0.09878593171892312,0.04193843764107712,0.03739636552491638,0.16586472995678175,0.0572159102105857,0.19529874301147634,0.0024150296733159208
SN10,0.264496196,0.303329798,0.20632828675075413,0.05149925388379393,0.021921140762800745,0.17458860056093967,0.21823794205289299,0.1605135575453367,0.15826902857025787,0.008642189873223976
SN11,0.532090948,0.610213085,0.1747509569305398,0.03006295867913307,0.04767768735178745,0.1601991164415492,0.1742424419378744,0.20829351903348864,0.19556827116856362,0.009205048457063896
PL95,0.0,0.0,0.010241611700602235,0.3383818468597648,0.3372454832234012,0.2332114520600325,0.051959659688366314,0.010620399579390115,0.017960759009654912,0.0003787878787878788
PR11,0.0,0.0,0.2504583915435204,0.07845605202433396,0.06643655333736721,0.03301994955285484,0.19485137419814733,0.347125586858017,0.022519724119910794,0.0071323683658485425
RH77,0.0,0.0,0.0011098779134295226,0.011098779134295226,0.07769145394006659,0.37735849056603776,0.14428412874583796,0.1997780244173141,0.1775804661487236,0.011098779134295226
S49,0.0,0.0,0.2068332705519307,0.19443708864006798,0.27520020167254616,0.0030634498185991435,0.004917836325729701,0.029751456992119747,0.26222652736398866,0.023570168635017884
S95,0.0,0.0,0.15723965095201434,0.11296120477981025,0.015708997586643854,0.058178268155571936,0.39711233699462395,0.09971272393498001,0.12700028427604798,0.03208653332030754
S96,0.0,0.0,0.10669626082473327,0.03380520868833216,0.056936713359024345,0.04026873592748266,0.6403698104633988,0.0471933611215487,0.054498108129363745,0.02023180148611609
S97,0.0,0.0,0.4039202697820065,0.2479270869494372,0.0014427516158818099,0.0214020210035116,0.06165479108661409,0.07739052504055939,0.1704786304501326,0.015783924071856855
S98,0.0,0.0,0.13784387810115184,0.07033036973156505,0.014156547884964026,0.08489843161355723,0.46815541743860484,0.08310036559526353,0.09930779383653476,0.04220719579835865
S99,0.0,0.0,0.13850415512465375,0.0706371191135734,0.01385041551246537,0.08448753462603878,0.47091412742382255,0.08310249307479226,0.09695290858725765,0.04155124653739613
SA80,0.0,0.0,,,,,,,,
SA99,0.0,0.0,,,,,,,,
SE1P,0.0,0.0,0.2160877981439026,0.06809780332422183,0.1477487242086236,0.0682542048761132,0.10219338296887398,0.24976024490785645,0.09107431002557095,0.056783531544837305
SL95,0.0,0.0,0.044444444444444446,0.006734006734006735,0.006734006734006735,0.283262749309261,0.15291340872736223,0.26755707685940244,0.23285210913117887,0.005502198060337595
SN12,0.559076258,0.641160406,0.1348343375944772,0.057626569476601185,0.045670760698120545,0.17298035890728766,0.22735589478644044,0.20346868121036651,0.14791541615261042,0.010147981174095981
SN13,0.965407956,1.10715014,0.21614484705885542,0.030299449833389273,0.03999882279037082,0.23157860197545885,0.22012980586462702,0.11235361304272556,0.13440886749765116,0.01508599193692181
SN14,0.599505829,0.687525889,0.24910989148148785,0.028029167448876523,0.049976786509881556,0.16877328505327277,0.1963899924038723,0.20553026131234906,0.09208819367938702,0.010102422110872915
SN15,1.309775736,1.50207835,0.19832392915896482,0.02989630804075624,0.057407495832899925,0.1805007520862239,0.15192948254371408,0.22224771319842865,0.15424538324353707,0.0054489358954752844
SN16,1.408987739,1.61585676,0.2908650357776949,0.03609609548859447,0.03810134364456873,0.09488934087009089,0.17635601047063426,0.1951625735514052,0.15431919476788908,0.014210405429122514
SN2,0.48483245,0.556016047,0.13870219932997174,0.09413494838828951,0.07540843931445504,0.1841747894638827,0.27023701905505665,0.16485744740176056,0.07188908613931778,0.0005960709072660279
SN25,0.264338733,0.303149216,0.04262723114978559,0.01957284182500305,0.022051474102882496,0.09817222123952651,0.198806114085207,0.21489999339850022,0.4018406834461693,0.0020294407529259156
SN26,0.314140231,0.360262621,0.20329972224145965,0.04549779755250555,0.07415889574132022,0.24660162461603702,0.25809754416393715,0.12087638100416723,0.05008607705585774,0.0013819576247153507
SN3,0.699062659,0.801699754,0.027664555306882097,0.019556373598024767,0.05617494536441832,0.2875218105241365,0.4222317536027445,0.09286969826618696,0.09337416943086455,0.000606693906742224
SN4,1.126621861,1.292033636,0.09595787223368293,0.02228914668790932,0.07903560736421328,0.17897332979783742,0.27603767677402546,0.153764523687723,0.1880429778994167,0.005898865555191882
SN5,0.384051648,0.440438504,0.06537279947025805,0.0064815899609459065,0.02871985850739188,0.061010780177770785,0.33706472695815326,0.4439852695069043,0.05514158430517193,0.002223391113403852
SN6,0.683930221,0.784345556,0.16806147648089018,0.03908878870111894,0.044291132723706515,0.1728545054185314,0.33769203363873035,0.1190612737678581,0.11383538200155358,0.005115407267610927
SN7,0.667082854,0.765024641,0.3022805397062294,0.01796382149749458,0.03637874841311672,0.13093737655075982,0.19929484516472787,0.13975823485135036,0.16211198640944907,0.011274447406872213
SN8,1.447612456,1.660152398,0.31737957435984215,0.0783574855390742,0.05005143872187356,0.11081183298300674,0.1547449800863346,0.14937410626412687,0.10920824377725306,0.03007233826848879
SN9,0.254578741,0.291956253,0.27423983967620624,0.05684807522285786,0.03050727512977974,0.1441005795649555,0.16351079592019335,0.18305565777054614,0.1286622681469859,0.01907550856847526
SO14,0.133644673,0.153266521,0.2577291516701993,0.07942994991207515,0.01632508631815759,0.14745871035080693,0.10168513931970864,0.10659771448027261,0.26412091560643036,0.02665333234234946
SO15,0.191870458,0.220041075,0.2300030679697899,0.2350407046954292,0.09063127223742556,0.10318921473178247,0.08101424689891498,0.1113095933056723,0.13662443314388104,0.012187467017104586
SO16,0.220356674,0.252709666,0.0724227717332472,0.16098820022692187,0.09810402630225627,0.27732644910403936,0.19795666851681448,0.1056875902880821,0.07939355790444697,0.008120735924191772
SO17,0.155334814,0.17814123,0.2632452490974219,0.2506927927178691,0.06304038439712491,0.08223025865299313,0.08181682877615974,0.14849570130595044,0.10064893164374827,0.009829853408732454
SO18,0.202881264,0.232668499,0.04427945963055904,0.17890003851034195,0.12194186201485807,0.24135786774205886,0.14466781273302237,0.14201082143498273,0.11952264793373567,0.00731949000044131
SO19,0.141632014,0.162426571,0.057611634656355895,0.15451558062772427,0.14322176954473215,0.2914286665237085,0.15606405220112549,0.11283831806208094,0.07861271455689366,0.005707263827379046
SO20,0.402786135,0.461923608,0.24870848895136052,0.056392999208541586,0.052779817633643374,0.21788259505672453,0.12442365958301871,0.1126841978322938,0.15660999714976903,0.030518244584648475
SO21,1.493616841,1.712911194,0.18649793052731145,0.07982190325458506,0.04915434782081343,0.22714334769944716,0.15671373591205742,0.16576483617268178,0.10865590161987192,0.02624799699323174
SO22,0.360651142,0.413602311,0.07915237051087849,0.10428178729904883,0.04362734907299212,0.32879180770218647,0.18906938229331705,0.1353360522771961,0.10777124546048207,0.011970005383898715
SO23,0.552994172,0.634185342,0.18901488299698485,0.053911647316940925,0.024698941346088906,0.3195376829649178,0.1316940453881296,0.1718150328866671,0.09988179668341261,0.009445970416858246
SO24,0.602818264,0.691324658,0.2561815519803414,0.07128107439637772,0.03520323600608471,0.16095082076165831,0.2454700220184076,0.12919947591581982,0.08312712861804178,0.01858669030326862
SO30,0.38422303,0.440635048,0.024902091559678118,0.03850659300455439,0.03533440323830776,0.16557485765380323,0.2653570289025919,0.3484951414149392,0.10838564301453735,0.01344424121158798
SO31,0.492075759,0.564322826,0.042936683912987626,0.0627659577563801,0.053054252127388034,0.13116619568359686,0.22018901873400756,0.28760816526528904,0.18895610132227278,0.013323625198077935
SO32,0.793262311,0.909729895,0.17184423949128158,0.08069210944624669,0.038359080673521125,0.13356521410317074,0.22058108400614712,0.22534337512328467,0.11179908605701942,0.017815811099328612
SO40,0.287009916,0.329149006,0.04890069994084676,0.11536284037553164,0.06769818135144096,0.16795682650083507,0.3258819066929052,0.18622543421957186,0.0721934292834184,0.01578068163545018
SO41,0.327972948,0.376126272,0.151967644138308,0.08014880858631128,0.060786333131135274,0.15494748824345328,0.26942201618860734,0.14893568175773314,0.12197686894327638,0.011815159011175339
SO42,0.383245057,0.439513488,0.23438671279971227,0.13681226455080295,0.04849802127810309,0.1366633812601908,0.20820733667426478,0.09794273621220922,0.10005266669621438,0.03743688052850249
SO43,0.387507825,0.44440212,0.3050336129346007,0.12603884876095284,0.04760974042289779,0.1317005362018273,0.21235231712090122,0.11752983761629773,0.044528457597135494,0.01520664934538695
SO45,0.511342995,0.586418897,0.035913595289489106,0.04565905885570369,0.028462540284227178,0.25386772627582316,0.32051804692520275,0.22095696194920839,0.07331792622822643,0.021304144192119255
SO50,0.527765805,0.605252921,0.053678984341496656,0.12448596553239279,0.07654734505118699,0.10878932759312782,0.3722308383544808,0.11739546666497755,0.13943197240661073,0.007440100055726654
SO51,0.347563488,0.398593115,0.15021208611159576,0.06380509438158576,0.05722647875125776,0.12139760213716294,0.32725781010107324,0.14499767483274037,0.11393175867223541,0.021171495012348777
SO52,0.281590688,0.322934121,0.016154260906490258,0.04243355000736991,0.04508325485611229,0.19668005169554623,0.5096495008871752,0.09266115908471301,0.0890445057727478,0.008293716789845253
SO53,0.503682782,0.577634003,0.007702111868772428,0.0436345856725003,0.05452195458504072,0.22069111404364755,0.3826133943788175,0.1989550354522549,0.08575487433272384,0.006126929666242767
SP1,0.904131604,1.036877131,0.29186686869396056,0.102224709833927,0.06572822403679734,0.1150460109015809,0.15159381797233304,0.15063469038664892,0.111161829516085,0.011743848658667283
SP10,0.384864446,0.441370637,0.07827394334203233,0.05964078890212349,0.06427193991592356,0.10253996322093571,0.29926919645538586,0.23118738478209278,0.15778976370629,0.007027019675216291
SP11,0.413990929,0.474773501,0.1897705761689611,0.06141402960595197,0.04297025518745126,0.1394064335668314,0.19466479828805744,0.15029373943588845,0.1961165679382254,0.025363599808632953
SP2,0.542377295,0.622009685,0.2502103821586885,0.1344641498308539,0.06825814280482692,0.14993585482353944,0.13404361238081405,0.1469194723632687,0.1067225068313884,0.009445878806620057
SP3,0.789064755,0.904916049,0.3592764265963023,0.04800907828660747,0.03716122474486709,0.1520454791045119,0.1573795817780064,0.1398611030107751,0.08955917152606795,0.01670793495286178
SP4,0.719522422,0.825163441,0.09547706060686938,0.061510345705770825,0.0580110158882152,0.26264121418262404,0.1807987781907557,0.15149146778552347,0.1730254235822596,0.017044694057981747
SP5,0.575061309,0.659492399,0.26632594972229034,0.0658417268570419,0.04374254764436058,0.15169222486578607,0.19329025657230137,0.14970581174019978,0.10936697919363514,0.02003450340438486
SP6,1.421333782,1.630015462,0.2449027919109948,0.10111402013663053,0.03429019393109801,0.1360801649250539,0.2124343019679825,0.1532304763652246,0.09451885553394677,0.02342919522906896
SP7,0.950478427,1.090028643,0.32291149012957177,0.04124684169019484,0.03927530132817484,0.1063423719652716,0.19641728364422303,0.15464326897730546,0.11499107043369433,0.024172371831564083
SP8,1.200307522,1.376537901,0.21961478733129253,0.047546693949498,0.010033219472144052,0.08237273453973197,0.16550088339145966,0.23090549029899912,0.19421438629691323,0.04981180471996143
SP9,1.250964605,1.434632508,0.030082577082804842,0.081682533319759,0.034086167939267,0.22769276858847287,0.23561155257512123,0.0520460654014124,0.3005595095611908,0.03823882553197184
SR1,0.094420752,0.108283703,0.30479934599711794,0.023661803620986275,0.021607702808630357,0.09709752871275432,0.2345609852337407,0.15289404174541754,0.14914617814826847,0.01623241373308445
SR2,0.056759354,0.06509282,0.3063457483015426,0.11287619952034023,0.11652770638411485,0.1822531115636462,0.09135892142678945,0.07939950272720418,0.10569054229905005,0.0055482677773123585
SR3,0.072444228,0.083080564,0.08181390867366785,0.03932587605219891,0.10756716071872455,0.38450031248235406,0.21370733981629542,0.11114006113353368,0.06048812747058216,0.0014572136526433798
SR4,0.141421392,0.162185025,0.28570697569528775,0.09748034885630716,0.11760947723801433,0.3039642777788866,0.06660741111472104,0.06278283253925707,0.06228492380578123,0.003563752971744736
SR5,0.269284701,0.308821357,0.2657045421742669,0.10600621809924139,0.0904021010330719,0.32689712191872106,0.09652150205585844,0.057887329683200935,0.05402295451354003,0.0025582305220992986
SR6,0.237598112,0.27248251,0.2102216121230873,0.16473673723094215,0.17230206361512937,0.22145802422477062,0.0820892009089107,0.09714404483470784,0.047178135933757595,0.004870181128694482
SR7,0.120060468,0.137687868,0.05730072353575581,0.21751373919482633,0.18613623504974425,0.20925290437767713,0.12238241205197485,0.06817180708064549,0.12834216121994454,0.010900017489431648
SR8,0.086648181,0.099369955,0.05145943008101762,0.13110820239843426,0.10952130205414101,0.24660157985946504,0.2610080426034803,0.13393835966369164,0.06058859030126209,0.005774493038508022
SS0,0.295388485,0.338757724,0.046784814854416414,0.5764351953548861,0.11400498451864496,0.09565127632404481,0.056393453478577604,0.054395949343143776,0.05332705639538402,0.0030072697309024136
SS1,0.236648067,0.271392978,0.051619461269508615,0.5260093427962024,0.08129956467593541,0.06269197898097482,0.12714117308466785,0.09020233229798956,0.056789092524204,0.0042470543705172515
SS11,0.219154255,0.251330707,0.016035284970559584,0.06649321989054612,0.053582067615154806,0.3083075727342192,0.24370947652732253,0.1963611400362406,0.10793884967117269,0.007572388554784395
SS12,0.106196197,0.121788031,0.005892225131717902,0.04245428346135402,0.047104668794337494,0.18447492054107303,0.24485139390517535,0.33964207556304343,0.12828947248515224,0.007290960118146525
SS13,0.188289409,0.215934252,0.004020147742425976,0.02858757710072433,0.05162128468854829,0.09583918576575257,0.4591918832903325,0.29613206952630133,0.059552782576386014,0.005055069309529002
SS14,0.316460288,0.362923311,0.0002105345496508082,0.0006232921686800145,0.0002904222320205549,0.6899272912952944,0.09115139033481676,0.044274058132025014,0.17217128986711164,0.001351721420400765
SS15,0.245522642,0.281570527,0.003595757209336286,0.017500197811669622,0.014560779224104302,0.28917699833368665,0.3175386079311405,0.23623033886404443,0.1145344425420036,0.006862878084014641
SS16,0.471494713,0.540720049,0.003329478438310067,0.02039998833418352,0.02287566251896919,0.3819314554789775,0.26094979582127614,0.23527797388176122,0.07081654053114395,0.004419104995378301
SS17,0.161295886,0.184977513,0.03760907212252675,0.07618215318276364,0.0657947464062667,0.34846495181487747,0.3600680046407893,0.06522911408310524,0.044772670423371665,0.0018792873262991512
SS2,0.263884508,0.302628302,0.02449192258344883,0.36764759875186603,0.17275948034261984,0.13030746771134638,0.17728307372751007,0.0710134361553868,0.05373658121079314,0.002760439517028961
SS3,0.21187376,0.242981282,0.08943549461339323,0.1447941959816506,0.06683081304321356,0.14209001720064773,0.2573997916002747,0.2237519951827318,0.06777951066760475,0.007918181710483644
SS4,0.201759272,0.231381775,0.10708600021055138,0.07897123015751105,0.10444695655207463,0.23412064936960725,0.1530529578403544,0.18778975399704548,0.12906440551764897,0.005468046355206926
SS5,0.318701823,0.365493951,0.026275892644127035,0.05146320645602923,0.048976812361844986,0.3462334348209184,0.2856491082090852,0.17468515066907997,0.06477303902160855,0.001943355817306719
SS6,0.252213653,0.289243919,0.027623382334070207,0.050219188320475255,0.0634443241608407,0.3693209117208963,0.2659844007721548,0.1396049792130191,0.0808810829318755,0.0029217305466681357
SS7,0.258528648,0.296486088,0.030006470532675036,0.06876666128611753,0.09812682732729777,0.3689015112109058,0.2890121398762813,0.08699563330571987,0.05631878601058252,0.0018719704504201436
SS8,0.218113318,0.250136938,0.0002658698608349699,0.005050513226798991,0.11057312216924248,0.19796328294389148,0.44731005180508765,0.14876333063403077,0.0884810166336497,0.001592812726463945
SS9,0.299927861,0.343963576,0.011841135739311946,0.3531653527816614,0.15717538821869345,0.24027695372585461,0.13499432551746765,0.05695933599737719,0.042665634034229814,0.0029218739854038975
ST1,0.203245302,0.233085985,0.32587809806773266,0.11049583914301024,0.1046896397408996,0.05497824622361523,0.142954070466724,0.12170343049549705,0.1256853779618072,0.013615297900714012
ST10,0.734316897,0.842130055,0.25262393838197117,0.07086631975031032,0.07314841496856618,0.13544631096369483,0.22993559721283294,0.10978174742378456,0.07798846489399458,0.05020920640484538
ST11,0.723953594,0.830245201,0.15486143551598958,0.05512614871669832,0.09221386455923367,0.23150947756067747,0.2959835966148466,0.05213227975443362,0.08185366551764582,0.03631953176047498
ST12,0.517829324,0.593857556,0.1806886765771797,0.09197580855655667,0.05921019817464866,0.34603419196728596,0.1628532863080472,0.020570362146518056,0.10669484618590896,0.0319726300838547
ST13,0.619455667,0.710404782,0.35061927906514057,0.12577808242923108,0.06170765852895699,0.10854711113389592,0.13352608467774857,0.09367604859822895,0.10210727597573775,0.02403845959106017
ST14,0.894330535,1.025637059,0.15747761614343156,0.07694918590135645,0.07358180787357363,0.10672960647325368,0.16992348298163265,0.19886494000679877,0.18299253259506365,0.033480828024889615
ST15,1.106867028,1.269378377,0.12295409064151223,0.048925076061024746,0.03447087646641595,0.1525156007876217,0.3145168883630889,0.1403523113173041,0.15419122478076291,0.032073931582269496
ST16,0.300632154,0.344771274,0.15687374895573847,0.07871073727361678,0.07390546291321459,0.09478717675788005,0.0890586365658936,0.2929681621984897,0.1767412739469075,0.036954801388259295
ST17,0.381801321,0.437857782,0.06551456103842188,0.054877001965524086,0.06179542556787213,0.2961804116362077,0.23462118518228636,0.1552329344360307,0.11393815491893383,0.017840325254723288
ST18,0.453986991,0.520641825,0.1774899557371412,0.035949468420757434,0.02889465675706092,0.12076886530016079,0.29668180000602395,0.12260005513525798,0.1439227509265522,0.0736924477170454
ST19,1.02417649,1.17454713,0.12426851895571907,0.02891121579231716,0.023914352375405547,0.2053761146039836,0.32467521418893913,0.17757184080510457,0.09491236236663633,0.02037038091189461
ST2,0.410004031,0.470201242,0.07976444574351559,0.06002470100061713,0.1752307479671171,0.40763354727577383,0.14786520937871175,0.0696109689553478,0.057138076389683476,0.002732303289233391
ST20,0.692780916,0.794495719,0.1950031867760517,0.037638029611666714,0.00807878405085397,0.13719842203313418,0.23954853229778592,0.19122110419168212,0.12024131091723855,0.07107063012158682
ST21,1.906438786,2.18634408,0.2651320324468932,0.05398472333150291,0.02321156330420367,0.16953663189292015,0.1966880483869236,0.1046565208396353,0.11385710682564384,0.07293337297227727
ST3,0.2611108,0.299447355,0.1591076531345164,0.04498997606008982,0.13543866888029168,0.21987229835888136,0.24025351140527007,0.1285727015870183,0.06460101757545625,0.007164172998476096
ST4,0.141959638,0.162802297,0.3704158831128889,0.1595247997990095,0.138151329652655,0.08552298336813316,0.11809955278859832,0.0558047654579457,0.0628340583397227,0.00964662748104669
ST5,0.212049898,0.243183281,0.1581807063184505,0.08703494267107716,0.1701867554710413,0.23492796404516397,0.15893041902439173,0.1075601448626241,0.07557520181307362,0.007603865794177646
ST6,0.163593682,0.187612674,0.2273862290286761,0.11525125298525922,0.15285935894637084,0.1606223303166371,0.1425896513439792,0.06951078129553863,0.12494537366362132,0.006835022419917595
ST7,0.444706367,0.509998611,0.21064500043902654,0.05394505781878325,0.0702658530832684,0.22757347552120383,0.2457341762680932,0.11550990902009545,0.06855983389166558,0.007766693957863768
ST8,0.5166896,0.592550495,0.13951705033878964,0.06020044252993206,0.07878892924046044,0.2505443363640209,0.2708074059315381,0.12321215578250869,0.0710645656770436,0.005865114135706537
ST9,0.364208798,0.417682306,0.2193859385811116,0.08000367020856594,0.0887496702711252,0.2432119096978993,0.23333456292330607,0.07066028276825778,0.04053814296541726,0.024115822584316816
SW10,0.113653829,0.1303406,0.6653936785694562,0.03796389691343324,0.024756325608052257,0.0377386148638087,0.1035711805531618,0.04851835366481515,0.06504145165275879,0.01701649817451385
SW11,0.158281064,0.181520051,0.5646683682823465,0.04465494269858127,0.03297848988002981,0.06330908800326362,0.12383194258185279,0.05239649030148581,0.10348826400515435,0.014672414247285817
SW12,0.154953086,0.177703457,0.569338867463309,0.09708422624302526,0.06165322997727611,0.07550423562017056,0.05104959242320112,0.05228563322979543,0.08858347092448923,0.004500744118733259
SW13,0.304761299,0.349506665,0.20682666620249077,0.3716539347788268,0.08446089805451051,0.10152432942972175,0.05887297231148659,0.09878193903272185,0.06575644570781881,0.012122814482422826
SW14,0.456766054,0.523828914,0.24149981716796132,0.32927626789019565,0.13647987754684576,0.099278537841897,0.04408795475419683,0.048352693523586496,0.08682908881195035,0.014195762463366563
SW15,0.130311175,0.149443596,0.230820802998854,0.1023080947183268,0.08652658392097509,0.2264177775818287,0.19084742036253954,0.03753388069542867,0.11495905734099884,0.010586382381048424
SW16,0.133132761,0.152679449,0.33098724853598216,0.24215466736528765,0.16426008165526923,0.05911106029926029,0.05682373790416034,0.0755854544030274,0.049470230680620036,0.021607519156392842
SW17,0.140258552,0.160851456,0.50850352468003,0.2603071889394248,0.02908875992446358,0.035182856641221456,0.0400038587332769,0.052339253633547696,0.06686514465245716,0.0077094127955784015
SW18,0.093891655,0.107676924,0.3721412948513332,0.2225231142521542,0.04735885142708235,0.03885879761019115,0.11423178915783722,0.06357939791838167,0.13246503801707415,0.008841716765946039
SW19,0.308988468,0.354354471,0.26466006218914306,0.21235361718804024,0.061079953631274594,0.10639639653411401,0.16022882562507804,0.1018433386722242,0.07943577830175126,0.014002027858374599
SW1A,0.194860317,0.223469909,0.4704196724275377,0.00941054411563178,0.026884951611975037,0.09896598586445693,0.09033793394159279,0.10945088353063212,0.14586137772518198,0.04866865078299177
SW1E,0.45922952,0.526654068,0.42622992047865765,0.010440932550037163,0.06511888571449276,0.09312549247388681,0.07768138520475022,0.06242461785425493,0.2061179593430297,0.05886080638089077
SW1H,0.3593089,0.412063,0.3965911979977265,0.01000290420662851,0.07549906317673123,0.09324315491609976,0.07113916324854704,0.05769373901284953,0.23354542720580987,0.06228535023560755
SW1P,0.26538235,0.304346058,0.2083840758367512,0.055344889197968,0.059586422522183005,0.14619261383322787,0.21181263437982195,0.13519875653021105,0.1723326702783572,0.01114793742147979
SW1V,0.352541667,0.404302195,0.5446988715234538,0.011048641450411978,0.05556954533869229,0.13299792017207304,0.10955614844331031,0.0664100818238518,0.07026474879233657,0.009454042455870362
SW1W,0.247300703,0.283609645,0.5371175506894718,0.03113897905095733,0.04490362762237843,0.10830604842282336,0.09961325259557834,0.0536410244783879,0.08987790686090885,0.03540161027949417
SW1X,0.178973028,0.205250031,0.7008322064131777,0.02679432305323252,0.058347181104943524,0.0653803723975717,0.06472892158896938,0.02476846067285283,0.04882866940739926,0.010319865361853073
SW1Y,0.21369479,0.245069678,0.559352179981373,0.007201813026650415,0.022107452274297782,0.09688785220676585,0.08672426390989817,0.07203210373694646,0.09701663339898928,0.0586777014650791
SW2,0.131179322,0.150439204,0.5188811297953644,0.042342731873899093,0.08650393259021052,0.1611779235057948,0.08190466775979438,0.03133583443112608,0.06453109911231367,0.013322680931497147
SW20,0.239428644,0.274581803,0.17735848037597798,0.3215180624017313,0.18687268090407164,0.059224803992686245,0.12142806646081646,0.0649198394617212,0.05533839709636503,0.013339669306630173
SW3,0.150095162,0.172132288,0.5617391697463711,0.08499110228099528,0.13493043335212493,0.08948911394380925,0.04759920345733412,0.01850516884949875,0.05125680874469829,0.011488999625168434
SW4,0.168513084,0.193254347,0.494626739741746,0.040300620499312406,0.07116975078747775,0.11989681743706555,0.07004851092475697,0.03869304174670647,0.14012804651961802,0.02513647234331682
SW5,0.125410564,0.143823471,0.8947784009551485,0.0163455579784342,0.012000516795899857,0.008166499554700571,0.008186943057634658,0.03904210407111609,0.012261279957762465,0.009218697629303647
SW6,0.189143623,0.216913883,0.4491683002895817,0.09653331972496393,0.13132647595588007,0.11400773303070089,0.07764545579847272,0.07844568393359476,0.049624487001804614,0.0032485442650013376
SW7,0.180764062,0.207304027,0.7707450675147209,0.02881679262833234,0.03620250469253274,0.0474277550768421,0.02316213414942788,0.053181861780752654,0.03523214015835787,0.0052317439990333834
SW8,0.182068535,0.208800024,0.3336386121292996,0.014345857796421706,0.11179863208032151,0.16042164609380077,0.17267008091660413,0.07941198818567351,0.11163866046699494,0.016074522330883835
SW9,0.052000541,0.059635314,0.27078509608519263,0.02427108114432894,0.039701773578845925,0.10452305243344082,0.29110904411697924,0.06293746583427719,0.1936547476272975,0.013017739179637722
SY1,0.326690024,0.374654988,0.27784129274945263,0.044972244900632674,0.06034944444769724,0.16516453158930552,0.13116539460813487,0.10975464542423835,0.1790432332080239,0.03170921307251478
SY10,0.702205085,0.805303555,0.2696896500729409,0.06844916771680695,0.0465303874330968,0.1333993493693884,0.1263101379262409,0.12753113978866046,0.19602082400399068,0.032069343688874846
SY11,0.690395083,0.791759595,0.23026695297185645,0.0618935382149629,0.05087324803133065,0.15242570038148134,0.16457962183195632,0.17972641902067243,0.13470331388417675,0.02553120566356316
SY12,1.858492986,2.131358828,0.3814587781860129,0.038474051872270584,0.03125815318733152,0.10276693557446476,0.12127650071446246,0.15232722869609264,0.15700987251380538,0.015428479255559697
SY13,1.296947497,1.487366656,0.2947416632825687,0.10687930490190797,0.049141423727379875,0.11235891967044463,0.10861171280419706,0.1630551075504487,0.13887838379186865,0.02633348427118454
SY14,1.886908407,2.16394623,0.39519920168072015,0.06489260907960655,0.03854402635928375,0.09210826669986602,0.14332623029123873,0.14093188494429787,0.10385505139116631,0.02114272955382069
SY15,1.608857581,1.845071698,0.47636340521924037,0.02659593648152,0.014854032313986548,0.09707301851466613,0.09726625522964197,0.1170378845664887,0.12658784642766335,0.04422162124679287
SY16,0.685308859,0.785926607,,,,,,,,
SY17,1.015478374,1.164571948,,,,,,,,
SY18,1.338963756,1.535551785,,,,,,,,
SY19,2.338482675,2.681821094,,,,,,,,
SY2,0.456179352,0.523156072,0.13888954670089843,0.09150046673042998,0.04686358113666214,0.2328628061132259,0.2801471871255939,0.11935507199623664,0.08068437140603311,0.009696968790919858
SY20,1.262475579,1.447833535,,,,,,,,
SY21,0.999392282,1.146124079,0.41634615384615387,0.037820512820512825,0.012927350427350428,0.1043803418803419,0.08643162393162394,0.16613247863247865,0.11826923076923077,0.05769230769230768
SY22,1.029903472,1.181114953,0.21499400663655366,0.054332135878807364,0.05149307839611748,0.13193770800138385,0.1383265968902727,0.1384775516866689,0.2430956757639102,0.027343246746285816
SY23,0.880844841,1.010171382,,,,,,,,
SY24,0.217648084,0.249603398,,,,,,,,
SY25,1.500217797,1.720481309,,,,,,,,
SY3,0.556952476,0.638724809,0.17086768800706656,0.07730125938917892,0.10054243305897691,0.16018485515436873,0.2052058833608643,0.17973163697951824,0.08646548456709699,0.019700759482929275
SY4,0.671789929,0.770422813,0.29633062301786467,0.034761587650756674,0.03516117678470287,0.14135649515797943,0.16040950127184866,0.16008183582455943,0.1448446642889731,0.027054116003315178
SY5,0.800852757,0.918434778,0.31230488656387606,0.03701772702884718,0.030243005559461935,0.14224873598126514,0.14245766335299723,0.15151403743852665,0.13010223045792585,0.05411171361710001
SY6,0.816321693,0.936174879,0.27252233390917885,0.09528725318863182,0.02737348454363461,0.12289685072909735,0.1451438534386721,0.14212373688069985,0.16166648810127865,0.03298599920880676
SY7,0.755438019,0.866352202,0.42936069582495795,0.033454078097541334,0.027593861044500935,0.06995608210609937,0.09350662998980375,0.1580966715983956,0.1479499993049755,0.04008198203372556
SY8,1.136233149,1.303056063,0.3273691926862895,0.03860346537011218,0.026437280854810504,0.09610844535246466,0.15095092264878937,0.20605593351936868,0.1299555156416767,0.024519243926488302
SY9,0.994887653,1.140958076,0.4136174310546986,0.03268701341049075,0.045731438314348234,0.08583363881964182,0.1052452340364935,0.11591522436652346,0.1572501154941209,0.04371990450368268
TA1,0.679542937,0.779314127,0.20722441079386833,0.09306148111947131,0.07549326104467505,0.08504228008970888,0.19015767793570124,0.19477795145889945,0.12794904421192743,0.026293893345748342
TA10,0.558193875,0.640148471,0.2385004889542767,0.0455369390223677,0.03578510341075133,0.09817158834534108,0.23933701885443773,0.14454642251793112,0.13847171015625478,0.059650728738639566
TA11,0.4501727,0.516267517,0.2170635020037821,0.03875416635018557,0.02790066472046363,0.08658289706483246,0.33036003731633934,0.16162332501273288,0.09572839871128573,0.04198700882037826
TA12,1.49183254,1.71086492,0.21783693177637184,0.043527966085455214,0.04974126754638336,0.0658045251146896,0.2767105240050706,0.18374169297493484,0.1051645015613421,0.0574725909357524
TA13,0.597709173,0.685465445,0.25901376810127313,0.025831257043588574,0.06559093982223432,0.10452679443343484,0.19019091235290356,0.1829550185720987,0.12274546765210807,0.04914584202235883
TA14,1.463253275,1.678089618,0.32199652313620103,0.1034203928037225,0.08780044915993246,0.09492897736518266,0.16915707079156353,0.09357790368466402,0.08108119245737355,0.04803749060136015
TA15,1.314706965,1.507733586,0.2731744510587781,0.1985671646761348,0.06960530747044062,0.2057835810722387,0.1297024724815332,0.06361910617173933,0.03508352164969547,0.024464395419439802
TA16,0.631055358,0.723707551,0.3527793658785797,0.03199987856495863,0.025293876290430724,0.15385728564731402,0.28049830592846187,0.06911183900904674,0.04441578526181768,0.042043663419390524
TA17,0.700369577,0.803198555,0.5099985360854927,0.03870589957546478,0.017332747767530368,0.06731078904991947,0.1655687307861221,0.0684819206558337,0.06933099107012147,0.06327038500951543
TA18,0.668630875,0.766799944,0.28859150726796073,0.029437959668372565,0.049709234429990284,0.14456914650524497,0.17378923205135752,0.15474882159020567,0.118921511141702,0.04023258734516613
TA19,0.902664068,1.03519413,0.2743435827455051,0.03775639623249886,0.031494018727809214,0.1432552023680307,0.18188700868989305,0.11905929230209279,0.15997664960403846,0.05222784933013188
TA2,0.471458727,0.54067878,0.14062683069389484,0.08343995988827577,0.05862457230184355,0.18686269353987905,0.14605703983405952,0.16437467306106276,0.18417828911196998,0.03583594156901454
TA20,0.642278183,0.736578123,0.22829380882016514,0.054298623099008195,0.04485056735770437,0.09951062436094381,0.22019062244099258,0.153018109487038,0.14874759454681427,0.05109004988733359
TA21,1.070228219,1.227360222,0.22074961054585882,0.05093073705269911,0.07080218667377544,0.14492978008721294,0.17257847298486917,0.15068206670709686,0.14656638966357266,0.04276075628491506
TA22,0.946925667,1.085954263,0.3638356249899353,0.0781928032680537,0.05879263637298483,0.11227641539084365,0.14649203110507425,0.14307261807224012,0.05633135702607101,0.04100651377479715
TA23,0.528964289,0.606627368,0.2960553351980895,0.08863894169613114,0.04842097193226927,0.1685224488531287,0.1502333188139044,0.0996838171985825,0.1163618909574951,0.032083275350399454
TA24,0.634179267,0.727290116,0.2929709829767691,0.14113897791979774,0.053371945948745884,0.11429800311745789,0.1490514452099841,0.12915284518682796,0.08611306757606797,0.033902732064349385
TA3,0.996997967,1.143378228,0.3098390747367471,0.03908162185727002,0.03147231576400722,0.13076486338559795,0.17904732797902487,0.14107979123604072,0.10299627289233058,0.06571873214898157
TA4,0.77833076,0.892606078,0.32689867187919575,0.06050871928287072,0.046840830647511704,0.11724738657176177,0.13862533408127753,0.12842763296590542,0.1294025096146252,0.05204891495685192
TA5,0.890366212,1.021090691,0.29982923436833153,0.049605069277940964,0.022595475635822558,0.14693334404822705,0.14756499469610757,0.1269824290745858,0.16776666204170057,0.03872279085728391
TA6,0.546897277,0.627193295,0.1981503799358965,0.05303973603876183,0.051541463984499894,0.15229466963923582,0.12211146167938917,0.19878683343501416,0.20168504786984504,0.02239040741735757
TA7,1.567533783,1.797680697,0.23746660991881532,0.04462897919437715,0.026686144448612156,0.1356054565218618,0.2345577464664139,0.16087429371809198,0.13001433781962768,0.030166431912200073
TA8,0.708137164,0.812106587,0.21142379513136159,0.0960769515836261,0.034228743523479925,0.09201196260664596,0.2900859857976016,0.18459534723986945,0.07815804130830101,0.013419172809114397
TA9,0.611403755,0.70117068,0.2173486207798,0.06619334762478413,0.032707796890720904,0.1722275663023383,0.19038899729579686,0.12008638665499233,0.1684643011494644,0.03258298330210314
TD1,0.468255925,0.537005739,,,,,,,,
TD10,1.253232297,1.437233146,,,,,,,,
TD11,1.581389363,1.813570567,,,,,,,,
TD12,1.666194739,1.910827155,0.5530070513865427,0.03710878902956637,0.032380928905125644,0.14708954501162297,0.054065892820314355,0.07722913213187835,0.09481325067947441,0.0043054100354751905
TD13,0.64000059,0.733966131,,,,,,,,
TD14,0.627322389,0.719426504,,,,,,,,
TD15,0.746658571,0.856283746,0.37703902377143933,0.03909316267367967,0.08626116164930377,0.134227088667881,0.15743024520671167,0.1122012991969711,0.08798112694721202,0.005766891886801532
TD2,0.467989829,0.536700574,,,,,,,,
TD3,2.56027251,2.93617434,,,,,,,,
TD4,0.291420838,0.334207543,,,,,,,,
TD5,0.893742768,1.024962996,0.2222222222222222,0.2222222222222222,0.2222222222222222,0.2222222222222222,0.2222222222222222,0.2222222222222222,0.2222222222222222,0.2222222222222222
TD6,0.628083523,0.720299389,,,,,,,,
TD7,0.39732068,0.455655709,,,,,,,,
TD8,0.295001425,0.338313836,,,,,,,,
TD9,0.494141029,0.56669132,0.5393258426966292,0.033707865168539325,0.011235955056179775,0.0898876404494382,0.07865168539325841,0.1348314606741573,0.07865168539325841,0.033707865168539325
TF1,0.499964961,0.573370328,0.06592089737287413,0.043923921627331594,0.0779078868509226,0.19544209084611458,0.20608200572496843,0.21611415670292028,0.18306516049278712,0.011543880382081248
TF10,0.881396653,1.010804212,0.174321764794824,0.0307389629565066,0.02781492149641994,0.15619086296383644,0.3170239261221817,0.14235572640287852,0.12492109883010812,0.0266327364332447
TF11,1.179624563,1.352818248,0.23103037498540147,0.02161932772431013,0.04847557528662707,0.15661631791760508,0.2522999091495372,0.14088502557624416,0.12428314387655216,0.024790325483722734
TF12,0.91693904,1.051564968,0.2557351078788093,0.026436577147152113,0.055192352268720234,0.19139883258846505,0.30482577137119676,0.06659951811433946,0.0852890694488557,0.014522771182461421
TF13,1.05754614,1.212816146,0.326213444032116,0.025231442607977512,0.04981125291223493,0.13766498420724105,0.16956943448325454,0.12076320090607447,0.13692575476868982,0.033820486082411616
TF2,0.497989351,0.571104657,0.08012038081631304,0.0312915497134911,0.03933710677067755,0.2397163367564351,0.21336717591535068,0.24461230035248446,0.13488309028523643,0.016672059390011637
TF3,0.269268603,0.308802895,0.029242297721638447,0.006336285677055871,0.025183818468269333,0.05104544269235721,0.5178553755617551,0.27017857399735906,0.08996308438171413,0.010195121499850704
TF4,0.281501773,0.322832151,0.07970787490068883,0.007243474575239437,0.05268814293219906,0.1728358107967995,0.2108514918339761,0.26802836662437646,0.18870204509198343,0.019942793244737158
TF5,0.225633265,0.258760971,0.08527728904202227,0.017680725476098304,0.03339529009714845,0.0979011784011674,0.197907784115817,0.3955378861367109,0.15787616604517804,0.014423680685857634
TF6,0.534522074,0.613001152,0.25758562592987067,0.032052782193337466,0.052315008871381054,0.14270287560472109,0.16791625146596903,0.14611137316513334,0.17285186007123707,0.02846422269835038
TF7,0.160248679,0.183776554,0.06234597056052116,0.00491930119323536,0.0539981669997952,0.16470848114093817,0.4667877049865292,0.13068459624841278,0.0992321400088214,0.017323638861746704
TF8,0.50988958,0.58475209,0.44631709898801436,0.012215719564007018,0.05854822796342918,0.11086394831051266,0.11995214792695363,0.10766107045199114,0.08773911109788089,0.05670267569721107
TF9,1.121447931,1.286100064,0.20461509561780925,0.05350265322292386,0.06882352267986651,0.1547086522032026,0.22175887382302642,0.1391909235791763,0.13937947989253335,0.01802079898146167
TN1,0.293701562,0.336823126,0.5529199791630006,0.025197192917916823,0.009505272813600326,0.04547118422662335,0.12891855824313805,0.09539359192982894,0.13286423876309866,0.00972998194279322
TN10,0.067436147,0.077337191,0.04668090941871554,0.03846839270106214,0.09418216892536366,0.42896906120184786,0.2524706516174981,0.07903280332447458,0.05199891056459271,0.008197102246445459
TN11,0.252008739,0.28900892,0.25813511935631994,0.07932863696583636,0.11862049370254439,0.22178018055357357,0.11729565785940939,0.10174215662240733,0.07300492429718689,0.030092830642722047
TN12,1.289936696,1.479326522,0.249519874335147,0.06501420605669504,0.05871426473262017,0.18992757760329101,0.2095629872969866,0.14038724353154156,0.06372722140098272,0.023146625042735885
TN13,0.545459741,0.625544698,0.2634432432070187,0.06757940424356533,0.08030023381585823,0.15781326748138663,0.16810629007400596,0.15372614502635573,0.09119624807828583,0.017835168073523634
TN14,0.803215823,0.921144792,0.2324637815197947,0.13086146066975085,0.11928481957759779,0.20874470365063405,0.138894628376203,0.0832053536635399,0.07449919128200108,0.012046061260478615
TN15,0.656961578,0.753417349,0.2170427191795105,0.0748058757081177,0.08936547784586382,0.23419967198873115,0.13744009085072387,0.14095303504151474,0.08614534527173445,0.020047784113803774
TN16,0.596756463,0.684372858,0.1336962324614262,0.07623743441652191,0.06449399551526068,0.17934932106812354,0.34025477151316175,0.10760169603615187,0.083289069720153,0.015077479269201026
TN17,1.392867255,1.597369451,0.3726623300892453,0.10953474397519339,0.021008687607961686,0.09261104606798463,0.20889972277035104,0.10382041012191492,0.036602895415677544,0.05486016395167144
TN18,0.657699243,0.754263319,0.3501906595262349,0.13797884813803749,0.016612215044744652,0.10585195343238467,0.2056564914072836,0.08086160114708073,0.07337153289413027,0.02947669841010365
TN19,0.862343951,0.988954172,0.4254914683035622,0.03381458928411915,0.05939593794388107,0.1175743658167062,0.19902178197551101,0.06835046514968163,0.062237330732106855,0.03411406079443178
TN2,0.357409092,0.409884261,0.14672066573107787,0.050528235383083535,0.018241969684846652,0.10944315615049939,0.37574274139525815,0.22548397078109333,0.06745729417215654,0.006381966701984532
TN20,0.390708307,0.448072501,0.3202596427228904,0.10195849737062995,0.08608953398806844,0.13398184599903834,0.11314932494822043,0.11605837743801961,0.08523707590153518,0.04326570163159761
TN21,0.868260365,0.99573924,0.21353856988951317,0.09032251897930782,0.058788010576620996,0.13056707624303324,0.19434499002577907,0.18833130924071972,0.09801010428682058,0.026097420758205415
TN22,0.672217812,0.770913519,0.17476446603116838,0.058133480803598134,0.038394078723197125,0.08733725507259937,0.27808768685558083,0.24886431478541557,0.08201525601218383,0.032403461716256805
TN23,0.3896673,0.446878651,0.22837762847275284,0.07069781744536806,0.037228645849258835,0.11532280561617574,0.22041863683388646,0.1502486660349533,0.15498969245254485,0.022716107295059993
TN24,0.3101333,0.355667389,0.19111775678547044,0.07821669933878407,0.051283963396343196,0.12458171576370564,0.2660125399566774,0.14997410576105136,0.11865758622537054,0.0201556327725973
TN25,0.522170662,0.598836293,0.23789737616383352,0.06574384236026719,0.0571783701169262,0.15600928668066816,0.18405587352720695,0.10630609380546673,0.15440059363472686,0.03840856371090445
TN26,0.371130542,0.425620307,0.27584684844215634,0.06953868351914545,0.04145523797789561,0.20163071647559347,0.13590453203390085,0.14972160470423193,0.09323498718309232,0.03266738966398399
TN27,0.950798818,1.090396074,0.3079175306311941,0.06346927441156834,0.04377680011788989,0.1453284004393507,0.17562482566367024,0.13460701089744181,0.09536816096864721,0.03390799687023768
TN28,0.624029218,0.715649827,0.09657143055084438,0.06058535428537408,0.032713334421666275,0.255535779593321,0.22118800443547434,0.2752623578818025,0.05117029272769424,0.006973446103823265
TN29,0.630214823,0.722743608,0.17418313706644592,0.07353240203927852,0.07066810258954989,0.1752969020371754,0.290984410756755,0.12005448409358457,0.08289529902718772,0.012385262390022984
TN3,0.262288262,0.300797693,0.33449145746376807,0.09296089474213633,0.04096680214266928,0.16280734970460836,0.16363500029716618,0.10849219161948581,0.06254285404493046,0.03410344998523549
TN30,0.935254536,1.072569564,0.2227957054915827,0.06323707948270042,0.04486204584955664,0.19081188847598585,0.2469717274636164,0.146889687005411,0.057384856161615205,0.02704701006953174
TN31,0.585062603,0.670962092,0.3095582145825539,0.07747841720056035,0.11440238771112854,0.09260352571183048,0.17111730233628833,0.11399296528377753,0.10013219140812119,0.020714995765739725
TN32,1.150848269,1.319816989,0.39227964368391166,0.035705936344074235,0.06282901510928154,0.180238273455795,0.11422908136200065,0.10211475325869347,0.08854335529414495,0.024059941492098547
TN33,0.925936406,1.061883337,0.2966878058912769,0.06878761798053583,0.0890116949556724,0.1331614562964285,0.19330902514987133,0.135372296185824,0.06862838099286392,0.015041722547527078
TN34,0.189215961,0.216996842,0.5132950494063998,0.053525930915327556,0.05602608261527334,0.07884160957134696,0.15931356074673808,0.08207084849344758,0.0466715336254893,0.010255384625977537
TN35,0.2125366,0.243741441,0.32169661191378346,0.0919443717889596,0.11330121319712307,0.15321178594171858,0.16837807213876416,0.07893681057825323,0.05922302701835853,0.01330810742303948
TN36,0.335369231,0.384608485,0.2656079559550198,0.08802813232082624,0.10564524084009067,0.14395749492707113,0.17337099311343462,0.13735632822227015,0.07192925118181856,0.014104603439468993
TN37,0.243541789,0.279298844,0.36818116104155607,0.027305953090124475,0.05421811383347912,0.05809163756789822,0.2074501252905694,0.18035179071358073,0.09728248675736642,0.007118731705425636
TN38,0.216736609,0.2485581,0.1902296219090814,0.041647444170279255,0.07596675243736485,0.10544746795456017,0.2555373124694005,0.19399334023053325,0.13286723446588178,0.004310826362898906
TN39,0.369327794,0.423552878,0.1517558015135385,0.10177756591921774,0.12084905363345194,0.1893519381539156,0.23882405447440552,0.11932745974508242,0.07364756425498821,0.004466562305400014
TN4,0.319807243,0.36676167,0.3015245776134295,0.11769551882811896,0.04292590536310285,0.1597380675979404,0.1843594263451155,0.12246631126389894,0.06535320611847664,0.005936986869917157
TN40,0.324965307,0.372677046,0.279109346559436,0.09860312401843446,0.05278210887442684,0.10587864549081426,0.22414806613770766,0.13444284542252985,0.09720143970121271,0.007834423795438205
TN5,0.448070803,0.513857017,0.3193739293635494,0.06992224416014808,0.04884829998599651,0.13086793143364048,0.15566877797883996,0.13709705702050753,0.08835393461802929,0.04986782543928867
TN6,0.350205496,0.401623025,0.13493079070086733,0.1160449592633278,0.043806825221362686,0.12692252807139726,0.3014846508490573,0.16446135067179332,0.08020912217314191,0.03213977304905239
TN7,0.298573224,0.34241005,0.27339447093636327,0.18809302584406415,0.06661426142114729,0.17017431210355632,0.14247312723714178,0.05499059041685776,0.05401201014907932,0.050248201891790106
TN8,0.404783065,0.464213729,0.2296775030314826,0.10011868619273873,0.05304959636610968,0.18338650684492389,0.16048374630832982,0.1399051031171028,0.11938292907373119,0.013995929065581269
TN9,0.227920445,0.261383958,0.1957713209272154,0.08464260185993942,0.22913890532909614,0.10928672026735121,0.10518274035679724,0.11410688020457274,0.14964447046285015,0.012226360592177712
TQ1,0.284766788,0.32657654,0.39482420677094415,0.09935964609981231,0.05816682716574677,0.06303105130663444,0.11123081411656353,0.11520177689869095,0.1493626692016946,0.008823008439913314
TQ10,0.746514823,0.856118894,0.37755927059642447,0.038521868131109444,0.028173988043298834,0.14704456781727462,0.19105895168732795,0.1374043731405646,0.07691343200208421,0.0033235485819158948
TQ11,0.537833284,0.616798518,0.35961763054609197,0.023792881836171918,0.09048995533196752,0.1693756056070558,0.1531662015287056,0.1079366248479915,0.0861150674786847,0.009506032823330996
TQ12,0.572427731,0.656472157,0.2858120761459928,0.07224362059830622,0.04684322511033609,0.12106071548724603,0.12681863863166237,0.23600836864486366,0.10321978200675651,0.007993573374836334
TQ13,0.765850859,0.878293866,0.3579443543687527,0.07913845905213139,0.04624079435656214,0.09175535094272125,0.14255915105314043,0.15642193375030833,0.11340919714292834,0.012530759333455445
TQ14,0.387092474,0.443925787,0.3382438787968304,0.06287209117335531,0.048077789152581464,0.10668674868570374,0.17611657859333865,0.16111478267504098,0.09094105438936857,0.015947076533780937
TQ2,0.656013591,0.752330178,0.2782081377755499,0.05499829051207472,0.09559996174508036,0.1453813467346539,0.16604436518420052,0.1216533469049747,0.1289745631536728,0.00913998798979307
TQ3,0.486568016,0.55800643,0.1838209470024072,0.1308478562221401,0.1743815871955834,0.17715648500764722,0.1276152695445003,0.1308505191241013,0.06994511441119773,0.00538222149242277
TQ4,0.429565595,0.492634855,0.24654578600957106,0.10803164679689894,0.10074127170302942,0.11044842375513941,0.2076208592129483,0.12544290858160756,0.09574898609408854,0.005420117846716731
TQ5,0.579910264,0.665053282,0.29447699598888416,0.03634737175517594,0.06278491439824371,0.23537479440909434,0.2412918280303636,0.06249220858698268,0.057925934619801424,0.009305952211454182
TQ6,0.364125428,0.417586696,0.39887922141269294,0.06576579740246118,0.06424300602253984,0.10611801708469683,0.18224964669434798,0.09530691367704237,0.0721806549961939,0.015256742710024893
TQ7,0.694439812,0.796398176,0.3029266737852337,0.040044808644731,0.046449533967690124,0.11434538326610909,0.2217427014296275,0.15268303649049517,0.11038738210443948,0.011420480311673985
TQ8,0.630077207,0.722585787,0.30034432466678573,0.06273041390473195,0.08550903740298331,0.14724729476988377,0.20018688588499292,0.10017231006586057,0.09660695841518535,0.00720277488957636
TQ9,1.18210954,1.355668072,0.327517246554531,0.03481842981115147,0.09209328804720902,0.13954632388491706,0.1587047507510021,0.1495655475638956,0.0902823193691233,0.0074720940181704325
TR1,1.002348706,1.149514569,0.276684870718573,0.02733919226357334,0.07096318956223335,0.1496505263169253,0.17810059838306352,0.14090144949585853,0.1519086102809001,0.004451562978872801
TR10,0.38720853,0.444058883,0.25740628175597946,0.03003313526839613,0.04830121949082223,0.12687136779332747,0.15674397228280004,0.17520141987620796,0.1950567322624731,0.010385871269993586
TR11,0.589466305,0.676012352,0.2596205141989022,0.10839113251009821,0.07708997992196559,0.11324553605454211,0.16988600844907512,0.14965390686291613,0.11101001883976452,0.011102903162736084
TR12,0.392059212,0.449621746,0.3300040588711274,0.050327563772565385,0.055305462010883905,0.12340361130612756,0.21526096161595118,0.10964822683289097,0.10212464911471592,0.01392546647573764
TR13,0.639523367,0.733418843,0.31631854799026365,0.02069329225807392,0.03571722644961391,0.14711663978128883,0.24747745548617822,0.11569314491815319,0.10602073611034533,0.010962957006082939
TR14,0.719838389,0.825525798,0.38085297092006193,0.038507169987507105,0.03429353497111827,0.07009878639182136,0.20956283878813975,0.10919571669296967,0.14187490778706027,0.015614074461321667
TR15,0.563826419,0.64660799,0.42818970922370503,0.04604210248634924,0.02927830242128786,0.05143683695184193,0.15484391382614882,0.13144168245012214,0.14621957827324364,0.0125478743673013
TR16,0.571978608,0.655957092,0.36950959306212544,0.021644392037772603,0.03185180989543815,0.06041443341686025,0.2511806540305288,0.1315398297496181,0.11637899382250448,0.017480293985152086
TR17,0.364852273,0.418420257,0.38816091300226435,0.027560569845192645,0.0726555400334428,0.15699715034255976,0.18970628979131782,0.07040285089378825,0.08361757407134507,0.010899112020089573
TR18,0.33717857,0.386683472,0.42038452400553267,0.044137403493917086,0.13153345044000903,0.12156714708211872,0.14694159434849352,0.07640260096687547,0.0543173729612526,0.004715906701800945
TR19,0.423330688,0.485484532,0.5534619617518152,0.033054903857450274,0.03857107253997121,0.06452595716780517,0.13300377693117643,0.09149394859942483,0.07163779957514908,0.014250579577207866
TR2,1.003784569,1.151161247,0.363159022754302,0.045603079263241746,0.0388067779034772,0.11027099155642191,0.1607153608937525,0.1439904415241202,0.12398573992135184,0.013468586183332678
TR20,0.47590384,0.545776529,0.4098898579663956,0.022067786216412456,0.06302941706739904,0.09117440204937823,0.1843870187874763,0.1219755201733257,0.07383184356392943,0.03364415417568315
TR21,0.193951285,0.222427411,0.40398358017619956,0.027741410504686828,0.056619298293465715,0.15002636627299087,0.1527766413004937,0.08772581803634905,0.10026116247988436,0.02086572293592996
TR22,0.190805025,0.218819214,0.39669421487603307,0.024793388429752067,0.024793388429752067,0.15702479338842976,0.15702479338842976,0.09917355371900827,0.11570247933884298,0.024793388429752067
TR23,0.179148749,0.205451552,0.39669421487603307,0.024793388429752067,0.024793388429752067,0.15702479338842976,0.15702479338842976,0.09917355371900827,0.11570247933884298,0.024793388429752067
TR24,0.227876506,0.261333568,0.39669421487603307,0.024793388429752067,0.024793388429752067,0.15702479338842976,0.15702479338842976,0.09917355371900827,0.11570247933884298,0.024793388429752067
TR25,0.191509981,0.219627672,0.39669421487603307,0.024793388429752067,0.024793388429752067,0.15702479338842976,0.15702479338842976,0.09917355371900827,0.11570247933884298,0.024793388429752067
TR26,0.675671685,0.774874494,0.35029898940751836,0.040615032437308254,0.06612492003372503,0.10396231720288929,0.17537010503645215,0.09089183751309664,0.15774348780417566,0.01499331056483464
TR27,0.918072971,1.052865384,0.2955321559792859,0.018734428981656084,0.04810285920153574,0.07719832584732603,0.20144632146117125,0.22484022978941506,0.119780746527031,0.014364932212578979
TR3,0.52399978,0.600933964,0.2889053159699925,0.023854586507079212,0.047455715391811835,0.11734078542878375,0.28885873485394226,0.14767331902622902,0.07439086214741036,0.011520680674751057
TR4,0.741936927,0.850868866,0.33953401488340984,0.020028326271448273,0.03655092259244889,0.0762553121012574,0.235488635246078,0.16676124202126377,0.11392242479974503,0.01145912208434879
TR5,0.172653892,0.198003113,0.35537148073480385,0.022016209218378033,0.04180691390816449,0.08301964196621209,0.22080532567144798,0.1297534047500323,0.1371069336593882,0.010120090091573134
TR6,0.219231246,0.251419002,0.19245097796256438,0.060254227112685715,0.1291118999023079,0.08551228413552098,0.2548252194833793,0.13688090223351398,0.13235473658461006,0.008609752585417659
TR7,0.643192106,0.737626229,0.20204960992496937,0.17383096083303345,0.04453688392959359,0.10552547566338605,0.15014845003928928,0.14745646173256932,0.16606873128037658,0.01038342659678239
TR8,1.070378371,1.227532419,0.21796948454960655,0.07138425637954812,0.05608137070122013,0.10997011175291992,0.18604167271830757,0.14887152715529084,0.20154755302364405,0.008134023719462771
TR9,1.600448962,1.835428517,0.23706417456642198,0.09050881949052812,0.020761475451195468,0.08273892627983306,0.13253843988136468,0.2105306325202865,0.2189272923015655,0.006930239508804729
TS1,0.429153756,0.49216255,0.3821076476827202,0.13778006127969952,0.014443460785432351,0.018556979350862354,0.17809972205494717,0.11102114922779266,0.15245589936411255,0.005535080254433234
TS10,0.249512602,0.286146298,0.10698875349139601,0.14568984759094852,0.1295944647798343,0.2872791848055679,0.1191271415547322,0.10819071602771185,0.10033801180527385,0.002791879944535353
TS11,0.42151492,0.483402172,0.11631515248737977,0.01674191974686681,0.016889332393466055,0.3034702656418829,0.37617366448835615,0.0554133316702388,0.11455156487861737,0.00044476869319210946
TS12,0.344011095,0.394519156,0.24651552003276367,0.06688413176224678,0.033744339866717474,0.16917096653211477,0.25330389648680945,0.10651547348723292,0.1223569055148971,0.0015087663172178205
TS13,0.197629359,0.226645503,0.36607195794079317,0.0887018486721518,0.0616490464160901,0.18040208660202683,0.16040071678128445,0.05359314646325906,0.07053205926648698,0.018649137857907706
TS14,0.378193542,0.433720305,0.1807897622662969,0.025489189521717564,0.036297412525662966,0.2265185528102521,0.3985474111396606,0.0555708033661795,0.07559980609788457,0.0011870622723459418
TS15,0.516123758,0.591901576,0.15662810903152388,0.03366713662291207,0.022966914882673252,0.10460307230996839,0.40250106744460856,0.20621908021891183,0.060405000305972366,0.013009619183429518
TS16,0.444636653,0.509918661,0.08616792267127701,0.08496460600551672,0.024547197270025117,0.2087689296156651,0.3895978243355124,0.09124749471933596,0.11198372797537345,0.0027222974072942693
TS17,0.440887556,0.505619118,0.05921574068133024,0.08948888757467306,0.04799344855882344,0.10157619087207365,0.2068060744811901,0.2771510949324242,0.20729902536670536,0.010469537532780035
TS18,0.226858988,0.260166656,0.21936023259219894,0.11260614028866921,0.05666964441662667,0.17180570690918617,0.21563090077787378,0.06923253602297708,0.1439795032616986,0.010715335730769564
TS19,0.159383245,0.182784056,0.11750929894630646,0.08284773417153023,0.03976978874549249,0.3895659542716523,0.2095590922401181,0.07528766119741681,0.08084775171600658,0.00461271871147694
TS2,1.229484076,1.409998187,0.25930136430181344,0.06473223793542439,0.07700076226305165,0.03249125595098049,0.0961852776086961,0.28646312376442706,0.1696247288294347,0.014201249346172116
TS20,0.25785383,0.295712193,0.10600687313057922,0.19021718075519364,0.15624162312154757,0.14487324558064993,0.2093051804633527,0.12166607383200281,0.06729974960145062,0.004390073515223517
TS21,0.338760393,0.388497541,0.14387093275406831,0.08454249401675928,0.0709161214757635,0.14571368720745026,0.29499344417923273,0.13687408358553207,0.10867049992562346,0.014418736855570415
TS22,0.187682027,0.215237695,0.07105263394775665,0.02513718339652179,0.06601157690597219,0.14983296759918613,0.3196226913651835,0.1722419517411956,0.18461601570695835,0.011484979337225696
TS23,0.396926626,0.455203799,0.03652383192950281,0.20631537990619706,0.08386946290946941,0.3472288050760491,0.18474270679528618,0.0915987620205019,0.047749878895197474,0.0019711724677960317
TS24,0.152773087,0.175203388,0.20058137160267264,0.08009184620130032,0.06179226867041178,0.2002042573589738,0.14454535670837118,0.1835170232987363,0.1254127919446031,0.003855084214930902
TS25,0.220889332,0.25332053,0.06150376964069272,0.0697531025177178,0.07811150844663273,0.39269111848523197,0.21739917282337448,0.09864283536953393,0.07971772421572794,0.0021807685010884455
TS26,0.21762284,0.249574448,0.27730610434072944,0.11013752895461443,0.09039698164096654,0.045748085216199115,0.1612734100606385,0.15581631488215142,0.15539126795812852,0.003930306946572027
TS27,0.116847305,0.134002946,0.10038677254774271,0.1529289280959031,0.1771164557478584,0.116778843419261,0.16033347081602425,0.10857282793790315,0.1700183667509216,0.013864334684385823
TS28,0.082556921,0.094678012,0.15862981876455448,0.10108243196472372,0.23062423394330478,0.12650023028616955,0.11085698889160472,0.0757285717261324,0.1799650155927487,0.01661270883076166
TS29,0.124832531,0.14316057,0.14914998290292752,0.1264909711930771,0.2016178326047602,0.25830638554098506,0.10039515894723758,0.07683991448781262,0.07968415668376856,0.0075155976394313245
TS3,0.027494663,0.031531457,0.0806090233900433,0.04413396996290189,0.12979205614939243,0.489330606008193,0.1378185364873241,0.07376837965447301,0.043554963167074676,0.0009924651805975739
TS4,0.05979951,0.068579335,0.058310407314053625,0.17504570508819828,0.1626837672734272,0.2645693619037165,0.08329847354102961,0.14830571272431758,0.10126117389428191,0.006525398260975183
TS5,0.197776384,0.226814115,0.05229556007986929,0.12677404893834487,0.3131523333112963,0.20879398123028395,0.16374868484886707,0.03569088313404669,0.09873549688009803,0.0008090115771938173
TS6,0.028559895,0.032753088,0.03472535962277054,0.07445753334309885,0.1268861072340203,0.27945274217709837,0.3035007151115516,0.12757002604420947,0.052743855737627604,0.00066366072962321
TS7,0.072738395,0.08341792,0.018438311930670005,0.014561301583799447,0.038286235053833564,0.29875901713250136,0.4089851052323343,0.1435354988257496,0.07561210519256069,0.001822425048550971
TS8,0.137883907,0.158128163,0.021912891601119942,0.0014014776365368156,0.009643382549642449,0.056794275929309704,0.4018488587397295,0.45068086191413936,0.05057780386312127,0.007140447766400905
TS9,0.755046092,0.865902732,0.23522905844845998,0.03159200963599091,0.02406125528009873,0.1896482885474451,0.24511875304917752,0.16064098729020979,0.09129116782072429,0.022418479927893684
TW1,0.254566884,0.291942654,0.16336397190752192,0.32748369129608373,0.17829132359564964,0.03910843138241852,0.11664500126676385,0.09142000845529046,0.06988421606164993,0.01380335603462194
TW10,0.358062235,0.410633299,0.3264836614429772,0.07778566130379383,0.1416536135410759,0.17236984644849712,0.1333706479025049,0.07636630452620166,0.05015641825542653,0.021813846579522924
TW11,0.386178694,0.442877845,0.2371134039616954,0.3297247648112543,0.05374741256289963,0.04585521505951691,0.1562151978539559,0.09130429790473678,0.07032535101999907,0.01571435682594196
TW12,0.373882452,0.428776256,0.09132353044802796,0.32393682927682454,0.05518484208807067,0.10223075157269251,0.22834056564061772,0.12357036642996153,0.0599177841802024,0.01549533036360254
TW13,0.258819013,0.296819086,0.02323043030081472,0.03727200375664182,0.2927858828805589,0.23288124163716145,0.22912377439923134,0.09468763376702886,0.08253124814806495,0.007487785110497947
TW14,0.175307077,0.201045842,0.03090968515330711,0.05228145931428182,0.27640687147405163,0.279412175485452,0.18381781846988848,0.09091743877332405,0.08245238752428029,0.0038021638054146515
TW15,0.302938258,0.347415963,0.03857536672991984,0.09913310012445244,0.18422247501444583,0.3352771197064048,0.15140167797326698,0.07405183877189711,0.10277421681432276,0.014564204865290267
TW16,0.437642933,0.501898117,0.04859511321311413,0.0832689736855068,0.14904165606040407,0.33357625215151476,0.18504714503565853,0.10056955840035578,0.08716714100926144,0.012734160444184456
TW17,0.483376183,0.554345969,0.06802554112842658,0.08693880043519496,0.10038244003546352,0.3454815602728582,0.21995707375235296,0.10416396102808595,0.06559418943171949,0.009456433915898342
TW18,0.466780809,0.535314044,0.16425016320011993,0.10273497819557068,0.12111805341162632,0.20670412587832382,0.18096486824016905,0.16193304764535155,0.053936590079346036,0.00835817334949267
TW19,0.251741714,0.28870269,0.058784174882049,0.08846556136690649,0.10461599241159203,0.3174553530192908,0.1855357823330166,0.13035415296787659,0.08539609999475901,0.029392883024509524
TW2,0.233074644,0.267294902,0.10423279610952435,0.2276742004499895,0.3975273364511029,0.06486236613792941,0.1027642055930458,0.03687162352306582,0.05859611848599288,0.0074713532493492505
TW20,0.639384488,0.733259573,0.17598705795738703,0.12368273397828486,0.08794465235968486,0.19581818251877806,0.12235874842360207,0.18615485579134042,0.08823699411789912,0.019816774853023536
TW3,0.122599078,0.1405992,0.115055183537265,0.19652727404298634,0.11736628798569915,0.03214265006796364,0.05996877749353484,0.11809306290896475,0.3587437820415253,0.0021029819220609734
TW4,0.116824487,0.133976778,0.03324763026730806,0.17779647402486437,0.18027382152158847,0.16227810651976696,0.1357250159557061,0.08278026995798779,0.22311192305810182,0.004786758694676374
TW5,0.115134278,0.132038411,0.020736889159625654,0.11178395910551452,0.2984647432992429,0.10787598831111048,0.20865955266780598,0.0696193386417194,0.18185846881450346,0.0010010600004776143
TW6,0.953458417,1.093446158,0.03907320692813726,0.18020208097848017,0.20861200517298045,0.1833598586371774,0.2713033473483225,0.05948833929032713,0.05649913876343076,0.0014620228811442343
TW7,0.18752616,0.215058942,0.08397250896957596,0.2328967838685037,0.22072670330013588,0.09337732989109561,0.12700247630016573,0.1317196032172047,0.1059669910188916,0.004337603434426799
TW8,0.11518799,0.132100009,0.1187865889081171,0.1928834583952384,0.11457619075395878,0.07891223724578608,0.1624345979342041,0.09147644534569202,0.2357554421184356,0.00517503929856799
TW9,0.497989707,0.571105065,0.42346710996309106,0.1262419456561208,0.09563379884237289,0.06310871073279138,0.07514358630555046,0.10102869151049287,0.08270159169834619,0.03267456529123427
UB1,0.134921336,0.154730625,0.08655741494283725,0.38417134716783086,0.2995170678443715,0.0421019992878663,0.08119441311673056,0.0346947677761549,0.06312991660888678,0.008633073255321855
UB10,0.22219304,0.254815649,0.02809903540254614,0.11870328290343765,0.2794856753416589,0.214947242577836,0.17353475762482537,0.10959118612185773,0.07242322722105518,0.0032155928067830355
UB11,4.982600357,5.714150841,0.038219209571949575,0.18775214435471263,0.37887858932066304,0.1204852538007696,0.07355846968157179,0.10043722083217298,0.09657011595079283,0.004098996487367553
UB2,0.146621924,0.168149105,0.09091817120487221,0.2715047323253299,0.2287432635959484,0.09627762764084366,0.11850187540661462,0.10142091742480096,0.08887362940176774,0.0037597829998225617
UB3,0.216519585,0.248309212,0.006628986711334564,0.22433279441809517,0.29926331522169053,0.0876335856081827,0.21540990204617713,0.06140653721054496,0.1041274617017949,0.0011974170821801038
UB4,0.146063811,0.167509049,0.0025500423899484353,0.08859645401598186,0.3959848417198414,0.19115059748397026,0.1323347293099702,0.14531129751010746,0.03865430809550806,0.005417729474672358
UB5,0.176285585,0.202168015,0.001089890925448001,0.0375748922872196,0.31284824251034327,0.25327677725417713,0.2183980490420803,0.10867611855995214,0.06659884583533038,0.0015371835854491975
UB6,0.148122897,0.169870452,0.0005679068935451593,0.12622747651194577,0.5996750706498153,0.07372472376076725,0.09625136447799168,0.056726612142994674,0.04582191357696025,0.001004931985979901
UB7,0.160088511,0.18359287,0.04576001901579462,0.16844964536663745,0.12517070491721913,0.1980869917064676,0.13439003799075572,0.16668887158984233,0.1585830791321128,0.0028706502811703424
UB8,0.164634946,0.188806818,0.08445370714395792,0.13614194991571035,0.1302934348486026,0.17250330783839007,0.18615970543496524,0.12003975374371396,0.16373501089639428,0.00667313017826559
UB9,0.451893245,0.518240673,0.05940220896333513,0.11163803907814317,0.10496774907400666,0.27032064530067457,0.14179261103507182,0.16184517115711958,0.14011508112060533,0.009918494271043734
W10,0.140014701,0.160571803,0.4897117122295841,0.06932985052190473,0.04172574940554534,0.05943545127395621,0.16334636072767447,0.06386013311771034,0.09418909900007692,0.018401643723547932
W11,0.217045762,0.248912642,0.645468992676444,0.029712400303801685,0.029221902542755935,0.100481206982635,0.12298028058811712,0.03637694557074145,0.024161899807737537,0.0115963715277673
W12,0.128671088,0.147562709,0.5231391485768531,0.1490545915874136,0.06089603325078368,0.0656502146158117,0.02986545244034359,0.05595959262464142,0.10724113326464281,0.008193833639510128
W13,0.170519229,0.195555036,0.3898394058753949,0.26197020311146474,0.058861740123258975,0.03677927034175312,0.11304829848871524,0.046001425550057914,0.0919018248752474,0.0015978316341075682
W14,0.190554985,0.218532463,0.583656494158797,0.13287248198382728,0.1036720100333289,0.051365374001125765,0.05284567001750414,0.03392844889702124,0.030536724379982227,0.011122796528413479
W1A,1.227162017,1.4073352,0.615857762400048,0.05230355373788847,0.0819270366952812,0.03250868058872233,0.06224628352281091,0.04832017036270496,0.07929802411704218,0.02753848857550201
W1B,0.211376563,0.242411086,0.6081362612288849,0.04261999352184318,0.020358226452478777,0.03711669781653987,0.06879996899052873,0.09280359806584539,0.10636133918399841,0.023803914739880805
W1C,0.796393455,0.913320757,0.5416036331880032,0.054209620241651754,0.06846968087448156,0.05107517339738979,0.07839284599391624,0.0764854282127164,0.11001129792552278,0.019752320166318258
W1D,0.243500529,0.279251526,0.6659891716839812,0.03896721357760004,0.005126861098117379,0.015904241893433195,0.0624178342005899,0.09072573626797015,0.0921425278634191,0.028726413414888977
W1F,0.179318818,0.205646591,0.518047859433639,0.03848015164809594,0.001444376473389314,0.040458152725584576,0.14319279828378167,0.12377289483927086,0.11292399396053866,0.021679772635699954
W1G,0.393617604,0.451408944,0.5822116814247374,0.07694561688741682,0.0878576702916679,0.08372491201175684,0.07145450802076889,0.025543631566563998,0.06426017703460522,0.008001802762482989
W1H,0.344206201,0.394742907,0.47635085808523975,0.067368464158467,0.15361797858632156,0.08550995598029114,0.07234119644761967,0.054355572698360805,0.07960727357969363,0.010848700464006406
W1J,0.397525482,0.455890579,0.5688633245817482,0.021302431267210115,0.11673628533009889,0.06409618962131881,0.0872987881551828,0.051148925267885545,0.057506791061338006,0.03304726471521763
W1K,0.398947292,0.457521142,0.5392821309395337,0.07646580984182433,0.1461723180491706,0.06413268815728447,0.04785351004474757,0.04513008493974129,0.061488581619339004,0.01947487640835909
W1S,0.497671015,0.570739583,0.6157873855686643,0.02240139910055559,0.047460589654974905,0.030152184745957274,0.060968829427285626,0.09470386725242208,0.09618521085208488,0.032340533398055225
W1T,0.46941921,0.538339819,0.5939609102661161,0.022586152181698516,0.06588817650037475,0.014617166488632422,0.1097155814971251,0.09583800890139854,0.07813483263855243,0.01925917152610224
W1U,0.310590374,0.356191571,0.5078114553520191,0.06515959464890508,0.07358781978807201,0.061117887473009204,0.12023817304552321,0.061300969193917136,0.09965210036371235,0.011132000134841908
W1W,0.198382903,0.227509683,0.5345484693505956,0.08902506062692889,0.04128621129671506,0.040631297170948606,0.14046297457541587,0.04179546425329701,0.10302180186396001,0.009228720862138981
W2,0.250226164,0.286964625,0.46399946972252215,0.01797410608297959,0.06984204151441965,0.17467459420248937,0.09819163886593803,0.034004824550380834,0.1339966006342477,0.0073167244270227125
W3,0.10276794,0.117856434,0.13841909218732965,0.2090941177701924,0.11090558082956145,0.2523407048693111,0.07622496143687768,0.06720528197508562,0.1449806132902165,0.000829647641425512
W4,0.223571615,0.256396629,0.38220487769156586,0.21008285868590584,0.05583472308181507,0.05520559429555499,0.10366804683420579,0.1569640385441165,0.03286305513534254,0.003176805731493458
W5,0.119150512,0.136644312,0.3194038631439553,0.3386285171529957,0.11105679677559813,0.060884173942642186,0.08238693120720489,0.038035851764758134,0.04763422560342677,0.001969640409419017
W6,0.206225753,0.236504029,0.5373882949089597,0.06947725111419045,0.05556289304618639,0.08388858728520696,0.07520384864807772,0.11150916799281489,0.05595010329137263,0.01101985371319117
W7,0.18408902,0.211117159,0.17467614814499804,0.39617465860662976,0.17890094072186208,0.0390357588675039,0.09161403813218905,0.03721561620813691,0.08147842114612606,0.0009044181725542955
W8,0.20354914,0.233434433,0.7075327299825345,0.0393300256434552,0.07995989683402535,0.05030098606714385,0.03199012452542986,0.04798240033197317,0.030582261443442463,0.012321575171995633
W9,0.155979493,0.178880562,0.5841026512167355,0.07002785288425564,0.01893899389859091,0.05590964244132617,0.12283642051096348,0.10577206726061339,0.038560513969733506,0.0038518578177814105
WA1,0.192032252,0.220226623,0.21397833102180144,0.058437693354033086,0.08558711093004484,0.07185527868155973,0.2329847012463566,0.07826675777776278,0.23036037775406637,0.028529749234375228
WA10,0.100686658,0.115469576,0.1850082607426787,0.1256359331451969,0.16870647859577284,0.10090235663440719,0.11427441618712227,0.2043412220941911,0.09277367502918211,0.008357657571448867
WA11,0.202900106,0.232690107,0.10893458561868613,0.04047498940031958,0.14919307365374038,0.23362758026917155,0.31090752175706193,0.10985233136956736,0.03738779965525846,0.009622118276194622
WA12,0.190260835,0.218195125,0.1771315830072413,0.09908959762132669,0.08206120209291012,0.15762968431635913,0.128585126373549,0.202050983854838,0.14365394368223788,0.009797879051537827
WA13,0.326140972,0.374025323,0.19046426884750944,0.08513477711856011,0.04561186613571289,0.19033266994942358,0.20176983564505824,0.10832766472978846,0.14987607737782954,0.028482840196117673
WA14,0.204172591,0.234149419,0.26142250130319916,0.12096343899245951,0.09787841857447198,0.0750051174102172,0.09472176683006622,0.16235656455155156,0.17182913757772886,0.015823054760305506
WA15,0.196265395,0.225081281,0.1993619553184455,0.15607517527799433,0.16590747106836012,0.17043323753067705,0.09546950590655749,0.0794201897061751,0.12589864605815537,0.007433819133635052
WA16,0.479104001,0.54944654,0.18000862532572393,0.059319925978145116,0.054317886360793544,0.2597453985022976,0.25015605434407023,0.08859438255804655,0.10128983558239048,0.0065678913485325945
WA2,0.141298981,0.162044642,0.1150466230784932,0.07274508085249323,0.10797085365218305,0.23882545511872236,0.23086260888405366,0.1082007868949367,0.11003608540717885,0.016312506111938928
WA3,0.328638671,0.376889737,0.10163999613863862,0.040554196573200016,0.06368261869397518,0.19984385541487085,0.25657511602129146,0.2725714270462146,0.052646602429114446,0.01248618768269487
WA4,0.439760691,0.504326806,0.15977425769848014,0.09125368434424205,0.14414565096659562,0.10189901528983902,0.1866213196718144,0.13532663149201477,0.14984977859484883,0.031129661942165158
WA5,0.341771817,0.391951104,0.0757316332894629,0.06157463626145358,0.06757371964098798,0.12434751148459026,0.19755877624978352,0.2963515922439103,0.15100606219530546,0.025856068634506124
WA6,0.815661126,0.935417327,0.18309976042100923,0.053830827162543005,0.06893371919086762,0.19223510873674451,0.25356874263787127,0.12376232096948352,0.11215214539732878,0.012417375484152123
WA7,0.370650646,0.425069953,0.11925002648112804,0.04401172374320549,0.05965938524003067,0.10853552224446264,0.3777695663719696,0.16400954227585424,0.12158924369531834,0.0051749899480309225
WA8,0.273935496,0.314154985,0.08879658602210776,0.060268040692716296,0.19505850709296055,0.19167347965313614,0.20092110031233293,0.13981335579536713,0.11725908420162096,0.006209846229758213
WA9,0.575285926,0.659749994,0.08884004184151247,0.11178544745274901,0.10843838834753543,0.17123896040035744,0.23319200511500968,0.11486160621737196,0.16474873510041452,0.006894815525049425
WC1A,0.077750799,0.089166251,0.47481047941578525,0.02994698386550346,0.13281048016175623,0.04337700697641617,0.0868813596195521,0.12329803424389059,0.08884560229506125,0.02003005342203495
WC1B,0.08766038,0.100530766,0.4542785891268752,0.039852331059680376,0.24054399558197131,0.03686196497792499,0.06089865570818838,0.05580966400351876,0.09025533508464667,0.02149946445719446
WC1E,0.092834904,0.10646502,0.5172428148788304,0.009138601479962816,0.10697368551831962,0.01689755194110608,0.14399660587359883,0.11165919320517943,0.08097471040938464,0.01311683669361831
WC1H,0.117982413,0.135304712,0.3914613614625185,0.14973629708270944,0.10932241905835322,0.10632340571742002,0.043441446454225145,0.0755529076524043,0.11253794671221543,0.011624215860154056
WC1N,0.077967709,0.089415007,0.43359688387752643,0.04158053608960923,0.07659348808048393,0.13883294450985958,0.12005137065099847,0.07405525285990056,0.08159602237377575,0.033693501557846096
WC1R,0.078816048,0.090387901,0.413775134634941,0.06666213844289484,0.11466356172788914,0.09153167071973307,0.07054239136178864,0.04021275720288098,0.1926060951909813,0.010006250718891035
WC1V,0.084681256,0.097114245,0.4481623236767705,0.05048966456548543,0.08275260268762628,0.0777987922841852,0.07337652342195239,0.08544079041425405,0.17092608149052108,0.011053221459204968
WC1X,0.117614346,0.134882604,0.5051189830186517,0.05612103980814754,0.07271188136756476,0.09127807766583482,0.07192038851031735,0.0765142264385411,0.10361082502248399,0.02272457816845884
WC2A,0.091614605,0.105065555,0.4375963266788114,0.07224498313570932,0.06560427735013119,0.06648302169635553,0.06302000864033205,0.07284310703783509,0.2118104890175352,0.010397786443290185
WC2B,0.031202215,0.035783356,0.48834963208875803,0.06860458948356908,0.014919847230178345,0.02013382635007787,0.09471591159267422,0.11607459360212907,0.1877319672077169,0.009469632444896405
WC2E,0.072862184,0.083559885,0.49347665180063177,0.08126579224765478,0.0036121823823546347,0.00422927971810298,0.07756738179717042,0.12260074417682419,0.2048944507648889,0.012353517112372292
WC2H,0.046776081,0.053643794,0.49682220761435025,0.029555197909111947,0.021590448076838447,0.027550424012493722,0.07590495935700253,0.21213815290842442,0.12021423828292668,0.016224371838851875
WC2N,0.134936168,0.154747635,0.5555458010557005,0.01342833248533102,0.010916986263374149,0.03654014829539706,0.08414477910769591,0.1646432841902386,0.09927169452980765,0.035508974072455034
WC2R,0.0825547,0.094675466,0.46545102238905345,0.09978845590492395,0.012077128794661668,0.00531602886725481,0.07467942853576269,0.09591958427752532,0.23573215113060073,0.011036200100217214
WD17,0.646249687,0.741132727,0.21168865273665985,0.07440185885621271,0.0725790517635239,0.08066771140050881,0.20849838446596916,0.1652006799669764,0.18005510014143675,0.00690856066871243
WD18,0.205002907,0.235101643,0.07110874941223792,0.1200867464422926,0.06405538498113475,0.09171272292945146,0.36010732188234434,0.17012559404256403,0.1178937691433614,0.004909711166613475
WD19,0.331653397,0.380347088,0.05678536640638145,0.06469852528640377,0.0917540461206523,0.4575370849932604,0.16614303608852385,0.11203384570920302,0.04520509380164764,0.005843001593927476
WD23,0.378823838,0.434443141,0.09758717593638928,0.13261226385585673,0.08042855581621877,0.19950628533510223,0.26078958917626455,0.12168268484559105,0.09284924433802708,0.014544200696550338
WD24,0.287398779,0.329594962,0.15985097293306572,0.21595597352906248,0.21152197699992953,0.04678642787668497,0.13938007408446074,0.16755747143579258,0.05372663862287677,0.005220464518127233
WD25,0.227477095,0.260875515,0.02894960702283001,0.031960868019281975,0.14595973943677829,0.3019671747032091,0.21651881182029498,0.15383276754641192,0.10985017127735738,0.010960860173836351
WD3,0.33802802,0.38765764,0.09084334496491989,0.09152240268847636,0.15459239723113705,0.20428382308567047,0.14274965318258642,0.1340583959143027,0.15913299697278474,0.022816985960122372
WD4,0.325991371,0.373853758,0.09365127459194311,0.12741441655674324,0.12256866700250879,0.20385093063297366,0.2023519349143686,0.12990754250022318,0.1086514323408496,0.011603801460389824
WD5,0.37374089,0.42861391,0.06687327600049962,0.08650595890670978,0.06777031381898331,0.24387863258131132,0.19705779052023412,0.2463073052691847,0.08050263800267385,0.011104084900403296
WD6,0.170633927,0.195686575,0.02411561324894529,0.04342180112091839,0.053202195739816174,0.4004518322705517,0.2488119267068632,0.1262067472551945,0.09665571762825216,0.007134166029458612
WD7,0.596034423,0.683544806,0.06636073009783876,0.16186974466779042,0.0906230294889294,0.16621043191308185,0.21735531786146806,0.18511510885801732,0.08145328120120239,0.031012355911671743
WF1,0.369313102,0.42353603,0.1538155423190223,0.13606695479969655,0.059496946527022955,0.21697752416109314,0.18297740862388567,0.06897616224398889,0.15084560701222863,0.030843854313061872
WF10,0.365511702,0.419176504,0.1480522382618376,0.22122475910373113,0.08586305905678712,0.16871425227458886,0.14466697523960173,0.07900666866569524,0.13410094541045342,0.01837110198730486
WF11,0.186757691,0.214177646,0.07069198105847743,0.07260999787922227,0.1117771840702752,0.2661437660128951,0.261011108538222,0.09773317965657752,0.10771662997074516,0.012316152813585326
WF12,0.733063204,0.840692293,0.23676395725543073,0.08944564603971156,0.16142627553329733,0.21611440551092548,0.13030100492637536,0.07004307781118099,0.061990688152101445,0.033914944770977035
WF13,0.277772253,0.31855506,0.28936614318048076,0.12038769725262498,0.06895357230031242,0.09104823106256953,0.17222162463784424,0.10999841688266913,0.11711528403390231,0.030909030649596648
WF14,0.168021277,0.192690333,0.2215755599484142,0.08447505072821018,0.0638700790111528,0.1636530780449577,0.2560993632505874,0.08362235597343512,0.11302884046068352,0.013675672582559025
WF15,0.161282172,0.184961786,0.21042430879330817,0.04087771260736425,0.08823810292109364,0.14956668375088683,0.28732261583404384,0.10841536083173291,0.09198545836672908,0.02316975689484127
WF16,0.109491705,0.12556739,0.2554209357054429,0.035060047385507664,0.08924984217066939,0.13492530351839593,0.2150395529428257,0.09247972984757988,0.12447897088164556,0.05334561754793289
WF17,0.183290678,0.210201603,0.24821168230896487,0.04437974344723816,0.13135615287538047,0.16120810049234213,0.23014030631396806,0.08655098686369163,0.0688464265485195,0.02930660114989513
WF2,0.534750582,0.61326321,0.07278400307898521,0.17188349221438057,0.09995077801529215,0.22214762868137564,0.24524774222561338,0.10191914574935292,0.06921004115058711,0.016857168884413024
WF3,0.268714696,0.308167663,0.11583997664056524,0.10172364871391915,0.09990241398210617,0.16709331382124853,0.15701582584475995,0.20166576922297172,0.1365716034630962,0.02018744831133308
WF4,0.172894719,0.198279299,0.14939546046784272,0.10476778660039737,0.06534655991561929,0.1917762577213571,0.242158235153954,0.1096538604060095,0.1013167955889586,0.03558504414586144
WF5,0.235460739,0.270031325,0.15474355117872937,0.05820862345204958,0.060063933575644685,0.1933763932111521,0.30565602490796756,0.13677233471837835,0.07886575160424752,0.012313387351830804
WF6,0.139876748,0.160413596,0.15604818145340343,0.11000789240059333,0.047089914121490696,0.12859115245175864,0.23825502088974654,0.1798335021141485,0.12487565280212219,0.015298683766736586
WF7,0.306603429,0.351619258,0.10528680145768132,0.17896037418878116,0.03815659799969623,0.18417109789516886,0.2360366188426166,0.08634092630366771,0.13848686005758554,0.03256072325480259
WF8,0.320656639,0.367735774,0.07693411732008991,0.09833449232189075,0.11425948419040792,0.1933137870381651,0.25220113829028673,0.1260500366428976,0.10465285051712468,0.034254093679137294
WF9,0.343939113,0.394436605,0.038756744734111497,0.24384187930108667,0.07366545703039032,0.2044506156922914,0.17293246670957002,0.12504322660116945,0.09936498367723863,0.04194462625414198
WN1,0.217467502,0.249396303,0.33196036809213614,0.18529453870664914,0.12112163007426764,0.05395946356511825,0.11519707895239904,0.133780536331398,0.0476284479868522,0.011057936291179614
WN2,0.275992458,0.316513953,0.20311229234745115,0.05740265758935879,0.07587123024318947,0.1709444500412181,0.24252402422867858,0.14156426755464122,0.09647504385070312,0.01210603414475955
WN3,0.165110484,0.189352174,0.12091519493653702,0.052469513756181474,0.06932663841581888,0.07041047384020357,0.3700894879274251,0.18300474649972703,0.12386731389005055,0.009916630734056305
WN4,0.329508906,0.377887741,0.17551604567217033,0.06783510359129531,0.09722256231693469,0.18597128299386623,0.2927522689657676,0.12876975162200763,0.04518220414677502,0.006750780691183144
WN5,0.220703345,0.253107235,0.1595199939357604,0.08078720753389428,0.13046365143821986,0.32811286090292213,0.1596772405805194,0.05829832681416622,0.07556806624461905,0.0075726525498986215
WN6,0.23360645,0.267904788,0.15215456944490527,0.12587923609988325,0.15582471268300155,0.1561288668575476,0.18857860573377805,0.14965499121460454,0.06112292975925989,0.010656088207019923
WN7,0.30471727,0.349456172,0.1780069300661255,0.16173175958287941,0.18482960411511795,0.13730821426612533,0.14609391778706193,0.11964811409178254,0.05942703576919651,0.012954424321710775
WN8,0.211602143,0.242669786,0.07627560100689078,0.016392987483473793,0.050785103441193497,0.1018468750319266,0.5820153939502888,0.10837989264031207,0.04836798862931699,0.015936157816597407
WR1,0.282386955,0.323847297,0.41478017899453956,0.017309482133373414,0.006699403252708313,0.052532485071469036,0.07671481910609881,0.2043623451388532,0.20446736220290979,0.023133924100047856
WR10,0.685596872,0.786256906,0.19770620101854247,0.04919533817691119,0.022824859893653248,0.23731058769913155,0.2690915014422391,0.13101837517800197,0.08558266488207647,0.007270471709443981
WR11,0.493107151,0.565505647,0.17192947895231708,0.10274485198980773,0.04635919348189555,0.13326697239839363,0.1773507362011163,0.23699013115340403,0.12220439210050929,0.009154243722556398
WR12,0.825312187,0.946485367,0.20137541035102022,0.12689609010119757,0.05545519851304583,0.1504903411696277,0.11605420101285349,0.2332354433648833,0.1044626965526686,0.012030618934703292
WR13,0.491490549,0.563651695,0.3536283394158532,0.07993331611765057,0.03507092687064452,0.11163962801180884,0.1775642210114765,0.10853773921360375,0.10260749724927658,0.031018332109686023
WR14,0.430733646,0.493974401,0.3300041057018924,0.050001418160806596,0.02876983296976866,0.14672063249740824,0.21172571610648339,0.10784581781248939,0.10105269813894836,0.023879778612203004
WR15,2.075267486,2.379960382,0.30027841148109313,0.022057517915463076,0.04785582905960549,0.09355689089936456,0.21738317756149045,0.18903212214322235,0.10850235392846837,0.021333697011292563
WR2,0.54993207,0.630673659,0.15095546387781222,0.060023107087028904,0.10611058717329692,0.17313989424631418,0.20892161157302355,0.21291175961369058,0.07797803936030374,0.00995953706852987
WR3,0.33253585,0.381359103,0.16226461868515146,0.07889541004124291,0.14165963006212307,0.0954373688339303,0.19952305724467256,0.2272702826526982,0.08990139648361521,0.005048235996566385
WR4,0.393346576,0.451098122,0.08166450244885647,0.013341546265113812,0.05203381651106626,0.13514555253956304,0.12833494724852593,0.4514703483800371,0.11887595083220459,0.019133335774632894
WR5,0.410914906,0.471245853,0.14882596756153119,0.0511454559268863,0.034052229865103034,0.15714953404834636,0.14992286078229608,0.349343743483783,0.0951573364545905,0.014402871877463532
WR6,0.731412484,0.838799213,0.3439031232069052,0.050067890177774556,0.017405528979604862,0.10264395262403676,0.15185384816919295,0.19839781208739868,0.10983490455635632,0.025892940198730757
WR7,0.746249601,0.855814731,0.22944680604670753,0.026882454788962912,0.029542161897756315,0.14628075676705413,0.2590915442254513,0.19000462701699555,0.11177999452465805,0.006971654732414289
WR8,0.925620814,1.06152141,0.2854182506812878,0.0327096177457381,0.022449427052873026,0.11789632069402331,0.1881085118097726,0.24269531754516896,0.0885247925805883,0.0221977618905479
WR9,0.738355141,0.846761198,0.11542123594832737,0.019097633852931305,0.032693281789815475,0.09749745136035591,0.35962565794203294,0.1969402042173356,0.16617162534570457,0.012552909543496884
WS1,0.172584535,0.197923573,0.26155147269412893,0.060200730505837276,0.07188584920015371,0.23480794771607852,0.11224082562083394,0.09913791917721929,0.14383509578051712,0.01634015930523123
WS10,0.095458658,0.109473996,0.07746871576539514,0.15130801833613106,0.1630861509558991,0.26448857060158715,0.1698291314378843,0.06185117453282904,0.10622758556136777,0.005740652808906433
WS11,0.28143265,0.32275288,0.058259881183498015,0.08155963462292977,0.10086410015556656,0.20266657648442638,0.24055087855903298,0.1658620959118226,0.1357330587566708,0.014503774326052881
WS12,0.181979009,0.208697353,0.057498770865452874,0.07342434108461551,0.06272168068678648,0.1568058369126249,0.3065004147456399,0.22270215478285668,0.10851397318757953,0.011832827734444171
WS13,0.721150644,0.827030719,0.08533971145595293,0.03829080172484865,0.027101495128979754,0.20078567904788908,0.30190143489322835,0.12505087525597458,0.19290294650874928,0.028627055984377436
WS14,0.869440497,0.997092641,0.0845123191612775,0.04534580805472639,0.03291703848099087,0.1616678402511896,0.32004292644976373,0.21488429406521176,0.11582829441098398,0.024801479125856226
WS15,0.532002984,0.610112206,0.15450856405781116,0.04251199594885996,0.053175339761068155,0.1724522131097955,0.2715272211797296,0.14450313812863963,0.12542928884547658,0.03589223896861933
WS2,0.182436912,0.209222486,0.16282902491820472,0.06552580861837594,0.1168323894635706,0.31723440294483896,0.13182487992499825,0.0562572355689789,0.14086085779102134,0.008635400770011258
WS3,0.342337003,0.392599272,0.06272206361535562,0.05474945598321985,0.17162584693351304,0.38588146192545747,0.12054941661880034,0.11145318056303982,0.08525475530921654,0.007763819051397296
WS4,0.198900597,0.228103386,0.11050653392788481,0.043997042956102045,0.12066442874889084,0.34638862655152086,0.16337720563037314,0.1327179438099483,0.07654231233816089,0.005805906037119077
WS5,0.147647491,0.169325247,0.03075644708585202,0.016734738111539808,0.18205913225253204,0.3649305419857622,0.19695133401890644,0.11464497165664865,0.08884557248197571,0.0050772624067830854
WS6,0.168127209,0.192811818,0.03177120194737895,0.05547905169522759,0.059238462296838615,0.3868951065064405,0.2821405042393547,0.11068649391828136,0.06880478259783432,0.004984396798643862
WS7,0.455607493,0.522500252,0.06373198617418063,0.05577366849764678,0.05025584481315599,0.1877342639490274,0.41789320616790565,0.12218045336748981,0.08459254000192895,0.017838037028664783
WS8,0.511303089,0.586373132,0.04728842331965344,0.05813068148646943,0.10377989999767971,0.33329228079382767,0.1683410206980649,0.16118897573332583,0.11901261536874305,0.00896610260223597
WS9,0.356954237,0.409362624,0.03494629816688,0.04113533596305576,0.13575788739832167,0.36929039304594335,0.1860436365253019,0.12233398288908971,0.10433079081127841,0.006161675200129181
WV1,0.391705604,0.449216222,0.14624869209687594,0.19182570734352647,0.02847323046312333,0.10151021670159607,0.11575589065845282,0.11390478956154153,0.28272643694384153,0.01955503623104234
WV10,0.164938084,0.189154462,0.05176709634473843,0.15373782304028916,0.23688459364822198,0.17814356156177114,0.1486032346995999,0.12373252109769109,0.09587103178151357,0.01126013782617472
WV11,0.161862468,0.185627281,0.04085680727683871,0.07834592900134585,0.13278917855936942,0.4765961826091274,0.12859887601303513,0.08369829895299523,0.05346064189270314,0.005654085694585072
WV12,0.289957481,0.332529335,0.012908440588597152,0.02700794519713441,0.06115817779415499,0.4569396159371626,0.3183652913786378,0.07533473289621405,0.04571314107753877,0.0025726551305602827
WV13,0.15225894,0.174613754,0.08613894427087891,0.20658600170207772,0.1495805722615694,0.09842250130925559,0.1727125255799057,0.12483452477396384,0.1500407218224712,0.011684208279877668
WV14,0.1228358,0.140870678,0.02676726243545794,0.1609379466372552,0.10942174360244909,0.29981937208317927,0.15836669600137507,0.12331865582311353,0.10999492781888658,0.011373395598283282
WV15,0.728853224,0.8358642,0.26330260283469087,0.017281963069496694,0.08728978422639887,0.16067767551214956,0.2480198458087792,0.103489750669117,0.10391958978484059,0.01601878809452717
WV16,0.763889374,0.876044394,0.26735167724352316,0.04695358930082907,0.02502513876096,0.1423546053784953,0.17591201230909242,0.1554177762713128,0.16604997889965414,0.020935221836133076
WV2,0.472119166,0.541436185,0.18938087686752839,0.23273099174014222,0.12596811714835404,0.09229160974646586,0.11489648721748297,0.0842011169057907,0.14167370318906877,0.018857097185167076
WV3,0.330562199,0.379095679,0.14085185384474722,0.1986728287887147,0.10379981736568644,0.18524273657369084,0.18956798123996355,0.09120466699466512,0.07774147647260654,0.012918638719925622
WV4,0.272447757,0.312448815,0.03656079392261211,0.12169090037901237,0.2448965819587998,0.3101130909248805,0.15291510814069953,0.06337438196875907,0.058232446223943135,0.012216696481293528
WV5,0.417988778,0.479358318,0.08013145730317557,0.020859732201022656,0.05366277540928754,0.37619619736834903,0.2577419925975588,0.12360890164239419,0.07803349931754971,0.009765444160662428
WV6,0.405223419,0.464718736,0.10909847738288739,0.11127836747379821,0.08421434889235635,0.15511014096407522,0.33856019368947415,0.16348327855308462,0.028218471825067655,0.01003672121925635
WV7,0.238659956,0.273700255,0.11663537723808486,0.030500822501103315,0.1198243331996176,0.4398141179154939,0.14601923350209314,0.06948102147314862,0.05946797265306899,0.018257121517389716
WV8,0.394739919,0.452696038,0.04681450072844613,0.08205905702352514,0.08590094718541372,0.2975919313822167,0.3517828092242614,0.07688341558975684,0.049723043987908486,0.009244294878471553
WV9,0.137665208,0.157877355,0.042169714803058506,0.05606842988777887,0.05618308768148879,0.12179516060062542,0.40176580706357445,0.24180755548755775,0.06632876544761336,0.013881479028302843
YO1,0.744126523,0.85337994,0.26333645712723264,0.03613884362090886,0.04772676686218842,0.11908975609779375,0.10205501147083484,0.19802673773049512,0.21578436035481036,0.01784206673573601
YO10,0.501940253,0.575635635,0.16908227586263205,0.08998508385373305,0.1076468145416715,0.18766206082461043,0.0992465056284286,0.15287532860196573,0.17993082874820032,0.013571101938758365
YO11,0.205166189,0.235288899,0.4853149027475327,0.018797652105608804,0.03163804318054244,0.14931484692726957,0.12430029547877973,0.08826013392900538,0.07202570509854195,0.030348420532719432
YO12,0.283344475,0.324945401,0.33443101352163335,0.0697182594360818,0.13636346887008075,0.14440747166248827,0.11273609799653186,0.09540342676016296,0.08911224674899842,0.017828015004022587
YO13,0.422047215,0.484012619,0.31529212534384354,0.048473705216741,0.056255408043503964,0.12754522413576663,0.22756508973645292,0.14912748373529552,0.05289660396729026,0.022844359821106133
YO14,0.410117272,0.47033111,0.28532396205538985,0.05177576325225063,0.09369266409927658,0.10854123275136454,0.22730257945069904,0.10303220302843151,0.09753715297712073,0.032794442385467075
YO15,0.519642594,0.595937052,0.3468026696214529,0.20023744436134197,0.11903785896545753,0.0731552243356015,0.09128593451239093,0.10164393858929226,0.05376883375996857,0.014068095854494452
YO16,0.296235595,0.339729208,0.10401458098077687,0.09301785831104654,0.13335373254526428,0.18931009414063868,0.21771131103085176,0.13685656695921078,0.12138766380893397,0.004348192223277096
YO17,0.52726071,0.604673667,0.28856880310456007,0.05220191499997944,0.06845184844436591,0.135164590509315,0.12358013839222487,0.2071528044880763,0.10238562780598824,0.022494272255490156
YO18,1.27244134,1.459262479,0.29064182012101336,0.026199897519888122,0.06926338592619068,0.11378533667535085,0.2319890426355029,0.15256502411734418,0.09214119245585603,0.023414300548853836
SN38,0.0,0.0,0.1336828514467278,0.015411886788209279,0.02491760453158778,0.028065426550857628,0.3125819712854937,0.34866964190370536,0.1339272999285691,0.0027433175648493183
SN99,0.0,0.0,0.21148267266047333,0.009250218407934632,0.00023125546019836578,0.0,0.6829585692685481,0.022075536939368288,0.07168919266149341,0.002312554601983658
SO97,0.0,0.0,0.062305295950155756,0.16718587746625127,0.041536863966770504,0.2699896157840083,0.001038421599169263,0.001038421599169263,0.446521287642783,0.010384215991692626
SR9,0.0,0.0,0.5746967219972554,0.1703440327726948,0.10033819488480239,0.0059082850414119755,0.06271466751342913,0.06833240718689634,0.01600487161679299,0.0016608189867170062
SS99,0.0,0.0,0.026868952714916305,0.2869209372015673,0.3814304369618469,0.12218295263439642,0.07197171222471661,0.0498787702235779,0.05729621915539774,0.003450018883580777
ST55,0.0,0.0,0.1699154136220202,0.04146619643809001,0.16017477380536957,0.16383947181752997,0.24677186469371004,0.14291340866973512,0.0736459566774307,0.0012729142761143104
SW95,0.0,0.0,0.027299382071880023,0.0,0.015368317113859697,0.26445538697154763,0.4229518626365798,0.1200015545361509,0.14798896279332874,0.0019345338766533142
SY99,0.0,0.0,0.503003003003003,0.008258258258258258,0.007507507507507508,0.007507507507507508,0.03753753753753754,0.06831831831831832,0.3003003003003003,0.06756756756756757
WA55,0.0,0.0,0.18641084752485068,0.011650677970303168,0.011650677970303168,0.0011650677970303166,0.34964643456335376,0.10460662084029469,0.28574505236747405,0.04912462096639015
WA88,0.0,0.0,0.001655629139072848,0.0,0.0,0.7615894039735099,0.003311258278145696,0.23178807947019864,0.001655629139072848,0.0
WD99,0.0,0.0,0.0,0.0,0.0,0.06240249609984398,0.717628705148206,0.18720748829953193,0.03276131045241811,0.0
WF90,0.0,0.0,0.12264564169951818,0.3677421549740803,0.17325185308038735,0.07137772221017312,0.03633611029602508,0.018396846254927726,0.17520805957074026,0.03504161191414805
WR99,0.0,0.0,0.34337233210349805,0.06497045832802409,0.03281397529288273,0.012990780205619844,0.11021521395113035,0.273613326902481,0.15267608436683464,0.009347828849529175
YO19,1.150512319,1.319431714,0.1710104335056094,0.03432625204693245,0.031796553002886585,0.11630854987589198,0.28249497102111776,0.23858258682295244,0.10751620815716202,0.017964445567447324
YO21,0.678060089,0.777613566,0.4481615006041315,0.041340624723425645,0.06205264822987151,0.11649879955423796,0.11949707512112903,0.06827284234517912,0.09775344623390891,0.0464230631881162
YO22,0.411031382,0.47137943,0.4034776741133779,0.03357418189300556,0.08082047109593826,0.12970781924392033,0.17610141196276716,0.06444198656500576,0.07278237710131023,0.03909407802467479
YO23,0.407668959,0.467523332,0.2650374138822768,0.05735372237750637,0.06548415290452861,0.07038532472690738,0.2470103091471904,0.16122863059445952,0.12384641452578739,0.009654031841343483
YO24,0.484033603,0.555099912,0.13279325140416467,0.034035839581644634,0.13006630325461638,0.24386131691878496,0.17387529838234103,0.14903699124950878,0.1280538870850042,0.008277112123935363
YO25,0.659101867,0.755871878,0.26433367338194935,0.033763596035205505,0.058621174972501806,0.10541390298178288,0.18453446314669328,0.19390350485492883,0.1400932759122223,0.01933640871471601
YO26,0.694474347,0.796437781,0.16581802111347912,0.06331324684262066,0.09461132543017024,0.21216369098826604,0.10652024180307329,0.18412966489989488,0.16009813806148226,0.013345670861013523
YO30,0.492786541,0.565137965,0.14940350295611424,0.02222562447224833,0.13632163989497684,0.14915294299855372,0.09683827929540158,0.28442222520710936,0.14635326807581947,0.015282517099776408
YO31,0.331332809,0.379979431,0.1713609800420819,0.09251038955869495,0.14620525968426631,0.19467446851093734,0.08475379553956906,0.14804927927490252,0.155024394042945,0.007421433346602912
YO32,0.444911281,0.510233611,0.049929014330602026,0.05336782450589677,0.04913081498423689,0.17930418239942245,0.33878677169688504,0.22981263185221662,0.09397370041663036,0.005695059814109917
YO41,0.724226474,0.830558146,0.16549671176025002,0.019878415089722854,0.02623233613329536,0.07130584624733345,0.27485852763527396,0.3057016223984854,0.11819285366706858,0.018333687068570314
YO42,0.845967082,0.970172834,0.19064682070704386,0.033496822835972294,0.03863159864693563,0.11318232823625611,0.2131231117617713,0.25089302737422287,0.13805255128549768,0.02197373915230025
YO43,1.07389391,1.231564112,0.1457299037742602,0.024802122540769612,0.04652570134395848,0.10748992119969784,0.23672106561448605,0.23205887845507323,0.18895333467906428,0.017719072392690327
YO51,0.70622623,0.809915088,0.18766309589142008,0.040857850876872555,0.06891916693895236,0.0714298614054378,0.16321881210730255,0.3020541977645195,0.13110298134040352,0.03475403367509164
YO60,1.831654845,2.100580284,0.3748686228660532,0.026069767077053174,0.035939265869620984,0.1442404301005402,0.13805010210078128,0.16828118496106484,0.0776913145361763,0.03485931248871003
YO61,1.933739917,2.21765359,0.23628017522700348,0.05259914698582444,0.040449379486412085,0.10161356163672772,0.19141778344498153,0.20472550401735,0.13312809267191777,0.03978635652978289
YO62,1.256223308,1.4406633,0.3870677554276125,0.040380423864510885,0.045517933378755794,0.08783761170928739,0.14364661374887316,0.18295477328677903,0.0843070551030413,0.028287833481139873
YO7,0.540742713,0.620135111,0.26407889715758703,0.07336334896468528,0.04393865289949122,0.1365212264085259,0.17475025886738235,0.1654817968124276,0.10986817345059453,0.03199764543930607
YO8,0.261033543,0.299358755,0.14966994327931296,0.08388322049313858,0.049999754247930454,0.10474354896370304,0.19859885966695914,0.22787260228088535,0.1667951230006995,0.018436948067370954
ZE1,0.454123908,0.520798845,,,,,,,,
ZE2,0.677350217,0.776799469,,,,,,,,
ZE3,0.458550434,0.525875278,,,,,,,,
YO90,0.0,0.0,0.19151846785225718,0.0013679890560875513,0.0,0.013679890560875513,0.013679890560875513,0.34199726402188785,0.4240766073871409,0.013679890560875513
