easting,northing,predicted_risk,predicted_authority
86907,8216,1,Isles of Scilly
91907,8216,1,Isles of Scilly
96907,8216,1,Isles of Scilly
101907,8216,1,Isles of Scilly
106907,8216,1,Isles of Scilly
111907,8216,1,Isles of Scilly
116907,8216,1,Cornwall
121907,8216,2,Cornwall
126907,8216,2,Cornwall
131907,8216,2,Cornwall
136907,8216,2,Cornwall
141907,8216,2,Cornwall
146907,8216,2,Cornwall
151907,8216,2,Cornwall
156907,8216,2,Cornwall
161907,8216,2,Cornwall
166907,8216,1,Cornwall
171907,8216,1,Cornwall
176907,8216,1,Cornwall
181907,8216,2,Cornwall
186907,8216,2,Cornwall
191907,8216,2,Cornwall
196907,8216,2,Cornwall
201907,8216,2,Cornwall
206907,8216,2,Cornwall
211907,8216,2,Cornwall
216907,8216,3,Cornwall
221907,8216,3,Cornwall
226907,8216,3,Cornwall
231907,8216,4,Cornwall
236907,8216,4,Cornwall
241907,8216,4,Cornwall
246907,8216,4,Cornwall
251907,8216,4,Cornwall
256907,8216,3,South Hams
261907,8216,3,South Hams
266907,8216,3,South Hams
271907,8216,3,South Hams
276907,8216,3,South Hams
281907,8216,2,South Hams
286907,8216,2,South Hams
291907,8216,2,South Hams
296907,8216,2,South Hams
301907,8216,3,South Hams
306907,8216,1,South Hams
311907,8216,1,South Hams
316907,8216,2,South Hams
321907,8216,3,Torbay
326907,8216,2,Torbay
331907,8216,3,Torbay
336907,8216,3,Torbay
341907,8216,3,Torbay
346907,8216,2,Dorset
351907,8216,2,Dorset
356907,8216,2,Dorset
361907,8216,2,Dorset
366907,8216,2,Dorset
371907,8216,2,Dorset
376907,8216,2,Dorset
381907,8216,2,Dorset
386907,8216,1,Dorset
391907,8216,1,Dorset
396907,8216,1,Dorset
401907,8216,1,Dorset
406907,8216,1,Dorset
411907,8216,1,Dorset
416907,8216,1,Dorset
421907,8216,1,Dorset
426907,8216,1,Isle of Wight
431907,8216,1,Isle of Wight
436907,8216,1,Isle of Wight
441907,8216,1,Isle of Wight
446907,8216,1,Isle of Wight
451907,8216,1,Isle of Wight
456907,8216,1,Isle of Wight
461907,8216,1,Isle of Wight
466907,8216,1,Isle of Wight
471907,8216,1,Isle of Wight
476907,8216,1,Isle of Wight
481907,8216,1,Isle of Wight
486907,8216,1,Isle of Wight
491907,8216,1,Isle of Wight
496907,8216,1,Isle of Wight
501907,8216,1,Isle of Wight
506907,8216,1,Isle of Wight
511907,8216,1,Chichester
516907,8216,1,Chichester
521907,8216,1,Chichester
526907,8216,4,Wealden
531907,8216,4,Wealden
536907,8216,3,Eastbourne
541907,8216,3,Eastbourne
546907,8216,1,Eastbourne
551907,8216,2,Eastbourne
556907,8216,2,Eastbourne
561907,8216,2,Eastbourne
566907,8216,2,Eastbourne
571907,8216,2,Eastbourne
576907,8216,2,Eastbourne
581907,8216,2,Eastbourne
586907,8216,2,Eastbourne
591907,8216,2,Eastbourne
596907,8216,2,Eastbourne
601907,8216,2,Eastbourne
606907,8216,2,Eastbourne
611907,8216,2,Eastbourne
616907,8216,2,Eastbourne
621907,8216,2,Eastbourne
626907,8216,1,Folkestone and Hythe
631907,8216,1,Folkestone and Hythe
636907,8216,2,Folkestone and Hythe
641907,8216,2,Folkestone and Hythe
86907,13216,1,Isles of Scilly
91907,13216,1,Isles of Scilly
96907,13216,1,Isles of Scilly
101907,13216,1,Isles of Scilly
106907,13216,1,Isles of Scilly
111907,13216,1,Isles of Scilly
116907,13216,1,Cornwall
121907,13216,1,Cornwall
126907,13216,2,Cornwall
131907,13216,2,Cornwall
136907,13216,2,Cornwall
141907,13216,2,Cornwall
146907,13216,2,Cornwall
151907,13216,1,Cornwall
156907,13216,2,Cornwall
161907,13216,2,Cornwall
166907,13216,2,Cornwall
171907,13216,1,Cornwall
176907,13216,2,Cornwall
181907,13216,2,Cornwall
186907,13216,2,Cornwall
191907,13216,2,Cornwall
196907,13216,2,Cornwall
201907,13216,2,Cornwall
206907,13216,2,Cornwall
211907,13216,3,Cornwall
216907,13216,3,Cornwall
221907,13216,3,Cornwall
226907,13216,5,Cornwall
231907,13216,3,Cornwall
236907,13216,4,Cornwall
241907,13216,4,Cornwall
246907,13216,4,Cornwall
251907,13216,4,Cornwall
256907,13216,2,South Hams
261907,13216,3,South Hams
266907,13216,3,South Hams
271907,13216,3,South Hams
276907,13216,3,South Hams
281907,13216,2,South Hams
286907,13216,2,South Hams
291907,13216,2,South Hams
296907,13216,3,South Hams
301907,13216,1,South Hams
306907,13216,1,South Hams
311907,13216,1,South Hams
316907,13216,2,South Hams
321907,13216,2,Torbay
326907,13216,3,Torbay
331907,13216,3,Torbay
336907,13216,3,Torbay
341907,13216,2,Torbay
346907,13216,2,Dorset
351907,13216,2,Dorset
356907,13216,2,Dorset
361907,13216,2,Dorset
366907,13216,2,Dorset
371907,13216,2,Dorset
376907,13216,2,Dorset
381907,13216,2,Dorset
386907,13216,1,Dorset
391907,13216,1,Dorset
396907,13216,1,Dorset
401907,13216,1,Dorset
406907,13216,1,Dorset
411907,13216,1,Dorset
416907,13216,1,Dorset
421907,13216,1,Dorset
426907,13216,1,Isle of Wight
431907,13216,1,Isle of Wight
436907,13216,1,Isle of Wight
441907,13216,1,Isle of Wight
446907,13216,1,Isle of Wight
451907,13216,1,Isle of Wight
456907,13216,1,Isle of Wight
461907,13216,1,Isle of Wight
466907,13216,1,Isle of Wight
471907,13216,1,Isle of Wight
476907,13216,1,Isle of Wight
481907,13216,1,Isle of Wight
486907,13216,1,Isle of Wight
491907,13216,1,Isle of Wight
496907,13216,1,Isle of Wight
501907,13216,1,Isle of Wight
506907,13216,1,Isle of Wight
511907,13216,1,Chichester
516907,13216,1,Chichester
521907,13216,1,Chichester
526907,13216,4,Wealden
531907,13216,4,Wealden
536907,13216,4,Wealden
541907,13216,3,Eastbourne
546907,13216,1,Eastbourne
551907,13216,2,Eastbourne
556907,13216,2,Eastbourne
561907,13216,2,Eastbourne
566907,13216,2,Eastbourne
571907,13216,2,Eastbourne
576907,13216,2,Eastbourne
581907,13216,2,Eastbourne
586907,13216,2,Eastbourne
591907,13216,2,Eastbourne
596907,13216,2,Eastbourne
601907,13216,2,Eastbourne
606907,13216,2,Eastbourne
611907,13216,2,Eastbourne
616907,13216,2,Eastbourne
621907,13216,1,Eastbourne
626907,13216,1,Folkestone and Hythe
631907,13216,2,Folkestone and Hythe
636907,13216,2,Folkestone and Hythe
641907,13216,2,Folkestone and Hythe
86907,18216,1,Isles of Scilly
91907,18216,1,Isles of Scilly
96907,18216,1,Isles of Scilly
101907,18216,1,Isles of Scilly
106907,18216,1,Isles of Scilly
111907,18216,1,Isles of Scilly
116907,18216,1,Cornwall
121907,18216,1,Cornwall
126907,18216,1,Cornwall
131907,18216,2,Cornwall
136907,18216,2,Cornwall
141907,18216,2,Cornwall
146907,18216,2,Cornwall
151907,18216,1,Cornwall
156907,18216,2,Cornwall
161907,18216,2,Cornwall
166907,18216,3,Cornwall
171907,18216,2,Cornwall
176907,18216,2,Cornwall
181907,18216,2,Cornwall
186907,18216,2,Cornwall
191907,18216,2,Cornwall
196907,18216,2,Cornwall
201907,18216,2,Cornwall
206907,18216,3,Cornwall
211907,18216,3,Cornwall
216907,18216,3,Cornwall
221907,18216,3,Cornwall
226907,18216,4,Cornwall
231907,18216,3,Cornwall
236907,18216,4,Cornwall
241907,18216,4,Cornwall
246907,18216,4,Cornwall
251907,18216,4,Cornwall
256907,18216,2,South Hams
261907,18216,3,South Hams
266907,18216,3,South Hams
271907,18216,3,South Hams
276907,18216,3,South Hams
281907,18216,2,South Hams
286907,18216,2,South Hams
291907,18216,3,South Hams
296907,18216,3,South Hams
301907,18216,1,South Hams
306907,18216,1,South Hams
311907,18216,2,South Hams
316907,18216,3,Torbay
321907,18216,3,Torbay
326907,18216,3,Torbay
331907,18216,3,Torbay
336907,18216,2,Torbay
341907,18216,2,Torbay
346907,18216,2,Dorset
351907,18216,2,Dorset
356907,18216,2,Dorset
361907,18216,2,Dorset
366907,18216,2,Dorset
371907,18216,2,Dorset
376907,18216,2,Dorset
381907,18216,2,Dorset
386907,18216,1,Dorset
391907,18216,1,Dorset
396907,18216,1,Dorset
401907,18216,1,Dorset
406907,18216,1,Dorset
411907,18216,1,Dorset
416907,18216,1,Dorset
421907,18216,1,Dorset
426907,18216,1,Isle of Wight
431907,18216,1,Isle of Wight
436907,18216,1,Isle of Wight
441907,18216,1,Isle of Wight
446907,18216,1,Isle of Wight
451907,18216,1,Isle of Wight
456907,18216,1,Isle of Wight
461907,18216,1,Isle of Wight
466907,18216,1,Isle of Wight
471907,18216,1,Isle of Wight
476907,18216,1,Isle of Wight
481907,18216,1,Isle of Wight
486907,18216,1,Isle of Wight
491907,18216,1,Isle of Wight
496907,18216,1,Isle of Wight
501907,18216,1,Isle of Wight
506907,18216,1,Chichester
511907,18216,1,Chichester
516907,18216,1,Chichester
521907,18216,1,Chichester
526907,18216,4,Wealden
531907,18216,4,Wealden
536907,18216,4,Wealden
541907,18216,3,Eastbourne
546907,18216,1,Eastbourne
551907,18216,2,Eastbourne
556907,18216,2,Eastbourne
561907,18216,2,Eastbourne
566907,18216,2,Eastbourne
571907,18216,2,Eastbourne
576907,18216,2,Eastbourne
581907,18216,2,Eastbourne
586907,18216,2,Eastbourne
591907,18216,2,Eastbourne
596907,18216,2,Eastbourne
601907,18216,2,Eastbourne
606907,18216,2,Eastbourne
611907,18216,2,Eastbourne
616907,18216,2,Eastbourne
621907,18216,1,Rother
626907,18216,1,Folkestone and Hythe
631907,18216,2,Folkestone and Hythe
636907,18216,2,Folkestone and Hythe
641907,18216,2,Folkestone and Hythe
86907,23216,1,Isles of Scilly
91907,23216,1,Isles of Scilly
96907,23216,1,Isles of Scilly
101907,23216,1,Isles of Scilly
106907,23216,1,Isles of Scilly
111907,23216,1,Isles of Scilly
116907,23216,1,Cornwall
121907,23216,1,Cornwall
126907,23216,1,Cornwall
131907,23216,1,Cornwall
136907,23216,1,Cornwall
141907,23216,3,Cornwall
146907,23216,1,Cornwall
151907,23216,2,Cornwall
156907,23216,2,Cornwall
161907,23216,2,Cornwall
166907,23216,1,Cornwall
171907,23216,1,Cornwall
176907,23216,1,Cornwall
181907,23216,2,Cornwall
186907,23216,2,Cornwall
191907,23216,2,Cornwall
196907,23216,2,Cornwall
201907,23216,3,Cornwall
206907,23216,3,Cornwall
211907,23216,3,Cornwall
216907,23216,3,Cornwall
221907,23216,5,Cornwall
226907,23216,4,Cornwall
231907,23216,3,Cornwall
236907,23216,4,Cornwall
241907,23216,4,Cornwall
246907,23216,4,Cornwall
251907,23216,4,Cornwall
256907,23216,3,South Hams
261907,23216,3,South Hams
266907,23216,3,South Hams
271907,23216,3,South Hams
276907,23216,2,South Hams
281907,23216,2,South Hams
286907,23216,3,South Hams
291907,23216,3,South Hams
296907,23216,1,South Hams
301907,23216,1,South Hams
306907,23216,2,South Hams
311907,23216,3,South Hams
316907,23216,3,Torbay
321907,23216,3,Torbay
326907,23216,3,Torbay
331907,23216,2,Torbay
336907,23216,2,Torbay
341907,23216,2,Teignbridge
346907,23216,2,Dorset
351907,23216,2,Dorset
356907,23216,2,Dorset
361907,23216,2,Dorset
366907,23216,2,Dorset
371907,23216,2,Dorset
376907,23216,2,Dorset
381907,23216,2,Dorset
386907,23216,1,Dorset
391907,23216,1,Dorset
396907,23216,1,Dorset
401907,23216,1,Dorset
406907,23216,1,Dorset
411907,23216,1,Dorset
416907,23216,1,Dorset
421907,23216,1,Dorset
426907,23216,1,Isle of Wight
431907,23216,1,Isle of Wight
436907,23216,1,Isle of Wight
441907,23216,1,Isle of Wight
446907,23216,1,Isle of Wight
451907,23216,1,Isle of Wight
456907,23216,1,Isle of Wight
461907,23216,1,Isle of Wight
466907,23216,1,Isle of Wight
471907,23216,1,Isle of Wight
476907,23216,1,Isle of Wight
481907,23216,1,Isle of Wight
486907,23216,1,Isle of Wight
491907,23216,1,Isle of Wight
496907,23216,1,Isle of Wight
501907,23216,1,Isle of Wight
506907,23216,1,Chichester
511907,23216,1,Chichester
516907,23216,1,Chichester
521907,23216,1,Chichester
526907,23216,4,Lewes
531907,23216,4,Wealden
536907,23216,4,Wealden
541907,23216,3,Eastbourne
546907,23216,2,Eastbourne
551907,23216,2,Eastbourne
556907,23216,2,Eastbourne
561907,23216,2,Eastbourne
566907,23216,2,Eastbourne
571907,23216,2,Eastbourne
576907,23216,2,Eastbourne
581907,23216,2,Eastbourne
586907,23216,2,Eastbourne
591907,23216,2,Eastbourne
596907,23216,2,Eastbourne
601907,23216,2,Eastbourne
606907,23216,2,Eastbourne
611907,23216,2,Eastbourne
616907,23216,1,Hastings
621907,23216,1,Folkestone and Hythe
626907,23216,1,Folkestone and Hythe
631907,23216,2,Folkestone and Hythe
636907,23216,2,Folkestone and Hythe
641907,23216,2,Folkestone and Hythe
86907,28216,1,Isles of Scilly
91907,28216,1,Isles of Scilly
96907,28216,1,Isles of Scilly
101907,28216,1,Isles of Scilly
106907,28216,1,Isles of Scilly
111907,28216,1,Cornwall
116907,28216,1,Cornwall
121907,28216,1,Cornwall
126907,28216,1,Cornwall
131907,28216,2,Cornwall
136907,28216,2,Cornwall
141907,28216,1,Cornwall
146907,28216,1,Cornwall
151907,28216,1,Cornwall
156907,28216,2,Cornwall
161907,28216,1,Cornwall
166907,28216,1,Cornwall
171907,28216,1,Cornwall
176907,28216,1,Cornwall
181907,28216,1,Cornwall
186907,28216,1,Cornwall
191907,28216,2,Cornwall
196907,28216,3,Cornwall
201907,28216,3,Cornwall
206907,28216,3,Cornwall
211907,28216,3,Cornwall
216907,28216,3,Cornwall
221907,28216,4,Cornwall
226907,28216,4,Cornwall
231907,28216,3,Cornwall
236907,28216,4,Cornwall
241907,28216,4,Cornwall
246907,28216,4,Cornwall
251907,28216,4,Cornwall
256907,28216,3,South Hams
261907,28216,3,South Hams
266907,28216,3,South Hams
271907,28216,3,South Hams
276907,28216,2,South Hams
281907,28216,2,South Hams
286907,28216,3,South Hams
291907,28216,1,South Hams
296907,28216,1,South Hams
301907,28216,2,South Hams
306907,28216,3,South Hams
311907,28216,2,Torbay
316907,28216,3,Torbay
321907,28216,3,Torbay
326907,28216,2,Torbay
331907,28216,2,Torbay
336907,28216,2,Teignbridge
341907,28216,2,East Devon
346907,28216,2,Dorset
351907,28216,2,Dorset
356907,28216,2,Dorset
361907,28216,2,Dorset
366907,28216,2,Dorset
371907,28216,2,Dorset
376907,28216,2,Dorset
381907,28216,2,Dorset
386907,28216,1,Dorset
391907,28216,1,Dorset
396907,28216,1,Dorset
401907,28216,1,Dorset
406907,28216,1,Dorset
411907,28216,1,Dorset
416907,28216,1,Dorset
421907,28216,1,Dorset
426907,28216,1,Isle of Wight
431907,28216,1,Isle of Wight
436907,28216,1,Isle of Wight
441907,28216,1,Isle of Wight
446907,28216,1,Isle of Wight
451907,28216,1,Isle of Wight
456907,28216,1,Isle of Wight
461907,28216,1,Isle of Wight
466907,28216,1,Isle of Wight
471907,28216,1,Isle of Wight
476907,28216,1,Isle of Wight
481907,28216,1,Isle of Wight
486907,28216,1,Isle of Wight
491907,28216,1,Isle of Wight
496907,28216,1,Isle of Wight
501907,28216,1,Chichester
506907,28216,1,Chichester
511907,28216,1,Chichester
516907,28216,1,Chichester
521907,28216,1,Chichester
526907,28216,5,Lewes
531907,28216,4,Wealden
536907,28216,4,Wealden
541907,28216,3,Eastbourne
546907,28216,2,Eastbourne
551907,28216,2,Eastbourne
556907,28216,2,Eastbourne
561907,28216,2,Eastbourne
566907,28216,2,Eastbourne
571907,28216,2,Eastbourne
576907,28216,2,Eastbourne
581907,28216,2,Eastbourne
586907,28216,2,Eastbourne
591907,28216,2,Eastbourne
596907,28216,2,Eastbourne
601907,28216,2,Eastbourne
606907,28216,2,Eastbourne
611907,28216,2,Eastbourne
616907,28216,1,Hastings
621907,28216,1,Folkestone and Hythe
626907,28216,2,Folkestone and Hythe
631907,28216,2,Folkestone and Hythe
636907,28216,2,Folkestone and Hythe
641907,28216,2,Folkestone and Hythe
86907,33216,1,Isles of Scilly
91907,33216,1,Isles of Scilly
96907,33216,1,Isles of Scilly
101907,33216,1,Isles of Scilly
106907,33216,1,Isles of Scilly
111907,33216,1,Cornwall
116907,33216,1,Cornwall
121907,33216,1,Cornwall
126907,33216,1,Cornwall
131907,33216,1,Cornwall
136907,33216,1,Cornwall
141907,33216,1,Cornwall
146907,33216,3,Cornwall
151907,33216,3,Cornwall
156907,33216,1,Cornwall
161907,33216,1,Cornwall
166907,33216,2,Cornwall
171907,33216,1,Cornwall
176907,33216,1,Cornwall
181907,33216,2,Cornwall
186907,33216,2,Cornwall
191907,33216,2,Cornwall
196907,33216,3,Cornwall
201907,33216,3,Cornwall
206907,33216,3,Cornwall
211907,33216,3,Cornwall
216907,33216,2,Cornwall
221907,33216,4,Cornwall
226907,33216,4,Cornwall
231907,33216,2,Cornwall
236907,33216,3,Cornwall
241907,33216,4,Cornwall
246907,33216,4,Cornwall
251907,33216,4,Cornwall
256907,33216,2,South Hams
261907,33216,3,South Hams
266907,33216,3,South Hams
271907,33216,3,South Hams
276907,33216,2,South Hams
281907,33216,3,South Hams
286907,33216,2,South Hams
291907,33216,1,South Hams
296907,33216,1,South Hams
301907,33216,2,South Hams
306907,33216,3,Torbay
311907,33216,3,Torbay
316907,33216,3,Torbay
321907,33216,3,Torbay
326907,33216,2,Torbay
331907,33216,2,Teignbridge
336907,33216,1,East Devon
341907,33216,3,East Devon
346907,33216,2,Dorset
351907,33216,2,Dorset
356907,33216,2,Dorset
361907,33216,2,Dorset
366907,33216,2,Dorset
371907,33216,2,Dorset
376907,33216,2,Dorset
381907,33216,2,Dorset
386907,33216,1,Dorset
391907,33216,1,Dorset
396907,33216,1,Dorset
401907,33216,1,Dorset
406907,33216,1,Dorset
411907,33216,1,Dorset
416907,33216,1,Dorset
421907,33216,1,Dorset
426907,33216,1,Isle of Wight
431907,33216,1,Isle of Wight
436907,33216,1,Isle of Wight
441907,33216,1,Isle of Wight
446907,33216,1,Isle of Wight
451907,33216,1,Isle of Wight
456907,33216,1,Isle of Wight
461907,33216,1,Isle of Wight
466907,33216,1,Isle of Wight
471907,33216,1,Isle of Wight
476907,33216,1,Isle of Wight
481907,33216,1,Isle of Wight
486907,33216,1,Isle of Wight
491907,33216,1,Isle of Wight
496907,33216,1,Isle of Wight
501907,33216,1,Chichester
506907,33216,1,Chichester
511907,33216,1,Chichester
516907,33216,1,Chichester
521907,33216,2,Chichester
526907,33216,5,Lewes
531907,33216,4,Wealden
536907,33216,4,Wealden
541907,33216,3,Eastbourne
546907,33216,2,Eastbourne
551907,33216,2,Eastbourne
556907,33216,2,Eastbourne
561907,33216,2,Eastbourne
566907,33216,2,Eastbourne
571907,33216,2,Eastbourne
576907,33216,2,Eastbourne
581907,33216,2,Eastbourne
586907,33216,2,Eastbourne
591907,33216,2,Eastbourne
596907,33216,2,Eastbourne
601907,33216,2,Eastbourne
606907,33216,2,Eastbourne
611907,33216,1,Hastings
616907,33216,1,Rother
621907,33216,1,Folkestone and Hythe
626907,33216,2,Folkestone and Hythe
631907,33216,2,Folkestone and Hythe
636907,33216,2,Folkestone and Hythe
641907,33216,2,Folkestone and Hythe
86907,38216,1,Isles of Scilly
91907,38216,1,Isles of Scilly
96907,38216,1,Isles of Scilly
101907,38216,1,Isles of Scilly
106907,38216,1,Isles of Scilly
111907,38216,1,Cornwall
116907,38216,1,Cornwall
121907,38216,1,Cornwall
126907,38216,1,Cornwall
131907,38216,1,Cornwall
136907,38216,1,Cornwall
141907,38216,1,Cornwall
146907,38216,1,Cornwall
151907,38216,3,Cornwall
156907,38216,3,Cornwall
161907,38216,2,Cornwall
166907,38216,1,Cornwall
171907,38216,1,Cornwall
176907,38216,1,Cornwall
181907,38216,1,Cornwall
186907,38216,2,Cornwall
191907,38216,3,Cornwall
196907,38216,3,Cornwall
201907,38216,3,Cornwall
206907,38216,3,Cornwall
211907,38216,3,Cornwall
216907,38216,3,Cornwall
221907,38216,4,Cornwall
226907,38216,4,Cornwall
231907,38216,1,Cornwall
236907,38216,3,Cornwall
241907,38216,4,Cornwall
246907,38216,4,Cornwall
251907,38216,4,Cornwall
256907,38216,2,South Hams
261907,38216,3,South Hams
266907,38216,3,South Hams
271907,38216,3,South Hams
276907,38216,3,South Hams
281907,38216,2,South Hams
286907,38216,1,South Hams
291907,38216,1,South Hams
296907,38216,2,South Hams
301907,38216,3,South Hams
306907,38216,3,Torbay
311907,38216,3,Torbay
316907,38216,3,Torbay
321907,38216,2,Torbay
326907,38216,2,Teignbridge
331907,38216,2,Teignbridge
336907,38216,2,East Devon
341907,38216,4,East Devon
346907,38216,2,Dorset
351907,38216,2,Dorset
356907,38216,2,Dorset
361907,38216,2,Dorset
366907,38216,2,Dorset
371907,38216,2,Dorset
376907,38216,2,Dorset
381907,38216,2,Dorset
386907,38216,1,Dorset
391907,38216,1,Dorset
396907,38216,1,Dorset
401907,38216,1,Dorset
406907,38216,1,Dorset
411907,38216,1,Dorset
416907,38216,1,Dorset
421907,38216,1,Dorset
426907,38216,1,Isle of Wight
431907,38216,1,Isle of Wight
436907,38216,1,Isle of Wight
441907,38216,1,Isle of Wight
446907,38216,1,Isle of Wight
451907,38216,1,Isle of Wight
456907,38216,1,Isle of Wight
461907,38216,1,Isle of Wight
466907,38216,1,Isle of Wight
471907,38216,1,Isle of Wight
476907,38216,1,Isle of Wight
481907,38216,1,Isle of Wight
486907,38216,1,Isle of Wight
491907,38216,1,Isle of Wight
496907,38216,1,Chichester
501907,38216,1,Chichester
506907,38216,1,Chichester
511907,38216,1,Chichester
516907,38216,1,Chichester
521907,38216,3,Worthing
526907,38216,4,Lewes
531907,38216,5,Lewes
536907,38216,4,Wealden
541907,38216,3,Wealden
546907,38216,2,Eastbourne
551907,38216,1,Eastbourne
556907,38216,2,Eastbourne
561907,38216,2,Eastbourne
566907,38216,2,Eastbourne
571907,38216,2,Eastbourne
576907,38216,2,Eastbourne
581907,38216,2,Eastbourne
586907,38216,2,Eastbourne
591907,38216,2,Eastbourne
596907,38216,2,Eastbourne
601907,38216,2,Eastbourne
606907,38216,1,Eastbourne
611907,38216,1,Hastings
616907,38216,1,Rother
621907,38216,2,Folkestone and Hythe
626907,38216,2,Folkestone and Hythe
631907,38216,2,Folkestone and Hythe
636907,38216,2,Folkestone and Hythe
641907,38216,2,Folkestone and Hythe
86907,43216,1,Isles of Scilly
91907,43216,1,Isles of Scilly
96907,43216,1,Isles of Scilly
101907,43216,1,Isles of Scilly
106907,43216,1,Cornwall
111907,43216,1,Cornwall
116907,43216,1,Cornwall
121907,43216,1,Cornwall
126907,43216,1,Cornwall
131907,43216,1,Cornwall
136907,43216,1,Cornwall
141907,43216,1,Cornwall
146907,43216,2,Cornwall
151907,43216,1,Cornwall
156907,43216,2,Cornwall
161907,43216,1,Cornwall
166907,43216,2,Cornwall
171907,43216,2,Cornwall
176907,43216,2,Cornwall
181907,43216,1,Cornwall
186907,43216,1,Cornwall
191907,43216,2,Cornwall
196907,43216,2,Cornwall
201907,43216,2,Cornwall
206907,43216,2,Cornwall
211907,43216,1,Cornwall
216907,43216,3,Cornwall
221907,43216,4,Cornwall
226907,43216,3,Cornwall
231907,43216,1,Cornwall
236907,43216,3,Cornwall
241907,43216,4,Cornwall
246907,43216,4,Cornwall
251907,43216,4,Cornwall
256907,43216,2,South Hams
261907,43216,3,South Hams
266907,43216,3,South Hams
271907,43216,2,South Hams
276907,43216,2,South Hams
281907,43216,1,South Hams
286907,43216,1,South Hams
291907,43216,2,South Hams
296907,43216,2,South Hams
301907,43216,3,Torbay
306907,43216,3,Torbay
311907,43216,3,Torbay
316907,43216,2,Torbay
321907,43216,2,Teignbridge
326907,43216,3,Teignbridge
331907,43216,1,East Devon
336907,43216,2,East Devon
341907,43216,4,East Devon
346907,43216,4,Dorset
351907,43216,2,Dorset
356907,43216,2,Dorset
361907,43216,2,Dorset
366907,43216,2,Dorset
371907,43216,2,Dorset
376907,43216,2,Dorset
381907,43216,2,Dorset
386907,43216,1,Dorset
391907,43216,1,Dorset
396907,43216,1,Dorset
401907,43216,1,Dorset
406907,43216,1,Dorset
411907,43216,1,Dorset
416907,43216,1,Dorset
421907,43216,1,Dorset
426907,43216,1,Isle of Wight
431907,43216,1,Isle of Wight
436907,43216,1,Isle of Wight
441907,43216,1,Isle of Wight
446907,43216,1,Isle of Wight
451907,43216,1,Isle of Wight
456907,43216,1,Isle of Wight
461907,43216,1,Isle of Wight
466907,43216,1,Isle of Wight
471907,43216,1,Isle of Wight
476907,43216,1,Isle of Wight
481907,43216,1,Isle of Wight
486907,43216,1,Isle of Wight
491907,43216,1,Isle of Wight
496907,43216,1,Chichester
501907,43216,1,Chichester
506907,43216,1,Chichester
511907,43216,1,Chichester
516907,43216,1,Chichester
521907,43216,3,Worthing
526907,43216,2,Lewes
531907,43216,5,Lewes
536907,43216,4,Wealden
541907,43216,3,Wealden
546907,43216,2,Eastbourne
551907,43216,1,Eastbourne
556907,43216,2,Eastbourne
561907,43216,2,Eastbourne
566907,43216,2,Eastbourne
571907,43216,2,Eastbourne
576907,43216,2,Eastbourne
581907,43216,2,Eastbourne
586907,43216,2,Eastbourne
591907,43216,2,Eastbourne
596907,43216,2,Eastbourne
601907,43216,2,Eastbourne
606907,43216,1,Hastings
611907,43216,1,Rother
616907,43216,1,Folkestone and Hythe
621907,43216,2,Folkestone and Hythe
626907,43216,2,Folkestone and Hythe
631907,43216,2,Folkestone and Hythe
636907,43216,2,Folkestone and Hythe
641907,43216,2,Folkestone and Hythe
86907,48216,1,Isles of Scilly
91907,48216,1,Isles of Scilly
96907,48216,1,Isles of Scilly
101907,48216,1,Isles of Scilly
106907,48216,1,Cornwall
111907,48216,1,Cornwall
116907,48216,1,Cornwall
121907,48216,1,Cornwall
126907,48216,1,Cornwall
131907,48216,1,Cornwall
136907,48216,1,Cornwall
141907,48216,1,Cornwall
146907,48216,1,Cornwall
151907,48216,1,Cornwall
156907,48216,1,Cornwall
161907,48216,5,Cornwall
166907,48216,6,Cornwall
171907,48216,2,Cornwall
176907,48216,2,Cornwall
181907,48216,1,Cornwall
186907,48216,1,Cornwall
191907,48216,1,Cornwall
196907,48216,2,Cornwall
201907,48216,4,Cornwall
206907,48216,1,Cornwall
211907,48216,1,Cornwall
216907,48216,2,Cornwall
221907,48216,4,Cornwall
226907,48216,4,Cornwall
231907,48216,2,Cornwall
236907,48216,1,Cornwall
241907,48216,3,Cornwall
246907,48216,4,Cornwall
251907,48216,4,Cornwall
256907,48216,1,South Hams
261907,48216,2,South Hams
266907,48216,3,South Hams
271907,48216,2,South Hams
276907,48216,2,South Hams
281907,48216,1,South Hams
286907,48216,1,South Hams
291907,48216,2,South Hams
296907,48216,3,South Hams
301907,48216,3,Torbay
306907,48216,3,Torbay
311907,48216,2,Torbay
316907,48216,2,Teignbridge
321907,48216,3,Teignbridge
326907,48216,4,Teignbridge
331907,48216,1,East Devon
336907,48216,3,East Devon
341907,48216,5,East Devon
346907,48216,5,East Devon
351907,48216,2,Dorset
356907,48216,2,Dorset
361907,48216,2,Dorset
366907,48216,2,Dorset
371907,48216,2,Dorset
376907,48216,2,Dorset
381907,48216,2,Dorset
386907,48216,2,Dorset
391907,48216,1,Dorset
396907,48216,1,Dorset
401907,48216,1,Dorset
406907,48216,1,Dorset
411907,48216,1,Dorset
416907,48216,1,Dorset
421907,48216,1,Dorset
426907,48216,1,Isle of Wight
431907,48216,1,Isle of Wight
436907,48216,1,Isle of Wight
441907,48216,1,Isle of Wight
446907,48216,1,Isle of Wight
451907,48216,1,Isle of Wight
456907,48216,1,Isle of Wight
461907,48216,1,Isle of Wight
466907,48216,1,Isle of Wight
471907,48216,1,Isle of Wight
476907,48216,1,Isle of Wight
481907,48216,1,Isle of Wight
486907,48216,1,Isle of Wight
491907,48216,1,Chichester
496907,48216,1,Chichester
501907,48216,1,Chichester
506907,48216,1,Chichester
511907,48216,1,Chichester
516907,48216,3,Arun
521907,48216,3,Worthing
526907,48216,1,Lewes
531907,48216,5,Lewes
536907,48216,4,Wealden
541907,48216,4,Wealden
546907,48216,3,Eastbourne
551907,48216,1,Eastbourne
556907,48216,2,Eastbourne
561907,48216,2,Eastbourne
566907,48216,2,Eastbourne
571907,48216,2,Eastbourne
576907,48216,2,Eastbourne
581907,48216,2,Eastbourne
586907,48216,2,Eastbourne
591907,48216,2,Eastbourne
596907,48216,2,Eastbourne
601907,48216,1,Eastbourne
606907,48216,1,Hastings
611907,48216,1,Rother
616907,48216,2,Folkestone and Hythe
621907,48216,2,Folkestone and Hythe
626907,48216,2,Folkestone and Hythe
631907,48216,2,Folkestone and Hythe
636907,48216,2,Folkestone and Hythe
641907,48216,2,Folkestone and Hythe
86907,53216,1,Isles of Scilly
91907,53216,1,Isles of Scilly
96907,53216,1,Isles of Scilly
101907,53216,1,Isles of Scilly
106907,53216,1,Cornwall
111907,53216,1,Cornwall
116907,53216,1,Cornwall
121907,53216,1,Cornwall
126907,53216,1,Cornwall
131907,53216,1,Cornwall
136907,53216,1,Cornwall
141907,53216,1,Cornwall
146907,53216,1,Cornwall
151907,53216,1,Cornwall
156907,53216,5,Cornwall
161907,53216,5,Cornwall
166907,53216,5,Cornwall
171907,53216,2,Cornwall
176907,53216,2,Cornwall
181907,53216,1,Cornwall
186907,53216,1,Cornwall
191907,53216,1,Cornwall
196907,53216,1,Cornwall
201907,53216,1,Cornwall
206907,53216,1,Cornwall
211907,53216,1,Cornwall
216907,53216,2,Cornwall
221907,53216,2,Cornwall
226907,53216,2,Cornwall
231907,53216,1,Cornwall
236907,53216,1,Cornwall
241907,53216,2,Cornwall
246907,53216,2,Cornwall
251907,53216,1,Cornwall
256907,53216,3,South Hams
261907,53216,1,South Hams
266907,53216,1,South Hams
271907,53216,2,South Hams
276907,53216,2,South Hams
281907,53216,1,South Hams
286907,53216,1,South Hams
291907,53216,2,South Hams
296907,53216,3,Torbay
301907,53216,3,Torbay
306907,53216,2,Torbay
311907,53216,2,Teignbridge
316907,53216,3,Teignbridge
321907,53216,4,Teignbridge
326907,53216,2,East Devon
331907,53216,1,East Devon
336907,53216,4,East Devon
341907,53216,5,East Devon
346907,53216,5,East Devon
351907,53216,2,Dorset
356907,53216,2,Dorset
361907,53216,2,Dorset
366907,53216,2,Dorset
371907,53216,2,Dorset
376907,53216,2,Dorset
381907,53216,2,Dorset
386907,53216,2,Dorset
391907,53216,1,Dorset
396907,53216,1,Dorset
401907,53216,1,Dorset
406907,53216,1,Dorset
411907,53216,1,Dorset
416907,53216,1,Dorset
421907,53216,1,Dorset
426907,53216,1,Isle of Wight
431907,53216,1,Isle of Wight
436907,53216,1,Isle of Wight
441907,53216,1,Isle of Wight
446907,53216,1,Isle of Wight
451907,53216,1,Isle of Wight
456907,53216,1,Isle of Wight
461907,53216,1,Isle of Wight
466907,53216,1,Isle of Wight
471907,53216,1,Isle of Wight
476907,53216,1,Isle of Wight
481907,53216,1,Isle of Wight
486907,53216,1,Isle of Wight
491907,53216,1,Chichester
496907,53216,1,Chichester
501907,53216,1,Chichester
506907,53216,1,Chichester
511907,53216,1,Chichester
516907,53216,3,Arun
521907,53216,3,Worthing
526907,53216,1,Lewes
531907,53216,5,Lewes
536907,53216,5,Lewes
541907,53216,4,Wealden
546907,53216,3,Eastbourne
551907,53216,1,Eastbourne
556907,53216,2,Eastbourne
561907,53216,2,Eastbourne
566907,53216,2,Eastbourne
571907,53216,2,Eastbourne
576907,53216,2,Eastbourne
581907,53216,2,Eastbourne
586907,53216,2,Eastbourne
591907,53216,2,Eastbourne
596907,53216,2,Eastbourne
601907,53216,1,Hastings
606907,53216,1,Hastings
611907,53216,1,Rother
616907,53216,2,Folkestone and Hythe
621907,53216,2,Folkestone and Hythe
626907,53216,2,Folkestone and Hythe
631907,53216,2,Folkestone and Hythe
636907,53216,2,Folkestone and Hythe
641907,53216,2,Folkestone and Hythe
86907,58216,1,Isles of Scilly
91907,58216,1,Isles of Scilly
96907,58216,1,Isles of Scilly
101907,58216,1,Cornwall
106907,58216,1,Cornwall
111907,58216,1,Cornwall
116907,58216,1,Cornwall
121907,58216,1,Cornwall
126907,58216,1,Cornwall
131907,58216,1,Cornwall
136907,58216,1,Cornwall
141907,58216,1,Cornwall
146907,58216,1,Cornwall
151907,58216,1,Cornwall
156907,58216,5,Cornwall
161907,58216,5,Cornwall
166907,58216,4,Cornwall
171907,58216,2,Cornwall
176907,58216,2,Cornwall
181907,58216,2,Cornwall
186907,58216,1,Cornwall
191907,58216,2,Cornwall
196907,58216,1,Cornwall
201907,58216,1,Cornwall
206907,58216,2,Cornwall
211907,58216,2,Cornwall
216907,58216,2,Cornwall
221907,58216,1,Cornwall
226907,58216,2,Cornwall
231907,58216,2,Cornwall
236907,58216,1,Cornwall
241907,58216,1,Cornwall
246907,58216,2,Cornwall
251907,58216,1,South Hams
256907,58216,2,South Hams
261907,58216,2,South Hams
266907,58216,2,South Hams
271907,58216,3,South Hams
276907,58216,2,South Hams
281907,58216,1,South Hams
286907,58216,2,South Hams
291907,58216,3,Torbay
296907,58216,3,Torbay
301907,58216,2,Torbay
306907,58216,2,Teignbridge
311907,58216,4,Teignbridge
316907,58216,4,Teignbridge
321907,58216,4,East Devon
326907,58216,1,East Devon
331907,58216,2,East Devon
336907,58216,5,East Devon
341907,58216,5,East Devon
346907,58216,5,East Devon
351907,58216,2,Dorset
356907,58216,2,Dorset
361907,58216,2,Dorset
366907,58216,2,Dorset
371907,58216,2,Dorset
376907,58216,2,Dorset
381907,58216,2,Dorset
386907,58216,2,Dorset
391907,58216,1,Dorset
396907,58216,1,Dorset
401907,58216,1,Dorset
406907,58216,1,Dorset
411907,58216,1,Dorset
416907,58216,1,Dorset
421907,58216,1,Dorset
426907,58216,1,Isle of Wight
431907,58216,1,Isle of Wight
436907,58216,1,Isle of Wight
441907,58216,1,Isle of Wight
446907,58216,1,Isle of Wight
451907,58216,1,Isle of Wight
456907,58216,1,Isle of Wight
461907,58216,1,Isle of Wight
466907,58216,1,Isle of Wight
471907,58216,1,Isle of Wight
476907,58216,1,Isle of Wight
481907,58216,1,Isle of Wight
486907,58216,1,Chichester
491907,58216,1,Chichester
496907,58216,1,Chichester
501907,58216,1,Chichester
506907,58216,1,Chichester
511907,58216,1,Chichester
516907,58216,3,Arun
521907,58216,3,Worthing
526907,58216,1,Lewes
531907,58216,2,Lewes
536907,58216,5,Lewes
541907,58216,4,Wealden
546907,58216,3,Wealden
551907,58216,1,Eastbourne
556907,58216,2,Eastbourne
561907,58216,2,Eastbourne
566907,58216,2,Eastbourne
571907,58216,2,Eastbourne
576907,58216,2,Eastbourne
581907,58216,2,Eastbourne
586907,58216,2,Eastbourne
591907,58216,2,Eastbourne
596907,58216,2,Hastings
601907,58216,1,Hastings
606907,58216,1,Rother
611907,58216,1,Rother
616907,58216,2,Folkestone and Hythe
621907,58216,2,Folkestone and Hythe
626907,58216,2,Folkestone and Hythe
631907,58216,2,Folkestone and Hythe
636907,58216,2,Folkestone and Hythe
641907,58216,2,Folkestone and Hythe
86907,63216,1,Isles of Scilly
91907,63216,1,Isles of Scilly
96907,63216,1,Isles of Scilly
101907,63216,1,Cornwall
106907,63216,1,Cornwall
111907,63216,1,Cornwall
116907,63216,1,Cornwall
121907,63216,1,Cornwall
126907,63216,1,Cornwall
131907,63216,1,Cornwall
136907,63216,1,Cornwall
141907,63216,1,Cornwall
146907,63216,1,Cornwall
151907,63216,1,Cornwall
156907,63216,5,Cornwall
161907,63216,5,Cornwall
166907,63216,4,Cornwall
171907,63216,2,Cornwall
176907,63216,2,Cornwall
181907,63216,2,Cornwall
186907,63216,2,Cornwall
191907,63216,2,Cornwall
196907,63216,1,Cornwall
201907,63216,2,Cornwall
206907,63216,2,Cornwall
211907,63216,2,Cornwall
216907,63216,1,Cornwall
221907,63216,1,Cornwall
226907,63216,2,Cornwall
231907,63216,1,Cornwall
236907,63216,2,Cornwall
241907,63216,1,Cornwall
246907,63216,1,West Devon
251907,63216,2,West Devon
256907,63216,1,West Devon
261907,63216,2,South Hams
266907,63216,1,South Hams
271907,63216,2,South Hams
276907,63216,2,South Hams
281907,63216,1,South Hams
286907,63216,2,South Hams
291907,63216,3,Torbay
296907,63216,2,Teignbridge
301907,63216,2,Teignbridge
306907,63216,4,Teignbridge
311907,63216,3,Teignbridge
316907,63216,3,Teignbridge
321907,63216,4,East Devon
326907,63216,1,East Devon
331907,63216,3,East Devon
336907,63216,5,East Devon
341907,63216,5,East Devon
346907,63216,4,East Devon
351907,63216,2,Dorset
356907,63216,2,Dorset
361907,63216,2,Dorset
366907,63216,2,Dorset
371907,63216,2,Dorset
376907,63216,2,Dorset
381907,63216,2,Dorset
386907,63216,2,Dorset
391907,63216,1,Dorset
396907,63216,1,Dorset
401907,63216,1,Dorset
406907,63216,1,Dorset
411907,63216,1,Dorset
416907,63216,1,Dorset
421907,63216,2,Dorset
426907,63216,1,Isle of Wight
431907,63216,1,Isle of Wight
436907,63216,1,Isle of Wight
441907,63216,1,Isle of Wight
446907,63216,1,Isle of Wight
451907,63216,1,Isle of Wight
456907,63216,1,Isle of Wight
461907,63216,1,Isle of Wight
466907,63216,1,Isle of Wight
471907,63216,1,Isle of Wight
476907,63216,1,Isle of Wight
481907,63216,1,Isle of Wight
486907,63216,1,Chichester
491907,63216,1,Chichester
496907,63216,1,Chichester
501907,63216,1,Chichester
506907,63216,1,Chichester
511907,63216,3,Arun
516907,63216,4,Arun
521907,63216,4,Worthing
526907,63216,1,Lewes
531907,63216,1,Lewes
536907,63216,5,Lewes
541907,63216,4,Wealden
546907,63216,3,Wealden
551907,63216,1,Eastbourne
556907,63216,2,Eastbourne
561907,63216,2,Eastbourne
566907,63216,2,Eastbourne
571907,63216,2,Eastbourne
576907,63216,2,Eastbourne
581907,63216,2,Eastbourne
586907,63216,2,Eastbourne
591907,63216,1,Eastbourne
596907,63216,1,Hastings
601907,63216,1,Hastings
606907,63216,1,Rother
611907,63216,2,Folkestone and Hythe
616907,63216,2,Folkestone and Hythe
621907,63216,2,Folkestone and Hythe
626907,63216,2,Folkestone and Hythe
631907,63216,2,Folkestone and Hythe
636907,63216,2,Folkestone and Hythe
641907,63216,2,Folkestone and Hythe
86907,68216,1,Isles of Scilly
91907,68216,1,Isles of Scilly
96907,68216,1,Isles of Scilly
101907,68216,1,Cornwall
106907,68216,1,Cornwall
111907,68216,1,Cornwall
116907,68216,1,Cornwall
121907,68216,1,Cornwall
126907,68216,1,Cornwall
131907,68216,1,Cornwall
136907,68216,1,Cornwall
141907,68216,1,Cornwall
146907,68216,1,Cornwall
151907,68216,5,Cornwall
156907,68216,5,Cornwall
161907,68216,6,Cornwall
166907,68216,2,Cornwall
171907,68216,2,Cornwall
176907,68216,2,Cornwall
181907,68216,2,Cornwall
186907,68216,2,Cornwall
191907,68216,2,Cornwall
196907,68216,2,Cornwall
201907,68216,1,Cornwall
206907,68216,2,Cornwall
211907,68216,1,Cornwall
216907,68216,2,Cornwall
221907,68216,2,Cornwall
226907,68216,3,Cornwall
231907,68216,2,Cornwall
236907,68216,1,Cornwall
241907,68216,4,Cornwall
246907,68216,2,West Devon
251907,68216,1,West Devon
256907,68216,1,West Devon
261907,68216,1,West Devon
266907,68216,2,South Hams
271907,68216,2,South Hams
276907,68216,3,South Hams
281907,68216,1,Teignbridge
286907,68216,3,Teignbridge
291907,68216,2,Teignbridge
296907,68216,2,Teignbridge
301907,68216,4,Teignbridge
306907,68216,2,Teignbridge
311907,68216,1,Teignbridge
316907,68216,4,East Devon
321907,68216,2,East Devon
326907,68216,1,East Devon
331907,68216,4,East Devon
336907,68216,5,East Devon
341907,68216,4,East Devon
346907,68216,4,East Devon
351907,68216,2,Dorset
356907,68216,2,Dorset
361907,68216,2,Dorset
366907,68216,2,Dorset
371907,68216,2,Dorset
376907,68216,2,Dorset
381907,68216,2,Dorset
386907,68216,2,Dorset
391907,68216,1,Dorset
396907,68216,1,Dorset
401907,68216,1,Dorset
406907,68216,1,Dorset
411907,68216,1,Dorset
416907,68216,2,Dorset
421907,68216,1,Isle of Wight
426907,68216,1,Isle of Wight
431907,68216,1,Isle of Wight
436907,68216,1,Isle of Wight
441907,68216,1,Isle of Wight
446907,68216,1,Isle of Wight
451907,68216,1,Isle of Wight
456907,68216,1,Isle of Wight
461907,68216,1,Isle of Wight
466907,68216,1,Isle of Wight
471907,68216,1,Isle of Wight
476907,68216,1,Isle of Wight
481907,68216,1,Chichester
486907,68216,1,Chichester
491907,68216,1,Chichester
496907,68216,1,Chichester
501907,68216,1,Chichester
506907,68216,2,Chichester
511907,68216,3,Arun
516907,68216,4,Worthing
521907,68216,4,Worthing
526907,68216,1,Lewes
531907,68216,1,Lewes
536907,68216,5,Lewes
541907,68216,5,Lewes
546907,68216,3,Wealden
551907,68216,1,Eastbourne
556907,68216,2,Eastbourne
561907,68216,2,Eastbourne
566907,68216,2,Eastbourne
571907,68216,2,Eastbourne
576907,68216,2,Eastbourne
581907,68216,2,Eastbourne
586907,68216,2,Eastbourne
591907,68216,1,Hastings
596907,68216,1,Hastings
601907,68216,1,Rother
606907,68216,1,Rother
611907,68216,2,Folkestone and Hythe
616907,68216,2,Folkestone and Hythe
621907,68216,2,Folkestone and Hythe
626907,68216,2,Folkestone and Hythe
631907,68216,2,Folkestone and Hythe
636907,68216,2,Folkestone and Hythe
641907,68216,2,Folkestone and Hythe
86907,73216,1,Isles of Scilly
91907,73216,1,Isles of Scilly
96907,73216,1,Cornwall
101907,73216,1,Cornwall
106907,73216,1,Cornwall
111907,73216,1,Cornwall
116907,73216,1,Cornwall
121907,73216,1,Cornwall
126907,73216,1,Cornwall
131907,73216,1,Cornwall
136907,73216,1,Cornwall
141907,73216,1,Cornwall
146907,73216,1,Cornwall
151907,73216,5,Cornwall
156907,73216,4,Cornwall
161907,73216,2,Cornwall
166907,73216,2,Cornwall
171907,73216,2,Cornwall
176907,73216,2,Cornwall
181907,73216,2,Cornwall
186907,73216,2,Cornwall
191907,73216,3,Cornwall
196907,73216,2,Cornwall
201907,73216,2,Cornwall
206907,73216,1,Cornwall
211907,73216,2,Cornwall
216907,73216,1,Cornwall
221907,73216,1,Cornwall
226907,73216,1,Cornwall
231907,73216,2,Cornwall
236907,73216,1,Cornwall
241907,73216,1,West Devon
246907,73216,1,West Devon
251907,73216,1,West Devon
256907,73216,1,West Devon
261907,73216,1,West Devon
266907,73216,3,West Devon
271907,73216,1,Teignbridge
276907,73216,1,Teignbridge
281907,73216,1,Teignbridge
286907,73216,3,Teignbridge
291907,73216,1,Teignbridge
296907,73216,1,Teignbridge
301907,73216,1,Teignbridge
306907,73216,1,Teignbridge
311907,73216,2,East Devon
316907,73216,4,East Devon
321907,73216,2,East Devon
326907,73216,1,East Devon
331907,73216,5,East Devon
336907,73216,5,East Devon
341907,73216,4,East Devon
346907,73216,3,East Devon
351907,73216,3,East Devon
356907,73216,2,Dorset
361907,73216,2,Dorset
366907,73216,2,Dorset
371907,73216,2,Dorset
376907,73216,2,Dorset
381907,73216,2,Dorset
386907,73216,2,Dorset
391907,73216,1,Dorset
396907,73216,1,Dorset
401907,73216,1,Dorset
406907,73216,1,Dorset
411907,73216,2,Dorset
416907,73216,2,Dorset
421907,73216,1,Isle of Wight
426907,73216,1,Isle of Wight
431907,73216,1,Isle of Wight
436907,73216,2,Isle of Wight
441907,73216,1,Isle of Wight
446907,73216,1,Isle of Wight
451907,73216,1,Isle of Wight
456907,73216,1,Isle of Wight
461907,73216,1,Isle of Wight
466907,73216,1,Isle of Wight
471907,73216,1,Isle of Wight
476907,73216,1,Isle of Wight
481907,73216,1,Chichester
486907,73216,1,Chichester
491907,73216,1,Chichester
496907,73216,1,Chichester
501907,73216,2,Chichester
506907,73216,4,Arun
511907,73216,3,Arun
516907,73216,4,Worthing
521907,73216,4,Worthing
526907,73216,1,Lewes
531907,73216,1,Lewes
536907,73216,3,Lewes
541907,73216,5,Lewes
546907,73216,4,Wealden
551907,73216,1,Eastbourne
556907,73216,2,Eastbourne
561907,73216,2,Eastbourne
566907,73216,2,Eastbourne
571907,73216,2,Eastbourne
576907,73216,2,Eastbourne
581907,73216,2,Eastbourne
586907,73216,1,Eastbourne
591907,73216,2,Hastings
596907,73216,1,Hastings
601907,73216,1,Rother
606907,73216,1,Rother
611907,73216,2,Folkestone and Hythe
616907,73216,2,Folkestone and Hythe
621907,73216,2,Folkestone and Hythe
626907,73216,2,Folkestone and Hythe
631907,73216,2,Folkestone and Hythe
636907,73216,2,Folkestone and Hythe
641907,73216,2,Folkestone and Hythe
86907,78216,1,Isles of Scilly
91907,78216,1,Isles of Scilly
96907,78216,1,Cornwall
101907,78216,1,Cornwall
106907,78216,1,Cornwall
111907,78216,1,Cornwall
116907,78216,1,Cornwall
121907,78216,1,Cornwall
126907,78216,1,Cornwall
131907,78216,1,Cornwall
136907,78216,1,Cornwall
141907,78216,1,Cornwall
146907,78216,1,Cornwall
151907,78216,2,Cornwall
156907,78216,2,Cornwall
161907,78216,2,Cornwall
166907,78216,2,Cornwall
171907,78216,2,Cornwall
176907,78216,2,Cornwall
181907,78216,2,Cornwall
186907,78216,2,Cornwall
191907,78216,2,Cornwall
196907,78216,2,Cornwall
201907,78216,2,Cornwall
206907,78216,2,Cornwall
211907,78216,2,Cornwall
216907,78216,2,Cornwall
221907,78216,2,Cornwall
226907,78216,1,Cornwall
231907,78216,2,Cornwall
236907,78216,1,Cornwall
241907,78216,1,West Devon
246907,78216,1,West Devon
251907,78216,2,West Devon
256907,78216,1,West Devon
261907,78216,1,West Devon
266907,78216,1,West Devon
271907,78216,2,Teignbridge
276907,78216,1,Teignbridge
281907,78216,1,Teignbridge
286907,78216,2,Teignbridge
291907,78216,2,Teignbridge
296907,78216,1,Teignbridge
301907,78216,1,Teignbridge
306907,78216,3,East Devon
311907,78216,2,East Devon
316907,78216,4,East Devon
321907,78216,2,East Devon
326907,78216,2,East Devon
331907,78216,5,East Devon
336907,78216,4,East Devon
341907,78216,3,East Devon
346907,78216,2,East Devon
351907,78216,1,East Devon
356907,78216,2,Dorset
361907,78216,2,Dorset
366907,78216,2,Dorset
371907,78216,2,Dorset
376907,78216,2,Dorset
381907,78216,2,Dorset
386907,78216,1,Dorset
391907,78216,1,Dorset
396907,78216,1,Dorset
401907,78216,1,Dorset
406907,78216,2,Dorset
411907,78216,2,Dorset
416907,78216,2,Dorset
421907,78216,1,Isle of Wight
426907,78216,1,Isle of Wight
431907,78216,1,Isle of Wight
436907,78216,1,Isle of Wight
441907,78216,2,Isle of Wight
446907,78216,1,Isle of Wight
451907,78216,3,Isle of Wight
456907,78216,1,Isle of Wight
461907,78216,1,Isle of Wight
466907,78216,1,Isle of Wight
471907,78216,1,Isle of Wight
476907,78216,1,Isle of Wight
481907,78216,1,Chichester
486907,78216,1,Chichester
491907,78216,1,Chichester
496907,78216,1,Chichester
501907,78216,2,Chichester
506907,78216,3,Arun
511907,78216,3,Arun
516907,78216,3,Worthing
521907,78216,4,Worthing
526907,78216,2,Brighton and Hove
531907,78216,1,Lewes
536907,78216,1,Lewes
541907,78216,5,Lewes
546907,78216,4,Wealden
551907,78216,1,Wealden
556907,78216,2,Eastbourne
561907,78216,2,Eastbourne
566907,78216,2,Eastbourne
571907,78216,2,Eastbourne
576907,78216,2,Eastbourne
581907,78216,1,Eastbourne
586907,78216,1,Hastings
591907,78216,1,Hastings
596907,78216,1,Hastings
601907,78216,1,Rother
606907,78216,2,Rother
611907,78216,2,Folkestone and Hythe
616907,78216,2,Folkestone and Hythe
621907,78216,2,Folkestone and Hythe
626907,78216,2,Folkestone and Hythe
631907,78216,2,Folkestone and Hythe
636907,78216,2,Folkestone and Hythe
641907,78216,2,Folkestone and Hythe
86907,83216,1,Isles of Scilly
91907,83216,1,Cornwall
96907,83216,1,Cornwall
101907,83216,1,Cornwall
106907,83216,1,Cornwall
111907,83216,1,Cornwall
116907,83216,1,Cornwall
121907,83216,1,Cornwall
126907,83216,1,Cornwall
131907,83216,1,Cornwall
136907,83216,1,Cornwall
141907,83216,1,Cornwall
146907,83216,2,Cornwall
151907,83216,2,Cornwall
156907,83216,2,Cornwall
161907,83216,2,Cornwall
166907,83216,2,Cornwall
171907,83216,2,Cornwall
176907,83216,2,Cornwall
181907,83216,2,Cornwall
186907,83216,2,Cornwall
191907,83216,2,Cornwall
196907,83216,3,Cornwall
201907,83216,3,Cornwall
206907,83216,1,Cornwall
211907,83216,1,Cornwall
216907,83216,1,Cornwall
221907,83216,2,Cornwall
226907,83216,1,Cornwall
231907,83216,1,Cornwall
236907,83216,1,West Devon
241907,83216,2,West Devon
246907,83216,1,West Devon
251907,83216,1,West Devon
256907,83216,1,West Devon
261907,83216,1,West Devon
266907,83216,1,West Devon
271907,83216,3,Teignbridge
276907,83216,2,Teignbridge
281907,83216,1,Teignbridge
286907,83216,2,Teignbridge
291907,83216,2,Teignbridge
296907,83216,1,Teignbridge
301907,83216,4,East Devon
306907,83216,3,East Devon
311907,83216,2,East Devon
316907,83216,3,East Devon
321907,83216,2,East Devon
326907,83216,5,East Devon
331907,83216,5,East Devon
336907,83216,3,East Devon
341907,83216,2,East Devon
346907,83216,1,East Devon
351907,83216,2,East Devon
356907,83216,1,Dorset
361907,83216,2,Dorset
366907,83216,2,Dorset
371907,83216,2,Dorset
376907,83216,2,Dorset
381907,83216,1,Dorset
386907,83216,1,Dorset
391907,83216,1,Dorset
396907,83216,2,Dorset
401907,83216,1,Dorset
406907,83216,1,Dorset
411907,83216,2,Dorset
416907,83216,3,"Bournemouth, Christchurch and Poole"
421907,83216,3,"Bournemouth, Christchurch and Poole"
426907,83216,1,Isle of Wight
431907,83216,1,Isle of Wight
436907,83216,2,Isle of Wight
441907,83216,2,Isle of Wight
446907,83216,1,Isle of Wight
451907,83216,1,Isle of Wight
456907,83216,1,Isle of Wight
461907,83216,1,Isle of Wight
466907,83216,1,Isle of Wight
471907,83216,1,Isle of Wight
476907,83216,1,Isle of Wight
481907,83216,1,Chichester
486907,83216,1,Chichester
491907,83216,1,Chichester
496907,83216,2,Chichester
501907,83216,3,Arun
506907,83216,3,Arun
511907,83216,3,Arun
516907,83216,3,Worthing
521907,83216,4,Worthing
526907,83216,2,Brighton and Hove
531907,83216,1,Lewes
536907,83216,1,Lewes
541907,83216,5,Lewes
546907,83216,5,Lewes
551907,83216,1,Wealden
556907,83216,2,Eastbourne
561907,83216,2,Eastbourne
566907,83216,2,Eastbourne
571907,83216,2,Eastbourne
576907,83216,1,Eastbourne
581907,83216,2,Rother
586907,83216,1,Hastings
591907,83216,1,Hastings
596907,83216,1,Rother
601907,83216,1,Rother
606907,83216,2,Folkestone and Hythe
611907,83216,2,Folkestone and Hythe
616907,83216,2,Folkestone and Hythe
621907,83216,2,Folkestone and Hythe
626907,83216,2,Folkestone and Hythe
631907,83216,2,Folkestone and Hythe
636907,83216,2,Folkestone and Hythe
641907,83216,2,Folkestone and Hythe
86907,88216,1,Isles of Scilly
91907,88216,1,Cornwall
96907,88216,1,Cornwall
101907,88216,1,Cornwall
106907,88216,1,Cornwall
111907,88216,1,Cornwall
116907,88216,1,Cornwall
121907,88216,1,Cornwall
126907,88216,1,Cornwall
131907,88216,1,Cornwall
136907,88216,1,Cornwall
141907,88216,2,Cornwall
146907,88216,2,Cornwall
151907,88216,2,Cornwall
156907,88216,2,Cornwall
161907,88216,2,Cornwall
166907,88216,2,Cornwall
171907,88216,2,Cornwall
176907,88216,2,Cornwall
181907,88216,2,Cornwall
186907,88216,2,Cornwall
191907,88216,2,Cornwall
196907,88216,3,Cornwall
201907,88216,1,Cornwall
206907,88216,1,Cornwall
211907,88216,1,Cornwall
216907,88216,1,Cornwall
221907,88216,1,Cornwall
226907,88216,1,Cornwall
231907,88216,1,Cornwall
236907,88216,1,Torridge
241907,88216,1,Torridge
246907,88216,1,West Devon
251907,88216,2,West Devon
256907,88216,1,West Devon
261907,88216,2,West Devon
266907,88216,1,West Devon
271907,88216,1,West Devon
276907,88216,2,Teignbridge
281907,88216,3,Teignbridge
286907,88216,2,Teignbridge
291907,88216,2,Teignbridge
296907,88216,3,East Devon
301907,88216,3,East Devon
306907,88216,4,East Devon
311907,88216,2,East Devon
316907,88216,1,East Devon
321907,88216,1,East Devon
326907,88216,5,East Devon
331907,88216,3,East Devon
336907,88216,2,East Devon
341907,88216,1,East Devon
346907,88216,2,East Devon
351907,88216,1,Dorset
356907,88216,1,Dorset
361907,88216,2,Dorset
366907,88216,1,Dorset
371907,88216,1,Dorset
376907,88216,1,Dorset
381907,88216,1,Dorset
386907,88216,3,Dorset
391907,88216,2,Dorset
396907,88216,2,Dorset
401907,88216,3,"Bournemouth, Christchurch and Poole"
406907,88216,2,"Bournemouth, Christchurch and Poole"
411907,88216,4,"Bournemouth, Christchurch and Poole"
416907,88216,2,"Bournemouth, Christchurch and Poole"
421907,88216,2,"Bournemouth, Christchurch and Poole"
426907,88216,1,New Forest
431907,88216,1,Isle of Wight
436907,88216,1,Isle of Wight
441907,88216,1,Isle of Wight
446907,88216,1,Isle of Wight
451907,88216,2,Isle of Wight
456907,88216,1,Isle of Wight
461907,88216,1,Isle of Wight
466907,88216,1,Isle of Wight
471907,88216,1,Isle of Wight
476907,88216,2,Chichester
481907,88216,1,Chichester
486907,88216,1,Chichester
491907,88216,2,Chichester
496907,88216,1,Arun
501907,88216,4,Arun
506907,88216,3,Arun
511907,88216,3,Arun
516907,88216,4,Worthing
521907,88216,3,Worthing
526907,88216,2,Brighton and Hove
531907,88216,1,Lewes
536907,88216,1,Lewes
541907,88216,5,Lewes
546907,88216,5,Lewes
551907,88216,1,Wealden
556907,88216,1,Eastbourne
561907,88216,2,Eastbourne
566907,88216,2,Eastbourne
571907,88216,1,Eastbourne
576907,88216,5,Eastbourne
581907,88216,2,Rother
586907,88216,2,Hastings
591907,88216,1,Hastings
596907,88216,1,Rother
601907,88216,1,Rother
606907,88216,2,Folkestone and Hythe
611907,88216,2,Folkestone and Hythe
616907,88216,2,Folkestone and Hythe
621907,88216,2,Folkestone and Hythe
626907,88216,2,Folkestone and Hythe
631907,88216,2,Folkestone and Hythe
636907,88216,2,Folkestone and Hythe
641907,88216,2,Folkestone and Hythe
86907,93216,1,Cornwall
91907,93216,1,Cornwall
96907,93216,1,Cornwall
101907,93216,1,Cornwall
106907,93216,1,Cornwall
111907,93216,1,Cornwall
116907,93216,1,Cornwall
121907,93216,1,Cornwall
126907,93216,1,Cornwall
131907,93216,1,Cornwall
136907,93216,2,Cornwall
141907,93216,2,Cornwall
146907,93216,2,Cornwall
151907,93216,2,Cornwall
156907,93216,2,Cornwall
161907,93216,2,Cornwall
166907,93216,2,Cornwall
171907,93216,2,Cornwall
176907,93216,2,Cornwall
181907,93216,2,Cornwall
186907,93216,2,Cornwall
191907,93216,2,Cornwall
196907,93216,1,Cornwall
201907,93216,1,Cornwall
206907,93216,3,Cornwall
211907,93216,3,Cornwall
216907,93216,1,Cornwall
221907,93216,1,Cornwall
226907,93216,1,Cornwall
231907,93216,1,Cornwall
236907,93216,2,Torridge
241907,93216,1,Torridge
246907,93216,1,West Devon
251907,93216,1,West Devon
256907,93216,2,West Devon
261907,93216,2,West Devon
266907,93216,2,West Devon
271907,93216,1,West Devon
276907,93216,1,Mid Devon
281907,93216,3,Mid Devon
286907,93216,2,Mid Devon
291907,93216,1,Mid Devon
296907,93216,2,East Devon
301907,93216,2,East Devon
306907,93216,2,East Devon
311907,93216,1,East Devon
316907,93216,2,East Devon
321907,93216,3,East Devon
326907,93216,2,East Devon
331907,93216,1,East Devon
336907,93216,1,East Devon
341907,93216,2,East Devon
346907,93216,2,Dorset
351907,93216,1,Dorset
356907,93216,1,Dorset
361907,93216,1,Dorset
366907,93216,3,Dorset
371907,93216,3,Dorset
376907,93216,3,Dorset
381907,93216,1,Dorset
386907,93216,1,Dorset
391907,93216,2,Dorset
396907,93216,2,Dorset
401907,93216,2,"Bournemouth, Christchurch and Poole"
406907,93216,1,"Bournemouth, Christchurch and Poole"
411907,93216,5,"Bournemouth, Christchurch and Poole"
416907,93216,2,"Bournemouth, Christchurch and Poole"
421907,93216,1,"Bournemouth, Christchurch and Poole"
426907,93216,1,New Forest
431907,93216,2,New Forest
436907,93216,2,New Forest
441907,93216,2,Isle of Wight
446907,93216,1,Isle of Wight
451907,93216,1,Isle of Wight
456907,93216,1,Isle of Wight
461907,93216,3,Isle of Wight
466907,93216,1,Isle of Wight
471907,93216,4,Havant
476907,93216,1,Chichester
481907,93216,3,Chichester
486907,93216,4,Chichester
491907,93216,3,Chichester
496907,93216,3,Arun
501907,93216,4,Arun
506907,93216,3,Arun
511907,93216,3,Arun
516907,93216,4,Worthing
521907,93216,3,Worthing
526907,93216,2,Brighton and Hove
531907,93216,1,Lewes
536907,93216,1,Lewes
541907,93216,1,Lewes
546907,93216,5,Lewes
551907,93216,1,Wealden
556907,93216,1,Eastbourne
561907,93216,2,Eastbourne
566907,93216,1,Eastbourne
571907,93216,5,Eastbourne
576907,93216,3,Rother
581907,93216,2,Rother
586907,93216,2,Hastings
591907,93216,1,Rother
596907,93216,1,Rother
601907,93216,1,Rother
606907,93216,2,Folkestone and Hythe
611907,93216,2,Folkestone and Hythe
616907,93216,2,Folkestone and Hythe
621907,93216,2,Folkestone and Hythe
626907,93216,2,Folkestone and Hythe
631907,93216,2,Folkestone and Hythe
636907,93216,2,Folkestone and Hythe
641907,93216,2,Folkestone and Hythe
86907,98216,1,Cornwall
91907,98216,1,Cornwall
96907,98216,1,Cornwall
101907,98216,1,Cornwall
106907,98216,1,Cornwall
111907,98216,1,Cornwall
116907,98216,1,Cornwall
121907,98216,1,Cornwall
126907,98216,1,Cornwall
131907,98216,2,Cornwall
136907,98216,2,Cornwall
141907,98216,2,Cornwall
146907,98216,2,Cornwall
151907,98216,2,Cornwall
156907,98216,2,Cornwall
161907,98216,2,Cornwall
166907,98216,2,Cornwall
171907,98216,2,Cornwall
176907,98216,2,Cornwall
181907,98216,2,Cornwall
186907,98216,2,Cornwall
191907,98216,1,Cornwall
196907,98216,1,Cornwall
201907,98216,2,Cornwall
206907,98216,4,Cornwall
211907,98216,1,Cornwall
216907,98216,1,Cornwall
221907,98216,3,Cornwall
226907,98216,1,Cornwall
231907,98216,1,Torridge
236907,98216,2,Torridge
241907,98216,1,Torridge
246907,98216,1,West Devon
251907,98216,1,West Devon
256907,98216,2,West Devon
261907,98216,2,West Devon
266907,98216,2,West Devon
271907,98216,1,West Devon
276907,98216,2,Mid Devon
281907,98216,4,Mid Devon
286907,98216,1,Mid Devon
291907,98216,2,Mid Devon
296907,98216,2,East Devon
301907,98216,2,East Devon
306907,98216,2,East Devon
311907,98216,2,East Devon
316907,98216,1,East Devon
321907,98216,2,East Devon
326907,98216,2,East Devon
331907,98216,1,East Devon
336907,98216,2,East Devon
341907,98216,2,Dorset
346907,98216,2,Dorset
351907,98216,1,Dorset
356907,98216,1,Dorset
361907,98216,1,Dorset
366907,98216,1,Dorset
371907,98216,3,Dorset
376907,98216,3,Dorset
381907,98216,2,Dorset
386907,98216,3,Dorset
391907,98216,1,Dorset
396907,98216,2,Dorset
401907,98216,1,"Bournemouth, Christchurch and Poole"
406907,98216,1,Dorset
411907,98216,1,"Bournemouth, Christchurch and Poole"
416907,98216,3,New Forest
421907,98216,1,New Forest
426907,98216,1,New Forest
431907,98216,3,New Forest
436907,98216,1,New Forest
441907,98216,3,New Forest
446907,98216,1,New Forest
451907,98216,2,Isle of Wight
456907,98216,1,Gosport
461907,98216,1,Gosport
466907,98216,2,Havant
471907,98216,1,Havant
476907,98216,2,Chichester
481907,98216,2,Chichester
486907,98216,4,Chichester
491907,98216,1,Arun
496907,98216,1,Arun
501907,98216,4,Arun
506907,98216,2,Arun
511907,98216,4,Worthing
516907,98216,3,Worthing
521907,98216,5,Adur
526907,98216,2,Brighton and Hove
531907,98216,2,Brighton and Hove
536907,98216,1,Lewes
541907,98216,1,Lewes
546907,98216,4,Lewes
551907,98216,1,Wealden
556907,98216,2,Wealden
561907,98216,1,Eastbourne
566907,98216,5,Eastbourne
571907,98216,5,Rother
576907,98216,2,Rother
581907,98216,2,Hastings
586907,98216,1,Hastings
591907,98216,1,Rother
596907,98216,1,Rother
601907,98216,2,Rother
606907,98216,2,Folkestone and Hythe
611907,98216,2,Folkestone and Hythe
616907,98216,2,Folkestone and Hythe
621907,98216,2,Folkestone and Hythe
626907,98216,2,Folkestone and Hythe
631907,98216,2,Folkestone and Hythe
636907,98216,2,Folkestone and Hythe
641907,98216,2,Folkestone and Hythe
86907,103216,1,Cornwall
91907,103216,1,Cornwall
96907,103216,1,Cornwall
101907,103216,1,Cornwall
106907,103216,1,Cornwall
111907,103216,1,Cornwall
116907,103216,1,Cornwall
121907,103216,1,Cornwall
126907,103216,2,Cornwall
131907,103216,2,Cornwall
136907,103216,2,Cornwall
141907,103216,2,Cornwall
146907,103216,2,Cornwall
151907,103216,2,Cornwall
156907,103216,2,Cornwall
161907,103216,2,Cornwall
166907,103216,2,Cornwall
171907,103216,2,Cornwall
176907,103216,2,Cornwall
181907,103216,2,Cornwall
186907,103216,1,Cornwall
191907,103216,1,Cornwall
196907,103216,1,Cornwall
201907,103216,3,Cornwall
206907,103216,1,Cornwall
211907,103216,2,Cornwall
216907,103216,2,Cornwall
221907,103216,1,Cornwall
226907,103216,1,Torridge
231907,103216,1,Torridge
236907,103216,2,Torridge
241907,103216,1,Torridge
246907,103216,1,Torridge
251907,103216,2,West Devon
256907,103216,1,West Devon
261907,103216,1,West Devon
266907,103216,2,West Devon
271907,103216,2,Mid Devon
276907,103216,2,Mid Devon
281907,103216,2,Mid Devon
286907,103216,1,Mid Devon
291907,103216,2,Mid Devon
296907,103216,1,Mid Devon
301907,103216,2,Mid Devon
306907,103216,1,East Devon
311907,103216,2,East Devon
316907,103216,1,East Devon
321907,103216,2,East Devon
326907,103216,2,East Devon
331907,103216,1,East Devon
336907,103216,1,Dorset
341907,103216,2,Dorset
346907,103216,1,South Somerset
351907,103216,1,Dorset
356907,103216,1,Dorset
361907,103216,1,Dorset
366907,103216,1,Dorset
371907,103216,1,Dorset
376907,103216,1,Dorset
381907,103216,1,Dorset
386907,103216,1,Dorset
391907,103216,2,Dorset
396907,103216,1,Dorset
401907,103216,1,Dorset
406907,103216,2,Dorset
411907,103216,1,Dorset
416907,103216,2,New Forest
421907,103216,1,New Forest
426907,103216,1,New Forest
431907,103216,3,New Forest
436907,103216,1,New Forest
441907,103216,1,New Forest
446907,103216,1,New Forest
451907,103216,2,Fareham
456907,103216,1,Fareham
461907,103216,2,Fareham
466907,103216,3,Havant
471907,103216,3,Havant
476907,103216,4,Chichester
481907,103216,2,Chichester
486907,103216,1,Chichester
491907,103216,2,Chichester
496907,103216,1,Arun
501907,103216,1,Arun
506907,103216,1,Arun
511907,103216,1,Worthing
516907,103216,1,Worthing
521907,103216,5,Adur
526907,103216,2,Brighton and Hove
531907,103216,2,Brighton and Hove
536907,103216,1,Lewes
541907,103216,1,Lewes
546907,103216,2,Lewes
551907,103216,2,Wealden
556907,103216,2,Wealden
561907,103216,2,Eastbourne
566907,103216,5,Wealden
571907,103216,2,Rother
576907,103216,1,Rother
581907,103216,1,Hastings
586907,103216,1,Hastings
591907,103216,1,Rother
596907,103216,2,Rother
601907,103216,3,Folkestone and Hythe
606907,103216,2,Folkestone and Hythe
611907,103216,2,Folkestone and Hythe
616907,103216,2,Folkestone and Hythe
621907,103216,2,Folkestone and Hythe
626907,103216,2,Folkestone and Hythe
631907,103216,2,Folkestone and Hythe
636907,103216,2,Folkestone and Hythe
641907,103216,2,Folkestone and Hythe
86907,108216,1,Cornwall
91907,108216,1,Cornwall
96907,108216,1,Cornwall
101907,108216,1,Cornwall
106907,108216,1,Cornwall
111907,108216,1,Cornwall
116907,108216,1,Cornwall
121907,108216,2,Cornwall
126907,108216,2,Cornwall
131907,108216,2,Cornwall
136907,108216,2,Cornwall
141907,108216,2,Cornwall
146907,108216,2,Cornwall
151907,108216,2,Cornwall
156907,108216,2,Cornwall
161907,108216,2,Cornwall
166907,108216,2,Cornwall
171907,108216,2,Cornwall
176907,108216,2,Cornwall
181907,108216,1,Cornwall
186907,108216,1,Cornwall
191907,108216,1,Cornwall
196907,108216,3,Cornwall
201907,108216,1,Cornwall
206907,108216,2,Cornwall
211907,108216,2,Cornwall
216907,108216,2,Cornwall
221907,108216,1,Cornwall
226907,108216,2,Cornwall
231907,108216,1,Torridge
236907,108216,1,Torridge
241907,108216,2,Torridge
246907,108216,2,Torridge
251907,108216,1,Torridge
256907,108216,2,Torridge
261907,108216,2,West Devon
266907,108216,3,Mid Devon
271907,108216,2,Mid Devon
276907,108216,2,Mid Devon
281907,108216,2,Mid Devon
286907,108216,2,Mid Devon
291907,108216,2,Mid Devon
296907,108216,1,Mid Devon
301907,108216,2,Mid Devon
306907,108216,3,Mid Devon
311907,108216,2,East Devon
316907,108216,2,East Devon
321907,108216,1,East Devon
326907,108216,1,South Somerset
331907,108216,1,South Somerset
336907,108216,1,South Somerset
341907,108216,1,South Somerset
346907,108216,1,South Somerset
351907,108216,1,Dorset
356907,108216,1,Dorset
361907,108216,1,Dorset
366907,108216,1,Dorset
371907,108216,1,Dorset
376907,108216,1,Dorset
381907,108216,1,Dorset
386907,108216,1,Dorset
391907,108216,1,Dorset
396907,108216,1,Dorset
401907,108216,1,Dorset
406907,108216,2,Dorset
411907,108216,1,New Forest
416907,108216,4,New Forest
421907,108216,1,New Forest
426907,108216,2,New Forest
431907,108216,2,New Forest
436907,108216,3,New Forest
441907,108216,2,New Forest
446907,108216,1,Eastleigh
451907,108216,1,Fareham
456907,108216,1,Fareham
461907,108216,1,Winchester
466907,108216,1,Winchester
471907,108216,1,Havant
476907,108216,2,Chichester
481907,108216,1,Chichester
486907,108216,1,Chichester
491907,108216,1,Chichester
496907,108216,1,Arun
501907,108216,1,Arun
506907,108216,1,Arun
511907,108216,1,Arun
516907,108216,1,Horsham
521907,108216,1,Adur
526907,108216,1,Brighton and Hove
531907,108216,1,Mid Sussex
536907,108216,1,Lewes
541907,108216,1,Lewes
546907,108216,2,Wealden
551907,108216,2,Wealden
556907,108216,2,Wealden
561907,108216,1,Wealden
566907,108216,3,Wealden
571907,108216,1,Rother
576907,108216,2,Hastings
581907,108216,3,Hastings
586907,108216,1,Rother
591907,108216,2,Rother
596907,108216,3,Rother
601907,108216,3,Folkestone and Hythe
606907,108216,2,Folkestone and Hythe
611907,108216,2,Folkestone and Hythe
616907,108216,2,Folkestone and Hythe
621907,108216,2,Folkestone and Hythe
626907,108216,2,Folkestone and Hythe
631907,108216,2,Folkestone and Hythe
636907,108216,2,Folkestone and Hythe
641907,108216,2,Folkestone and Hythe
86907,113216,1,Cornwall
91907,113216,1,Cornwall
96907,113216,1,Cornwall
101907,113216,1,Cornwall
106907,113216,1,Cornwall
111907,113216,1,Cornwall
116907,113216,1,Cornwall
121907,113216,2,Cornwall
126907,113216,2,Cornwall
131907,113216,2,Cornwall
136907,113216,2,Cornwall
141907,113216,2,Cornwall
146907,113216,2,Cornwall
151907,113216,2,Cornwall
156907,113216,2,Cornwall
161907,113216,2,Cornwall
166907,113216,2,Cornwall
171907,113216,2,Cornwall
176907,113216,2,Cornwall
181907,113216,1,Cornwall
186907,113216,1,Cornwall
191907,113216,2,Cornwall
196907,113216,2,Cornwall
201907,113216,3,Cornwall
206907,113216,2,Cornwall
211907,113216,2,Cornwall
216907,113216,2,Cornwall
221907,113216,2,Cornwall
226907,113216,1,Cornwall
231907,113216,1,Torridge
236907,113216,1,Torridge
241907,113216,1,Torridge
246907,113216,1,Torridge
251907,113216,1,Torridge
256907,113216,1,Torridge
261907,113216,2,Torridge
266907,113216,2,Mid Devon
271907,113216,1,Mid Devon
276907,113216,3,North Devon
281907,113216,1,Mid Devon
286907,113216,1,Mid Devon
291907,113216,2,Mid Devon
296907,113216,2,Mid Devon
301907,113216,2,Mid Devon
306907,113216,2,Mid Devon
311907,113216,3,Mid Devon
316907,113216,1,Mid Devon
321907,113216,2,Somerset West and Taunton
326907,113216,1,South Somerset
331907,113216,1,South Somerset
336907,113216,2,South Somerset
341907,113216,1,South Somerset
346907,113216,1,South Somerset
351907,113216,2,South Somerset
356907,113216,2,South Somerset
361907,113216,2,Dorset
366907,113216,1,Dorset
371907,113216,1,Dorset
376907,113216,1,Dorset
381907,113216,1,Dorset
386907,113216,1,Dorset
391907,113216,2,Dorset
396907,113216,1,Dorset
401907,113216,2,Dorset
406907,113216,1,Dorset
411907,113216,1,New Forest
416907,113216,4,New Forest
421907,113216,2,New Forest
426907,113216,2,New Forest
431907,113216,2,New Forest
436907,113216,2,New Forest
441907,113216,2,Southampton
446907,113216,2,Southampton
451907,113216,2,Winchester
456907,113216,1,Winchester
461907,113216,1,Winchester
466907,113216,1,Winchester
471907,113216,2,Chichester
476907,113216,2,Chichester
481907,113216,1,Chichester
486907,113216,4,Chichester
491907,113216,3,Chichester
496907,113216,1,Chichester
501907,113216,2,Chichester
506907,113216,1,Horsham
511907,113216,1,Horsham
516907,113216,2,Horsham
521907,113216,1,Horsham
526907,113216,1,Mid Sussex
531907,113216,1,Mid Sussex
536907,113216,1,Mid Sussex
541907,113216,2,Lewes
546907,113216,2,Wealden
551907,113216,1,Wealden
556907,113216,2,Wealden
561907,113216,1,Wealden
566907,113216,1,Wealden
571907,113216,2,Rother
576907,113216,2,Rother
581907,113216,2,Rother
586907,113216,1,Rother
591907,113216,3,Rother
596907,113216,4,Rother
601907,113216,3,Rother
606907,113216,2,Folkestone and Hythe
611907,113216,2,Folkestone and Hythe
616907,113216,2,Folkestone and Hythe
621907,113216,2,Folkestone and Hythe
626907,113216,2,Folkestone and Hythe
631907,113216,2,Folkestone and Hythe
636907,113216,2,Folkestone and Hythe
641907,113216,1,Dover
86907,118216,1,Cornwall
91907,118216,1,Cornwall
96907,118216,1,Cornwall
101907,118216,1,Cornwall
106907,118216,1,Cornwall
111907,118216,1,Cornwall
116907,118216,2,Cornwall
121907,118216,2,Cornwall
126907,118216,2,Cornwall
131907,118216,2,Cornwall
136907,118216,2,Cornwall
141907,118216,2,Cornwall
146907,118216,2,Cornwall
151907,118216,2,Cornwall
156907,118216,2,Cornwall
161907,118216,2,Cornwall
166907,118216,2,Cornwall
171907,118216,2,Cornwall
176907,118216,1,Cornwall
181907,118216,1,Cornwall
186907,118216,2,Cornwall
191907,118216,2,Cornwall
196907,118216,2,Cornwall
201907,118216,2,Cornwall
206907,118216,2,Cornwall
211907,118216,2,Cornwall
216907,118216,1,Cornwall
221907,118216,1,Torridge
226907,118216,1,Torridge
231907,118216,2,Torridge
236907,118216,1,Torridge
241907,118216,2,Torridge
246907,118216,1,Torridge
251907,118216,1,Torridge
256907,118216,1,Torridge
261907,118216,1,North Devon
266907,118216,2,North Devon
271907,118216,3,North Devon
276907,118216,1,North Devon
281907,118216,2,North Devon
286907,118216,1,North Devon
291907,118216,1,Mid Devon
296907,118216,2,Mid Devon
301907,118216,2,Mid Devon
306907,118216,2,Mid Devon
311907,118216,1,Somerset West and Taunton
316907,118216,1,Mid Devon
321907,118216,1,Somerset West and Taunton
326907,118216,1,South Somerset
331907,118216,2,South Somerset
336907,118216,2,South Somerset
341907,118216,1,South Somerset
346907,118216,2,South Somerset
351907,118216,1,South Somerset
356907,118216,1,South Somerset
361907,118216,2,South Somerset
366907,118216,1,Dorset
371907,118216,1,Dorset
376907,118216,1,Dorset
381907,118216,1,Dorset
386907,118216,1,Dorset
391907,118216,1,Dorset
396907,118216,1,Dorset
401907,118216,2,Dorset
406907,118216,2,Dorset
411907,118216,1,Dorset
416907,118216,3,New Forest
421907,118216,2,New Forest
426907,118216,1,Test Valley
431907,118216,2,New Forest
436907,118216,1,Test Valley
441907,118216,1,Test Valley
446907,118216,2,Eastleigh
451907,118216,1,Winchester
456907,118216,1,Winchester
461907,118216,1,Winchester
466907,118216,1,East Hampshire
471907,118216,1,East Hampshire
476907,118216,2,Chichester
481907,118216,1,Chichester
486907,118216,1,Chichester
491907,118216,1,Chichester
496907,118216,1,Chichester
501907,118216,1,Chichester
506907,118216,1,Horsham
511907,118216,1,Horsham
516907,118216,1,Horsham
521907,118216,1,Horsham
526907,118216,1,Mid Sussex
531907,118216,1,Mid Sussex
536907,118216,1,Lewes
541907,118216,2,Wealden
546907,118216,2,Wealden
551907,118216,1,Wealden
556907,118216,2,Wealden
561907,118216,1,Wealden
566907,118216,1,Rother
571907,118216,1,Rother
576907,118216,2,Rother
581907,118216,1,Rother
586907,118216,1,Rother
591907,118216,2,Rother
596907,118216,4,Rother
601907,118216,3,Rother
606907,118216,2,Folkestone and Hythe
611907,118216,2,Folkestone and Hythe
616907,118216,2,Folkestone and Hythe
621907,118216,2,Folkestone and Hythe
626907,118216,1,Folkestone and Hythe
631907,118216,2,Folkestone and Hythe
636907,118216,2,Folkestone and Hythe
641907,118216,1,Dover
86907,123216,1,Cornwall
91907,123216,1,Cornwall
96907,123216,1,Cornwall
101907,123216,1,Cornwall
106907,123216,1,Cornwall
111907,123216,2,Cornwall
116907,123216,2,Cornwall
121907,123216,2,Cornwall
126907,123216,2,Cornwall
131907,123216,2,Cornwall
136907,123216,2,Cornwall
141907,123216,2,Cornwall
146907,123216,2,Cornwall
151907,123216,2,Cornwall
156907,123216,2,Cornwall
161907,123216,2,Cornwall
166907,123216,2,Cornwall
171907,123216,1,Cornwall
176907,123216,1,Cornwall
181907,123216,2,Cornwall
186907,123216,2,Cornwall
191907,123216,2,Cornwall
196907,123216,2,Cornwall
201907,123216,1,Torridge
206907,123216,1,Torridge
211907,123216,1,Torridge
216907,123216,1,Torridge
221907,123216,1,Torridge
226907,123216,1,Torridge
231907,123216,2,Torridge
236907,123216,1,Torridge
241907,123216,1,Torridge
246907,123216,3,Torridge
251907,123216,1,Torridge
256907,123216,3,North Devon
261907,123216,2,North Devon
266907,123216,1,North Devon
271907,123216,2,North Devon
276907,123216,1,North Devon
281907,123216,1,North Devon
286907,123216,1,Mid Devon
291907,123216,3,Mid Devon
296907,123216,3,Mid Devon
301907,123216,1,Mid Devon
306907,123216,2,Somerset West and Taunton
311907,123216,1,Somerset West and Taunton
316907,123216,1,Somerset West and Taunton
321907,123216,1,Somerset West and Taunton
326907,123216,2,South Somerset
331907,123216,2,South Somerset
336907,123216,1,South Somerset
341907,123216,3,South Somerset
346907,123216,1,South Somerset
351907,123216,2,South Somerset
356907,123216,2,South Somerset
361907,123216,2,South Somerset
366907,123216,2,South Somerset
371907,123216,1,Dorset
376907,123216,1,Dorset
381907,123216,1,Dorset
386907,123216,1,Dorset
391907,123216,1,Dorset
396907,123216,1,Dorset
401907,123216,2,Dorset
406907,123216,2,Dorset
411907,123216,1,Dorset
416907,123216,1,Test Valley
421907,123216,1,Test Valley
426907,123216,1,Test Valley
431907,123216,2,Test Valley
436907,123216,1,Test Valley
441907,123216,1,Test Valley
446907,123216,2,Winchester
451907,123216,1,Winchester
456907,123216,1,Winchester
461907,123216,3,Winchester
466907,123216,2,East Hampshire
471907,123216,2,East Hampshire
476907,123216,1,East Hampshire
481907,123216,2,Chichester
486907,123216,1,Chichester
491907,123216,1,Chichester
496907,123216,1,Chichester
501907,123216,1,Chichester
506907,123216,1,Horsham
511907,123216,1,Horsham
516907,123216,1,Horsham
521907,123216,1,Horsham
526907,123216,1,Mid Sussex
531907,123216,1,Mid Sussex
536907,123216,1,Mid Sussex
541907,123216,1,Wealden
546907,123216,2,Wealden
551907,123216,1,Wealden
556907,123216,1,Wealden
561907,123216,1,Wealden
566907,123216,1,Rother
571907,123216,2,Rother
576907,123216,1,Rother
581907,123216,1,Rother
586907,123216,1,Rother
591907,123216,1,Rother
596907,123216,4,Folkestone and Hythe
601907,123216,3,Folkestone and Hythe
606907,123216,1,Folkestone and Hythe
611907,123216,3,Folkestone and Hythe
616907,123216,3,Folkestone and Hythe
621907,123216,1,Folkestone and Hythe
626907,123216,2,Folkestone and Hythe
631907,123216,2,Folkestone and Hythe
636907,123216,1,Dover
641907,123216,1,Dover
86907,128216,1,Cornwall
91907,128216,1,Cornwall
96907,128216,1,Cornwall
101907,128216,1,Cornwall
106907,128216,2,Cornwall
111907,128216,2,Cornwall
116907,128216,2,Cornwall
121907,128216,2,Cornwall
126907,128216,2,Cornwall
131907,128216,2,Cornwall
136907,128216,2,Cornwall
141907,128216,2,Cornwall
146907,128216,2,Cornwall
151907,128216,2,Cornwall
156907,128216,2,Cornwall
161907,128216,2,Cornwall
166907,128216,1,Cornwall
171907,128216,2,Cornwall
176907,128216,2,Cornwall
181907,128216,1,Torridge
186907,128216,1,Torridge
191907,128216,1,Torridge
196907,128216,1,Torridge
201907,128216,1,Torridge
206907,128216,1,Torridge
211907,128216,1,Torridge
216907,128216,1,Torridge
221907,128216,1,Torridge
226907,128216,2,Torridge
231907,128216,2,Torridge
236907,128216,1,Torridge
241907,128216,1,Torridge
246907,128216,1,North Devon
251907,128216,1,North Devon
256907,128216,3,North Devon
261907,128216,2,North Devon
266907,128216,1,North Devon
271907,128216,1,North Devon
276907,128216,2,North Devon
281907,128216,1,North Devon
286907,128216,1,North Devon
291907,128216,2,Somerset West and Taunton
296907,128216,3,Somerset West and Taunton
301907,128216,2,Mid Devon
306907,128216,2,Somerset West and Taunton
311907,128216,1,Somerset West and Taunton
316907,128216,1,Somerset West and Taunton
321907,128216,1,Somerset West and Taunton
326907,128216,2,South Somerset
331907,128216,2,South Somerset
336907,128216,2,South Somerset
341907,128216,1,South Somerset
346907,128216,1,South Somerset
351907,128216,1,South Somerset
356907,128216,1,South Somerset
361907,128216,1,South Somerset
366907,128216,2,South Somerset
371907,128216,2,Wiltshire
376907,128216,1,Wiltshire
381907,128216,1,Wiltshire
386907,128216,1,Wiltshire
391907,128216,1,Wiltshire
396907,128216,2,Wiltshire
401907,128216,2,Wiltshire
406907,128216,1,Wiltshire
411907,128216,1,Dorset
416907,128216,1,Test Valley
421907,128216,2,Test Valley
426907,128216,2,Test Valley
431907,128216,2,Test Valley
436907,128216,1,Test Valley
441907,128216,2,Winchester
446907,128216,1,Winchester
451907,128216,1,Winchester
456907,128216,2,Winchester
461907,128216,1,Winchester
466907,128216,1,East Hampshire
471907,128216,2,East Hampshire
476907,128216,1,East Hampshire
481907,128216,1,Chichester
486907,128216,1,Chichester
491907,128216,1,Chichester
496907,128216,1,Chichester
501907,128216,1,Chichester
506907,128216,1,Horsham
511907,128216,1,Horsham
516907,128216,1,Horsham
521907,128216,1,Horsham
526907,128216,1,Mid Sussex
531907,128216,1,Mid Sussex
536907,128216,1,Mid Sussex
541907,128216,1,Wealden
546907,128216,1,Wealden
551907,128216,2,Wealden
556907,128216,1,Wealden
561907,128216,1,Wealden
566907,128216,2,Rother
571907,128216,2,Rother
576907,128216,2,Tunbridge Wells
581907,128216,1,Tunbridge Wells
586907,128216,3,Ashford
591907,128216,1,Ashford
596907,128216,3,Ashford
601907,128216,4,Folkestone and Hythe
606907,128216,4,Folkestone and Hythe
611907,128216,4,Folkestone and Hythe
616907,128216,4,Folkestone and Hythe
621907,128216,1,Folkestone and Hythe
626907,128216,2,Folkestone and Hythe
631907,128216,2,Folkestone and Hythe
636907,128216,1,Dover
641907,128216,1,Dover
86907,133216,1,Cornwall
91907,133216,1,Cornwall
96907,133216,1,Cornwall
101907,133216,2,Cornwall
106907,133216,2,Cornwall
111907,133216,2,Cornwall
116907,133216,2,Cornwall
121907,133216,2,Cornwall
126907,133216,2,Cornwall
131907,133216,2,Cornwall
136907,133216,2,Cornwall
141907,133216,2,Cornwall
146907,133216,2,Cornwall
151907,133216,2,Cornwall
156907,133216,2,Cornwall
161907,133216,1,Torridge
166907,133216,1,Torridge
171907,133216,1,Torridge
176907,133216,1,Torridge
181907,133216,1,Torridge
186907,133216,1,Torridge
191907,133216,1,Torridge
196907,133216,1,Torridge
201907,133216,1,Torridge
206907,133216,1,Torridge
211907,133216,1,Torridge
216907,133216,1,Torridge
221907,133216,2,Torridge
226907,133216,2,Torridge
231907,133216,2,Torridge
236907,133216,1,Torridge
241907,133216,2,Torridge
246907,133216,3,North Devon
251907,133216,1,North Devon
256907,133216,1,North Devon
261907,133216,1,North Devon
266907,133216,1,North Devon
271907,133216,1,North Devon
276907,133216,2,North Devon
281907,133216,2,North Devon
286907,133216,2,Somerset West and Taunton
291907,133216,4,Somerset West and Taunton
296907,133216,2,Somerset West and Taunton
301907,133216,2,Somerset West and Taunton
306907,133216,3,Somerset West and Taunton
311907,133216,2,Somerset West and Taunton
316907,133216,1,Somerset West and Taunton
321907,133216,1,Somerset West and Taunton
326907,133216,2,South Somerset
331907,133216,3,South Somerset
336907,133216,3,South Somerset
341907,133216,1,South Somerset
346907,133216,1,South Somerset
351907,133216,1,South Somerset
356907,133216,2,Mendip
361907,133216,1,South Somerset
366907,133216,3,South Somerset
371907,133216,2,South Somerset
376907,133216,1,Wiltshire
381907,133216,4,Wiltshire
386907,133216,2,Wiltshire
391907,133216,2,Wiltshire
396907,133216,2,Wiltshire
401907,133216,2,Wiltshire
406907,133216,2,Wiltshire
411907,133216,2,Wiltshire
416907,133216,2,Test Valley
421907,133216,2,Test Valley
426907,133216,1,Test Valley
431907,133216,1,Test Valley
436907,133216,2,Test Valley
441907,133216,1,Winchester
446907,133216,2,Winchester
451907,133216,1,Winchester
456907,133216,1,Winchester
461907,133216,1,Winchester
466907,133216,2,East Hampshire
471907,133216,1,East Hampshire
476907,133216,1,East Hampshire
481907,133216,1,East Hampshire
486907,133216,1,East Hampshire
491907,133216,1,Waverley
496907,133216,1,Chichester
501907,133216,1,Chichester
506907,133216,1,Horsham
511907,133216,1,Horsham
516907,133216,1,Horsham
521907,133216,1,Horsham
526907,133216,1,Mid Sussex
531907,133216,1,Mid Sussex
536907,133216,1,Mid Sussex
541907,133216,1,Wealden
546907,133216,2,Wealden
551907,133216,2,Wealden
556907,133216,1,Wealden
561907,133216,1,Wealden
566907,133216,2,Tunbridge Wells
571907,133216,1,Tunbridge Wells
576907,133216,1,Tunbridge Wells
581907,133216,1,Tunbridge Wells
586907,133216,2,Ashford
591907,133216,1,Ashford
596907,133216,1,Ashford
601907,133216,2,Ashford
606907,133216,4,Ashford
611907,133216,5,Folkestone and Hythe
616907,133216,5,Folkestone and Hythe
621907,133216,2,Folkestone and Hythe
626907,133216,1,Folkestone and Hythe
631907,133216,1,Dover
636907,133216,1,Dover
641907,133216,1,Dover
86907,138216,1,Cornwall
91907,138216,1,Cornwall
96907,138216,2,Cornwall
101907,138216,2,Cornwall
106907,138216,2,Cornwall
111907,138216,2,Cornwall
116907,138216,2,Cornwall
121907,138216,2,Cornwall
126907,138216,2,Cornwall
131907,138216,2,Cornwall
136907,138216,2,Cornwall
141907,138216,2,Cornwall
146907,138216,2,Cornwall
151907,138216,2,Cornwall
156907,138216,2,Torridge
161907,138216,1,Torridge
166907,138216,1,Torridge
171907,138216,1,Torridge
176907,138216,1,Torridge
181907,138216,1,Torridge
186907,138216,1,Torridge
191907,138216,1,Torridge
196907,138216,1,Torridge
201907,138216,1,Torridge
206907,138216,1,Torridge
211907,138216,1,Torridge
216907,138216,2,Torridge
221907,138216,2,Torridge
226907,138216,2,Torridge
231907,138216,1,North Devon
236907,138216,1,North Devon
241907,138216,1,North Devon
246907,138216,2,North Devon
251907,138216,2,North Devon
256907,138216,1,North Devon
261907,138216,1,North Devon
266907,138216,1,North Devon
271907,138216,1,North Devon
276907,138216,1,Somerset West and Taunton
281907,138216,1,Somerset West and Taunton
286907,138216,2,Somerset West and Taunton
291907,138216,1,Somerset West and Taunton
296907,138216,1,Somerset West and Taunton
301907,138216,2,Somerset West and Taunton
306907,138216,2,Somerset West and Taunton
311907,138216,2,Somerset West and Taunton
316907,138216,2,Somerset West and Taunton
321907,138216,2,Somerset West and Taunton
326907,138216,3,South Somerset
331907,138216,2,South Somerset
336907,138216,2,South Somerset
341907,138216,2,Mendip
346907,138216,3,Mendip
351907,138216,1,Mendip
356907,138216,2,South Somerset
361907,138216,2,South Somerset
366907,138216,1,South Somerset
371907,138216,2,South Somerset
376907,138216,1,Wiltshire
381907,138216,1,Wiltshire
386907,138216,3,Wiltshire
391907,138216,2,Wiltshire
396907,138216,3,Wiltshire
401907,138216,2,Wiltshire
406907,138216,2,Wiltshire
411907,138216,2,Wiltshire
416907,138216,1,Test Valley
421907,138216,1,Test Valley
426907,138216,2,Test Valley
431907,138216,1,Test Valley
436907,138216,2,Test Valley
441907,138216,1,Test Valley
446907,138216,1,Winchester
451907,138216,2,Winchester
456907,138216,1,Winchester
461907,138216,1,Winchester
466907,138216,2,East Hampshire
471907,138216,2,East Hampshire
476907,138216,2,East Hampshire
481907,138216,2,East Hampshire
486907,138216,1,Waverley
491907,138216,1,Waverley
496907,138216,1,Waverley
501907,138216,1,Waverley
506907,138216,1,Waverley
511907,138216,2,Waverley
516907,138216,1,Horsham
521907,138216,1,Horsham
526907,138216,1,Crawley
531907,138216,2,Mid Sussex
536907,138216,1,Mid Sussex
541907,138216,1,Wealden
546907,138216,1,Wealden
551907,138216,1,Sevenoaks
556907,138216,1,Sevenoaks
561907,138216,2,Tunbridge Wells
566907,138216,2,Tunbridge Wells
571907,138216,2,Tunbridge Wells
576907,138216,1,Tunbridge Wells
581907,138216,4,Ashford
586907,138216,1,Ashford
591907,138216,2,Ashford
596907,138216,1,Ashford
601907,138216,1,Ashford
606907,138216,1,Ashford
611907,138216,1,Folkestone and Hythe
616907,138216,1,Folkestone and Hythe
621907,138216,1,Folkestone and Hythe
626907,138216,1,Dover
631907,138216,1,Dover
636907,138216,1,Dover
641907,138216,2,Dover
86907,143216,1,Cornwall
91907,143216,2,Cornwall
96907,143216,2,Cornwall
101907,143216,2,Cornwall
106907,143216,2,Cornwall
111907,143216,2,Cornwall
116907,143216,2,Cornwall
121907,143216,2,Cornwall
126907,143216,2,Cornwall
131907,143216,2,Cornwall
136907,143216,2,Cornwall
141907,143216,2,Cornwall
146907,143216,2,Torridge
151907,143216,1,Torridge
156907,143216,1,Torridge
161907,143216,1,Torridge
166907,143216,1,Torridge
171907,143216,1,Torridge
176907,143216,1,Torridge
181907,143216,1,Torridge
186907,143216,1,Torridge
191907,143216,1,Torridge
196907,143216,1,Torridge
201907,143216,1,Torridge
206907,143216,1,Torridge
211907,143216,1,Torridge
216907,143216,2,Torridge
221907,143216,2,Torridge
226907,143216,1,Torridge
231907,143216,1,North Devon
236907,143216,1,North Devon
241907,143216,2,North Devon
246907,143216,2,North Devon
251907,143216,1,North Devon
256907,143216,1,North Devon
261907,143216,2,North Devon
266907,143216,2,North Devon
271907,143216,3,Somerset West and Taunton
276907,143216,2,Somerset West and Taunton
281907,143216,1,Somerset West and Taunton
286907,143216,2,Somerset West and Taunton
291907,143216,2,Somerset West and Taunton
296907,143216,2,Somerset West and Taunton
301907,143216,1,Somerset West and Taunton
306907,143216,4,Somerset West and Taunton
311907,143216,2,Somerset West and Taunton
316907,143216,2,Somerset West and Taunton
321907,143216,2,Somerset West and Taunton
326907,143216,5,Sedgemoor
331907,143216,3,Sedgemoor
336907,143216,1,Sedgemoor
341907,143216,2,Sedgemoor
346907,143216,2,Sedgemoor
351907,143216,2,Mendip
356907,143216,1,Mendip
361907,143216,1,Mendip
366907,143216,1,Mendip
371907,143216,1,Mendip
376907,143216,2,Mendip
381907,143216,1,Wiltshire
386907,143216,2,Wiltshire
391907,143216,2,Wiltshire
396907,143216,2,Wiltshire
401907,143216,3,Wiltshire
406907,143216,2,Wiltshire
411907,143216,2,Wiltshire
416907,143216,1,Wiltshire
421907,143216,1,Test Valley
426907,143216,1,Test Valley
431907,143216,2,Test Valley
436907,143216,2,Test Valley
441907,143216,1,Test Valley
446907,143216,1,Basingstoke and Deane
451907,143216,2,Winchester
456907,143216,1,Winchester
461907,143216,1,Basingstoke and Deane
466907,143216,1,East Hampshire
471907,143216,2,East Hampshire
476907,143216,2,East Hampshire
481907,143216,2,East Hampshire
486907,143216,3,Waverley
491907,143216,2,Guildford
496907,143216,2,Guildford
501907,143216,1,Waverley
506907,143216,2,Waverley
511907,143216,2,Horsham
516907,143216,1,Mole Valley
521907,143216,2,Horsham
526907,143216,2,Crawley
531907,143216,1,Tandridge
536907,143216,1,Tandridge
541907,143216,1,Tandridge
546907,143216,2,Sevenoaks
551907,143216,2,Sevenoaks
556907,143216,2,Tunbridge Wells
561907,143216,2,Tunbridge Wells
566907,143216,1,Tunbridge Wells
571907,143216,4,Tunbridge Wells
576907,143216,1,Maidstone
581907,143216,3,Tunbridge Wells
586907,143216,3,Ashford
591907,143216,2,Ashford
596907,143216,1,Ashford
601907,143216,2,Ashford
606907,143216,1,Ashford
611907,143216,2,Folkestone and Hythe
616907,143216,2,Folkestone and Hythe
621907,143216,1,Folkestone and Hythe
626907,143216,2,Dover
631907,143216,1,Dover
636907,143216,2,Dover
641907,143216,2,Dover
86907,148216,2,Cornwall
91907,148216,2,Cornwall
96907,148216,2,Cornwall
101907,148216,2,Cornwall
106907,148216,2,Cornwall
111907,148216,2,Cornwall
116907,148216,2,Cornwall
121907,148216,2,Cornwall
126907,148216,2,Cornwall
131907,148216,2,Cornwall
136907,148216,2,Cornwall
141907,148216,1,Torridge
146907,148216,1,Torridge
151907,148216,1,Torridge
156907,148216,1,Torridge
161907,148216,1,Torridge
166907,148216,1,Torridge
171907,148216,1,Torridge
176907,148216,1,Torridge
181907,148216,1,Torridge
186907,148216,1,Torridge
191907,148216,1,Torridge
196907,148216,1,Torridge
201907,148216,1,Torridge
206907,148216,1,Torridge
211907,148216,2,Torridge
216907,148216,2,Torridge
221907,148216,2,Torridge
226907,148216,1,North Devon
231907,148216,1,North Devon
236907,148216,1,North Devon
241907,148216,1,North Devon
246907,148216,1,North Devon
251907,148216,3,North Devon
256907,148216,3,North Devon
261907,148216,2,North Devon
266907,148216,3,North Devon
271907,148216,2,North Devon
276907,148216,2,North Devon
281907,148216,2,Somerset West and Taunton
286907,148216,3,Somerset West and Taunton
291907,148216,2,Somerset West and Taunton
296907,148216,1,Somerset West and Taunton
301907,148216,3,Somerset West and Taunton
306907,148216,3,Somerset West and Taunton
311907,148216,2,Somerset West and Taunton
316907,148216,2,Somerset West and Taunton
321907,148216,5,Sedgemoor
326907,148216,5,Sedgemoor
331907,148216,4,Sedgemoor
336907,148216,3,Sedgemoor
341907,148216,1,Sedgemoor
346907,148216,2,Mendip
351907,148216,1,Mendip
356907,148216,1,Mendip
361907,148216,2,Mendip
366907,148216,1,Mendip
371907,148216,2,Mendip
376907,148216,1,Mendip
381907,148216,1,Wiltshire
386907,148216,1,Wiltshire
391907,148216,1,Wiltshire
396907,148216,2,Wiltshire
401907,148216,2,Wiltshire
406907,148216,1,Wiltshire
411907,148216,1,Wiltshire
416907,148216,1,Wiltshire
421907,148216,1,Wiltshire
426907,148216,1,Test Valley
431907,148216,1,Test Valley
436907,148216,1,Test Valley
441907,148216,1,Basingstoke and Deane
446907,148216,2,Basingstoke and Deane
451907,148216,1,Basingstoke and Deane
456907,148216,1,Basingstoke and Deane
461907,148216,1,Basingstoke and Deane
466907,148216,1,Basingstoke and Deane
471907,148216,2,Hart
476907,148216,1,Hart
481907,148216,2,Waverley
486907,148216,2,Rushmoor
491907,148216,1,Guildford
496907,148216,1,Guildford
501907,148216,2,Guildford
506907,148216,2,Guildford
511907,148216,1,Guildford
516907,148216,1,Mole Valley
521907,148216,1,Mole Valley
526907,148216,1,Reigate and Banstead
531907,148216,1,Tandridge
536907,148216,1,Tandridge
541907,148216,1,Sevenoaks
546907,148216,1,Sevenoaks
551907,148216,2,Sevenoaks
556907,148216,3,Tonbridge and Malling
561907,148216,1,Tonbridge and Malling
566907,148216,5,Tonbridge and Malling
571907,148216,4,Maidstone
576907,148216,2,Maidstone
581907,148216,1,Maidstone
586907,148216,1,Maidstone
591907,148216,3,Ashford
596907,148216,1,Ashford
601907,148216,2,Ashford
606907,148216,2,Ashford
611907,148216,1,Folkestone and Hythe
616907,148216,2,Folkestone and Hythe
621907,148216,1,Dover
626907,148216,1,Dover
631907,148216,1,Dover
636907,148216,1,Dover
641907,148216,2,Dover
86907,153216,2,Cornwall
91907,153216,2,Cornwall
96907,153216,2,Cornwall
101907,153216,2,Cornwall
106907,153216,2,Cornwall
111907,153216,2,Cornwall
116907,153216,2,Cornwall
121907,153216,2,Cornwall
126907,153216,2,Cornwall
131907,153216,2,Cornwall
136907,153216,1,Torridge
141907,153216,1,Torridge
146907,153216,1,Torridge
151907,153216,1,Torridge
156907,153216,1,Torridge
161907,153216,1,Torridge
166907,153216,1,Torridge
171907,153216,1,Torridge
176907,153216,1,Torridge
181907,153216,1,Torridge
186907,153216,1,Torridge
191907,153216,1,Torridge
196907,153216,1,Torridge
201907,153216,1,Torridge
206907,153216,2,Torridge
211907,153216,2,Torridge
216907,153216,2,Torridge
221907,153216,1,North Devon
226907,153216,1,North Devon
231907,153216,1,North Devon
236907,153216,1,North Devon
241907,153216,1,North Devon
246907,153216,4,North Devon
251907,153216,3,North Devon
256907,153216,3,North Devon
261907,153216,3,North Devon
266907,153216,2,North Devon
271907,153216,2,North Devon
276907,153216,2,North Devon
281907,153216,2,North Devon
286907,153216,3,Somerset West and Taunton
291907,153216,2,Somerset West and Taunton
296907,153216,1,Somerset West and Taunton
301907,153216,2,Somerset West and Taunton
306907,153216,3,Somerset West and Taunton
311907,153216,3,Somerset West and Taunton
316907,153216,2,Somerset West and Taunton
321907,153216,5,Sedgemoor
326907,153216,5,Sedgemoor
331907,153216,5,Sedgemoor
336907,153216,2,Sedgemoor
341907,153216,1,Sedgemoor
346907,153216,2,Sedgemoor
351907,153216,1,Mendip
356907,153216,1,Mendip
361907,153216,2,Mendip
366907,153216,1,Bath and North East Somerset
371907,153216,1,Mendip
376907,153216,2,Mendip
381907,153216,1,Mendip
386907,153216,1,Wiltshire
391907,153216,1,Wiltshire
396907,153216,1,Wiltshire
401907,153216,1,Wiltshire
406907,153216,1,Wiltshire
411907,153216,1,Wiltshire
416907,153216,1,Wiltshire
421907,153216,1,Wiltshire
426907,153216,1,Wiltshire
431907,153216,2,Wiltshire
436907,153216,3,Test Valley
441907,153216,2,Basingstoke and Deane
446907,153216,1,Basingstoke and Deane
451907,153216,1,Basingstoke and Deane
456907,153216,1,Basingstoke and Deane
461907,153216,1,Basingstoke and Deane
466907,153216,2,Basingstoke and Deane
471907,153216,1,Hart
476907,153216,1,Hart
481907,153216,4,Hart
486907,153216,2,Rushmoor
491907,153216,1,Guildford
496907,153216,1,Guildford
501907,153216,2,Guildford
506907,153216,2,Guildford
511907,153216,2,Guildford
516907,153216,2,Mole Valley
521907,153216,1,Reigate and Banstead
526907,153216,1,Reigate and Banstead
531907,153216,1,Reigate and Banstead
536907,153216,2,Tandridge
541907,153216,1,Tandridge
546907,153216,2,Sevenoaks
551907,153216,1,Sevenoaks
556907,153216,1,Sevenoaks
561907,153216,2,Tonbridge and Malling
566907,153216,1,Tonbridge and Malling
571907,153216,1,Maidstone
576907,153216,1,Maidstone
581907,153216,2,Maidstone
586907,153216,2,Maidstone
591907,153216,1,Maidstone
596907,153216,1,Swale
601907,153216,1,Swale
606907,153216,2,Swale
611907,153216,2,Swale
616907,153216,1,Dover
621907,153216,1,Dover
626907,153216,2,Dover
631907,153216,1,Dover
636907,153216,5,Dover
641907,153216,3,Dover
86907,158216,2,Cornwall
91907,158216,2,Cornwall
96907,158216,2,Cornwall
101907,158216,2,Cornwall
106907,158216,2,Cornwall
111907,158216,2,Cornwall
116907,158216,2,Cornwall
121907,158216,2,Cornwall
126907,158216,2,Torridge
131907,158216,1,Torridge
136907,158216,1,Torridge
141907,158216,1,Torridge
146907,158216,1,Torridge
151907,158216,1,Torridge
156907,158216,1,Torridge
161907,158216,1,Torridge
166907,158216,1,Torridge
171907,158216,1,Torridge
176907,158216,1,Torridge
181907,158216,1,Torridge
186907,158216,1,Torridge
191907,158216,1,Torridge
196907,158216,1,Torridge
201907,158216,2,Torridge
206907,158216,2,Torridge
211907,158216,2,Torridge
216907,158216,1,North Devon
221907,158216,1,North Devon
226907,158216,1,North Devon
231907,158216,1,North Devon
236907,158216,1,North Devon
241907,158216,2,North Devon
246907,158216,3,North Devon
251907,158216,3,North Devon
256907,158216,3,North Devon
261907,158216,3,North Devon
266907,158216,2,North Devon
271907,158216,2,North Devon
276907,158216,2,North Devon
281907,158216,3,North Devon
286907,158216,3,Somerset West and Taunton
291907,158216,2,Somerset West and Taunton
296907,158216,1,Somerset West and Taunton
301907,158216,2,Somerset West and Taunton
306907,158216,3,Somerset West and Taunton
311907,158216,2,Somerset West and Taunton
316907,158216,4,North Somerset
321907,158216,5,North Somerset
326907,158216,5,North Somerset
331907,158216,4,North Somerset
336907,158216,1,North Somerset
341907,158216,1,North Somerset
346907,158216,1,North Somerset
351907,158216,2,North Somerset
356907,158216,2,Bath and North East Somerset
361907,158216,2,Bath and North East Somerset
366907,158216,1,Bath and North East Somerset
371907,158216,1,Bath and North East Somerset
376907,158216,1,Wiltshire
381907,158216,1,Wiltshire
386907,158216,1,Wiltshire
391907,158216,1,Wiltshire
396907,158216,1,Wiltshire
401907,158216,1,Wiltshire
406907,158216,1,Wiltshire
411907,158216,1,Wiltshire
416907,158216,1,Wiltshire
421907,158216,1,Wiltshire
426907,158216,1,Wiltshire
431907,158216,2,Test Valley
436907,158216,1,Test Valley
441907,158216,1,Basingstoke and Deane
446907,158216,1,Basingstoke and Deane
451907,158216,1,Basingstoke and Deane
456907,158216,1,Basingstoke and Deane
461907,158216,1,Basingstoke and Deane
466907,158216,1,Basingstoke and Deane
471907,158216,1,Hart
476907,158216,1,Hart
481907,158216,1,Hart
486907,158216,1,Surrey Heath
491907,158216,1,Surrey Heath
496907,158216,2,Woking
501907,158216,2,Woking
506907,158216,3,Guildford
511907,158216,4,Elmbridge
516907,158216,2,Mole Valley
521907,158216,2,Epsom and Ewell
526907,158216,1,Reigate and Banstead
531907,158216,1,Reigate and Banstead
536907,158216,1,Bromley
541907,158216,1,Tandridge
546907,158216,2,Sevenoaks
551907,158216,1,Sevenoaks
556907,158216,1,Sevenoaks
561907,158216,2,Tonbridge and Malling
566907,158216,1,Tonbridge and Malling
571907,158216,1,Tonbridge and Malling
576907,158216,1,Maidstone
581907,158216,1,Maidstone
586907,158216,2,Maidstone
591907,158216,1,Maidstone
596907,158216,1,Swale
601907,158216,1,Swale
606907,158216,1,Swale
611907,158216,1,Swale
616907,158216,1,Swale
621907,158216,1,Dover
626907,158216,1,Dover
631907,158216,3,Dover
636907,158216,5,Dover
641907,158216,5,Dover
86907,163216,2,Cornwall
91907,163216,2,Cornwall
96907,163216,2,Cornwall
101907,163216,2,Cornwall
106907,163216,2,Cornwall
111907,163216,2,Cornwall
116907,163216,2,Cornwall
121907,163216,1,Torridge
126907,163216,1,Torridge
131907,163216,1,Torridge
136907,163216,1,Torridge
141907,163216,1,Torridge
146907,163216,1,Torridge
151907,163216,1,Torridge
156907,163216,1,Torridge
161907,163216,1,Torridge
166907,163216,1,Torridge
171907,163216,1,Torridge
176907,163216,1,Torridge
181907,163216,1,Torridge
186907,163216,1,Torridge
191907,163216,1,Torridge
196907,163216,1,Torridge
201907,163216,2,Torridge
206907,163216,2,Torridge
211907,163216,1,North Devon
216907,163216,1,North Devon
221907,163216,1,North Devon
226907,163216,1,North Devon
231907,163216,1,North Devon
236907,163216,1,North Devon
241907,163216,3,North Devon
246907,163216,3,North Devon
251907,163216,3,North Devon
256907,163216,3,North Devon
261907,163216,3,North Devon
266907,163216,2,North Devon
271907,163216,2,North Devon
276907,163216,2,North Devon
281907,163216,3,North Devon
286907,163216,3,Somerset West and Taunton
291907,163216,3,Somerset West and Taunton
296907,163216,1,Somerset West and Taunton
301907,163216,1,Somerset West and Taunton
306907,163216,2,Somerset West and Taunton
311907,163216,2,North Somerset
316907,163216,2,North Somerset
321907,163216,2,North Somerset
326907,163216,2,North Somerset
331907,163216,1,North Somerset
336907,163216,5,North Somerset
341907,163216,4,North Somerset
346907,163216,1,North Somerset
351907,163216,1,North Somerset
356907,163216,2,Bath and North East Somerset
361907,163216,2,Bath and North East Somerset
366907,163216,2,Bath and North East Somerset
371907,163216,2,Bath and North East Somerset
376907,163216,1,Wiltshire
381907,163216,1,Wiltshire
386907,163216,1,Wiltshire
391907,163216,2,Wiltshire
396907,163216,2,Wiltshire
401907,163216,1,Wiltshire
406907,163216,2,Wiltshire
411907,163216,2,Wiltshire
416907,163216,2,Wiltshire
421907,163216,1,West Berkshire
426907,163216,1,Wiltshire
431907,163216,1,Wiltshire
436907,163216,1,West Berkshire
441907,163216,1,Basingstoke and Deane
446907,163216,1,Basingstoke and Deane
451907,163216,1,Basingstoke and Deane
456907,163216,1,Basingstoke and Deane
461907,163216,1,Basingstoke and Deane
466907,163216,2,West Berkshire
471907,163216,1,Hart
476907,163216,1,Wokingham
481907,163216,1,Bracknell Forest
486907,163216,1,Surrey Heath
491907,163216,3,Surrey Heath
496907,163216,1,Surrey Heath
501907,163216,2,Runnymede
506907,163216,3,Elmbridge
511907,163216,1,Elmbridge
516907,163216,1,Elmbridge
521907,163216,2,Epsom and Ewell
526907,163216,3,Epsom and Ewell
531907,163216,1,Croydon
536907,163216,1,Bromley
541907,163216,2,Bromley
546907,163216,1,Bromley
551907,163216,3,Sevenoaks
556907,163216,2,Sevenoaks
561907,163216,1,Sevenoaks
566907,163216,1,Gravesham
571907,163216,1,Tonbridge and Malling
576907,163216,1,Maidstone
581907,163216,1,Maidstone
586907,163216,2,Swale
591907,163216,2,Swale
596907,163216,1,Swale
601907,163216,2,Swale
606907,163216,2,Swale
611907,163216,2,Swale
616907,163216,2,Swale
621907,163216,1,Thanet
626907,163216,1,Thanet
631907,163216,2,Thanet
636907,163216,1,Thanet
641907,163216,1,Thanet
86907,168216,2,Cornwall
91907,168216,2,Cornwall
96907,168216,2,Cornwall
101907,168216,2,Cornwall
106907,168216,2,Cornwall
111907,168216,2,Cornwall
116907,168216,1,Torridge
121907,168216,1,Torridge
126907,168216,1,Torridge
131907,168216,1,Torridge
136907,168216,1,Torridge
141907,168216,1,Torridge
146907,168216,1,Torridge
151907,168216,1,Torridge
156907,168216,1,Torridge
161907,168216,1,Torridge
166907,168216,1,Torridge
171907,168216,1,Torridge
176907,168216,1,Torridge
181907,168216,1,Torridge
186907,168216,1,Torridge
191907,168216,1,Torridge
196907,168216,2,Torridge
201907,168216,1,Torridge
206907,168216,1,North Devon
211907,168216,1,North Devon
216907,168216,1,North Devon
221907,168216,1,North Devon
226907,168216,1,North Devon
231907,168216,1,North Devon
236907,168216,2,North Devon
241907,168216,3,North Devon
246907,168216,2,North Devon
251907,168216,3,North Devon
256907,168216,3,North Devon
261907,168216,2,North Devon
266907,168216,2,North Devon
271907,168216,2,North Devon
276907,168216,2,North Devon
281907,168216,2,North Devon
286907,168216,2,North Devon
291907,168216,3,Somerset West and Taunton
296907,168216,1,Somerset West and Taunton
301907,168216,1,Somerset West and Taunton
306907,168216,2,Somerset West and Taunton
311907,168216,2,North Somerset
316907,168216,2,North Somerset
321907,168216,2,North Somerset
326907,168216,3,North Somerset
331907,168216,5,North Somerset
336907,168216,5,North Somerset
341907,168216,4,North Somerset
346907,168216,2,North Somerset
351907,168216,1,North Somerset
356907,168216,2,"Bristol, City of"
361907,168216,1,"Bristol, City of"
366907,168216,1,Bath and North East Somerset
371907,168216,2,South Gloucestershire
376907,168216,1,South Gloucestershire
381907,168216,1,Wiltshire
386907,168216,1,Wiltshire
391907,168216,2,Wiltshire
396907,168216,1,Wiltshire
401907,168216,1,Wiltshire
406907,168216,1,Wiltshire
411907,168216,2,Wiltshire
416907,168216,2,Wiltshire
421907,168216,1,Wiltshire
426907,168216,1,Wiltshire
431907,168216,1,West Berkshire
436907,168216,2,West Berkshire
441907,168216,1,West Berkshire
446907,168216,1,West Berkshire
451907,168216,1,West Berkshire
456907,168216,1,West Berkshire
461907,168216,1,West Berkshire
466907,168216,1,West Berkshire
471907,168216,3,Reading
476907,168216,1,Wokingham
481907,168216,1,Wokingham
486907,168216,1,Bracknell Forest
491907,168216,1,Bracknell Forest
496907,168216,1,Runnymede
501907,168216,5,Runnymede
506907,168216,5,Spelthorne
511907,168216,3,Elmbridge
516907,168216,2,Richmond upon Thames
521907,168216,4,Merton
526907,168216,2,Merton
531907,168216,2,Croydon
536907,168216,2,Bromley
541907,168216,2,Lewisham
546907,168216,1,Bromley
551907,168216,1,Bexley
556907,168216,2,Dartford
561907,168216,1,Gravesham
566907,168216,1,Gravesham
571907,168216,1,Gravesham
576907,168216,1,Maidstone
581907,168216,1,Maidstone
586907,168216,1,Swale
591907,168216,1,Swale
596907,168216,1,Swale
601907,168216,1,Swale
606907,168216,2,Swale
611907,168216,2,Swale
616907,168216,1,Swale
621907,168216,1,Thanet
626907,168216,1,Thanet
631907,168216,1,Thanet
636907,168216,1,Thanet
641907,168216,1,Thanet
86907,173216,2,Cornwall
91907,173216,2,Cornwall
96907,173216,2,Cornwall
101907,173216,2,Cornwall
106907,173216,2,Cornwall
111907,173216,1,Torridge
116907,173216,1,Torridge
121907,173216,1,Torridge
126907,173216,1,Torridge
131907,173216,1,Torridge
136907,173216,1,Torridge
141907,173216,1,Torridge
146907,173216,1,Torridge
151907,173216,1,Torridge
156907,173216,1,Torridge
161907,173216,1,Torridge
166907,173216,1,Torridge
171907,173216,1,Torridge
176907,173216,1,Torridge
181907,173216,1,Torridge
186907,173216,1,Torridge
191907,173216,2,Torridge
196907,173216,1,Torridge
201907,173216,1,North Devon
206907,173216,1,North Devon
211907,173216,1,North Devon
216907,173216,1,North Devon
221907,173216,1,North Devon
226907,173216,1,North Devon
231907,173216,2,North Devon
236907,173216,2,North Devon
241907,173216,3,North Devon
246907,173216,3,North Devon
251907,173216,3,North Devon
256907,173216,4,North Devon
261907,173216,3,North Devon
266907,173216,2,North Devon
271907,173216,2,North Devon
276907,173216,2,North Devon
281907,173216,2,North Devon
286907,173216,2,North Devon
291907,173216,2,Somerset West and Taunton
296907,173216,1,Somerset West and Taunton
301907,173216,1,Somerset West and Taunton
306907,173216,2,North Somerset
311907,173216,2,North Somerset
316907,173216,2,North Somerset
321907,173216,3,North Somerset
326907,173216,4,North Somerset
331907,173216,5,North Somerset
336907,173216,2,North Somerset
341907,173216,2,North Somerset
346907,173216,1,North Somerset
351907,173216,1,North Somerset
356907,173216,1,"Bristol, City of"
361907,173216,1,"Bristol, City of"
366907,173216,1,South Gloucestershire
371907,173216,1,South Gloucestershire
376907,173216,1,South Gloucestershire
381907,173216,1,Wiltshire
386907,173216,1,Wiltshire
391907,173216,2,Wiltshire
396907,173216,1,Wiltshire
401907,173216,1,Wiltshire
406907,173216,1,Wiltshire
411907,173216,1,Wiltshire
416907,173216,1,Wiltshire
421907,173216,1,West Berkshire
426907,173216,1,West Berkshire
431907,173216,1,West Berkshire
436907,173216,1,West Berkshire
441907,173216,1,West Berkshire
446907,173216,1,West Berkshire
451907,173216,1,West Berkshire
456907,173216,1,West Berkshire
461907,173216,1,West Berkshire
466907,173216,2,Reading
471907,173216,2,Reading
476907,173216,2,Wokingham
481907,173216,2,Wokingham
486907,173216,1,Bracknell Forest
491907,173216,1,Bracknell Forest
496907,173216,2,Runnymede
501907,173216,5,Windsor and Maidenhead
506907,173216,1,Spelthorne
511907,173216,2,Hounslow
516907,173216,1,Richmond upon Thames
521907,173216,2,Richmond upon Thames
526907,173216,2,Wandsworth
531907,173216,1,Lambeth
536907,173216,1,Lewisham
541907,173216,1,Bromley
546907,173216,2,Bexley
551907,173216,1,Dartford
556907,173216,1,Dartford
561907,173216,1,Gravesham
566907,173216,2,Gravesham
571907,173216,1,Gravesham
576907,173216,1,Gravesham
581907,173216,3,Swale
586907,173216,3,Swale
591907,173216,4,Swale
596907,173216,1,Swale
601907,173216,2,Swale
606907,173216,1,Swale
611907,173216,2,Swale
616907,173216,1,Thanet
621907,173216,1,Thanet
626907,173216,1,Thanet
631907,173216,1,Thanet
636907,173216,1,Thanet
641907,173216,1,Thanet
86907,178216,2,Cornwall
91907,178216,2,Cornwall
96907,178216,2,Cornwall
101907,178216,1,Torridge
106907,178216,1,Torridge
111907,178216,1,Torridge
116907,178216,1,Torridge
121907,178216,1,Torridge
126907,178216,1,Torridge
131907,178216,1,Torridge
136907,178216,1,Torridge
141907,178216,1,Torridge
146907,178216,1,Torridge
151907,178216,1,Torridge
156907,178216,1,Torridge
161907,178216,1,Torridge
166907,178216,1,Torridge
171907,178216,1,Torridge
176907,178216,1,Torridge
181907,178216,1,Torridge
186907,178216,1,Torridge
191907,178216,1,Torridge
196907,178216,1,North Devon
201907,178216,1,North Devon
206907,178216,1,North Devon
211907,178216,1,North Devon
216907,178216,1,North Devon
221907,178216,1,North Devon
226907,178216,1,North Devon
231907,178216,2,North Devon
236907,178216,3,North Devon
241907,178216,3,North Devon
246907,178216,3,North Devon
251907,178216,3,North Devon
256907,178216,4,North Devon
261907,178216,2,North Devon
266907,178216,2,North Devon
271907,178216,2,North Devon
276907,178216,2,North Devon
281907,178216,2,North Devon
286907,178216,2,North Devon
291907,178216,2,Somerset West and Taunton
296907,178216,1,Somerset West and Taunton
301907,178216,1,Somerset West and Taunton
306907,178216,2,North Somerset
311907,178216,2,North Somerset
316907,178216,3,North Somerset
321907,178216,4,North Somerset
326907,178216,3,North Somerset
331907,178216,2,North Somerset
336907,178216,2,North Somerset
341907,178216,2,North Somerset
346907,178216,1,North Somerset
351907,178216,4,"Bristol, City of"
356907,178216,1,"Bristol, City of"
361907,178216,1,South Gloucestershire
366907,178216,3,South Gloucestershire
371907,178216,2,South Gloucestershire
376907,178216,2,South Gloucestershire
381907,178216,2,Wiltshire
386907,178216,1,Wiltshire
391907,178216,1,Wiltshire
396907,178216,1,Wiltshire
401907,178216,1,Wiltshire
406907,178216,1,Wiltshire
411907,178216,1,Wiltshire
416907,178216,1,Wiltshire
421907,178216,1,West Berkshire
426907,178216,1,West Berkshire
431907,178216,1,West Berkshire
436907,178216,2,West Berkshire
441907,178216,1,West Berkshire
446907,178216,1,West Berkshire
451907,178216,2,West Berkshire
456907,178216,1,West Berkshire
461907,178216,1,West Berkshire
466907,178216,2,West Berkshire
471907,178216,3,Reading
476907,178216,5,Wokingham
481907,178216,1,Wokingham
486907,178216,3,Bracknell Forest
491907,178216,2,Bracknell Forest
496907,178216,6,Windsor and Maidenhead
501907,178216,5,Windsor and Maidenhead
506907,178216,2,Hillingdon
511907,178216,1,Hillingdon
516907,178216,2,Hounslow
521907,178216,4,Hounslow
526907,178216,3,Wandsworth
531907,178216,4,Southwark
536907,178216,3,Lewisham
541907,178216,1,Greenwich
546907,178216,1,Bexley
551907,178216,2,Bexley
556907,178216,1,Dartford
561907,178216,2,Gravesham
566907,178216,3,Gravesham
571907,178216,2,Gravesham
576907,178216,1,Gravesham
581907,178216,3,Swale
586907,178216,3,Swale
591907,178216,4,Swale
596907,178216,2,Swale
601907,178216,1,Swale
606907,178216,2,Swale
611907,178216,2,Swale
616907,178216,2,Swale
621907,178216,1,Thanet
626907,178216,1,Thanet
631907,178216,1,Thanet
636907,178216,1,Thanet
641907,178216,1,Thanet
86907,183216,2,Cornwall
91907,183216,2,Cornwall
96907,183216,1,Torridge
101907,183216,1,Torridge
106907,183216,1,Torridge
111907,183216,1,Torridge
116907,183216,1,Torridge
121907,183216,1,Torridge
126907,183216,1,Torridge
131907,183216,1,Torridge
136907,183216,1,Torridge
141907,183216,1,Torridge
146907,183216,1,Torridge
151907,183216,1,Torridge
156907,183216,1,Torridge
161907,183216,1,Torridge
166907,183216,1,Torridge
171907,183216,1,Torridge
176907,183216,1,Torridge
181907,183216,1,Torridge
186907,183216,1,Torridge
191907,183216,1,North Devon
196907,183216,1,North Devon
201907,183216,1,North Devon
206907,183216,1,North Devon
211907,183216,1,North Devon
216907,183216,1,North Devon
221907,183216,1,North Devon
226907,183216,2,North Devon
231907,183216,2,North Devon
236907,183216,3,North Devon
241907,183216,3,North Devon
246907,183216,3,North Devon
251907,183216,3,North Devon
256907,183216,4,North Devon
261907,183216,2,North Devon
266907,183216,2,North Devon
271907,183216,2,North Devon
276907,183216,2,North Devon
281907,183216,2,North Devon
286907,183216,2,North Devon
291907,183216,3,Somerset West and Taunton
296907,183216,1,Somerset West and Taunton
301907,183216,2,North Somerset
306907,183216,2,North Somerset
311907,183216,3,North Somerset
316907,183216,4,North Somerset
321907,183216,3,North Somerset
326907,183216,2,North Somerset
331907,183216,2,North Somerset
336907,183216,2,North Somerset
341907,183216,2,North Somerset
346907,183216,2,"Bristol, City of"
351907,183216,4,"Bristol, City of"
356907,183216,2,South Gloucestershire
361907,183216,1,South Gloucestershire
366907,183216,2,South Gloucestershire
371907,183216,2,South Gloucestershire
376907,183216,1,South Gloucestershire
381907,183216,2,Wiltshire
386907,183216,1,Wiltshire
391907,183216,1,Wiltshire
396907,183216,1,Wiltshire
401907,183216,2,Wiltshire
406907,183216,1,Wiltshire
411907,183216,1,Wiltshire
416907,183216,1,Wiltshire
421907,183216,2,West Berkshire
426907,183216,2,West Berkshire
431907,183216,2,West Berkshire
436907,183216,2,West Berkshire
441907,183216,1,West Berkshire
446907,183216,1,West Berkshire
451907,183216,3,West Berkshire
456907,183216,1,South Oxfordshire
461907,183216,1,South Oxfordshire
466907,183216,1,South Oxfordshire
471907,183216,3,South Oxfordshire
476907,183216,2,Wokingham
481907,183216,1,Windsor and Maidenhead
486907,183216,1,Windsor and Maidenhead
491907,183216,1,Windsor and Maidenhead
496907,183216,5,Windsor and Maidenhead
501907,183216,2,Hillingdon
506907,183216,2,Hillingdon
511907,183216,2,Hillingdon
516907,183216,1,Hounslow
521907,183216,4,Hounslow
526907,183216,4,Lambeth
531907,183216,4,Southwark
536907,183216,4,Southwark
541907,183216,2,Greenwich
546907,183216,3,Bexley
551907,183216,2,Bexley
556907,183216,2,Bexley
561907,183216,2,Gravesham
566907,183216,3,Gravesham
571907,183216,2,Gravesham
576907,183216,1,Gravesham
581907,183216,3,Swale
586907,183216,3,Swale
591907,183216,4,Swale
596907,183216,4,Swale
601907,183216,1,Swale
606907,183216,2,Swale
611907,183216,2,Swale
616907,183216,2,Swale
621907,183216,1,Thanet
626907,183216,1,Thanet
631907,183216,1,Thanet
636907,183216,1,Thanet
641907,183216,1,Thanet
86907,188216,2,Cornwall
91907,188216,1,Torridge
96907,188216,1,Torridge
101907,188216,1,Torridge
106907,188216,1,Torridge
111907,188216,1,Torridge
116907,188216,1,Torridge
121907,188216,1,Torridge
126907,188216,1,Torridge
131907,188216,1,Torridge
136907,188216,1,Torridge
141907,188216,1,Torridge
146907,188216,1,Torridge
151907,188216,1,Torridge
156907,188216,1,Torridge
161907,188216,1,Torridge
166907,188216,1,Torridge
171907,188216,1,Torridge
176907,188216,1,Torridge
181907,188216,1,Torridge
186907,188216,1,North Devon
191907,188216,1,North Devon
196907,188216,1,North Devon
201907,188216,1,North Devon
206907,188216,1,North Devon
211907,188216,1,North Devon
216907,188216,1,North Devon
221907,188216,2,North Devon
226907,188216,2,North Devon
231907,188216,3,North Devon
236907,188216,3,North Devon
241907,188216,2,North Devon
246907,188216,3,North Devon
251907,188216,3,North Devon
256907,188216,4,North Devon
261907,188216,2,North Devon
266907,188216,2,North Devon
271907,188216,2,North Devon
276907,188216,2,North Devon
281907,188216,2,North Devon
286907,188216,2,North Devon
291907,188216,2,North Devon
296907,188216,1,Somerset West and Taunton
301907,188216,2,North Somerset
306907,188216,3,North Somerset
311907,188216,4,North Somerset
316907,188216,2,North Somerset
321907,188216,2,North Somerset
326907,188216,2,North Somerset
331907,188216,2,North Somerset
336907,188216,2,North Somerset
341907,188216,1,North Somerset
346907,188216,5,South Gloucestershire
351907,188216,5,South Gloucestershire
356907,188216,3,South Gloucestershire
361907,188216,1,South Gloucestershire
366907,188216,1,South Gloucestershire
371907,188216,1,South Gloucestershire
376907,188216,1,South Gloucestershire
381907,188216,2,Wiltshire
386907,188216,1,Wiltshire
391907,188216,1,Wiltshire
396907,188216,1,Wiltshire
401907,188216,1,Wiltshire
406907,188216,1,Wiltshire
411907,188216,1,Wiltshire
416907,188216,1,Wiltshire
421907,188216,2,West Berkshire
426907,188216,2,West Berkshire
431907,188216,2,West Berkshire
436907,188216,2,West Berkshire
441907,188216,1,West Berkshire
446907,188216,1,South Oxfordshire
451907,188216,1,South Oxfordshire
456907,188216,2,South Oxfordshire
461907,188216,1,South Oxfordshire
466907,188216,1,South Oxfordshire
471907,188216,1,South Oxfordshire
476907,188216,1,South Oxfordshire
481907,188216,1,Wokingham
486907,188216,1,Windsor and Maidenhead
491907,188216,1,Windsor and Maidenhead
496907,188216,2,Hillingdon
501907,188216,2,Hillingdon
506907,188216,3,Hillingdon
511907,188216,2,Hillingdon
516907,188216,2,Hillingdon
521907,188216,2,Hounslow
526907,188216,4,Lambeth
531907,188216,4,Southwark
536907,188216,4,Southwark
541907,188216,2,Greenwich
546907,188216,3,Bexley
551907,188216,2,Bexley
556907,188216,2,Bexley
561907,188216,2,Gravesham
566907,188216,3,Gravesham
571907,188216,2,Gravesham
576907,188216,2,Gravesham
581907,188216,3,Swale
586907,188216,3,Swale
591907,188216,4,Swale
596907,188216,5,Swale
601907,188216,2,Swale
606907,188216,2,Swale
611907,188216,2,Swale
616907,188216,2,Swale
621907,188216,1,Thanet
626907,188216,1,Thanet
631907,188216,1,Thanet
636907,188216,1,Thanet
641907,188216,1,Thanet
86907,193216,1,Torridge
91907,193216,1,Torridge
96907,193216,1,Torridge
101907,193216,1,Torridge
106907,193216,1,Torridge
111907,193216,1,Torridge
116907,193216,1,Torridge
121907,193216,1,Torridge
126907,193216,1,Torridge
131907,193216,1,Torridge
136907,193216,1,Torridge
141907,193216,1,Torridge
146907,193216,1,Torridge
151907,193216,1,Torridge
156907,193216,1,Torridge
161907,193216,1,Torridge
166907,193216,1,Torridge
171907,193216,1,Torridge
176907,193216,1,Torridge
181907,193216,1,North Devon
186907,193216,1,North Devon
191907,193216,1,North Devon
196907,193216,1,North Devon
201907,193216,1,North Devon
206907,193216,1,North Devon
211907,193216,1,North Devon
216907,193216,1,North Devon
221907,193216,2,North Devon
226907,193216,3,North Devon
231907,193216,3,North Devon
236907,193216,3,North Devon
241907,193216,3,North Devon
246907,193216,3,North Devon
251907,193216,3,North Devon
256907,193216,4,North Devon
261907,193216,2,North Devon
266907,193216,2,North Devon
271907,193216,2,North Devon
276907,193216,2,North Devon
281907,193216,2,North Devon
286907,193216,3,North Devon
291907,193216,2,North Devon
296907,193216,2,North Somerset
301907,193216,3,North Somerset
306907,193216,4,North Somerset
311907,193216,2,North Somerset
316907,193216,2,North Somerset
321907,193216,2,North Somerset
326907,193216,2,North Somerset
331907,193216,2,North Somerset
336907,193216,2,North Somerset
341907,193216,5,South Gloucestershire
346907,193216,4,South Gloucestershire
351907,193216,4,South Gloucestershire
356907,193216,2,South Gloucestershire
361907,193216,3,South Gloucestershire
366907,193216,2,South Gloucestershire
371907,193216,2,South Gloucestershire
376907,193216,2,South Gloucestershire
381907,193216,1,Wiltshire
386907,193216,1,Wiltshire
391907,193216,3,Wiltshire
396907,193216,2,Wiltshire
401907,193216,2,Wiltshire
406907,193216,1,Wiltshire
411907,193216,1,Wiltshire
416907,193216,1,Wiltshire
421907,193216,2,Wiltshire
426907,193216,2,West Berkshire
431907,193216,2,West Berkshire
436907,193216,1,West Berkshire
441907,193216,2,South Oxfordshire
446907,193216,2,South Oxfordshire
451907,193216,2,South Oxfordshire
456907,193216,4,South Oxfordshire
461907,193216,2,South Oxfordshire
466907,193216,2,South Oxfordshire
471907,193216,1,South Oxfordshire
476907,193216,1,South Oxfordshire
481907,193216,1,South Oxfordshire
486907,193216,1,South Oxfordshire
491907,193216,2,Hillingdon
496907,193216,2,Hillingdon
501907,193216,2,Hillingdon
506907,193216,2,Hillingdon
511907,193216,2,Hillingdon
516907,193216,2,Hillingdon
521907,193216,2,Hounslow
526907,193216,4,Lambeth
531907,193216,4,Southwark
536907,193216,4,Southwark
541907,193216,3,Greenwich
546907,193216,3,Bexley
551907,193216,4,Bexley
556907,193216,2,Bexley
561907,193216,2,Bexley
566907,193216,3,Gravesham
571907,193216,2,Gravesham
576907,193216,2,Gravesham
581907,193216,3,Swale
586907,193216,3,Swale
591907,193216,4,Swale
596907,193216,4,Swale
601907,193216,3,Swale
606907,193216,2,Swale
611907,193216,2,Swale
616907,193216,2,Swale
621907,193216,1,Thanet
626907,193216,1,Thanet
631907,193216,1,Thanet
636907,193216,1,Thanet
641907,193216,1,Thanet
86907,198216,1,Torridge
91907,198216,1,Torridge
96907,198216,1,Torridge
101907,198216,1,Torridge
106907,198216,1,Torridge
111907,198216,1,Torridge
116907,198216,1,Torridge
121907,198216,1,Torridge
126907,198216,1,Torridge
131907,198216,1,Torridge
136907,198216,1,Torridge
141907,198216,1,Torridge
146907,198216,1,Torridge
151907,198216,1,Torridge
156907,198216,1,Torridge
161907,198216,1,Torridge
166907,198216,1,Torridge
171907,198216,1,Torridge
176907,198216,1,North Devon
181907,198216,1,North Devon
186907,198216,1,North Devon
191907,198216,1,North Devon
196907,198216,1,North Devon
201907,198216,1,North Devon
206907,198216,1,North Devon
211907,198216,1,North Devon
216907,198216,2,North Devon
221907,198216,2,North Devon
226907,198216,3,North Devon
231907,198216,3,North Devon
236907,198216,3,North Devon
241907,198216,3,North Devon
246907,198216,3,North Devon
251907,198216,3,North Devon
256907,198216,4,North Devon
261907,198216,2,North Devon
266907,198216,2,North Devon
271907,198216,2,North Devon
276907,198216,2,North Devon
281907,198216,2,North Devon
286907,198216,2,North Devon
291907,198216,2,North Devon
296907,198216,3,North Somerset
301907,198216,4,North Somerset
306907,198216,2,North Somerset
311907,198216,2,North Somerset
316907,198216,2,North Somerset
321907,198216,2,North Somerset
326907,198216,2,North Somerset
331907,198216,2,North Somerset
336907,198216,4,South Gloucestershire
341907,198216,4,South Gloucestershire
346907,198216,4,South Gloucestershire
351907,198216,3,South Gloucestershire
356907,198216,4,South Gloucestershire
361907,198216,4,South Gloucestershire
366907,198216,3,South Gloucestershire
371907,198216,2,South Gloucestershire
376907,198216,2,South Gloucestershire
381907,198216,2,South Gloucestershire
386907,198216,3,Wiltshire
391907,198216,3,Wiltshire
396907,198216,1,Wiltshire
401907,198216,2,Wiltshire
406907,198216,2,Wiltshire
411907,198216,2,Wiltshire
416907,198216,1,Wiltshire
421907,198216,1,Wiltshire
426907,198216,2,West Berkshire
431907,198216,2,West Berkshire
436907,198216,2,South Oxfordshire
441907,198216,2,South Oxfordshire
446907,198216,2,South Oxfordshire
451907,198216,2,South Oxfordshire
456907,198216,1,South Oxfordshire
461907,198216,1,South Oxfordshire
466907,198216,1,South Oxfordshire
471907,198216,2,South Oxfordshire
476907,198216,1,South Oxfordshire
481907,198216,1,South Oxfordshire
486907,198216,1,South Oxfordshire
491907,198216,1,South Oxfordshire
496907,198216,2,Hillingdon
501907,198216,2,Hillingdon
506907,198216,2,Hillingdon
511907,198216,2,Hillingdon
516907,198216,2,Hillingdon
521907,198216,2,Hillingdon
526907,198216,4,Lambeth
531907,198216,4,Southwark
536907,198216,4,Southwark
541907,198216,3,Bexley
546907,198216,3,Bexley
551907,198216,4,Bexley
556907,198216,2,Bexley
561907,198216,2,Bexley
566907,198216,3,Gravesham
571907,198216,2,Gravesham
576907,198216,2,Gravesham
581907,198216,3,Swale
586907,198216,3,Swale
591907,198216,4,Swale
596907,198216,4,Swale
601907,198216,4,Swale
606907,198216,2,Swale
611907,198216,2,Swale
616907,198216,2,Swale
621907,198216,1,Thanet
626907,198216,1,Thanet
631907,198216,1,Thanet
636907,198216,1,Thanet
641907,198216,1,Thanet
86907,203216,1,Torridge
91907,203216,1,Torridge
96907,203216,1,Torridge
101907,203216,1,Torridge
106907,203216,1,Torridge
111907,203216,1,Torridge
116907,203216,1,Torridge
121907,203216,1,Torridge
126907,203216,1,Torridge
131907,203216,1,Torridge
136907,203216,1,Torridge
141907,203216,1,Torridge
146907,203216,1,Torridge
151907,203216,1,Torridge
156907,203216,1,Torridge
161907,203216,1,Torridge
166907,203216,1,Torridge
171907,203216,1,Torridge
176907,203216,1,North Devon
181907,203216,1,North Devon
186907,203216,1,North Devon
191907,203216,1,North Devon
196907,203216,1,North Devon
201907,203216,1,North Devon
206907,203216,1,North Devon
211907,203216,2,North Devon
216907,203216,2,North Devon
221907,203216,3,North Devon
226907,203216,3,North Devon
231907,203216,3,North Devon
236907,203216,3,North Devon
241907,203216,3,North Devon
246907,203216,3,North Devon
251907,203216,3,North Devon
256907,203216,3,North Devon
261907,203216,2,North Devon
266907,203216,2,North Devon
271907,203216,2,North Devon
276907,203216,2,North Devon
281907,203216,2,North Devon
286907,203216,2,North Devon
291907,203216,2,North Devon
296907,203216,3,North Somerset
301907,203216,2,North Somerset
306907,203216,2,North Somerset
311907,203216,2,North Somerset
316907,203216,2,North Somerset
321907,203216,2,North Somerset
326907,203216,2,North Somerset
331907,203216,4,South Gloucestershire
336907,203216,4,South Gloucestershire
341907,203216,4,South Gloucestershire
346907,203216,3,South Gloucestershire
351907,203216,3,South Gloucestershire
356907,203216,4,South Gloucestershire
361907,203216,4,South Gloucestershire
366907,203216,3,South Gloucestershire
371907,203216,2,South Gloucestershire
376907,203216,2,South Gloucestershire
381907,203216,2,South Gloucestershire
386907,203216,3,Wiltshire
391907,203216,3,Wiltshire
396907,203216,1,Wiltshire
401907,203216,1,Wiltshire
406907,203216,2,Wiltshire
411907,203216,2,Wiltshire
416907,203216,2,Wiltshire
421907,203216,1,Wiltshire
426907,203216,2,Wiltshire
431907,203216,2,South Oxfordshire
436907,203216,2,South Oxfordshire
441907,203216,2,South Oxfordshire
446907,203216,2,South Oxfordshire
451907,203216,1,South Oxfordshire
456907,203216,1,South Oxfordshire
461907,203216,1,South Oxfordshire
466907,203216,1,South Oxfordshire
471907,203216,2,South Oxfordshire
476907,203216,1,South Oxfordshire
481907,203216,1,South Oxfordshire
486907,203216,1,South Oxfordshire
491907,203216,1,South Oxfordshire
496907,203216,2,Hillingdon
501907,203216,2,Hillingdon
506907,203216,2,Hillingdon
511907,203216,2,Hillingdon
516907,203216,2,Hillingdon
521907,203216,2,Hillingdon
526907,203216,4,Southwark
531907,203216,4,Southwark
536907,203216,4,Southwark
541907,203216,3,Bexley
546907,203216,3,Bexley
551907,203216,3,Bexley
556907,203216,3,Bexley
561907,203216,2,Bexley
566907,203216,2,Bexley
571907,203216,2,Gravesham
576907,203216,2,Gravesham
581907,203216,3,Swale
586907,203216,3,Swale
591907,203216,4,Swale
596907,203216,4,Swale
601907,203216,4,Swale
606907,203216,2,Swale
611907,203216,2,Swale
616907,203216,2,Swale
621907,203216,1,Thanet
626907,203216,1,Thanet
631907,203216,1,Thanet
636907,203216,1,Thanet
641907,203216,1,Thanet
86907,208216,1,Torridge
91907,208216,1,Torridge
96907,208216,1,Torridge
101907,208216,1,Torridge
106907,208216,1,Torridge
111907,208216,1,Torridge
116907,208216,1,Torridge
121907,208216,1,Torridge
126907,208216,1,Torridge
131907,208216,1,Torridge
136907,208216,1,Torridge
141907,208216,1,Torridge
146907,208216,1,Torridge
151907,208216,1,Torridge
156907,208216,1,Torridge
161907,208216,1,Torridge
166907,208216,1,Torridge
171907,208216,1,North Devon
176907,208216,1,North Devon
181907,208216,1,North Devon
186907,208216,1,North Devon
191907,208216,1,North Devon
196907,208216,1,North Devon
201907,208216,1,North Devon
206907,208216,1,North Devon
211907,208216,2,North Devon
216907,208216,2,North Devon
221907,208216,3,North Devon
226907,208216,3,North Devon
231907,208216,3,North Devon
236907,208216,2,North Devon
241907,208216,3,North Devon
246907,208216,3,North Devon
251907,208216,3,North Devon
256907,208216,3,North Devon
261907,208216,2,North Devon
266907,208216,2,North Devon
271907,208216,2,North Devon
276907,208216,2,North Devon
281907,208216,2,North Devon
286907,208216,2,North Devon
291907,208216,3,North Somerset
296907,208216,2,North Somerset
301907,208216,2,North Somerset
306907,208216,2,North Somerset
311907,208216,2,North Somerset
316907,208216,2,North Somerset
321907,208216,2,North Somerset
326907,208216,4,South Gloucestershire
331907,208216,4,South Gloucestershire
336907,208216,3,South Gloucestershire
341907,208216,3,South Gloucestershire
346907,208216,3,South Gloucestershire
351907,208216,3,South Gloucestershire
356907,208216,3,South Gloucestershire
361907,208216,3,South Gloucestershire
366907,208216,3,South Gloucestershire
371907,208216,2,South Gloucestershire
376907,208216,2,South Gloucestershire
381907,208216,2,South Gloucestershire
386907,208216,3,Wiltshire
391907,208216,2,Wiltshire
396907,208216,1,Wiltshire
401907,208216,1,Wiltshire
406907,208216,2,Wiltshire
411907,208216,2,Wiltshire
416907,208216,2,Wiltshire
421907,208216,2,Wiltshire
426907,208216,2,Wiltshire
431907,208216,2,South Oxfordshire
436907,208216,2,South Oxfordshire
441907,208216,2,South Oxfordshire
446907,208216,1,South Oxfordshire
451907,208216,1,South Oxfordshire
456907,208216,2,South Oxfordshire
461907,208216,2,South Oxfordshire
466907,208216,2,South Oxfordshire
471907,208216,2,South Oxfordshire
476907,208216,1,South Oxfordshire
481907,208216,1,South Oxfordshire
486907,208216,1,South Oxfordshire
491907,208216,1,South Oxfordshire
496907,208216,1,South Oxfordshire
501907,208216,2,Hillingdon
506907,208216,2,Hillingdon
511907,208216,2,Hillingdon
516907,208216,2,Hillingdon
521907,208216,2,Hillingdon
526907,208216,2,Hillingdon
531907,208216,4,Southwark
536907,208216,4,Southwark
541907,208216,3,Bexley
546907,208216,3,Bexley
551907,208216,3,Bexley
556907,208216,3,Bexley
561907,208216,2,Bexley
566907,208216,2,Bexley
571907,208216,2,Gravesham
576907,208216,2,Gravesham
581907,208216,3,Swale
586907,208216,3,Swale
591907,208216,4,Swale
596907,208216,4,Swale
601907,208216,4,Swale
606907,208216,3,Swale
611907,208216,2,Swale
616907,208216,2,Swale
621907,208216,1,Thanet
626907,208216,1,Thanet
631907,208216,1,Thanet
636907,208216,1,Thanet
641907,208216,1,Thanet
